config,opponents,episode,seed,step,action,executed_action,latency_ms,timeout,audited,unsafe,bomb_dropped,threat,predicted_trap,death_within_six
final_ruehl_mask,mixed,0,270920260,1,UP,UP,2.8709579491987824,False,True,False,False,False,False,False
final_ruehl_mask,mixed,0,270920260,2,BOMB,BOMB,1.928500016219914,False,False,False,True,False,False,False
final_ruehl_mask,mixed,0,270920260,3,DOWN,DOWN,1.5518330037593842,False,False,False,False,False,False,False
final_ruehl_mask,mixed,0,270920260,4,LEFT,LEFT,1.626750105060637,False,False,False,False,False,False,False
final_ruehl_mask,mixed,0,270920260,5,WAIT,WAIT,1.521709025837481,False,False,False,False,False,False,False
final_ruehl_mask,mixed,0,270920260,6,WAIT,WAIT,1.643999945372343,False,False,False,False,False,False,False
final_ruehl_mask,mixed,0,270920260,7,WAIT,WAIT,1.656042062677443,False,False,False,False,False,False,False
final_ruehl_mask,mixed,0,270920260,8,WAIT,WAIT,1.6329579520970583,False,False,False,False,False,False,False
final_ruehl_mask,mixed,0,270920260,9,BOMB,BOMB,1.7825000686571002,False,False,False,True,False,False,False
final_ruehl_mask,mixed,0,270920260,10,RIGHT,RIGHT,1.693250029347837,False,False,False,False,False,False,False
final_ruehl_mask,mixed,0,270920260,11,UP,UP,1.6726660542190075,False,True,False,False,False,False,False
final_ruehl_mask,mixed,0,270920260,12,UP,UP,1.8074159743264318,False,False,False,False,False,False,False
final_ruehl_mask,mixed,0,270920260,13,UP,UP,1.740708015859127,False,False,False,False,False,False,False
final_ruehl_mask,mixed,0,270920260,14,UP,UP,1.9471670966595411,False,False,False,False,False,False,False
final_ruehl_mask,mixed,0,270920260,15,LEFT,LEFT,1.705583999864757,False,False,False,False,False,False,False
final_ruehl_mask,mixed,0,270920260,16,BOMB,BOMB,1.6382080502808094,False,False,False,True,False,False,False
final_ruehl_mask,mixed,0,270920260,17,RIGHT,RIGHT,1.5533750411123037,False,False,False,False,False,False,False
final_ruehl_mask,mixed,0,270920260,18,DOWN,DOWN,1.6369579825550318,False,False,False,False,False,False,False
final_ruehl_mask,mixed,0,270920260,19,DOWN,DOWN,1.8429589690640569,False,False,False,False,False,False,False
final_ruehl_mask,mixed,0,270920260,20,DOWN,DOWN,1.8772910116240382,False,False,False,False,False,False,False
final_ruehl_mask,mixed,0,270920260,21,DOWN,DOWN,2.118250005878508,False,True,False,False,False,False,False
final_ruehl_mask,mixed,0,270920260,22,LEFT,LEFT,1.9550829892978072,False,False,False,False,False,False,False
final_ruehl_mask,mixed,0,270920260,23,LEFT,LEFT,2.129041007719934,False,False,False,False,False,False,True
final_ruehl_mask,mixed,0,270920260,24,BOMB,BOMB,2.16749997343868,False,False,False,True,False,False,True
final_ruehl_mask,mixed,0,270920260,25,LEFT,LEFT,1.802499988116324,False,False,False,False,False,False,True
final_ruehl_mask,mixed,0,270920260,26,LEFT,LEFT,1.781458966434002,False,False,False,False,False,False,True
final_ruehl_mask,mixed,0,270920260,27,LEFT,LEFT,1.7495839856564999,False,False,False,False,False,False,True
final_ruehl_mask,mixed,0,270920260,28,RIGHT,RIGHT,1.8069169018417597,False,False,False,False,False,False,True
final_ruehl_mask,mixed,1,270920261,1,RIGHT,RIGHT,3.030290943570435,False,True,False,False,False,False,True
final_ruehl_mask,mixed,1,270920261,2,BOMB,BOMB,2.314208075404167,False,False,False,True,False,False,True
final_ruehl_mask,mixed,1,270920261,3,RIGHT,RIGHT,2.0843329839408398,False,False,False,False,False,False,True
final_ruehl_mask,mixed,1,270920261,4,WAIT,WAIT,2.7741659432649612,False,False,False,False,False,False,True
final_ruehl_mask,mixed,1,270920261,5,WAIT,WAIT,2.0482910331338644,False,False,False,False,False,False,True
final_ruehl_mask,mixed,1,270920261,6,WAIT,WAIT,2.442791941575706,False,False,False,False,False,False,True
final_ruehl_mask,mixed,2,270920262,1,DOWN,DOWN,2.9127500019967556,False,True,False,False,False,False,False
final_ruehl_mask,mixed,2,270920262,2,BOMB,BOMB,2.645166008733213,False,False,False,True,False,False,False
final_ruehl_mask,mixed,2,270920262,3,UP,UP,2.527208998799324,False,False,False,False,False,False,False
final_ruehl_mask,mixed,2,270920262,4,LEFT,LEFT,2.1946249762549996,False,False,False,False,False,False,False
final_ruehl_mask,mixed,2,270920262,5,WAIT,WAIT,2.1418340038508177,False,False,False,False,False,False,False
final_ruehl_mask,mixed,2,270920262,6,WAIT,WAIT,2.150834072381258,False,False,False,False,False,False,False
final_ruehl_mask,mixed,2,270920262,7,WAIT,WAIT,2.811750047840178,False,False,False,False,False,False,False
final_ruehl_mask,mixed,2,270920262,8,WAIT,WAIT,2.3450839798897505,False,False,False,False,False,False,False
final_ruehl_mask,mixed,2,270920262,9,BOMB,BOMB,2.7314580511301756,False,False,False,True,False,False,False
final_ruehl_mask,mixed,2,270920262,10,RIGHT,RIGHT,2.9889169381931424,False,False,False,False,False,False,False
final_ruehl_mask,mixed,2,270920262,11,DOWN,DOWN,2.620709012262523,False,True,False,False,False,False,False
final_ruehl_mask,mixed,2,270920262,12,DOWN,DOWN,3.0664169462397695,False,False,False,False,False,False,False
final_ruehl_mask,mixed,2,270920262,13,DOWN,DOWN,3.311250009573996,False,False,False,False,False,False,False
final_ruehl_mask,mixed,2,270920262,14,DOWN,DOWN,3.192167030647397,False,False,False,False,False,False,False
final_ruehl_mask,mixed,2,270920262,15,WAIT,WAIT,3.706166986376047,False,False,False,False,False,False,False
final_ruehl_mask,mixed,2,270920262,16,BOMB,BOMB,3.1367919873446226,False,False,False,True,False,False,False
final_ruehl_mask,mixed,2,270920262,17,UP,UP,2.8772500809282064,False,False,False,False,False,False,False
final_ruehl_mask,mixed,2,270920262,18,UP,UP,2.8340420685708523,False,False,False,False,False,False,False
final_ruehl_mask,mixed,2,270920262,19,UP,UP,3.2675840193405747,False,False,False,False,False,False,False
final_ruehl_mask,mixed,2,270920262,20,UP,UP,3.0753749888390303,False,False,False,False,False,False,False
final_ruehl_mask,mixed,2,270920262,21,LEFT,LEFT,3.0417500529438257,False,True,False,False,False,False,False
final_ruehl_mask,mixed,2,270920262,22,LEFT,LEFT,3.7509589456021786,False,False,False,False,False,False,False
final_ruehl_mask,mixed,2,270920262,23,LEFT,LEFT,3.576959017664194,False,False,False,False,False,False,False
final_ruehl_mask,mixed,2,270920262,24,LEFT,LEFT,2.9985830187797546,False,False,False,False,False,False,False
final_ruehl_mask,mixed,2,270920262,25,BOMB,BOMB,3.470708034001291,False,False,False,True,False,False,False
final_ruehl_mask,mixed,2,270920262,26,RIGHT,RIGHT,2.670082962140441,False,False,False,False,False,False,False
final_ruehl_mask,mixed,2,270920262,27,RIGHT,RIGHT,2.638166071847081,False,False,False,False,False,False,False
final_ruehl_mask,mixed,2,270920262,28,RIGHT,RIGHT,2.7540409937500954,False,False,False,False,False,False,False
final_ruehl_mask,mixed,2,270920262,29,RIGHT,RIGHT,3.6320830695331097,False,False,False,False,False,False,False
final_ruehl_mask,mixed,2,270920262,30,DOWN,DOWN,3.3557499991729856,False,False,False,False,False,False,False
final_ruehl_mask,mixed,2,270920262,31,DOWN,DOWN,3.168000024743378,False,True,False,False,False,False,False
final_ruehl_mask,mixed,2,270920262,32,DOWN,DOWN,4.398750024847686,False,False,False,False,False,False,False
final_ruehl_mask,mixed,2,270920262,33,DOWN,DOWN,3.684708965010941,False,False,False,False,False,False,False
final_ruehl_mask,mixed,2,270920262,34,LEFT,LEFT,3.3841669792309403,False,False,False,False,False,False,False
final_ruehl_mask,mixed,2,270920262,35,LEFT,LEFT,4.3434579856693745,False,False,False,False,False,False,False
final_ruehl_mask,mixed,2,270920262,36,LEFT,LEFT,3.522583981975913,False,False,False,False,False,False,False
final_ruehl_mask,mixed,2,270920262,37,RIGHT,RIGHT,3.749708062969148,False,False,False,False,False,False,False
final_ruehl_mask,mixed,2,270920262,38,BOMB,BOMB,3.5807921085506678,False,False,False,True,False,False,False
final_ruehl_mask,mixed,2,270920262,39,RIGHT,RIGHT,4.6738749369978905,False,False,False,False,False,False,False
final_ruehl_mask,mixed,2,270920262,40,RIGHT,RIGHT,3.912875079549849,False,False,False,False,False,False,False
final_ruehl_mask,mixed,2,270920262,41,UP,UP,3.6240420304238796,False,True,False,False,False,False,False
final_ruehl_mask,mixed,2,270920262,42,WAIT,WAIT,3.61183297354728,False,False,False,False,False,False,False
final_ruehl_mask,mixed,2,270920262,43,UP,UP,4.888458061031997,False,False,False,False,False,False,False
final_ruehl_mask,mixed,2,270920262,44,UP,UP,4.070291994139552,False,False,False,False,False,False,False
final_ruehl_mask,mixed,2,270920262,45,WAIT,WAIT,3.6964999744668603,False,False,False,False,False,False,False
final_ruehl_mask,mixed,2,270920262,46,WAIT,WAIT,4.582041990943253,False,False,False,False,False,False,False
final_ruehl_mask,mixed,2,270920262,47,WAIT,WAIT,4.44350007455796,False,False,False,False,False,False,False
final_ruehl_mask,mixed,2,270920262,48,WAIT,WAIT,4.798667039722204,False,False,False,False,False,False,False
final_ruehl_mask,mixed,2,270920262,49,WAIT,WAIT,4.880084074102342,False,False,False,False,False,False,False
final_ruehl_mask,mixed,2,270920262,50,WAIT,WAIT,4.968708963133395,False,False,False,False,False,False,False
final_ruehl_mask,mixed,2,270920262,51,WAIT,WAIT,4.039083025418222,False,True,False,False,False,False,False
final_ruehl_mask,mixed,2,270920262,52,WAIT,WAIT,4.2822499526664615,False,False,False,False,False,False,False
final_ruehl_mask,mixed,2,270920262,53,WAIT,WAIT,4.919541999697685,False,False,False,False,False,False,False
final_ruehl_mask,mixed,2,270920262,54,WAIT,WAIT,4.890125012025237,False,False,False,False,False,False,False
final_ruehl_mask,mixed,2,270920262,55,WAIT,WAIT,3.8500830996781588,False,False,False,False,False,False,False
final_ruehl_mask,mixed,2,270920262,56,WAIT,WAIT,4.9461250891909,False,False,False,False,False,False,False
final_ruehl_mask,mixed,2,270920262,57,WAIT,WAIT,4.54679096583277,False,False,False,False,False,False,False
final_ruehl_mask,mixed,2,270920262,58,WAIT,WAIT,4.069083021022379,False,False,False,False,False,False,False
final_ruehl_mask,mixed,2,270920262,59,WAIT,WAIT,4.3379999697208405,False,False,False,False,False,False,False
final_ruehl_mask,mixed,2,270920262,60,WAIT,WAIT,4.066250054165721,False,False,False,False,False,False,False
final_ruehl_mask,mixed,2,270920262,61,WAIT,WAIT,5.005083046853542,False,True,False,False,False,False,False
final_ruehl_mask,mixed,2,270920262,62,WAIT,WAIT,5.077791051007807,False,False,False,False,False,False,False
final_ruehl_mask,mixed,2,270920262,63,WAIT,WAIT,5.101707996800542,False,False,False,False,False,False,False
final_ruehl_mask,mixed,2,270920262,64,WAIT,WAIT,5.086375051178038,False,False,False,False,False,False,False
final_ruehl_mask,mixed,2,270920262,65,WAIT,WAIT,4.114915966056287,False,False,False,False,False,False,False
final_ruehl_mask,mixed,2,270920262,66,WAIT,WAIT,4.655125085264444,False,False,False,False,False,False,False
final_ruehl_mask,mixed,2,270920262,67,WAIT,WAIT,4.289709031581879,False,False,False,False,False,False,False
final_ruehl_mask,mixed,2,270920262,68,WAIT,WAIT,3.990666940808296,False,False,False,False,False,False,False
final_ruehl_mask,mixed,2,270920262,69,WAIT,WAIT,4.577375017106533,False,False,False,False,False,False,False
final_ruehl_mask,mixed,2,270920262,70,WAIT,WAIT,4.555916064418852,False,False,False,False,False,False,False
final_ruehl_mask,mixed,2,270920262,71,WAIT,WAIT,3.790208022110164,False,True,False,False,False,False,False
final_ruehl_mask,mixed,2,270920262,72,WAIT,WAIT,4.583125002682209,False,False,False,False,False,False,False
final_ruehl_mask,mixed,2,270920262,73,WAIT,WAIT,4.3594170128926635,False,False,False,False,False,False,False
final_ruehl_mask,mixed,2,270920262,74,WAIT,WAIT,3.961375099606812,False,False,False,False,False,False,False
final_ruehl_mask,mixed,2,270920262,75,WAIT,WAIT,4.867207957431674,False,False,False,False,False,False,False
final_ruehl_mask,mixed,2,270920262,76,WAIT,WAIT,4.311166005209088,False,False,False,False,False,False,False
final_ruehl_mask,mixed,2,270920262,77,WAIT,WAIT,5.1709580002352595,False,False,False,False,False,False,False
final_ruehl_mask,mixed,2,270920262,78,WAIT,WAIT,5.106583936139941,False,False,False,False,False,False,False
final_ruehl_mask,mixed,2,270920262,79,WAIT,WAIT,5.22537506185472,False,False,False,False,False,False,False
final_ruehl_mask,mixed,2,270920262,80,WAIT,WAIT,4.954709089361131,False,False,False,False,False,False,False
final_ruehl_mask,mixed,2,270920262,81,WAIT,WAIT,5.367708043195307,False,True,False,False,False,False,False
final_ruehl_mask,mixed,2,270920262,82,WAIT,WAIT,4.6385000459849834,False,False,False,False,False,False,False
final_ruehl_mask,mixed,2,270920262,83,WAIT,WAIT,4.01704094838351,False,False,False,False,False,False,False
final_ruehl_mask,mixed,2,270920262,84,WAIT,WAIT,4.768333048559725,False,False,False,False,False,False,False
final_ruehl_mask,mixed,2,270920262,85,WAIT,WAIT,5.078291054815054,False,False,False,False,False,False,False
final_ruehl_mask,mixed,2,270920262,86,WAIT,WAIT,4.458958050236106,False,False,False,False,False,False,False
final_ruehl_mask,mixed,2,270920262,87,UP,UP,5.021666991524398,False,False,False,False,False,False,False
final_ruehl_mask,mixed,2,270920262,88,LEFT,LEFT,4.832709091715515,False,False,False,False,False,False,False
final_ruehl_mask,mixed,2,270920262,89,LEFT,LEFT,4.218291025608778,False,False,False,False,False,False,False
final_ruehl_mask,mixed,2,270920262,90,BOMB,BOMB,5.033542052842677,False,False,False,True,True,False,False
final_ruehl_mask,mixed,2,270920262,91,LEFT,LEFT,4.248416982591152,False,True,False,False,False,False,False
final_ruehl_mask,mixed,2,270920262,92,LEFT,LEFT,3.795374999754131,False,False,False,False,False,False,False
final_ruehl_mask,mixed,2,270920262,93,DOWN,DOWN,4.845291026867926,False,False,False,False,False,False,False
final_ruehl_mask,mixed,2,270920262,94,WAIT,WAIT,4.140582983382046,False,False,False,False,False,False,False
final_ruehl_mask,mixed,2,270920262,95,WAIT,WAIT,4.979667020961642,False,False,False,False,False,False,False
final_ruehl_mask,mixed,2,270920262,96,UP,UP,4.746540915220976,False,False,False,False,False,False,False
final_ruehl_mask,mixed,2,270920262,97,WAIT,WAIT,5.382915958762169,False,False,False,False,False,False,False
final_ruehl_mask,mixed,2,270920262,98,WAIT,WAIT,4.601125023327768,False,False,False,False,False,False,False
final_ruehl_mask,mixed,2,270920262,99,WAIT,WAIT,4.3335419613868,False,False,False,False,False,False,False
final_ruehl_mask,mixed,2,270920262,100,WAIT,WAIT,4.821791080757976,False,False,False,False,False,False,False
final_ruehl_mask,mixed,2,270920262,101,WAIT,WAIT,4.3168331030756235,False,True,False,False,False,False,False
final_ruehl_mask,mixed,2,270920262,102,WAIT,WAIT,4.486332996748388,False,False,False,False,False,False,False
final_ruehl_mask,mixed,2,270920262,103,WAIT,WAIT,4.837374901399016,False,False,False,False,False,False,False
final_ruehl_mask,mixed,2,270920262,104,WAIT,WAIT,4.036875092424452,False,False,False,False,False,False,False
final_ruehl_mask,mixed,2,270920262,105,WAIT,WAIT,4.480500007048249,False,False,False,False,False,False,False
final_ruehl_mask,mixed,2,270920262,106,WAIT,WAIT,5.091957980766892,False,False,False,False,False,False,False
final_ruehl_mask,mixed,2,270920262,107,WAIT,WAIT,4.041667096316814,False,False,False,False,False,False,False
final_ruehl_mask,mixed,2,270920262,108,WAIT,WAIT,4.165249993093312,False,False,False,False,False,False,False
final_ruehl_mask,mixed,2,270920262,109,WAIT,WAIT,3.8611670024693012,False,False,False,False,False,False,False
final_ruehl_mask,mixed,2,270920262,110,WAIT,WAIT,4.579125088639557,False,False,False,False,False,False,False
final_ruehl_mask,mixed,2,270920262,111,WAIT,WAIT,4.696291987784207,False,True,False,False,False,False,False
final_ruehl_mask,mixed,2,270920262,112,WAIT,WAIT,4.810040933080018,False,False,False,False,False,False,False
final_ruehl_mask,mixed,2,270920262,113,WAIT,WAIT,3.82087507750839,False,False,False,False,False,False,False
final_ruehl_mask,mixed,2,270920262,114,WAIT,WAIT,3.74549999833107,False,False,False,False,False,False,False
final_ruehl_mask,mixed,2,270920262,115,WAIT,WAIT,4.727833089418709,False,False,False,False,False,False,False
final_ruehl_mask,mixed,2,270920262,116,WAIT,WAIT,4.952625022269785,False,False,False,False,False,False,False
final_ruehl_mask,mixed,2,270920262,117,WAIT,WAIT,4.707958083599806,False,False,False,False,False,False,False
final_ruehl_mask,mixed,2,270920262,118,WAIT,WAIT,3.9989170618355274,False,False,False,False,False,False,False
final_ruehl_mask,mixed,2,270920262,119,WAIT,WAIT,4.537708009593189,False,False,False,False,False,False,False
final_ruehl_mask,mixed,2,270920262,120,WAIT,WAIT,4.9595830496400595,False,False,False,False,False,False,False
final_ruehl_mask,mixed,2,270920262,121,RIGHT,RIGHT,4.0977910393849015,False,True,False,False,False,False,False
final_ruehl_mask,mixed,2,270920262,122,BOMB,BOMB,3.8650830974802375,False,False,False,True,True,False,False
final_ruehl_mask,mixed,2,270920262,123,RIGHT,RIGHT,3.6198749439790845,False,False,False,False,False,False,False
final_ruehl_mask,mixed,2,270920262,124,RIGHT,RIGHT,4.081709077581763,False,False,False,False,False,False,False
final_ruehl_mask,mixed,2,270920262,125,RIGHT,RIGHT,3.9543749298900366,False,False,False,False,False,False,False
final_ruehl_mask,mixed,2,270920262,126,DOWN,DOWN,3.2537090592086315,False,False,False,False,False,False,False
final_ruehl_mask,mixed,2,270920262,127,DOWN,DOWN,3.513667033985257,False,False,False,False,False,False,False
final_ruehl_mask,mixed,2,270920262,128,DOWN,DOWN,4.385042004287243,False,False,False,False,False,False,False
final_ruehl_mask,mixed,2,270920262,129,WAIT,WAIT,4.203250049613416,False,False,False,False,False,False,False
final_ruehl_mask,mixed,2,270920262,130,WAIT,WAIT,4.307667026296258,False,False,False,False,False,False,False
final_ruehl_mask,mixed,2,270920262,131,DOWN,DOWN,4.619457991793752,False,True,False,False,False,False,False
final_ruehl_mask,mixed,2,270920262,132,WAIT,WAIT,4.318833001889288,False,False,False,False,False,False,False
final_ruehl_mask,mixed,2,270920262,133,DOWN,DOWN,4.110416048206389,False,False,False,False,False,False,False
final_ruehl_mask,mixed,2,270920262,134,DOWN,DOWN,3.8615838857367635,False,False,False,False,False,False,False
final_ruehl_mask,mixed,2,270920262,135,BOMB,BOMB,4.7261250438168645,False,False,False,True,False,False,False
final_ruehl_mask,mixed,2,270920262,136,UP,UP,4.5125840697437525,False,False,False,False,False,False,False
final_ruehl_mask,mixed,2,270920262,137,UP,UP,4.252374987117946,False,False,False,False,False,False,False
final_ruehl_mask,mixed,2,270920262,138,LEFT,LEFT,4.345625056885183,False,False,False,False,False,False,False
final_ruehl_mask,mixed,2,270920262,139,LEFT,LEFT,4.701499943621457,False,False,False,False,False,False,False
final_ruehl_mask,mixed,2,270920262,140,UP,UP,4.88362496253103,False,False,False,False,False,False,False
final_ruehl_mask,mixed,2,270920262,141,UP,UP,3.8795829750597477,False,True,False,False,False,False,False
final_ruehl_mask,mixed,2,270920262,142,BOMB,BOMB,3.876333008520305,False,False,False,True,False,False,False
final_ruehl_mask,mixed,2,270920262,143,UP,UP,4.582124995067716,False,False,False,False,False,False,False
final_ruehl_mask,mixed,2,270920262,144,UP,UP,3.8757920265197754,False,False,False,False,False,False,False
final_ruehl_mask,mixed,2,270920262,145,RIGHT,RIGHT,4.3672919273376465,False,False,False,False,False,False,False
final_ruehl_mask,mixed,2,270920262,146,RIGHT,RIGHT,3.6216670414432883,False,False,False,False,False,False,False
final_ruehl_mask,mixed,2,270920262,147,WAIT,WAIT,4.586209077388048,False,False,False,False,False,False,False
final_ruehl_mask,mixed,2,270920262,148,WAIT,WAIT,4.420459037646651,False,False,False,False,False,False,False
final_ruehl_mask,mixed,2,270920262,149,BOMB,BOMB,4.1287909261882305,False,False,False,True,True,False,False
final_ruehl_mask,mixed,2,270920262,150,LEFT,LEFT,4.526583012193441,False,False,False,False,False,False,False
final_ruehl_mask,mixed,2,270920262,151,LEFT,LEFT,4.499749979004264,False,True,False,False,False,False,False
final_ruehl_mask,mixed,2,270920262,152,DOWN,DOWN,4.620750085450709,False,False,False,False,False,False,False
final_ruehl_mask,mixed,2,270920262,153,WAIT,WAIT,4.119166056625545,False,False,False,False,False,False,False
final_ruehl_mask,mixed,2,270920262,154,WAIT,WAIT,3.9134579710662365,False,False,False,False,False,False,False
final_ruehl_mask,mixed,2,270920262,155,UP,UP,3.9872920606285334,False,False,False,False,False,False,False
final_ruehl_mask,mixed,2,270920262,156,LEFT,LEFT,4.852959071286023,False,False,False,False,False,False,False
final_ruehl_mask,mixed,2,270920262,157,LEFT,LEFT,4.914832999929786,False,False,False,False,False,False,False
final_ruehl_mask,mixed,2,270920262,158,DOWN,DOWN,5.532582988962531,False,False,False,False,False,False,False
final_ruehl_mask,mixed,2,270920262,159,DOWN,DOWN,5.252790986560285,False,False,False,False,False,False,True
final_ruehl_mask,mixed,2,270920262,160,BOMB,BOMB,4.491208936087787,False,False,False,True,True,False,True
final_ruehl_mask,mixed,2,270920262,161,LEFT,LEFT,4.06495900824666,False,True,True,False,False,False,True
final_ruehl_mask,mixed,2,270920262,162,WAIT,WAIT,3.766292007640004,False,False,False,False,False,False,True
final_ruehl_mask,mixed,2,270920262,163,WAIT,WAIT,4.336792044341564,False,False,False,False,False,False,True
final_ruehl_mask,mixed,2,270920262,164,WAIT,WAIT,3.390582976862788,False,False,False,False,False,False,True
final_ruehl_mask,mixed,3,270920263,1,UP,UP,2.352540963329375,False,True,False,False,False,False,True
final_ruehl_mask,mixed,3,270920263,2,BOMB,BOMB,2.1806249860674143,False,False,False,True,False,False,True
final_ruehl_mask,mixed,3,270920263,3,UP,UP,2.1610420662909746,False,False,False,False,False,False,True
final_ruehl_mask,mixed,3,270920263,4,WAIT,WAIT,2.103750011883676,False,False,False,False,False,False,True
final_ruehl_mask,mixed,3,270920263,5,WAIT,WAIT,2.046792069450021,False,False,False,False,False,False,True
final_ruehl_mask,mixed,3,270920263,6,WAIT,WAIT,2.1198330214247108,False,False,False,False,False,False,True
final_ruehl_mask,mixed,4,270920264,1,DOWN,DOWN,2.4328340077772737,False,True,False,False,False,False,False
final_ruehl_mask,mixed,4,270920264,2,BOMB,BOMB,2.115415991283953,False,False,False,True,False,False,False
final_ruehl_mask,mixed,4,270920264,3,UP,UP,2.1580420434474945,False,False,False,False,False,False,False
final_ruehl_mask,mixed,4,270920264,4,RIGHT,RIGHT,2.1178750321269035,False,False,False,False,False,False,False
final_ruehl_mask,mixed,4,270920264,5,RIGHT,RIGHT,2.1029169438406825,False,False,False,False,False,False,False
final_ruehl_mask,mixed,4,270920264,6,WAIT,WAIT,2.193083055317402,False,False,False,False,False,False,False
final_ruehl_mask,mixed,4,270920264,7,WAIT,WAIT,2.189708058722317,False,False,False,False,False,False,False
final_ruehl_mask,mixed,4,270920264,8,WAIT,WAIT,2.0840830402448773,False,False,False,False,False,False,False
final_ruehl_mask,mixed,4,270920264,9,BOMB,BOMB,2.2525410167872906,False,False,False,True,False,False,False
final_ruehl_mask,mixed,4,270920264,10,LEFT,LEFT,2.1964169573038816,False,False,False,False,False,False,False
final_ruehl_mask,mixed,4,270920264,11,LEFT,LEFT,2.2217920050024986,False,True,False,False,False,False,False
final_ruehl_mask,mixed,4,270920264,12,DOWN,DOWN,2.25591694470495,False,False,False,False,False,False,False
final_ruehl_mask,mixed,4,270920264,13,DOWN,DOWN,2.362541970796883,False,False,False,False,False,False,False
final_ruehl_mask,mixed,4,270920264,14,UP,UP,2.740958007052541,False,False,False,False,False,False,False
final_ruehl_mask,mixed,4,270920264,15,UP,UP,2.6404999662190676,False,False,False,False,False,False,False
final_ruehl_mask,mixed,4,270920264,16,RIGHT,RIGHT,2.5939999613910913,False,False,False,False,False,False,False
final_ruehl_mask,mixed,4,270920264,17,RIGHT,RIGHT,2.7814159402623773,False,False,False,False,False,False,False
final_ruehl_mask,mixed,4,270920264,18,RIGHT,RIGHT,2.603583037853241,False,False,False,False,False,False,True
final_ruehl_mask,mixed,4,270920264,19,BOMB,BOMB,2.568833064287901,False,False,False,True,False,False,True
final_ruehl_mask,mixed,4,270920264,20,RIGHT,RIGHT,2.410082961432636,False,False,False,False,False,False,True
final_ruehl_mask,mixed,4,270920264,21,RIGHT,RIGHT,2.3276250576600432,False,False,False,False,False,False,True
final_ruehl_mask,mixed,4,270920264,22,LEFT,LEFT,2.3319999454542994,False,False,False,False,False,False,True
final_ruehl_mask,mixed,4,270920264,23,RIGHT,RIGHT,2.686415915377438,False,False,False,False,False,False,True
final_ruehl_mask,mixed,5,270920265,1,RIGHT,RIGHT,2.2581249941140413,False,True,False,False,False,False,False
final_ruehl_mask,mixed,5,270920265,2,BOMB,BOMB,1.9884170033037663,False,False,False,True,False,False,False
final_ruehl_mask,mixed,5,270920265,3,LEFT,LEFT,2.066874993033707,False,False,False,False,False,False,False
final_ruehl_mask,mixed,5,270920265,4,DOWN,DOWN,2.103417064063251,False,False,False,False,False,False,False
final_ruehl_mask,mixed,5,270920265,5,WAIT,WAIT,2.0089999306946993,False,False,False,False,False,False,False
final_ruehl_mask,mixed,5,270920265,6,WAIT,WAIT,2.0035840570926666,False,False,False,False,False,False,False
final_ruehl_mask,mixed,5,270920265,7,WAIT,WAIT,2.250208053737879,False,False,False,False,False,False,False
final_ruehl_mask,mixed,5,270920265,8,UP,UP,2.394957933574915,False,False,False,False,False,False,False
final_ruehl_mask,mixed,5,270920265,9,BOMB,BOMB,2.5744580198079348,False,False,False,True,False,False,False
final_ruehl_mask,mixed,5,270920265,10,RIGHT,RIGHT,2.2172080352902412,False,False,False,False,False,False,False
final_ruehl_mask,mixed,5,270920265,11,RIGHT,RIGHT,2.329541021026671,False,True,False,False,False,False,False
final_ruehl_mask,mixed,5,270920265,12,RIGHT,RIGHT,3.1754999654367566,False,False,False,False,False,False,False
final_ruehl_mask,mixed,5,270920265,13,RIGHT,RIGHT,2.678958000615239,False,False,False,False,False,False,False
final_ruehl_mask,mixed,5,270920265,14,DOWN,DOWN,2.4041669676080346,False,False,False,False,False,False,False
final_ruehl_mask,mixed,5,270920265,15,WAIT,WAIT,2.5890839751809835,False,False,False,False,False,False,False
final_ruehl_mask,mixed,5,270920265,16,BOMB,BOMB,2.4124999763444066,False,False,False,True,False,False,False
final_ruehl_mask,mixed,5,270920265,17,UP,UP,2.2679170360788703,False,False,False,False,False,False,False
final_ruehl_mask,mixed,5,270920265,18,LEFT,LEFT,2.651958027854562,False,False,False,False,False,False,False
final_ruehl_mask,mixed,5,270920265,19,LEFT,LEFT,3.285542014054954,False,False,False,False,False,False,False
final_ruehl_mask,mixed,5,270920265,20,LEFT,LEFT,2.6779579930007458,False,False,False,False,False,False,False
final_ruehl_mask,mixed,5,270920265,21,LEFT,LEFT,3.4146669786423445,False,True,False,False,False,False,False
final_ruehl_mask,mixed,5,270920265,22,DOWN,DOWN,2.5898750172927976,False,False,False,False,False,False,False
final_ruehl_mask,mixed,5,270920265,23,DOWN,DOWN,3.3204170176759362,False,False,False,False,False,False,False
final_ruehl_mask,mixed,5,270920265,24,DOWN,DOWN,2.6033750036731362,False,False,False,False,False,False,False
final_ruehl_mask,mixed,5,270920265,25,BOMB,BOMB,2.595999976620078,False,False,False,True,False,False,False
final_ruehl_mask,mixed,5,270920265,26,UP,UP,2.4705829564481974,False,False,False,False,False,False,False
final_ruehl_mask,mixed,5,270920265,27,UP,UP,2.4886250030249357,False,False,False,False,False,False,False
final_ruehl_mask,mixed,5,270920265,28,UP,UP,2.640833961777389,False,False,False,False,False,False,False
final_ruehl_mask,mixed,5,270920265,29,RIGHT,RIGHT,2.538291970267892,False,False,False,False,False,False,False
final_ruehl_mask,mixed,5,270920265,30,RIGHT,RIGHT,2.941083046607673,False,False,False,False,False,False,False
final_ruehl_mask,mixed,5,270920265,31,RIGHT,RIGHT,2.9312920523807406,False,True,False,False,False,False,False
final_ruehl_mask,mixed,5,270920265,32,RIGHT,RIGHT,2.9732909752056003,False,False,False,False,False,False,True
final_ruehl_mask,mixed,5,270920265,33,BOMB,BOMB,2.915874938480556,False,False,False,True,False,False,True
final_ruehl_mask,mixed,5,270920265,34,DOWN,DOWN,3.1321669230237603,False,False,False,False,False,False,True
final_ruehl_mask,mixed,5,270920265,35,DOWN,DOWN,2.860708045773208,False,False,False,False,False,False,True
final_ruehl_mask,mixed,5,270920265,36,UP,UP,2.7578750159591436,False,False,False,False,False,False,True
final_ruehl_mask,mixed,5,270920265,37,DOWN,DOWN,2.7470410568639636,False,False,False,False,False,False,True
final_ruehl_mask,mixed,6,270920266,1,RIGHT,RIGHT,2.6125829899683595,False,True,False,False,False,False,False
final_ruehl_mask,mixed,6,270920266,2,RIGHT,RIGHT,2.420542063191533,False,False,False,False,False,False,True
final_ruehl_mask,mixed,6,270920266,3,BOMB,BOMB,2.429958083666861,False,False,False,True,False,False,True
final_ruehl_mask,mixed,6,270920266,4,RIGHT,RIGHT,2.2910829866304994,False,False,False,False,False,False,True
final_ruehl_mask,mixed,6,270920266,5,RIGHT,RIGHT,2.200791030190885,False,False,False,False,False,False,True
final_ruehl_mask,mixed,6,270920266,6,LEFT,LEFT,2.248666947707534,False,False,False,False,False,False,True
final_ruehl_mask,mixed,6,270920266,7,WAIT,WAIT,2.276207902468741,False,False,False,False,False,False,True
final_ruehl_mask,mixed,7,270920267,1,BOMB,BOMB,2.479707938618958,False,True,False,True,False,False,False
final_ruehl_mask,mixed,7,270920267,2,LEFT,LEFT,2.7240830240771174,False,False,False,False,False,False,False
final_ruehl_mask,mixed,7,270920267,3,LEFT,LEFT,2.8418749570846558,False,False,False,False,False,False,False
final_ruehl_mask,mixed,7,270920267,4,DOWN,DOWN,2.815167070366442,False,False,False,False,False,False,False
final_ruehl_mask,mixed,7,270920267,5,WAIT,WAIT,2.69708305131644,False,False,False,False,False,False,False
final_ruehl_mask,mixed,7,270920267,6,WAIT,WAIT,2.5418750010430813,False,False,False,False,False,False,False
final_ruehl_mask,mixed,7,270920267,7,UP,UP,2.5754160014912486,False,False,False,False,False,False,False
final_ruehl_mask,mixed,7,270920267,8,BOMB,BOMB,3.214834025129676,False,False,False,True,False,False,False
final_ruehl_mask,mixed,7,270920267,9,RIGHT,RIGHT,2.590916003100574,False,False,False,False,False,False,False
final_ruehl_mask,mixed,7,270920267,10,RIGHT,RIGHT,2.489750040695071,False,False,False,False,False,False,False
final_ruehl_mask,mixed,7,270920267,11,DOWN,DOWN,2.555459039285779,False,True,False,False,False,False,False
final_ruehl_mask,mixed,7,270920267,12,DOWN,DOWN,2.475207904353738,False,False,False,False,False,False,False
final_ruehl_mask,mixed,7,270920267,13,DOWN,DOWN,2.7059169951826334,False,False,False,False,False,False,False
final_ruehl_mask,mixed,7,270920267,14,WAIT,WAIT,2.555708051659167,False,False,False,False,False,False,False
final_ruehl_mask,mixed,7,270920267,15,BOMB,BOMB,2.5188749423250556,False,False,False,True,False,False,False
final_ruehl_mask,mixed,7,270920267,16,UP,UP,2.4729169672355056,False,False,False,False,False,False,False
final_ruehl_mask,mixed,7,270920267,17,UP,UP,2.2965840762481093,False,False,False,False,False,False,False
final_ruehl_mask,mixed,7,270920267,18,UP,UP,2.2009999956935644,False,False,False,False,False,False,False
final_ruehl_mask,mixed,7,270920267,19,LEFT,LEFT,2.4619579780846834,False,False,False,False,False,False,False
final_ruehl_mask,mixed,7,270920267,20,LEFT,LEFT,2.8804170433431864,False,False,False,False,False,False,False
final_ruehl_mask,mixed,7,270920267,21,DOWN,DOWN,3.21741693187505,False,True,False,False,False,False,False
final_ruehl_mask,mixed,7,270920267,22,DOWN,DOWN,3.0175000429153442,False,False,False,False,False,False,False
final_ruehl_mask,mixed,7,270920267,23,DOWN,DOWN,3.1423330074176192,False,False,False,False,False,False,False
final_ruehl_mask,mixed,7,270920267,24,BOMB,BOMB,2.7905419701710343,False,False,False,True,False,False,False
final_ruehl_mask,mixed,7,270920267,25,UP,UP,2.7485419996082783,False,False,False,False,False,False,False
final_ruehl_mask,mixed,7,270920267,26,UP,UP,2.8119159396737814,False,False,False,False,False,False,False
final_ruehl_mask,mixed,7,270920267,27,UP,UP,2.6847919216379523,False,False,False,False,False,False,False
final_ruehl_mask,mixed,7,270920267,28,RIGHT,RIGHT,2.9083749977871776,False,False,False,False,False,False,False
final_ruehl_mask,mixed,7,270920267,29,RIGHT,RIGHT,3.0522909946739674,False,False,False,False,False,False,False
final_ruehl_mask,mixed,7,270920267,30,DOWN,DOWN,3.0007919995114207,False,False,False,False,False,False,False
final_ruehl_mask,mixed,7,270920267,31,DOWN,DOWN,2.9186659958213568,False,True,False,False,False,False,False
final_ruehl_mask,mixed,7,270920267,32,DOWN,DOWN,3.1120419735088944,False,False,False,False,False,False,False
final_ruehl_mask,mixed,7,270920267,33,DOWN,DOWN,3.104915958829224,False,False,False,False,False,False,False
final_ruehl_mask,mixed,7,270920267,34,DOWN,DOWN,3.0183750204741955,False,False,False,False,False,False,False
final_ruehl_mask,mixed,7,270920267,35,DOWN,DOWN,3.0515840044245124,False,False,False,False,False,False,True
final_ruehl_mask,mixed,7,270920267,36,BOMB,BOMB,3.0051249777898192,False,False,False,True,False,False,True
final_ruehl_mask,mixed,7,270920267,37,DOWN,DOWN,3.4163749078288674,False,False,False,False,False,False,True
final_ruehl_mask,mixed,7,270920267,38,DOWN,DOWN,3.0161249451339245,False,False,False,False,False,False,True
final_ruehl_mask,mixed,7,270920267,39,UP,UP,2.8445409843698144,False,False,False,False,False,False,True
final_ruehl_mask,mixed,7,270920267,40,DOWN,DOWN,2.9135000659152865,False,False,False,False,False,False,True
final_ruehl_mask,mixed,8,270920268,1,RIGHT,RIGHT,2.9061250388622284,False,True,False,False,False,False,False
final_ruehl_mask,mixed,8,270920268,2,BOMB,BOMB,2.3883749963715672,False,False,False,True,False,False,False
final_ruehl_mask,mixed,8,270920268,3,LEFT,LEFT,2.6119579561054707,False,False,False,False,False,False,False
final_ruehl_mask,mixed,8,270920268,4,WAIT,WAIT,3.471541916951537,False,False,False,False,False,False,False
final_ruehl_mask,mixed,8,270920268,5,UP,UP,3.0542920576408505,False,False,False,False,False,False,False
final_ruehl_mask,mixed,8,270920268,6,UP,UP,3.2122080447152257,False,False,False,False,False,False,False
final_ruehl_mask,mixed,8,270920268,7,DOWN,DOWN,3.79595800768584,False,False,False,False,False,False,False
final_ruehl_mask,mixed,8,270920268,8,WAIT,WAIT,3.1857920112088323,False,False,False,False,False,False,False
final_ruehl_mask,mixed,8,270920268,9,BOMB,BOMB,5.5284579284489155,False,False,False,True,False,False,False
final_ruehl_mask,mixed,8,270920268,10,DOWN,DOWN,3.3129160292446613,False,False,False,False,False,False,False
final_ruehl_mask,mixed,8,270920268,11,WAIT,WAIT,5.5622500367462635,False,True,False,False,False,False,False
final_ruehl_mask,mixed,8,270920268,12,RIGHT,RIGHT,3.1617089407518506,False,False,False,False,False,False,False
final_ruehl_mask,mixed,8,270920268,13,RIGHT,RIGHT,3.080249996855855,False,False,False,False,False,False,False
final_ruehl_mask,mixed,8,270920268,14,RIGHT,RIGHT,3.2717500580474734,False,False,False,False,False,False,False
final_ruehl_mask,mixed,8,270920268,15,LEFT,LEFT,3.5207499749958515,False,False,False,False,False,False,False
final_ruehl_mask,mixed,8,270920268,16,BOMB,BOMB,3.7011250387877226,False,False,False,True,False,False,False
final_ruehl_mask,mixed,8,270920268,17,LEFT,LEFT,2.6354159926995635,False,False,False,False,False,False,False
final_ruehl_mask,mixed,8,270920268,18,LEFT,LEFT,3.296957933343947,False,False,False,False,False,False,False
final_ruehl_mask,mixed,8,270920268,19,UP,UP,3.4886670764535666,False,False,False,False,False,False,False
final_ruehl_mask,mixed,8,270920268,20,UP,UP,2.975124982185662,False,False,False,False,False,False,False
final_ruehl_mask,mixed,8,270920268,21,UP,UP,3.813292016275227,False,True,False,False,False,False,False
final_ruehl_mask,mixed,8,270920268,22,UP,UP,2.921666018664837,False,False,False,False,False,False,False
final_ruehl_mask,mixed,8,270920268,23,RIGHT,RIGHT,3.7099580513313413,False,False,False,False,False,False,False
final_ruehl_mask,mixed,8,270920268,24,RIGHT,RIGHT,3.0120419105514884,False,False,False,False,False,False,False
final_ruehl_mask,mixed,8,270920268,25,RIGHT,RIGHT,3.7696249783039093,False,False,False,False,False,False,False
final_ruehl_mask,mixed,8,270920268,26,BOMB,BOMB,3.443291992880404,False,False,False,True,False,False,False
final_ruehl_mask,mixed,8,270920268,27,LEFT,LEFT,2.8111659921705723,False,False,False,False,False,False,False
final_ruehl_mask,mixed,8,270920268,28,LEFT,LEFT,2.8232920449227095,False,False,False,False,False,False,False
final_ruehl_mask,mixed,8,270920268,29,LEFT,LEFT,2.8532500145956874,False,False,False,False,False,False,False
final_ruehl_mask,mixed,8,270920268,30,DOWN,DOWN,2.7730000438168645,False,False,False,False,False,False,False
final_ruehl_mask,mixed,8,270920268,31,DOWN,DOWN,3.054250031709671,False,True,False,False,False,False,False
final_ruehl_mask,mixed,8,270920268,32,DOWN,DOWN,3.080999944359064,False,False,False,False,False,False,False
final_ruehl_mask,mixed,8,270920268,33,DOWN,DOWN,3.251457936130464,False,False,False,False,False,False,False
final_ruehl_mask,mixed,8,270920268,34,WAIT,WAIT,3.150500007905066,False,False,False,False,False,False,False
final_ruehl_mask,mixed,8,270920268,35,WAIT,WAIT,3.1327089527621865,False,False,False,False,False,False,False
final_ruehl_mask,mixed,8,270920268,36,WAIT,WAIT,3.142083063721657,False,False,False,False,False,False,False
final_ruehl_mask,mixed,8,270920268,37,RIGHT,RIGHT,3.1793329399079084,False,False,False,False,False,False,False
final_ruehl_mask,mixed,8,270920268,38,RIGHT,RIGHT,3.278458956629038,False,False,False,False,False,False,False
final_ruehl_mask,mixed,8,270920268,39,RIGHT,RIGHT,3.339083050377667,False,False,False,False,False,False,True
final_ruehl_mask,mixed,8,270920268,40,BOMB,BOMB,3.207291942089796,False,False,False,True,False,False,True
final_ruehl_mask,mixed,8,270920268,41,RIGHT,RIGHT,3.597791073843837,False,True,True,False,False,False,True
final_ruehl_mask,mixed,8,270920268,42,RIGHT,RIGHT,3.3654170110821724,False,False,False,False,False,False,True
final_ruehl_mask,mixed,8,270920268,43,LEFT,LEFT,3.371583065018058,False,False,False,False,False,False,True
final_ruehl_mask,mixed,8,270920268,44,RIGHT,RIGHT,3.483792068436742,False,False,False,False,False,False,True
final_ruehl_mask,mixed,9,270920269,1,UP,UP,2.5041670305654407,False,True,False,False,False,False,True
final_ruehl_mask,mixed,9,270920269,2,BOMB,BOMB,2.1202920470386744,False,False,False,True,False,False,True
final_ruehl_mask,mixed,9,270920269,3,UP,UP,2.1988750668242574,False,False,False,False,False,False,True
final_ruehl_mask,mixed,9,270920269,4,UP,UP,1.9972920417785645,False,False,False,False,False,False,True
final_ruehl_mask,mixed,9,270920269,5,WAIT,WAIT,2.0382910734042525,False,False,False,False,False,False,True
final_ruehl_mask,mixed,9,270920269,6,WAIT,WAIT,2.0056250505149364,False,False,False,False,False,False,True
final_ruehl_mask,mixed,10,270920270,1,RIGHT,RIGHT,2.3224999895319343,False,True,False,False,False,False,False
final_ruehl_mask,mixed,10,270920270,2,BOMB,BOMB,2.1235829917714,False,False,False,True,False,False,False
final_ruehl_mask,mixed,10,270920270,3,LEFT,LEFT,2.1382500417530537,False,False,False,False,False,False,False
final_ruehl_mask,mixed,10,270920270,4,WAIT,WAIT,2.0307080121710896,False,False,False,False,False,False,False
final_ruehl_mask,mixed,10,270920270,5,UP,UP,2.2981249494478106,False,False,False,False,False,False,False
final_ruehl_mask,mixed,10,270920270,6,WAIT,WAIT,2.051791991107166,False,False,False,False,False,False,False
final_ruehl_mask,mixed,10,270920270,7,WAIT,WAIT,2.2273750510066748,False,False,False,False,False,False,False
final_ruehl_mask,mixed,10,270920270,8,WAIT,WAIT,2.0221659215167165,False,False,False,False,False,False,False
final_ruehl_mask,mixed,10,270920270,9,BOMB,BOMB,1.9539580680429935,False,False,False,True,False,False,False
final_ruehl_mask,mixed,10,270920270,10,DOWN,DOWN,1.7752080457285047,False,False,False,False,False,False,False
final_ruehl_mask,mixed,10,270920270,11,RIGHT,RIGHT,1.8588750390335917,False,True,False,False,False,False,False
final_ruehl_mask,mixed,10,270920270,12,RIGHT,RIGHT,1.9836249994114041,False,False,False,False,False,False,False
final_ruehl_mask,mixed,10,270920270,13,RIGHT,RIGHT,2.328166039660573,False,False,False,False,False,False,False
final_ruehl_mask,mixed,10,270920270,14,RIGHT,RIGHT,2.3933330085128546,False,False,False,False,False,False,False
final_ruehl_mask,mixed,10,270920270,15,RIGHT,RIGHT,2.374584088101983,False,False,False,False,False,False,False
final_ruehl_mask,mixed,10,270920270,16,BOMB,BOMB,2.1427921019494534,False,False,False,True,False,False,False
final_ruehl_mask,mixed,10,270920270,17,LEFT,LEFT,2.0912920590490103,False,False,False,False,False,False,False
final_ruehl_mask,mixed,10,270920270,18,LEFT,LEFT,2.1772090112790465,False,False,False,False,False,False,False
final_ruehl_mask,mixed,10,270920270,19,LEFT,LEFT,2.2386659402400255,False,False,False,False,False,False,False
final_ruehl_mask,mixed,10,270920270,20,LEFT,LEFT,2.300166990607977,False,False,False,False,False,False,False
final_ruehl_mask,mixed,10,270920270,21,LEFT,LEFT,2.5883750058710575,False,True,False,False,False,False,False
final_ruehl_mask,mixed,10,270920270,22,WAIT,WAIT,2.570500015281141,False,False,False,False,False,False,False
final_ruehl_mask,mixed,10,270920270,23,UP,UP,2.7709159767255187,False,False,False,False,False,False,False
final_ruehl_mask,mixed,10,270920270,24,WAIT,WAIT,2.4732500314712524,False,False,False,False,False,False,False
final_ruehl_mask,mixed,10,270920270,25,WAIT,WAIT,2.498833928257227,False,False,False,False,False,False,False
final_ruehl_mask,mixed,10,270920270,26,WAIT,WAIT,2.5164170656353235,False,False,False,False,False,False,False
final_ruehl_mask,mixed,10,270920270,27,WAIT,WAIT,2.394124981947243,False,False,False,False,False,False,False
final_ruehl_mask,mixed,10,270920270,28,WAIT,WAIT,3.492124960757792,False,False,False,False,False,False,False
final_ruehl_mask,mixed,10,270920270,29,WAIT,WAIT,2.9928339645266533,False,False,False,False,False,False,False
final_ruehl_mask,mixed,10,270920270,30,WAIT,WAIT,2.675624913536012,False,False,False,False,False,False,False
final_ruehl_mask,mixed,10,270920270,31,WAIT,WAIT,3.392916056327522,False,True,False,False,False,False,False
final_ruehl_mask,mixed,10,270920270,32,UP,UP,3.222999977879226,False,False,False,False,False,False,True
final_ruehl_mask,mixed,10,270920270,33,BOMB,BOMB,2.9993749922141433,False,False,False,True,False,False,True
final_ruehl_mask,mixed,10,270920270,34,UP,UP,3.312958055175841,False,False,False,False,False,False,True
final_ruehl_mask,mixed,10,270920270,35,UP,UP,3.0737919732928276,False,False,False,False,False,False,True
final_ruehl_mask,mixed,10,270920270,36,DOWN,DOWN,2.699499949812889,False,False,False,False,False,False,True
final_ruehl_mask,mixed,10,270920270,37,WAIT,WAIT,3.3678748877719045,False,False,False,False,False,False,True
final_ruehl_mask,mixed,11,270920271,1,RIGHT,RIGHT,2.3562079295516014,False,True,False,False,False,False,False
final_ruehl_mask,mixed,11,270920271,2,BOMB,BOMB,2.044250024482608,False,False,False,True,False,False,False
final_ruehl_mask,mixed,11,270920271,3,LEFT,LEFT,2.019749954342842,False,False,False,False,False,False,False
final_ruehl_mask,mixed,11,270920271,4,DOWN,DOWN,2.031666925176978,False,False,False,False,False,False,False
final_ruehl_mask,mixed,11,270920271,5,WAIT,WAIT,2.0349579863250256,False,False,False,False,False,False,False
final_ruehl_mask,mixed,11,270920271,6,WAIT,WAIT,1.9504158990457654,False,False,False,False,False,False,False
final_ruehl_mask,mixed,11,270920271,7,WAIT,WAIT,2.1925410255789757,False,False,False,False,False,False,False
final_ruehl_mask,mixed,11,270920271,8,UP,UP,1.9690420012921095,False,False,False,False,False,False,False
final_ruehl_mask,mixed,11,270920271,9,BOMB,BOMB,2.212041988968849,False,False,False,True,False,False,False
final_ruehl_mask,mixed,11,270920271,10,RIGHT,RIGHT,2.2588750580325723,False,False,False,False,False,False,False
final_ruehl_mask,mixed,11,270920271,11,RIGHT,RIGHT,2.3211250081658363,False,True,False,False,False,False,False
final_ruehl_mask,mixed,11,270920271,12,RIGHT,RIGHT,2.1636669989675283,False,False,False,False,False,False,False
final_ruehl_mask,mixed,11,270920271,13,RIGHT,RIGHT,2.2569589782506227,False,False,False,False,False,False,False
final_ruehl_mask,mixed,11,270920271,14,WAIT,WAIT,2.294125035405159,False,False,False,False,False,False,False
final_ruehl_mask,mixed,11,270920271,15,WAIT,WAIT,2.6817499892786145,False,False,False,False,False,False,False
final_ruehl_mask,mixed,11,270920271,16,BOMB,BOMB,2.279584063217044,False,False,False,True,False,False,False
final_ruehl_mask,mixed,11,270920271,17,LEFT,LEFT,2.254958963021636,False,False,False,False,False,False,False
final_ruehl_mask,mixed,11,270920271,18,LEFT,LEFT,2.481584087945521,False,False,False,False,False,False,False
final_ruehl_mask,mixed,11,270920271,19,LEFT,LEFT,2.5405839551240206,False,False,False,False,False,False,False
final_ruehl_mask,mixed,11,270920271,20,LEFT,LEFT,2.5172920431941748,False,False,False,False,False,False,False
final_ruehl_mask,mixed,11,270920271,21,DOWN,DOWN,2.805790980346501,False,True,False,False,False,False,False
final_ruehl_mask,mixed,11,270920271,22,DOWN,DOWN,2.7442920254543424,False,False,False,False,False,False,True
final_ruehl_mask,mixed,11,270920271,23,BOMB,BOMB,2.791375038214028,False,False,False,True,False,False,True
final_ruehl_mask,mixed,11,270920271,24,DOWN,DOWN,2.7314169565215707,False,False,False,False,False,False,True
final_ruehl_mask,mixed,11,270920271,25,WAIT,WAIT,2.484082942828536,False,False,False,False,False,False,True
final_ruehl_mask,mixed,11,270920271,26,WAIT,WAIT,2.498083980754018,False,False,False,False,False,False,True
final_ruehl_mask,mixed,11,270920271,27,WAIT,WAIT,2.9880000511184335,False,False,False,False,False,False,True
final_ruehl_mask,mixed,12,270920272,1,WAIT,WAIT,2.4224999360740185,False,True,False,False,False,False,False
final_ruehl_mask,mixed,12,270920272,2,WAIT,WAIT,2.131582936272025,False,False,False,False,False,False,False
final_ruehl_mask,mixed,12,270920272,3,DOWN,DOWN,2.4109170772135258,False,False,False,False,False,False,False
final_ruehl_mask,mixed,12,270920272,4,BOMB,BOMB,2.0854590693488717,False,False,False,True,False,False,False
final_ruehl_mask,mixed,12,270920272,5,UP,UP,2.103665960021317,False,False,False,False,False,False,False
final_ruehl_mask,mixed,12,270920272,6,WAIT,WAIT,2.0622500451281667,False,False,False,False,False,False,False
final_ruehl_mask,mixed,12,270920272,7,LEFT,LEFT,2.1845409646630287,False,False,False,False,False,False,False
final_ruehl_mask,mixed,12,270920272,8,WAIT,WAIT,2.1408749744296074,False,False,False,False,False,False,False
final_ruehl_mask,mixed,12,270920272,9,WAIT,WAIT,2.1320419618859887,False,False,False,False,False,False,False
final_ruehl_mask,mixed,12,270920272,10,WAIT,WAIT,2.205875003710389,False,False,False,False,False,False,False
final_ruehl_mask,mixed,12,270920272,11,BOMB,BOMB,2.1632499992847443,False,True,False,True,False,False,False
final_ruehl_mask,mixed,12,270920272,12,RIGHT,RIGHT,2.2554579190909863,False,False,False,False,False,False,False
final_ruehl_mask,mixed,12,270920272,13,DOWN,DOWN,2.3434999166056514,False,False,False,False,False,False,False
final_ruehl_mask,mixed,12,270920272,14,DOWN,DOWN,2.535542007535696,False,False,False,False,False,False,False
final_ruehl_mask,mixed,12,270920272,15,DOWN,DOWN,2.385708037763834,False,False,False,False,False,False,False
final_ruehl_mask,mixed,12,270920272,16,DOWN,DOWN,2.5347910122945905,False,False,False,False,False,False,False
final_ruehl_mask,mixed,12,270920272,17,UP,UP,2.2626250283792615,False,False,False,False,False,False,False
final_ruehl_mask,mixed,12,270920272,18,BOMB,BOMB,2.44291708804667,False,False,False,True,False,False,False
final_ruehl_mask,mixed,12,270920272,19,UP,UP,2.3132499773055315,False,False,False,False,False,False,False
final_ruehl_mask,mixed,12,270920272,20,UP,UP,2.57875001989305,False,False,False,False,False,False,False
final_ruehl_mask,mixed,12,270920272,21,UP,UP,2.225041971541941,False,True,False,False,False,False,False
final_ruehl_mask,mixed,12,270920272,22,LEFT,LEFT,2.414874965324998,False,False,False,False,False,False,False
final_ruehl_mask,mixed,12,270920272,23,LEFT,LEFT,2.544082934036851,False,False,False,False,False,False,False
final_ruehl_mask,mixed,12,270920272,24,LEFT,LEFT,2.502791932784021,False,False,False,False,False,False,True
final_ruehl_mask,mixed,12,270920272,25,BOMB,BOMB,2.5971250142902136,False,False,False,True,False,False,True
final_ruehl_mask,mixed,12,270920272,26,LEFT,LEFT,2.543915994465351,False,False,False,False,False,False,True
final_ruehl_mask,mixed,12,270920272,27,LEFT,LEFT,2.325749956071377,False,False,False,False,False,False,True
final_ruehl_mask,mixed,12,270920272,28,WAIT,WAIT,2.363167004659772,False,False,False,False,False,False,True
final_ruehl_mask,mixed,12,270920272,29,WAIT,WAIT,2.3316660663113,False,False,False,False,False,False,True
final_ruehl_mask,mixed,13,270920273,1,UP,UP,3.078875015489757,False,True,False,False,False,False,False
final_ruehl_mask,mixed,13,270920273,2,BOMB,BOMB,2.209999947808683,False,False,False,True,False,False,False
final_ruehl_mask,mixed,13,270920273,3,DOWN,DOWN,2.677624928764999,False,False,False,False,False,False,False
final_ruehl_mask,mixed,13,270920273,4,RIGHT,RIGHT,2.7430419577285647,False,False,False,False,False,False,False
final_ruehl_mask,mixed,13,270920273,5,WAIT,WAIT,2.9817080358043313,False,False,False,False,False,False,False
final_ruehl_mask,mixed,13,270920273,6,WAIT,WAIT,2.423750003799796,False,False,False,False,False,False,False
final_ruehl_mask,mixed,13,270920273,7,WAIT,WAIT,2.835666062310338,False,False,False,False,False,False,False
final_ruehl_mask,mixed,13,270920273,8,WAIT,WAIT,3.377416986040771,False,False,False,False,False,False,False
final_ruehl_mask,mixed,13,270920273,9,BOMB,BOMB,3.0242919456213713,False,False,False,True,False,False,False
final_ruehl_mask,mixed,13,270920273,10,LEFT,LEFT,2.8493329882621765,False,False,False,False,False,False,False
final_ruehl_mask,mixed,13,270920273,11,UP,UP,2.8904170030727983,False,True,False,False,False,False,False
final_ruehl_mask,mixed,13,270920273,12,UP,UP,2.938500023446977,False,False,False,False,False,False,False
final_ruehl_mask,mixed,13,270920273,13,UP,UP,2.970875008031726,False,False,False,False,False,False,False
final_ruehl_mask,mixed,13,270920273,14,UP,UP,2.8054160065948963,False,False,False,False,False,False,False
final_ruehl_mask,mixed,13,270920273,15,WAIT,WAIT,3.176208003424108,False,False,False,False,False,False,True
final_ruehl_mask,mixed,13,270920273,16,BOMB,BOMB,3.1118750339373946,False,False,False,True,False,False,True
final_ruehl_mask,mixed,13,270920273,17,DOWN,DOWN,2.507166936993599,False,False,False,False,False,False,True
final_ruehl_mask,mixed,13,270920273,18,WAIT,WAIT,2.5602909736335278,False,False,False,False,False,False,True
final_ruehl_mask,mixed,13,270920273,19,WAIT,WAIT,3.000207943841815,False,False,False,False,False,False,True
final_ruehl_mask,mixed,13,270920273,20,DOWN,DOWN,2.373458002693951,False,False,False,False,False,False,True
final_ruehl_mask,mixed,14,270920274,1,RIGHT,RIGHT,2.405624953098595,False,True,False,False,False,False,False
final_ruehl_mask,mixed,14,270920274,2,BOMB,BOMB,2.1552920807152987,False,False,False,True,False,False,False
final_ruehl_mask,mixed,14,270920274,3,LEFT,LEFT,2.1562499459832907,False,False,False,False,False,False,False
final_ruehl_mask,mixed,14,270920274,4,UP,UP,2.1112499525770545,False,False,False,False,False,False,False
final_ruehl_mask,mixed,14,270920274,5,UP,UP,2.31104192789644,False,False,False,False,False,False,False
final_ruehl_mask,mixed,14,270920274,6,WAIT,WAIT,2.0992920035496354,False,False,False,False,False,False,False
final_ruehl_mask,mixed,14,270920274,7,WAIT,WAIT,2.3844160605221987,False,False,False,False,False,False,False
final_ruehl_mask,mixed,14,270920274,8,WAIT,WAIT,2.098791068419814,False,False,False,False,False,False,False
final_ruehl_mask,mixed,14,270920274,9,BOMB,BOMB,2.2379159927368164,False,False,False,True,False,False,False
final_ruehl_mask,mixed,14,270920274,10,DOWN,DOWN,2.2539589554071426,False,False,False,False,False,False,False
final_ruehl_mask,mixed,14,270920274,11,DOWN,DOWN,2.3336249869316816,False,True,False,False,False,False,False
final_ruehl_mask,mixed,14,270920274,12,RIGHT,RIGHT,2.2876670118421316,False,False,False,False,False,False,False
final_ruehl_mask,mixed,14,270920274,13,RIGHT,RIGHT,2.3318330058827996,False,False,False,False,False,False,False
final_ruehl_mask,mixed,14,270920274,14,RIGHT,RIGHT,2.8017080621793866,False,False,False,False,False,False,False
final_ruehl_mask,mixed,14,270920274,15,RIGHT,RIGHT,2.367792068980634,False,False,False,False,False,False,False
final_ruehl_mask,mixed,14,270920274,16,BOMB,BOMB,2.3792089195922017,False,False,False,True,False,False,False
final_ruehl_mask,mixed,14,270920274,17,LEFT,LEFT,2.350500086322427,False,False,False,False,False,False,False
final_ruehl_mask,mixed,14,270920274,18,LEFT,LEFT,2.6704580523073673,False,False,False,False,False,False,False
final_ruehl_mask,mixed,14,270920274,19,LEFT,LEFT,2.518709050491452,False,False,False,False,False,False,False
final_ruehl_mask,mixed,14,270920274,20,LEFT,LEFT,2.6555409422144294,False,False,False,False,False,False,False
final_ruehl_mask,mixed,14,270920274,21,WAIT,WAIT,3.184916917234659,False,True,False,False,False,False,False
final_ruehl_mask,mixed,14,270920274,22,RIGHT,RIGHT,3.150500007905066,False,False,False,False,False,False,False
final_ruehl_mask,mixed,14,270920274,23,RIGHT,RIGHT,2.979750046506524,False,False,False,False,False,False,False
final_ruehl_mask,mixed,14,270920274,24,RIGHT,RIGHT,3.0151669634506106,False,False,False,False,False,False,False
final_ruehl_mask,mixed,14,270920274,25,RIGHT,RIGHT,2.9721659375354648,False,False,False,False,False,False,False
final_ruehl_mask,mixed,14,270920274,26,RIGHT,RIGHT,2.952040988020599,False,False,False,False,False,False,False
final_ruehl_mask,mixed,14,270920274,27,RIGHT,RIGHT,2.778458991087973,False,False,False,False,False,False,False
final_ruehl_mask,mixed,14,270920274,28,RIGHT,RIGHT,2.7184169739484787,False,False,False,False,False,False,True
final_ruehl_mask,mixed,14,270920274,29,BOMB,BOMB,2.678500022739172,False,False,False,True,False,False,True
final_ruehl_mask,mixed,14,270920274,30,LEFT,LEFT,2.543749986216426,False,False,False,False,False,False,True
final_ruehl_mask,mixed,14,270920274,31,WAIT,WAIT,2.7151249814778566,False,True,True,False,False,False,True
final_ruehl_mask,mixed,14,270920274,32,LEFT,LEFT,2.9939579544588923,False,False,False,False,False,False,True
final_ruehl_mask,mixed,14,270920274,33,LEFT,LEFT,2.638542093336582,False,False,False,False,False,False,True
final_ruehl_mask,mixed,15,270920275,1,LEFT,LEFT,2.472875057719648,False,True,False,False,False,False,False
final_ruehl_mask,mixed,15,270920275,2,BOMB,BOMB,2.109333989210427,False,False,False,True,False,False,False
final_ruehl_mask,mixed,15,270920275,3,RIGHT,RIGHT,2.046208013780415,False,False,False,False,False,False,False
final_ruehl_mask,mixed,15,270920275,4,DOWN,DOWN,2.093167044222355,False,False,False,False,False,False,False
final_ruehl_mask,mixed,15,270920275,5,WAIT,WAIT,2.087416942231357,False,False,False,False,False,False,False
final_ruehl_mask,mixed,15,270920275,6,WAIT,WAIT,2.063084044493735,False,False,False,False,False,False,False
final_ruehl_mask,mixed,15,270920275,7,WAIT,WAIT,2.781249932013452,False,False,False,False,False,False,False
final_ruehl_mask,mixed,15,270920275,8,UP,UP,2.8022920014336705,False,False,False,False,False,False,False
final_ruehl_mask,mixed,15,270920275,9,BOMB,BOMB,2.410624991171062,False,False,False,True,False,False,False
final_ruehl_mask,mixed,15,270920275,10,LEFT,LEFT,2.1526250056922436,False,False,False,False,False,False,False
final_ruehl_mask,mixed,15,270920275,11,LEFT,LEFT,2.1109170047566295,False,True,False,False,False,False,False
final_ruehl_mask,mixed,15,270920275,12,LEFT,LEFT,2.385208965279162,False,False,False,False,False,False,False
final_ruehl_mask,mixed,15,270920275,13,LEFT,LEFT,2.350624999962747,False,False,False,False,False,False,False
final_ruehl_mask,mixed,15,270920275,14,WAIT,WAIT,2.3782500065863132,False,False,False,False,False,False,False
final_ruehl_mask,mixed,15,270920275,15,WAIT,WAIT,2.1967500215396285,False,False,False,False,False,False,False
final_ruehl_mask,mixed,15,270920275,16,BOMB,BOMB,2.2402919130399823,False,False,False,True,False,False,False
final_ruehl_mask,mixed,15,270920275,17,RIGHT,RIGHT,2.0376250613480806,False,False,False,False,False,False,False
final_ruehl_mask,mixed,15,270920275,18,RIGHT,RIGHT,2.138708019629121,False,False,False,False,False,False,False
final_ruehl_mask,mixed,15,270920275,19,RIGHT,RIGHT,2.2196659119799733,False,False,False,False,False,False,False
final_ruehl_mask,mixed,15,270920275,20,RIGHT,RIGHT,2.363833016715944,False,False,False,False,False,False,False
final_ruehl_mask,mixed,15,270920275,21,DOWN,DOWN,2.6640830328688025,False,True,False,False,False,False,False
final_ruehl_mask,mixed,15,270920275,22,UP,UP,2.6680839946493506,False,False,False,False,False,False,False
final_ruehl_mask,mixed,15,270920275,23,LEFT,LEFT,2.8728749603033066,False,False,False,False,False,False,False
final_ruehl_mask,mixed,15,270920275,24,LEFT,LEFT,2.609916962683201,False,False,False,False,False,False,False
final_ruehl_mask,mixed,15,270920275,25,BOMB,BOMB,2.6543339481577277,False,False,False,True,False,False,False
final_ruehl_mask,mixed,15,270920275,26,LEFT,LEFT,2.4957499699667096,False,False,False,False,False,False,False
final_ruehl_mask,mixed,15,270920275,27,LEFT,LEFT,2.582792076282203,False,False,False,False,False,False,False
final_ruehl_mask,mixed,15,270920275,28,DOWN,DOWN,2.5550839491188526,False,False,False,False,False,False,False
final_ruehl_mask,mixed,15,270920275,29,DOWN,DOWN,2.8672500047832727,False,False,False,False,False,False,False
final_ruehl_mask,mixed,15,270920275,30,RIGHT,RIGHT,3.1008750665932894,False,False,False,False,False,False,False
final_ruehl_mask,mixed,15,270920275,31,RIGHT,RIGHT,3.0077920528128743,False,True,False,False,False,False,False
final_ruehl_mask,mixed,15,270920275,32,BOMB,BOMB,3.3240829361602664,False,False,False,True,False,False,False
final_ruehl_mask,mixed,15,270920275,33,UP,UP,3.071917104534805,False,False,False,False,False,False,False
final_ruehl_mask,mixed,15,270920275,34,UP,UP,2.9599579283967614,False,False,False,False,False,False,False
final_ruehl_mask,mixed,15,270920275,35,LEFT,LEFT,3.0610000248998404,False,False,False,False,False,False,False
final_ruehl_mask,mixed,15,270920275,36,WAIT,WAIT,3.056791960261762,False,False,False,False,False,False,False
final_ruehl_mask,mixed,15,270920275,37,WAIT,WAIT,3.389290999621153,False,False,False,False,False,False,False
final_ruehl_mask,mixed,15,270920275,38,WAIT,WAIT,3.361582988873124,False,False,False,False,False,False,False
final_ruehl_mask,mixed,15,270920275,39,WAIT,WAIT,3.4051249967887998,False,False,False,False,False,False,False
final_ruehl_mask,mixed,15,270920275,40,WAIT,WAIT,3.3445419976487756,False,False,False,False,False,False,False
final_ruehl_mask,mixed,15,270920275,41,WAIT,WAIT,3.536500036716461,False,True,False,False,False,False,False
final_ruehl_mask,mixed,15,270920275,42,WAIT,WAIT,3.3667089883238077,False,False,False,False,False,False,False
final_ruehl_mask,mixed,15,270920275,43,WAIT,WAIT,3.3177080331370234,False,False,False,False,False,False,False
final_ruehl_mask,mixed,15,270920275,44,WAIT,WAIT,3.3118330175057054,False,False,False,False,False,False,False
final_ruehl_mask,mixed,15,270920275,45,BOMB,BOMB,3.8874170277267694,False,False,False,True,True,False,False
final_ruehl_mask,mixed,15,270920275,46,LEFT,LEFT,3.664832911454141,False,False,False,False,False,False,False
final_ruehl_mask,mixed,15,270920275,47,LEFT,LEFT,3.4180840011686087,False,False,False,False,False,False,False
final_ruehl_mask,mixed,15,270920275,48,LEFT,LEFT,3.408749937079847,False,False,False,False,False,False,False
final_ruehl_mask,mixed,15,270920275,49,LEFT,LEFT,3.345125005580485,False,False,False,False,False,False,False
final_ruehl_mask,mixed,15,270920275,50,WAIT,WAIT,3.1798750860616565,False,False,False,False,False,False,False
final_ruehl_mask,mixed,15,270920275,51,WAIT,WAIT,3.3520410070195794,False,True,False,False,False,False,False
final_ruehl_mask,mixed,15,270920275,52,WAIT,WAIT,3.272166009992361,False,False,False,False,False,False,False
final_ruehl_mask,mixed,15,270920275,53,WAIT,WAIT,3.4052920527756214,False,False,False,False,False,False,False
final_ruehl_mask,mixed,15,270920275,54,WAIT,WAIT,3.4216250060126185,False,False,False,False,False,False,False
final_ruehl_mask,mixed,15,270920275,55,WAIT,WAIT,3.3261659555137157,False,False,False,False,False,False,False
final_ruehl_mask,mixed,15,270920275,56,WAIT,WAIT,3.2542080152779818,False,False,False,False,False,False,False
final_ruehl_mask,mixed,15,270920275,57,WAIT,WAIT,3.3359170192852616,False,False,False,False,False,False,False
final_ruehl_mask,mixed,15,270920275,58,BOMB,BOMB,3.3654579892754555,False,False,False,True,True,False,False
final_ruehl_mask,mixed,15,270920275,59,LEFT,LEFT,3.2841250067576766,False,False,False,False,False,False,False
final_ruehl_mask,mixed,15,270920275,60,DOWN,DOWN,3.29429202247411,False,False,False,False,False,False,False
final_ruehl_mask,mixed,15,270920275,61,DOWN,DOWN,3.265750012360513,False,True,False,False,False,False,False
final_ruehl_mask,mixed,15,270920275,62,DOWN,DOWN,3.2102500554174185,False,False,False,False,False,False,False
final_ruehl_mask,mixed,15,270920275,63,DOWN,DOWN,3.5108750453218818,False,False,False,False,False,False,False
final_ruehl_mask,mixed,15,270920275,64,RIGHT,RIGHT,3.884957986883819,False,False,False,False,False,False,False
final_ruehl_mask,mixed,15,270920275,65,BOMB,BOMB,3.785541979596019,False,False,False,True,False,False,False
final_ruehl_mask,mixed,15,270920275,66,RIGHT,RIGHT,3.345542005263269,False,False,False,False,False,False,False
final_ruehl_mask,mixed,15,270920275,67,RIGHT,RIGHT,4.02620795648545,False,False,False,False,False,False,False
final_ruehl_mask,mixed,15,270920275,68,LEFT,LEFT,3.1274999491870403,False,False,False,False,False,False,False
final_ruehl_mask,mixed,15,270920275,69,DOWN,DOWN,3.5026250407099724,False,False,False,False,False,False,False
final_ruehl_mask,mixed,15,270920275,70,WAIT,WAIT,3.3627920784056187,False,False,False,False,False,False,False
final_ruehl_mask,mixed,15,270920275,71,UP,UP,4.400125006213784,False,True,False,False,False,False,False
final_ruehl_mask,mixed,15,270920275,72,BOMB,BOMB,4.190208041109145,False,False,False,True,False,False,False
final_ruehl_mask,mixed,15,270920275,73,RIGHT,RIGHT,4.7033330192789435,False,False,False,False,False,False,False
final_ruehl_mask,mixed,15,270920275,74,RIGHT,RIGHT,4.907374968752265,False,False,False,False,False,False,False
final_ruehl_mask,mixed,15,270920275,75,UP,UP,4.5703749638050795,False,False,False,False,False,False,False
final_ruehl_mask,mixed,15,270920275,76,UP,UP,4.835416912101209,False,False,False,False,False,False,False
final_ruehl_mask,mixed,15,270920275,77,RIGHT,RIGHT,5.53020799998194,False,False,False,False,False,False,False
final_ruehl_mask,mixed,15,270920275,78,RIGHT,RIGHT,5.039915908128023,False,False,False,False,False,False,False
final_ruehl_mask,mixed,15,270920275,79,DOWN,DOWN,5.157583043910563,False,False,False,False,False,False,False
final_ruehl_mask,mixed,15,270920275,80,BOMB,BOMB,4.762416938319802,False,False,False,True,False,False,False
final_ruehl_mask,mixed,15,270920275,81,DOWN,DOWN,4.792582942172885,False,True,False,False,False,False,False
final_ruehl_mask,mixed,15,270920275,82,LEFT,LEFT,4.093999974429607,False,False,False,False,False,False,False
final_ruehl_mask,mixed,15,270920275,83,LEFT,LEFT,5.070290993899107,False,False,False,False,False,False,False
final_ruehl_mask,mixed,15,270920275,84,UP,UP,5.139249959029257,False,False,False,False,False,False,False
final_ruehl_mask,mixed,15,270920275,85,UP,UP,6.327166920527816,False,False,False,False,False,False,False
final_ruehl_mask,mixed,15,270920275,86,RIGHT,RIGHT,6.524167023599148,False,False,False,False,False,False,False
final_ruehl_mask,mixed,15,270920275,87,RIGHT,RIGHT,6.524124997667968,False,False,False,False,False,False,False
final_ruehl_mask,mixed,15,270920275,88,DOWN,DOWN,6.8792919628322124,False,False,False,False,False,False,False
final_ruehl_mask,mixed,15,270920275,89,DOWN,DOWN,5.519708967767656,False,False,False,False,False,False,True
final_ruehl_mask,mixed,15,270920275,90,BOMB,BOMB,6.246167002245784,False,False,False,True,False,False,True
final_ruehl_mask,mixed,15,270920275,91,DOWN,DOWN,5.955875036306679,False,True,True,False,False,False,True
final_ruehl_mask,mixed,15,270920275,92,DOWN,DOWN,5.568834021687508,False,False,False,False,False,False,True
final_ruehl_mask,mixed,15,270920275,93,UP,UP,5.64183306414634,False,False,False,False,False,False,True
final_ruehl_mask,mixed,15,270920275,94,DOWN,DOWN,5.504457978531718,False,False,False,False,False,False,True
final_ruehl_mask,mixed,16,270920276,1,RIGHT,RIGHT,2.457624999806285,False,True,False,False,False,False,True
final_ruehl_mask,mixed,16,270920276,2,BOMB,BOMB,2.859041909687221,False,False,False,True,False,False,True
final_ruehl_mask,mixed,16,270920276,3,RIGHT,RIGHT,2.784417010843754,False,False,False,False,False,False,True
final_ruehl_mask,mixed,16,270920276,4,RIGHT,RIGHT,2.8919579926878214,False,False,False,False,False,False,True
final_ruehl_mask,mixed,16,270920276,5,LEFT,LEFT,2.779291942715645,False,False,False,False,False,False,True
final_ruehl_mask,mixed,16,270920276,6,RIGHT,RIGHT,2.360083977691829,False,False,False,False,False,False,True
final_ruehl_mask,mixed,17,270920277,1,BOMB,BOMB,2.5271669728681445,False,True,False,True,False,False,False
final_ruehl_mask,mixed,17,270920277,2,UP,UP,2.2042080527171493,False,False,False,False,False,False,False
final_ruehl_mask,mixed,17,270920277,3,UP,UP,2.2682080743834376,False,False,False,False,False,False,False
final_ruehl_mask,mixed,17,270920277,4,RIGHT,RIGHT,1.90400006249547,False,False,False,False,False,False,False
final_ruehl_mask,mixed,17,270920277,5,RIGHT,RIGHT,1.9663750426843762,False,False,False,False,False,False,False
final_ruehl_mask,mixed,17,270920277,6,DOWN,DOWN,2.1940829465165734,False,False,False,False,False,False,False
final_ruehl_mask,mixed,17,270920277,7,DOWN,DOWN,2.5567919947206974,False,False,False,False,False,False,False
final_ruehl_mask,mixed,17,270920277,8,RIGHT,RIGHT,2.4940420407801867,False,False,False,False,False,False,False
final_ruehl_mask,mixed,17,270920277,9,BOMB,BOMB,2.3647090420126915,False,False,False,True,False,False,False
final_ruehl_mask,mixed,17,270920277,10,LEFT,LEFT,2.2929589031264186,False,False,False,False,False,False,False
final_ruehl_mask,mixed,17,270920277,11,LEFT,LEFT,2.462957985699177,False,True,False,False,False,False,False
final_ruehl_mask,mixed,17,270920277,12,LEFT,LEFT,2.3508750600740314,False,False,False,False,False,False,False
final_ruehl_mask,mixed,17,270920277,13,UP,UP,2.421832992695272,False,False,False,False,False,False,False
final_ruehl_mask,mixed,17,270920277,14,UP,UP,2.574042067863047,False,False,False,False,False,False,False
final_ruehl_mask,mixed,17,270920277,15,UP,UP,2.824457944370806,False,False,False,False,False,False,False
final_ruehl_mask,mixed,17,270920277,16,BOMB,BOMB,2.488541998900473,False,False,False,True,False,False,False
final_ruehl_mask,mixed,17,270920277,17,DOWN,DOWN,2.4218340404331684,False,False,False,False,False,False,False
final_ruehl_mask,mixed,17,270920277,18,DOWN,DOWN,2.6288339868187904,False,False,False,False,False,False,False
final_ruehl_mask,mixed,17,270920277,19,DOWN,DOWN,2.7680000057443976,False,False,False,False,False,False,False
final_ruehl_mask,mixed,17,270920277,20,RIGHT,RIGHT,2.65429203864187,False,False,False,False,False,False,False
final_ruehl_mask,mixed,17,270920277,21,RIGHT,RIGHT,2.948665991425514,False,True,False,False,False,False,False
final_ruehl_mask,mixed,17,270920277,22,UP,UP,3.0702920630574226,False,False,False,False,False,False,False
final_ruehl_mask,mixed,17,270920277,23,UP,UP,2.972208079881966,False,False,False,False,False,False,False
final_ruehl_mask,mixed,17,270920277,24,BOMB,BOMB,2.7850420447066426,False,False,False,True,False,False,False
final_ruehl_mask,mixed,17,270920277,25,LEFT,LEFT,2.761207986623049,False,False,False,False,False,False,False
final_ruehl_mask,mixed,17,270920277,26,LEFT,LEFT,2.748291939496994,False,False,False,False,False,False,False
final_ruehl_mask,mixed,17,270920277,27,UP,UP,2.7308750431984663,False,False,False,False,False,False,False
final_ruehl_mask,mixed,17,270920277,28,UP,UP,2.6725000934675336,False,False,False,False,False,False,False
final_ruehl_mask,mixed,17,270920277,29,UP,UP,4.100457997992635,False,False,False,False,False,False,False
final_ruehl_mask,mixed,17,270920277,30,UP,UP,3.24737501796335,False,False,False,False,False,False,False
final_ruehl_mask,mixed,17,270920277,31,BOMB,BOMB,3.392125014215708,False,True,False,True,False,False,False
final_ruehl_mask,mixed,17,270920277,32,DOWN,DOWN,3.2762499758973718,False,False,False,False,False,False,False
final_ruehl_mask,mixed,17,270920277,33,DOWN,DOWN,3.516207914799452,False,False,False,False,False,False,False
final_ruehl_mask,mixed,17,270920277,34,DOWN,DOWN,3.3384579000994563,False,False,False,False,False,False,False
final_ruehl_mask,mixed,17,270920277,35,DOWN,DOWN,3.431041957810521,False,False,False,False,False,False,False
final_ruehl_mask,mixed,17,270920277,36,RIGHT,RIGHT,4.143625032156706,False,False,False,False,False,False,False
final_ruehl_mask,mixed,17,270920277,37,RIGHT,RIGHT,3.9411670295521617,False,False,False,False,False,False,False
final_ruehl_mask,mixed,17,270920277,38,RIGHT,RIGHT,4.345415974967182,False,False,False,False,False,False,False
final_ruehl_mask,mixed,17,270920277,39,RIGHT,RIGHT,3.795208060182631,False,False,False,False,False,False,True
final_ruehl_mask,mixed,17,270920277,40,BOMB,BOMB,3.8576669758185744,False,False,False,True,False,False,True
final_ruehl_mask,mixed,17,270920277,41,RIGHT,RIGHT,3.7022079341113567,False,True,True,False,False,False,True
final_ruehl_mask,mixed,17,270920277,42,WAIT,WAIT,4.0192080195993185,False,False,False,False,False,False,True
final_ruehl_mask,mixed,17,270920277,43,WAIT,WAIT,8.04499990772456,False,False,False,False,False,False,True
final_ruehl_mask,mixed,17,270920277,44,WAIT,WAIT,4.60658292286098,False,False,False,False,False,False,True
final_ruehl_mask,mixed,18,270920278,1,RIGHT,RIGHT,2.4020420387387276,False,True,False,False,False,False,False
final_ruehl_mask,mixed,18,270920278,2,BOMB,BOMB,2.0156250102445483,False,False,False,True,False,False,False
final_ruehl_mask,mixed,18,270920278,3,LEFT,LEFT,2.892291988246143,False,False,False,False,False,False,False
final_ruehl_mask,mixed,18,270920278,4,UP,UP,2.264832961373031,False,False,False,False,False,False,False
final_ruehl_mask,mixed,18,270920278,5,WAIT,WAIT,2.8278339887037873,False,False,False,False,False,False,False
final_ruehl_mask,mixed,18,270920278,6,WAIT,WAIT,2.3486659629270434,False,False,False,False,False,False,False
final_ruehl_mask,mixed,18,270920278,7,WAIT,WAIT,2.201374969445169,False,False,False,False,False,False,False
final_ruehl_mask,mixed,18,270920278,8,WAIT,WAIT,2.1038749255239964,False,False,False,False,False,False,False
final_ruehl_mask,mixed,18,270920278,9,BOMB,BOMB,2.845749957486987,False,False,False,True,False,False,False
final_ruehl_mask,mixed,18,270920278,10,DOWN,DOWN,2.2953329607844353,False,False,False,False,False,False,False
final_ruehl_mask,mixed,18,270920278,11,RIGHT,RIGHT,2.3453340400010347,False,True,False,False,False,False,False
final_ruehl_mask,mixed,18,270920278,12,RIGHT,RIGHT,2.4410419864580035,False,False,False,False,False,False,False
final_ruehl_mask,mixed,18,270920278,13,RIGHT,RIGHT,2.764291944913566,False,False,False,False,False,False,False
final_ruehl_mask,mixed,18,270920278,14,RIGHT,RIGHT,2.622417057864368,False,False,False,False,False,False,False
final_ruehl_mask,mixed,18,270920278,15,UP,UP,2.469250001013279,False,False,False,False,False,False,False
final_ruehl_mask,mixed,18,270920278,16,BOMB,BOMB,3.1016250140964985,False,False,False,True,False,False,False
final_ruehl_mask,mixed,18,270920278,17,DOWN,DOWN,3.1169590074568987,False,False,False,False,False,False,False
final_ruehl_mask,mixed,18,270920278,18,LEFT,LEFT,3.3958329586312175,False,False,False,False,False,False,False
final_ruehl_mask,mixed,18,270920278,19,LEFT,LEFT,3.0278749763965607,False,False,False,False,False,False,False
final_ruehl_mask,mixed,18,270920278,20,UP,UP,3.070791019126773,False,False,False,False,False,False,False
final_ruehl_mask,mixed,18,270920278,21,DOWN,DOWN,2.9138749232515693,False,True,False,False,False,False,False
final_ruehl_mask,mixed,18,270920278,22,RIGHT,RIGHT,2.94104206841439,False,False,False,False,False,False,False
final_ruehl_mask,mixed,18,270920278,23,RIGHT,RIGHT,2.8574159368872643,False,False,False,False,False,False,False
final_ruehl_mask,mixed,18,270920278,24,LEFT,LEFT,2.735458896495402,False,False,False,False,False,False,False
final_ruehl_mask,mixed,18,270920278,25,LEFT,LEFT,3.0476669780910015,False,False,False,False,False,False,False
final_ruehl_mask,mixed,18,270920278,26,LEFT,LEFT,3.3827079460024834,False,False,False,False,False,False,False
final_ruehl_mask,mixed,18,270920278,27,LEFT,LEFT,3.204084001481533,False,False,False,False,False,False,False
final_ruehl_mask,mixed,18,270920278,28,UP,UP,3.094583051279187,False,False,False,False,False,False,False
final_ruehl_mask,mixed,18,270920278,29,UP,UP,2.899333951063454,False,False,False,False,False,False,False
final_ruehl_mask,mixed,18,270920278,30,UP,UP,2.864167094230652,False,False,False,False,False,False,False
final_ruehl_mask,mixed,18,270920278,31,UP,UP,3.5727500217035413,False,True,False,False,False,False,False
final_ruehl_mask,mixed,18,270920278,32,BOMB,BOMB,3.5235839895904064,False,False,False,True,False,False,False
final_ruehl_mask,mixed,18,270920278,33,DOWN,DOWN,3.3810000168159604,False,False,False,False,False,False,False
final_ruehl_mask,mixed,18,270920278,34,DOWN,DOWN,2.926083980128169,False,False,False,False,False,False,False
final_ruehl_mask,mixed,18,270920278,35,DOWN,DOWN,2.7907920302823186,False,False,False,False,False,False,False
final_ruehl_mask,mixed,18,270920278,36,DOWN,DOWN,2.8734999941661954,False,False,False,False,False,False,False
final_ruehl_mask,mixed,18,270920278,37,RIGHT,RIGHT,3.9101250004023314,False,False,False,False,False,False,False
final_ruehl_mask,mixed,18,270920278,38,RIGHT,RIGHT,3.2831249991431832,False,False,False,False,False,False,False
final_ruehl_mask,mixed,18,270920278,39,RIGHT,RIGHT,3.4984579542651772,False,False,False,False,False,False,False
final_ruehl_mask,mixed,18,270920278,40,BOMB,BOMB,3.410167060792446,False,False,False,True,False,False,False
final_ruehl_mask,mixed,18,270920278,41,RIGHT,RIGHT,3.1635829946026206,False,True,False,False,False,False,False
final_ruehl_mask,mixed,18,270920278,42,UP,UP,3.2254999969154596,False,False,False,False,False,False,False
final_ruehl_mask,mixed,18,270920278,43,WAIT,WAIT,3.1028749654069543,False,False,False,False,False,False,False
final_ruehl_mask,mixed,18,270920278,44,UP,UP,3.197791986167431,False,False,False,False,False,False,False
final_ruehl_mask,mixed,18,270920278,45,UP,UP,3.229958936572075,False,False,False,False,False,False,False
final_ruehl_mask,mixed,18,270920278,46,WAIT,WAIT,3.70925001334399,False,False,False,False,False,False,False
final_ruehl_mask,mixed,18,270920278,47,BOMB,BOMB,3.615249996073544,False,False,False,True,False,False,False
final_ruehl_mask,mixed,18,270920278,48,UP,UP,3.5577500239014626,False,False,False,False,False,False,False
final_ruehl_mask,mixed,18,270920278,49,LEFT,LEFT,3.886125050485134,False,False,False,False,False,False,False
final_ruehl_mask,mixed,18,270920278,50,LEFT,LEFT,3.4054999705404043,False,False,False,False,False,False,False
final_ruehl_mask,mixed,18,270920278,51,UP,UP,3.596166963689029,False,True,False,False,False,False,False
final_ruehl_mask,mixed,18,270920278,52,UP,UP,3.4452088875696063,False,False,False,False,False,False,False
final_ruehl_mask,mixed,18,270920278,53,UP,UP,3.202041960321367,False,False,False,False,False,False,False
final_ruehl_mask,mixed,18,270920278,54,UP,UP,2.9682499589398503,False,False,False,False,False,False,False
final_ruehl_mask,mixed,18,270920278,55,BOMB,BOMB,3.154209000058472,False,False,False,True,False,False,False
final_ruehl_mask,mixed,18,270920278,56,DOWN,DOWN,2.781374962069094,False,False,False,False,False,False,False
final_ruehl_mask,mixed,18,270920278,57,DOWN,DOWN,3.1067910604178905,False,False,False,False,False,False,False
final_ruehl_mask,mixed,18,270920278,58,DOWN,DOWN,3.0002499697729945,False,False,False,False,False,False,False
final_ruehl_mask,mixed,18,270920278,59,DOWN,DOWN,4.0798329282552,False,False,False,False,False,False,False
final_ruehl_mask,mixed,18,270920278,60,RIGHT,RIGHT,3.811666974797845,False,False,False,False,False,False,False
final_ruehl_mask,mixed,18,270920278,61,RIGHT,RIGHT,3.434582962654531,False,True,False,False,False,False,True
final_ruehl_mask,mixed,18,270920278,62,BOMB,BOMB,4.501959076151252,False,False,False,True,False,False,True
final_ruehl_mask,mixed,18,270920278,63,UP,UP,3.273208043538034,False,False,False,False,False,False,True
final_ruehl_mask,mixed,18,270920278,64,UP,UP,3.125124960206449,False,False,False,False,False,False,True
final_ruehl_mask,mixed,18,270920278,65,DOWN,DOWN,4.253040999174118,False,False,False,False,False,False,True
final_ruehl_mask,mixed,18,270920278,66,UP,UP,3.2694159308448434,False,False,False,False,False,False,True
final_ruehl_mask,mixed,19,270920279,1,LEFT,LEFT,2.3877909407019615,False,True,False,False,False,False,False
final_ruehl_mask,mixed,19,270920279,2,BOMB,BOMB,2.058457932434976,False,False,False,True,False,False,False
final_ruehl_mask,mixed,19,270920279,3,RIGHT,RIGHT,2.0669159712269902,False,False,False,False,False,False,False
final_ruehl_mask,mixed,19,270920279,4,DOWN,DOWN,2.143208053894341,False,False,False,False,False,False,False
final_ruehl_mask,mixed,19,270920279,5,WAIT,WAIT,2.4415410589426756,False,False,False,False,False,False,False
final_ruehl_mask,mixed,19,270920279,6,WAIT,WAIT,2.2312080254778266,False,False,False,False,False,False,False
final_ruehl_mask,mixed,19,270920279,7,WAIT,WAIT,2.2686669835820794,False,False,False,False,False,False,False
final_ruehl_mask,mixed,19,270920279,8,WAIT,WAIT,2.5043750647455454,False,False,False,False,False,False,False
final_ruehl_mask,mixed,19,270920279,9,BOMB,BOMB,2.4563749320805073,False,False,False,True,False,False,False
final_ruehl_mask,mixed,19,270920279,10,UP,UP,2.294417005032301,False,False,False,False,False,False,False
final_ruehl_mask,mixed,19,270920279,11,LEFT,LEFT,2.2541660582646728,False,True,False,False,False,False,False
final_ruehl_mask,mixed,19,270920279,12,LEFT,LEFT,2.562958048656583,False,False,False,False,False,False,False
final_ruehl_mask,mixed,19,270920279,13,LEFT,LEFT,2.5664169806987047,False,False,False,False,False,False,False
final_ruehl_mask,mixed,19,270920279,14,LEFT,LEFT,3.638082998804748,False,False,False,False,False,False,False
final_ruehl_mask,mixed,19,270920279,15,WAIT,WAIT,2.7402499690651894,False,False,False,False,False,False,True
final_ruehl_mask,mixed,19,270920279,16,BOMB,BOMB,2.7072910452261567,False,False,False,True,False,False,True
final_ruehl_mask,mixed,19,270920279,17,RIGHT,RIGHT,2.467749989591539,False,False,False,False,False,False,True
final_ruehl_mask,mixed,19,270920279,18,WAIT,WAIT,2.4685420794412494,False,False,False,False,False,False,True
final_ruehl_mask,mixed,19,270920279,19,RIGHT,RIGHT,2.422375022433698,False,False,False,False,False,False,True
final_ruehl_mask,mixed,19,270920279,20,RIGHT,RIGHT,2.385791973210871,False,False,False,False,False,False,True
final_ruehl_mask,mixed,20,270920280,1,RIGHT,RIGHT,2.549082972109318,False,True,False,False,False,False,True
final_ruehl_mask,mixed,20,270920280,2,BOMB,BOMB,2.5984590174630284,False,False,False,True,False,False,True
final_ruehl_mask,mixed,20,270920280,3,RIGHT,RIGHT,2.3048330331221223,False,False,False,False,False,False,True
final_ruehl_mask,mixed,20,270920280,4,WAIT,WAIT,2.051791991107166,False,False,False,False,False,False,True
final_ruehl_mask,mixed,20,270920280,5,WAIT,WAIT,2.12470896076411,False,False,False,False,False,False,True
final_ruehl_mask,mixed,20,270920280,6,WAIT,WAIT,2.128583029843867,False,False,False,False,False,False,True
final_ruehl_mask,mixed,21,270920281,1,RIGHT,RIGHT,2.4857919197529554,False,True,False,False,False,False,False
final_ruehl_mask,mixed,21,270920281,2,BOMB,BOMB,2.0032910397276282,False,False,False,True,False,False,False
final_ruehl_mask,mixed,21,270920281,3,LEFT,LEFT,2.60299991350621,False,False,False,False,False,False,False
final_ruehl_mask,mixed,21,270920281,4,WAIT,WAIT,2.779750037007034,False,False,False,False,False,False,False
final_ruehl_mask,mixed,21,270920281,5,UP,UP,3.070250037126243,False,False,False,False,False,False,False
final_ruehl_mask,mixed,21,270920281,6,WAIT,WAIT,2.791082952171564,False,False,False,False,False,False,False
final_ruehl_mask,mixed,21,270920281,7,WAIT,WAIT,3.206541994586587,False,False,False,False,False,False,False
final_ruehl_mask,mixed,21,270920281,8,DOWN,DOWN,2.7574169216677547,False,False,False,False,False,False,True
final_ruehl_mask,mixed,21,270920281,9,BOMB,BOMB,2.3712499532848597,False,False,False,True,False,False,True
final_ruehl_mask,mixed,21,270920281,10,UP,UP,2.184749930165708,False,False,False,False,False,False,True
final_ruehl_mask,mixed,21,270920281,11,WAIT,WAIT,2.692125039175153,False,False,False,False,False,False,True
final_ruehl_mask,mixed,21,270920281,12,WAIT,WAIT,2.886250033043325,False,False,False,False,False,False,True
final_ruehl_mask,mixed,21,270920281,13,WAIT,WAIT,2.7943329187110066,False,False,False,False,False,False,True
final_ruehl_mask,mixed,22,270920282,1,UP,UP,2.4323329562321305,False,True,False,False,False,False,False
final_ruehl_mask,mixed,22,270920282,2,BOMB,BOMB,2.2978329798206687,False,False,False,True,False,False,False
final_ruehl_mask,mixed,22,270920282,3,DOWN,DOWN,2.2016250295564532,False,False,False,False,False,False,False
final_ruehl_mask,mixed,22,270920282,4,RIGHT,RIGHT,2.103292034007609,False,False,False,False,False,False,False
final_ruehl_mask,mixed,22,270920282,5,WAIT,WAIT,2.2802500752732158,False,False,False,False,False,False,False
final_ruehl_mask,mixed,22,270920282,6,WAIT,WAIT,2.0975000225007534,False,False,False,False,False,False,False
final_ruehl_mask,mixed,22,270920282,7,WAIT,WAIT,2.512790961191058,False,False,False,False,False,False,False
final_ruehl_mask,mixed,22,270920282,8,WAIT,WAIT,2.2307500476017594,False,False,False,False,False,False,False
final_ruehl_mask,mixed,22,270920282,9,BOMB,BOMB,2.1596249425783753,False,False,False,True,False,False,False
final_ruehl_mask,mixed,22,270920282,10,LEFT,LEFT,2.255708910524845,False,False,False,False,False,False,False
final_ruehl_mask,mixed,22,270920282,11,UP,UP,2.205915981903672,False,True,False,False,False,False,False
final_ruehl_mask,mixed,22,270920282,12,UP,UP,2.688166918233037,False,False,False,False,False,False,False
final_ruehl_mask,mixed,22,270920282,13,UP,UP,2.5551659055054188,False,False,False,False,False,False,False
final_ruehl_mask,mixed,22,270920282,14,UP,UP,2.141791977919638,False,False,False,False,False,False,False
final_ruehl_mask,mixed,22,270920282,15,UP,UP,2.336125005967915,False,False,False,False,False,False,False
final_ruehl_mask,mixed,22,270920282,16,BOMB,BOMB,2.078915946185589,False,False,False,True,False,False,False
final_ruehl_mask,mixed,22,270920282,17,DOWN,DOWN,2.393375034444034,False,False,False,False,False,False,False
final_ruehl_mask,mixed,22,270920282,18,DOWN,DOWN,2.792042098008096,False,False,False,False,False,False,False
final_ruehl_mask,mixed,22,270920282,19,DOWN,DOWN,2.4719589855521917,False,False,False,False,False,False,False
final_ruehl_mask,mixed,22,270920282,20,DOWN,DOWN,2.5412499671801925,False,False,False,False,False,False,False
final_ruehl_mask,mixed,22,270920282,21,DOWN,DOWN,2.804500050842762,False,True,False,False,False,False,False
final_ruehl_mask,mixed,22,270920282,22,RIGHT,RIGHT,2.8838750440627337,False,False,False,False,False,False,False
final_ruehl_mask,mixed,22,270920282,23,RIGHT,RIGHT,2.6620840653777122,False,False,False,False,False,False,True
final_ruehl_mask,mixed,22,270920282,24,BOMB,BOMB,2.807582961395383,False,False,False,True,False,False,True
final_ruehl_mask,mixed,22,270920282,25,RIGHT,RIGHT,2.669458044692874,False,False,False,False,False,False,True
final_ruehl_mask,mixed,22,270920282,26,RIGHT,RIGHT,2.527749980799854,False,False,False,False,False,False,True
final_ruehl_mask,mixed,22,270920282,27,LEFT,LEFT,2.352708950638771,False,False,False,False,False,False,True
final_ruehl_mask,mixed,22,270920282,28,RIGHT,RIGHT,2.5794589892029762,False,False,False,False,False,False,True
final_ruehl_mask,mixed,23,270920283,1,UP,UP,2.1597499726340175,False,True,False,False,False,False,True
final_ruehl_mask,mixed,23,270920283,2,BOMB,BOMB,1.9633750198408961,False,False,False,True,False,False,True
final_ruehl_mask,mixed,23,270920283,3,UP,UP,2.153916982933879,False,False,False,False,False,False,True
final_ruehl_mask,mixed,23,270920283,4,WAIT,WAIT,1.988917007111013,False,False,False,False,False,False,True
final_ruehl_mask,mixed,23,270920283,5,WAIT,WAIT,2.1614161087200046,False,False,False,False,False,False,True
final_ruehl_mask,mixed,23,270920283,6,WAIT,WAIT,2.071209019050002,False,False,False,False,False,False,True
final_ruehl_mask,mixed,24,270920284,1,LEFT,LEFT,2.324791974388063,False,True,False,False,False,False,False
final_ruehl_mask,mixed,24,270920284,2,BOMB,BOMB,2.162209013476968,False,False,False,True,False,False,False
final_ruehl_mask,mixed,24,270920284,3,RIGHT,RIGHT,2.149582956917584,False,False,False,False,False,False,False
final_ruehl_mask,mixed,24,270920284,4,UP,UP,2.0680840825662017,False,False,False,False,False,False,False
final_ruehl_mask,mixed,24,270920284,5,WAIT,WAIT,2.160458010621369,False,False,False,False,False,False,False
final_ruehl_mask,mixed,24,270920284,6,WAIT,WAIT,2.046625013463199,False,False,False,False,False,False,False
final_ruehl_mask,mixed,24,270920284,7,WAIT,WAIT,2.1596670849248767,False,False,False,False,False,False,False
final_ruehl_mask,mixed,24,270920284,8,WAIT,WAIT,2.120833029039204,False,False,False,False,False,False,False
final_ruehl_mask,mixed,24,270920284,9,BOMB,BOMB,2.049292088486254,False,False,False,True,False,False,False
final_ruehl_mask,mixed,24,270920284,10,DOWN,DOWN,2.1455410169437528,False,False,False,False,False,False,False
final_ruehl_mask,mixed,24,270920284,11,LEFT,LEFT,2.2240409161895514,False,True,False,False,False,False,False
final_ruehl_mask,mixed,24,270920284,12,LEFT,LEFT,2.4273329181596637,False,False,False,False,False,False,False
final_ruehl_mask,mixed,24,270920284,13,LEFT,LEFT,2.386125037446618,False,False,False,False,False,False,False
final_ruehl_mask,mixed,24,270920284,14,LEFT,LEFT,2.6799170300364494,False,False,False,False,False,False,False
final_ruehl_mask,mixed,24,270920284,15,LEFT,LEFT,2.5161670055240393,False,False,False,False,False,False,True
final_ruehl_mask,mixed,24,270920284,16,BOMB,BOMB,2.3886660346761346,False,False,False,True,False,False,True
final_ruehl_mask,mixed,24,270920284,17,RIGHT,RIGHT,2.008875017054379,False,False,False,False,False,False,True
final_ruehl_mask,mixed,24,270920284,18,RIGHT,RIGHT,2.0406669937074184,False,False,False,False,False,False,True
final_ruehl_mask,mixed,24,270920284,19,WAIT,WAIT,2.0462919492274523,False,False,False,False,False,False,True
final_ruehl_mask,mixed,24,270920284,20,RIGHT,RIGHT,2.2274169605225325,False,False,False,False,False,False,True
final_ruehl_mask,mixed,25,270920285,1,LEFT,LEFT,2.4340000236406922,False,True,False,False,False,False,False
final_ruehl_mask,mixed,25,270920285,2,BOMB,BOMB,2.063874970190227,False,False,False,True,False,False,False
final_ruehl_mask,mixed,25,270920285,3,RIGHT,RIGHT,2.070500049740076,False,False,False,False,False,False,False
final_ruehl_mask,mixed,25,270920285,4,UP,UP,2.10937496740371,False,False,False,False,False,False,False
final_ruehl_mask,mixed,25,270920285,5,WAIT,WAIT,2.2088750265538692,False,False,False,False,False,False,False
final_ruehl_mask,mixed,25,270920285,6,WAIT,WAIT,2.244834089651704,False,False,False,False,False,False,False
final_ruehl_mask,mixed,25,270920285,7,WAIT,WAIT,2.325874986127019,False,False,False,False,False,False,False
final_ruehl_mask,mixed,25,270920285,8,DOWN,DOWN,2.2629580926150084,False,False,False,False,False,False,False
final_ruehl_mask,mixed,25,270920285,9,LEFT,LEFT,2.3879170184955,False,False,False,False,False,False,False
final_ruehl_mask,mixed,25,270920285,10,LEFT,LEFT,2.310000010766089,False,False,False,False,False,False,False
final_ruehl_mask,mixed,25,270920285,11,LEFT,LEFT,2.429499989375472,False,True,False,False,False,False,False
final_ruehl_mask,mixed,25,270920285,12,LEFT,LEFT,2.3698750883340836,False,False,False,False,False,False,False
final_ruehl_mask,mixed,25,270920285,13,BOMB,BOMB,2.334333024919033,False,False,False,True,False,False,False
final_ruehl_mask,mixed,25,270920285,14,RIGHT,RIGHT,2.2742499131709337,False,False,False,False,False,False,False
final_ruehl_mask,mixed,25,270920285,15,RIGHT,RIGHT,2.3209579521790147,False,False,False,False,False,False,False
final_ruehl_mask,mixed,25,270920285,16,RIGHT,RIGHT,2.2293749498203397,False,False,False,False,False,False,False
final_ruehl_mask,mixed,25,270920285,17,RIGHT,RIGHT,2.230833051726222,False,False,False,False,False,False,False
final_ruehl_mask,mixed,25,270920285,18,UP,UP,2.5260410038754344,False,False,False,False,False,False,False
final_ruehl_mask,mixed,25,270920285,19,DOWN,DOWN,2.4154159473255277,False,False,False,False,False,False,False
final_ruehl_mask,mixed,25,270920285,20,BOMB,BOMB,2.561416942626238,False,False,False,True,False,False,False
final_ruehl_mask,mixed,25,270920285,21,LEFT,LEFT,2.5100839557126164,False,True,False,False,False,False,False
final_ruehl_mask,mixed,25,270920285,22,LEFT,LEFT,2.5427910732105374,False,False,False,False,False,False,False
final_ruehl_mask,mixed,25,270920285,23,LEFT,LEFT,2.642208943143487,False,False,False,False,False,False,False
final_ruehl_mask,mixed,25,270920285,24,LEFT,LEFT,2.5655830977484584,False,False,False,False,False,False,False
final_ruehl_mask,mixed,25,270920285,25,UP,UP,2.769708982668817,False,False,False,False,False,False,False
final_ruehl_mask,mixed,25,270920285,26,WAIT,WAIT,2.6988749159500003,False,False,False,False,False,False,False
final_ruehl_mask,mixed,25,270920285,27,BOMB,BOMB,2.6677079731598496,False,False,False,True,False,False,False
final_ruehl_mask,mixed,25,270920285,28,UP,UP,2.658457960933447,False,False,False,False,False,False,False
final_ruehl_mask,mixed,25,270920285,29,UP,UP,3.2830419950187206,False,False,False,False,False,False,False
final_ruehl_mask,mixed,25,270920285,30,DOWN,DOWN,2.849832992069423,False,False,False,False,False,False,False
final_ruehl_mask,mixed,25,270920285,31,LEFT,LEFT,2.8397500282153487,False,True,False,False,False,False,False
final_ruehl_mask,mixed,25,270920285,32,WAIT,WAIT,3.047458012588322,False,False,False,False,False,False,False
final_ruehl_mask,mixed,25,270920285,33,WAIT,WAIT,2.8519589686766267,False,False,False,False,False,False,False
final_ruehl_mask,mixed,25,270920285,34,BOMB,BOMB,3.0394999776035547,False,False,False,True,False,False,False
final_ruehl_mask,mixed,25,270920285,35,RIGHT,RIGHT,2.803875016979873,False,False,False,False,False,False,False
final_ruehl_mask,mixed,25,270920285,36,DOWN,DOWN,3.0033750226721168,False,False,False,False,False,False,False
final_ruehl_mask,mixed,25,270920285,37,DOWN,DOWN,3.1308330362662673,False,False,False,False,False,False,False
final_ruehl_mask,mixed,25,270920285,38,LEFT,LEFT,3.3335410989820957,False,False,False,False,False,False,False
final_ruehl_mask,mixed,25,270920285,39,LEFT,LEFT,3.2981670228764415,False,False,False,False,False,False,False
final_ruehl_mask,mixed,25,270920285,40,WAIT,WAIT,3.131750039756298,False,False,False,False,False,False,True
final_ruehl_mask,mixed,25,270920285,41,BOMB,BOMB,3.1515840673819184,False,True,False,True,False,False,True
final_ruehl_mask,mixed,25,270920285,42,LEFT,LEFT,3.6248340038582683,False,False,False,False,False,False,True
final_ruehl_mask,mixed,25,270920285,43,WAIT,WAIT,2.9776670271530747,False,False,False,False,False,False,True
final_ruehl_mask,mixed,25,270920285,44,WAIT,WAIT,2.892959048040211,False,False,False,False,False,False,True
final_ruehl_mask,mixed,25,270920285,45,WAIT,WAIT,2.9527500737458467,False,False,False,False,False,False,True
final_ruehl_mask,mixed,26,270920286,1,BOMB,BOMB,2.60299991350621,False,True,False,True,False,False,True
final_ruehl_mask,mixed,26,270920286,2,DOWN,DOWN,2.1102079190313816,False,False,False,False,False,False,True
final_ruehl_mask,mixed,26,270920286,3,WAIT,WAIT,2.1526250056922436,False,False,False,False,False,False,True
final_ruehl_mask,mixed,26,270920286,4,WAIT,WAIT,2.1833329228684306,False,False,False,False,False,False,True
final_ruehl_mask,mixed,26,270920286,5,WAIT,WAIT,2.067374996840954,False,False,False,False,False,False,True
final_ruehl_mask,mixed,27,270920287,1,RIGHT,RIGHT,2.4359170347452164,False,True,False,False,False,False,True
final_ruehl_mask,mixed,27,270920287,2,BOMB,BOMB,2.2427079966291785,False,False,False,True,False,False,True
final_ruehl_mask,mixed,27,270920287,3,RIGHT,RIGHT,2.200292074121535,False,False,False,False,False,False,True
final_ruehl_mask,mixed,27,270920287,4,WAIT,WAIT,2.0400419598445296,False,False,False,False,False,False,True
final_ruehl_mask,mixed,27,270920287,5,WAIT,WAIT,1.795290969312191,False,False,False,False,False,False,True
final_ruehl_mask,mixed,27,270920287,6,WAIT,WAIT,1.6865419456735253,False,False,False,False,False,False,True
final_ruehl_mask,mixed,28,270920288,1,BOMB,BOMB,2.4606670485809445,False,True,False,True,False,False,False
final_ruehl_mask,mixed,28,270920288,2,UP,UP,2.1899159764871,False,False,False,False,False,False,False
final_ruehl_mask,mixed,28,270920288,3,UP,UP,2.1680410718545318,False,False,False,False,False,False,False
final_ruehl_mask,mixed,28,270920288,4,LEFT,LEFT,2.117707976140082,False,False,False,False,False,False,False
final_ruehl_mask,mixed,28,270920288,5,WAIT,WAIT,2.1250409772619605,False,False,False,False,False,False,False
final_ruehl_mask,mixed,28,270920288,6,WAIT,WAIT,2.236915985122323,False,False,False,False,False,False,False
final_ruehl_mask,mixed,28,270920288,7,WAIT,WAIT,2.3980840342119336,False,False,False,False,False,False,False
final_ruehl_mask,mixed,28,270920288,8,BOMB,BOMB,2.44374992325902,False,False,False,True,False,False,False
final_ruehl_mask,mixed,28,270920288,9,RIGHT,RIGHT,2.341749961487949,False,False,False,False,False,False,False
final_ruehl_mask,mixed,28,270920288,10,UP,UP,2.396083902567625,False,False,False,False,False,False,False
final_ruehl_mask,mixed,28,270920288,11,WAIT,WAIT,2.5492910062894225,False,True,False,False,False,False,False
final_ruehl_mask,mixed,28,270920288,12,WAIT,WAIT,3.1025829957798123,False,False,False,False,False,False,False
final_ruehl_mask,mixed,28,270920288,13,WAIT,WAIT,2.9401659267023206,False,False,False,False,False,False,False
final_ruehl_mask,mixed,28,270920288,14,WAIT,WAIT,2.443999983370304,False,False,False,False,False,False,False
final_ruehl_mask,mixed,28,270920288,15,BOMB,BOMB,2.379584009759128,False,False,False,True,False,False,False
final_ruehl_mask,mixed,28,270920288,16,DOWN,DOWN,2.9807500541210175,False,False,False,False,False,False,False
final_ruehl_mask,mixed,28,270920288,17,LEFT,LEFT,2.445792080834508,False,False,False,False,False,False,False
final_ruehl_mask,mixed,28,270920288,18,LEFT,LEFT,2.5206670397892594,False,False,False,False,False,False,False
final_ruehl_mask,mixed,28,270920288,19,LEFT,LEFT,3.954457934014499,False,False,False,False,False,False,False
final_ruehl_mask,mixed,28,270920288,20,LEFT,LEFT,3.295582951977849,False,False,False,False,False,False,False
final_ruehl_mask,mixed,28,270920288,21,DOWN,DOWN,2.996374969370663,False,True,False,False,False,False,False
final_ruehl_mask,mixed,28,270920288,22,BOMB,BOMB,3.8056670455262065,False,False,False,True,False,False,False
final_ruehl_mask,mixed,28,270920288,23,DOWN,DOWN,2.831249963492155,False,False,False,False,False,False,False
final_ruehl_mask,mixed,28,270920288,24,LEFT,LEFT,2.7965829940512776,False,False,False,False,False,False,False
final_ruehl_mask,mixed,28,270920288,25,WAIT,WAIT,3.694290993735194,False,False,False,False,False,False,False
final_ruehl_mask,mixed,28,270920288,26,WAIT,WAIT,3.2911659218370914,False,False,False,False,False,False,False
final_ruehl_mask,mixed,28,270920288,27,WAIT,WAIT,3.5014169989153743,False,False,False,False,False,False,False
final_ruehl_mask,mixed,28,270920288,28,WAIT,WAIT,3.655874985270202,False,False,False,False,False,False,False
final_ruehl_mask,mixed,28,270920288,29,BOMB,BOMB,3.9626669604331255,False,False,False,True,False,False,False
final_ruehl_mask,mixed,28,270920288,30,RIGHT,RIGHT,3.9082090370357037,False,False,False,False,False,False,False
final_ruehl_mask,mixed,28,270920288,31,RIGHT,RIGHT,3.982375026680529,False,True,False,False,False,False,False
final_ruehl_mask,mixed,28,270920288,32,RIGHT,RIGHT,4.2197080329060555,False,False,False,False,False,False,False
final_ruehl_mask,mixed,28,270920288,33,RIGHT,RIGHT,4.595124977640808,False,False,False,False,False,False,False
final_ruehl_mask,mixed,28,270920288,34,RIGHT,RIGHT,5.192500073462725,False,False,False,False,False,False,False
final_ruehl_mask,mixed,28,270920288,35,UP,UP,4.493999993428588,False,False,False,False,False,False,False
final_ruehl_mask,mixed,28,270920288,36,UP,UP,6.774625042453408,False,False,False,False,False,False,False
final_ruehl_mask,mixed,28,270920288,37,UP,UP,6.138707976788282,False,False,False,False,False,False,False
final_ruehl_mask,mixed,28,270920288,38,WAIT,WAIT,4.438458010554314,False,False,False,False,False,False,False
final_ruehl_mask,mixed,28,270920288,39,UP,UP,5.351125029847026,False,False,False,False,False,False,True
final_ruehl_mask,mixed,28,270920288,40,BOMB,BOMB,4.616042017005384,False,False,False,True,False,False,True
final_ruehl_mask,mixed,28,270920288,41,UP,UP,3.80899989977479,False,True,True,False,False,False,True
final_ruehl_mask,mixed,28,270920288,42,UP,UP,4.115332965739071,False,False,False,False,False,False,True
final_ruehl_mask,mixed,28,270920288,43,DOWN,DOWN,3.9517920231446624,False,False,False,False,False,False,True
final_ruehl_mask,mixed,28,270920288,44,UP,UP,3.823708975687623,False,False,False,False,False,False,True
final_ruehl_mask,mixed,29,270920289,1,UP,UP,2.4495000252500176,False,True,False,False,False,False,False
final_ruehl_mask,mixed,29,270920289,2,BOMB,BOMB,2.996583003550768,False,False,False,True,False,False,False
final_ruehl_mask,mixed,29,270920289,3,DOWN,DOWN,3.0438749818131328,False,False,False,False,False,False,False
final_ruehl_mask,mixed,29,270920289,4,LEFT,LEFT,2.946792053990066,False,False,False,False,False,False,False
final_ruehl_mask,mixed,29,270920289,5,WAIT,WAIT,2.9209160711616278,False,False,False,False,False,False,False
final_ruehl_mask,mixed,29,270920289,6,WAIT,WAIT,2.97645793762058,False,False,False,False,False,False,False
final_ruehl_mask,mixed,29,270920289,7,WAIT,WAIT,3.2002079533413053,False,False,False,False,False,False,False
final_ruehl_mask,mixed,29,270920289,8,RIGHT,RIGHT,3.453250043094158,False,False,False,False,False,False,False
final_ruehl_mask,mixed,29,270920289,9,BOMB,BOMB,3.189458977431059,False,False,False,True,False,False,False
final_ruehl_mask,mixed,29,270920289,10,UP,UP,3.029291983693838,False,False,False,False,False,False,False
final_ruehl_mask,mixed,29,270920289,11,UP,UP,3.0492920195683837,False,True,False,False,False,False,False
final_ruehl_mask,mixed,29,270920289,12,UP,UP,3.335124929435551,False,False,False,False,False,False,False
final_ruehl_mask,mixed,29,270920289,13,UP,UP,3.46024997998029,False,False,False,False,False,False,False
final_ruehl_mask,mixed,29,270920289,14,WAIT,WAIT,3.5912079038098454,False,False,False,False,False,False,False
final_ruehl_mask,mixed,29,270920289,15,WAIT,WAIT,4.559666966088116,False,False,False,False,False,False,True
final_ruehl_mask,mixed,29,270920289,16,BOMB,BOMB,3.882915945723653,False,False,False,True,False,False,True
final_ruehl_mask,mixed,29,270920289,17,DOWN,DOWN,3.611584077589214,False,False,False,False,False,False,True
final_ruehl_mask,mixed,29,270920289,18,WAIT,WAIT,3.6085000028833747,False,False,False,False,False,False,True
final_ruehl_mask,mixed,29,270920289,19,DOWN,DOWN,6.711249938234687,False,False,False,False,False,False,True
final_ruehl_mask,mixed,29,270920289,20,DOWN,DOWN,3.4912499831989408,False,False,False,False,False,False,True
final_ruehl_mask,mixed,30,270920290,1,BOMB,BOMB,2.5125000393018126,False,True,False,True,False,False,False
final_ruehl_mask,mixed,30,270920290,2,DOWN,DOWN,2.2565419785678387,False,False,False,False,False,False,False
final_ruehl_mask,mixed,30,270920290,3,DOWN,DOWN,2.873291028663516,False,False,False,False,False,False,False
final_ruehl_mask,mixed,30,270920290,4,RIGHT,RIGHT,2.228124998509884,False,False,False,False,False,False,False
final_ruehl_mask,mixed,30,270920290,5,WAIT,WAIT,2.157083014026284,False,False,False,False,False,False,False
final_ruehl_mask,mixed,30,270920290,6,WAIT,WAIT,2.8010839596390724,False,False,False,False,False,False,False
final_ruehl_mask,mixed,30,270920290,7,LEFT,LEFT,2.582250046543777,False,False,False,False,False,False,False
final_ruehl_mask,mixed,30,270920290,8,UP,UP,3.4855420235544443,False,False,False,False,False,False,False
final_ruehl_mask,mixed,30,270920290,9,UP,UP,3.226625034585595,False,False,False,False,False,False,False
final_ruehl_mask,mixed,30,270920290,10,DOWN,DOWN,2.6854160241782665,False,False,False,False,False,False,False
final_ruehl_mask,mixed,30,270920290,11,UP,UP,2.621041960082948,False,True,False,False,False,False,False
final_ruehl_mask,mixed,30,270920290,12,RIGHT,RIGHT,2.978125005029142,False,False,False,False,False,False,False
final_ruehl_mask,mixed,30,270920290,13,RIGHT,RIGHT,2.759791910648346,False,False,False,False,False,False,False
final_ruehl_mask,mixed,30,270920290,14,RIGHT,RIGHT,2.671291003935039,False,False,False,False,False,False,False
final_ruehl_mask,mixed,30,270920290,15,RIGHT,RIGHT,2.7699170168489218,False,False,False,False,False,False,False
final_ruehl_mask,mixed,30,270920290,16,BOMB,BOMB,2.6046670973300934,False,False,False,True,False,False,False
final_ruehl_mask,mixed,30,270920290,17,RIGHT,RIGHT,2.3942500120028853,False,False,False,False,False,False,False
final_ruehl_mask,mixed,30,270920290,18,RIGHT,RIGHT,2.500958042219281,False,False,False,False,False,False,False
final_ruehl_mask,mixed,30,270920290,19,DOWN,DOWN,2.5372080272063613,False,False,False,False,False,False,False
final_ruehl_mask,mixed,30,270920290,20,WAIT,WAIT,2.5066660018637776,False,False,False,False,False,False,False
final_ruehl_mask,mixed,30,270920290,21,WAIT,WAIT,3.1469169771298766,False,True,False,False,False,False,False
final_ruehl_mask,mixed,30,270920290,22,WAIT,WAIT,3.664707997813821,False,False,False,False,False,False,False
final_ruehl_mask,mixed,30,270920290,23,BOMB,BOMB,3.347249934449792,False,False,False,True,False,False,False
final_ruehl_mask,mixed,30,270920290,24,UP,UP,3.2877090852707624,False,False,False,False,False,False,False
final_ruehl_mask,mixed,30,270920290,25,LEFT,LEFT,4.087500041350722,False,False,False,False,False,False,False
final_ruehl_mask,mixed,30,270920290,26,LEFT,LEFT,3.7635420449078083,False,False,False,False,False,False,False
final_ruehl_mask,mixed,30,270920290,27,DOWN,DOWN,3.939833026379347,False,False,False,False,False,False,False
final_ruehl_mask,mixed,30,270920290,28,DOWN,DOWN,3.8807090604677796,False,False,False,False,False,False,False
final_ruehl_mask,mixed,30,270920290,29,DOWN,DOWN,3.9380419766530395,False,False,False,False,False,False,False
final_ruehl_mask,mixed,30,270920290,30,DOWN,DOWN,4.102332983165979,False,False,False,False,False,False,False
final_ruehl_mask,mixed,30,270920290,31,DOWN,DOWN,3.8577079540118575,False,True,False,False,False,False,False
final_ruehl_mask,mixed,30,270920290,32,DOWN,DOWN,3.807834000326693,False,False,False,False,False,False,False
final_ruehl_mask,mixed,30,270920290,33,LEFT,LEFT,3.8624999579042196,False,False,False,False,False,False,True
final_ruehl_mask,mixed,30,270920290,34,BOMB,BOMB,3.7360830465331674,False,False,False,True,False,False,True
final_ruehl_mask,mixed,30,270920290,35,RIGHT,RIGHT,3.557541989721358,False,False,False,False,False,False,True
final_ruehl_mask,mixed,30,270920290,36,RIGHT,RIGHT,3.6653330316767097,False,False,False,False,False,False,True
final_ruehl_mask,mixed,30,270920290,37,WAIT,WAIT,4.226707969792187,False,False,False,False,False,False,True
final_ruehl_mask,mixed,30,270920290,38,LEFT,LEFT,3.8090830203145742,False,False,False,False,False,False,True
final_ruehl_mask,mixed,31,270920291,1,RIGHT,RIGHT,2.4996669963002205,False,True,False,False,False,False,False
final_ruehl_mask,mixed,31,270920291,2,BOMB,BOMB,2.2621670505031943,False,False,False,True,False,False,False
final_ruehl_mask,mixed,31,270920291,3,LEFT,LEFT,2.1946250926703215,False,False,False,False,False,False,False
final_ruehl_mask,mixed,31,270920291,4,UP,UP,2.1775419590994716,False,False,False,False,False,False,False
final_ruehl_mask,mixed,31,270920291,5,UP,UP,2.3741249460726976,False,False,False,False,False,False,False
final_ruehl_mask,mixed,31,270920291,6,UP,UP,2.242207992821932,False,False,False,False,False,False,False
final_ruehl_mask,mixed,31,270920291,7,DOWN,DOWN,2.313709002919495,False,False,False,False,False,False,False
final_ruehl_mask,mixed,31,270920291,8,DOWN,DOWN,2.400374971330166,False,False,False,False,False,False,False
final_ruehl_mask,mixed,31,270920291,9,DOWN,DOWN,2.318624989129603,False,False,False,False,False,False,False
final_ruehl_mask,mixed,31,270920291,10,RIGHT,RIGHT,2.3771250853314996,False,False,False,False,False,False,False
final_ruehl_mask,mixed,31,270920291,11,RIGHT,RIGHT,2.363291918300092,False,True,False,False,False,False,False
final_ruehl_mask,mixed,31,270920291,12,RIGHT,RIGHT,2.3836250184103847,False,False,False,False,False,False,True
final_ruehl_mask,mixed,31,270920291,13,BOMB,BOMB,2.3088339949026704,False,False,False,True,False,False,True
final_ruehl_mask,mixed,31,270920291,14,RIGHT,RIGHT,2.1736249327659607,False,False,False,False,False,False,True
final_ruehl_mask,mixed,31,270920291,15,WAIT,WAIT,2.204833901487291,False,False,False,False,False,False,True
final_ruehl_mask,mixed,31,270920291,16,WAIT,WAIT,2.158624934963882,False,False,False,False,False,False,True
final_ruehl_mask,mixed,31,270920291,17,WAIT,WAIT,1.9500419730320573,False,False,False,False,False,False,True
final_ruehl_mask,mixed,32,270920292,1,LEFT,LEFT,2.4445829913020134,False,True,False,False,False,False,False
final_ruehl_mask,mixed,32,270920292,2,BOMB,BOMB,2.101416001096368,False,False,False,True,False,False,False
final_ruehl_mask,mixed,32,270920292,3,RIGHT,RIGHT,2.1022079745307565,False,False,False,False,False,False,False
final_ruehl_mask,mixed,32,270920292,4,UP,UP,2.212999970652163,False,False,False,False,False,False,False
final_ruehl_mask,mixed,32,270920292,5,UP,UP,2.241250011138618,False,False,False,False,False,False,False
final_ruehl_mask,mixed,32,270920292,6,WAIT,WAIT,1.8455830868333578,False,False,False,False,False,False,False
final_ruehl_mask,mixed,32,270920292,7,WAIT,WAIT,1.9203330157324672,False,False,False,False,False,False,False
final_ruehl_mask,mixed,32,270920292,8,WAIT,WAIT,2.0825840765610337,False,False,False,False,False,False,False
final_ruehl_mask,mixed,32,270920292,9,BOMB,BOMB,2.1627919049933553,False,False,False,True,False,False,False
final_ruehl_mask,mixed,32,270920292,10,DOWN,DOWN,2.214415930211544,False,False,False,False,False,False,False
final_ruehl_mask,mixed,32,270920292,11,DOWN,DOWN,2.3028329014778137,False,True,False,False,False,False,False
final_ruehl_mask,mixed,32,270920292,12,LEFT,LEFT,2.338999998755753,False,False,False,False,False,False,False
final_ruehl_mask,mixed,32,270920292,13,LEFT,LEFT,2.3718749871477485,False,False,False,False,False,False,False
final_ruehl_mask,mixed,32,270920292,14,LEFT,LEFT,2.763874945230782,False,False,False,False,False,False,False
final_ruehl_mask,mixed,32,270920292,15,LEFT,LEFT,2.438249997794628,False,False,False,False,False,False,False
final_ruehl_mask,mixed,32,270920292,16,BOMB,BOMB,2.6455409824848175,False,False,False,True,False,False,False
final_ruehl_mask,mixed,32,270920292,17,RIGHT,RIGHT,2.456958987750113,False,False,False,False,False,False,False
final_ruehl_mask,mixed,32,270920292,18,RIGHT,RIGHT,2.429166925139725,False,False,False,False,False,False,False
final_ruehl_mask,mixed,32,270920292,19,RIGHT,RIGHT,2.454875037074089,False,False,False,False,False,False,False
final_ruehl_mask,mixed,32,270920292,20,RIGHT,RIGHT,2.563958056271076,False,False,False,False,False,False,False
final_ruehl_mask,mixed,32,270920292,21,UP,UP,3.011625027284026,False,True,False,False,False,False,False
final_ruehl_mask,mixed,32,270920292,22,UP,UP,2.9551669722422957,False,False,False,False,False,False,False
final_ruehl_mask,mixed,32,270920292,23,UP,UP,3.104166011326015,False,False,False,False,False,False,False
final_ruehl_mask,mixed,32,270920292,24,BOMB,BOMB,2.851625089533627,False,False,False,True,False,False,False
final_ruehl_mask,mixed,32,270920292,25,DOWN,DOWN,2.7806670404970646,False,False,False,False,False,False,False
final_ruehl_mask,mixed,32,270920292,26,DOWN,DOWN,2.870833035558462,False,False,False,False,False,False,False
final_ruehl_mask,mixed,32,270920292,27,DOWN,DOWN,2.9463330283761024,False,False,False,False,False,False,False
final_ruehl_mask,mixed,32,270920292,28,LEFT,LEFT,3.740707994438708,False,False,False,False,False,False,False
final_ruehl_mask,mixed,32,270920292,29,LEFT,LEFT,3.4982500365003943,False,False,False,False,False,False,False
final_ruehl_mask,mixed,32,270920292,30,WAIT,WAIT,3.424291964620352,False,False,False,False,False,False,False
final_ruehl_mask,mixed,32,270920292,31,LEFT,LEFT,3.7962920032441616,False,True,False,False,False,False,False
final_ruehl_mask,mixed,32,270920292,32,LEFT,LEFT,3.1268749153241515,False,False,False,False,False,False,False
final_ruehl_mask,mixed,32,270920292,33,LEFT,LEFT,3.189167007803917,False,False,False,False,False,False,False
final_ruehl_mask,mixed,32,270920292,34,LEFT,LEFT,2.79804109595716,False,False,False,False,False,False,True
final_ruehl_mask,mixed,32,270920292,35,BOMB,BOMB,2.81408301088959,False,False,False,True,False,False,True
final_ruehl_mask,mixed,32,270920292,36,LEFT,LEFT,2.792457933537662,False,False,False,False,False,False,True
final_ruehl_mask,mixed,32,270920292,37,WAIT,WAIT,3.377333050593734,False,False,False,False,False,False,True
final_ruehl_mask,mixed,32,270920292,38,WAIT,WAIT,2.9743750346824527,False,False,False,False,False,False,True
final_ruehl_mask,mixed,32,270920292,39,WAIT,WAIT,3.006584011018276,False,False,False,False,False,False,True
final_ruehl_mask,mixed,33,270920293,1,RIGHT,RIGHT,2.146500046364963,False,True,False,False,False,False,False
final_ruehl_mask,mixed,33,270920293,2,BOMB,BOMB,1.9988339627161622,False,False,False,True,False,False,False
final_ruehl_mask,mixed,33,270920293,3,LEFT,LEFT,2.116000046953559,False,False,False,False,False,False,False
final_ruehl_mask,mixed,33,270920293,4,DOWN,DOWN,2.0640830043703318,False,False,False,False,False,False,False
final_ruehl_mask,mixed,33,270920293,5,WAIT,WAIT,2.429042011499405,False,False,False,False,False,False,False
final_ruehl_mask,mixed,33,270920293,6,WAIT,WAIT,2.1338750375434756,False,False,False,False,False,False,False
final_ruehl_mask,mixed,33,270920293,7,WAIT,WAIT,2.25779099855572,False,False,False,False,False,False,False
final_ruehl_mask,mixed,33,270920293,8,WAIT,WAIT,2.1799580426886678,False,False,False,False,False,False,False
final_ruehl_mask,mixed,33,270920293,9,BOMB,BOMB,2.269750111736357,False,False,False,True,False,False,False
final_ruehl_mask,mixed,33,270920293,10,UP,UP,2.3038750514388084,False,False,False,False,False,False,False
final_ruehl_mask,mixed,33,270920293,11,RIGHT,RIGHT,2.3117909440770745,False,True,False,False,False,False,False
final_ruehl_mask,mixed,33,270920293,12,RIGHT,RIGHT,2.4742080131545663,False,False,False,False,False,False,False
final_ruehl_mask,mixed,33,270920293,13,RIGHT,RIGHT,2.432249952107668,False,False,False,False,False,False,False
final_ruehl_mask,mixed,33,270920293,14,RIGHT,RIGHT,2.543000038713217,False,False,False,False,False,False,False
final_ruehl_mask,mixed,33,270920293,15,WAIT,WAIT,2.2409589728340507,False,False,False,False,False,False,False
final_ruehl_mask,mixed,33,270920293,16,BOMB,BOMB,1.9060000777244568,False,False,False,True,False,False,False
final_ruehl_mask,mixed,33,270920293,17,LEFT,LEFT,1.840875018388033,False,False,False,False,False,False,False
final_ruehl_mask,mixed,33,270920293,18,LEFT,LEFT,1.8744580447673798,False,False,False,False,False,False,False
final_ruehl_mask,mixed,33,270920293,19,LEFT,LEFT,2.38641700707376,False,False,False,False,False,False,False
final_ruehl_mask,mixed,33,270920293,20,LEFT,LEFT,2.423958037979901,False,False,False,False,False,False,False
final_ruehl_mask,mixed,33,270920293,21,DOWN,DOWN,2.7864170260727406,False,True,False,False,False,False,False
final_ruehl_mask,mixed,33,270920293,22,DOWN,DOWN,2.77441693469882,False,False,False,False,False,False,False
final_ruehl_mask,mixed,33,270920293,23,DOWN,DOWN,3.032541018910706,False,False,False,False,False,False,True
final_ruehl_mask,mixed,33,270920293,24,BOMB,BOMB,2.7747079730033875,False,False,False,True,False,False,True
final_ruehl_mask,mixed,33,270920293,25,DOWN,DOWN,2.7851250488311052,False,False,False,False,False,False,True
final_ruehl_mask,mixed,33,270920293,26,WAIT,WAIT,2.537042018957436,False,False,False,False,False,False,True
final_ruehl_mask,mixed,33,270920293,27,WAIT,WAIT,2.595416968688369,False,False,False,False,False,False,True
final_ruehl_mask,mixed,33,270920293,28,WAIT,WAIT,2.6468749856576324,False,False,False,False,False,False,True
final_ruehl_mask,mixed,34,270920294,1,LEFT,LEFT,2.436583978123963,False,True,False,False,False,False,False
final_ruehl_mask,mixed,34,270920294,2,BOMB,BOMB,2.617000020109117,False,False,False,True,False,False,False
final_ruehl_mask,mixed,34,270920294,3,RIGHT,RIGHT,3.027791972272098,False,False,False,False,False,False,False
final_ruehl_mask,mixed,34,270920294,4,DOWN,DOWN,2.3897920036688447,False,False,False,False,False,False,False
final_ruehl_mask,mixed,34,270920294,5,WAIT,WAIT,3.0382080003619194,False,False,False,False,False,False,False
final_ruehl_mask,mixed,34,270920294,6,WAIT,WAIT,2.2064580116420984,False,False,False,False,False,False,False
final_ruehl_mask,mixed,34,270920294,7,WAIT,WAIT,2.310000010766089,False,False,False,False,False,False,False
final_ruehl_mask,mixed,34,270920294,8,WAIT,WAIT,2.2342080483213067,False,False,False,False,False,False,False
final_ruehl_mask,mixed,34,270920294,9,BOMB,BOMB,3.149125026538968,False,False,False,True,False,False,False
final_ruehl_mask,mixed,34,270920294,10,UP,UP,2.4361249525099993,False,False,False,False,False,False,False
final_ruehl_mask,mixed,34,270920294,11,LEFT,LEFT,2.8807499911636114,False,True,False,False,False,False,False
final_ruehl_mask,mixed,34,270920294,12,LEFT,LEFT,2.6773749850690365,False,False,False,False,False,False,False
final_ruehl_mask,mixed,34,270920294,13,LEFT,LEFT,3.3045830205082893,False,False,False,False,False,False,False
final_ruehl_mask,mixed,34,270920294,14,LEFT,LEFT,2.8584999963641167,False,False,False,False,False,False,False
final_ruehl_mask,mixed,34,270920294,15,LEFT,LEFT,2.4688750272616744,False,False,False,False,False,False,False
final_ruehl_mask,mixed,34,270920294,16,BOMB,BOMB,2.7988340007141232,False,False,False,True,False,False,False
final_ruehl_mask,mixed,34,270920294,17,RIGHT,RIGHT,2.335250028409064,False,False,False,False,False,False,False
final_ruehl_mask,mixed,34,270920294,18,RIGHT,RIGHT,2.7985420310869813,False,False,False,False,False,False,False
final_ruehl_mask,mixed,34,270920294,19,RIGHT,RIGHT,2.3525410797446966,False,False,False,False,False,False,False
final_ruehl_mask,mixed,34,270920294,20,RIGHT,RIGHT,2.7879999252036214,False,False,False,False,False,False,False
final_ruehl_mask,mixed,34,270920294,21,RIGHT,RIGHT,3.0750830192118883,False,True,False,False,False,False,False
final_ruehl_mask,mixed,34,270920294,22,DOWN,DOWN,2.9002079972997308,False,False,False,False,False,False,False
final_ruehl_mask,mixed,34,270920294,23,DOWN,DOWN,2.906500012613833,False,False,False,False,False,False,False
final_ruehl_mask,mixed,34,270920294,24,DOWN,DOWN,3.0930000357329845,False,False,False,False,False,False,False
final_ruehl_mask,mixed,34,270920294,25,DOWN,DOWN,3.7412079982459545,False,False,False,False,False,False,False
final_ruehl_mask,mixed,34,270920294,26,DOWN,DOWN,2.836375031620264,False,False,False,False,False,False,False
final_ruehl_mask,mixed,34,270920294,27,BOMB,BOMB,3.062834031879902,False,False,False,True,False,False,False
final_ruehl_mask,mixed,34,270920294,28,UP,UP,4.0998749900609255,False,False,False,False,False,False,False
final_ruehl_mask,mixed,34,270920294,29,UP,UP,3.2094160560518503,False,False,False,False,False,False,False
final_ruehl_mask,mixed,34,270920294,30,UP,UP,2.989124972373247,False,False,False,False,False,False,False
final_ruehl_mask,mixed,34,270920294,31,UP,UP,3.824415965937078,False,True,False,False,False,False,False
final_ruehl_mask,mixed,34,270920294,32,UP,UP,4.009249969385564,False,False,False,False,False,False,False
final_ruehl_mask,mixed,34,270920294,33,LEFT,LEFT,3.4259590320289135,False,False,False,False,False,False,False
final_ruehl_mask,mixed,34,270920294,34,LEFT,LEFT,3.3494170056656003,False,False,False,False,False,False,False
final_ruehl_mask,mixed,34,270920294,35,LEFT,LEFT,3.839624929241836,False,False,False,False,False,False,False
final_ruehl_mask,mixed,34,270920294,36,LEFT,LEFT,4.218167043291032,False,False,False,False,False,False,False
final_ruehl_mask,mixed,34,270920294,37,LEFT,LEFT,3.6299999337643385,False,False,False,False,False,False,False
final_ruehl_mask,mixed,34,270920294,38,LEFT,LEFT,2.7571249520406127,False,False,False,False,False,False,False
final_ruehl_mask,mixed,34,270920294,39,BOMB,BOMB,2.8266659937798977,False,False,False,True,False,False,False
final_ruehl_mask,mixed,34,270920294,40,LEFT,LEFT,2.6787080569192767,False,False,False,False,False,False,False
final_ruehl_mask,mixed,34,270920294,41,LEFT,LEFT,2.7270419523119926,False,True,False,False,False,False,False
final_ruehl_mask,mixed,34,270920294,42,DOWN,DOWN,2.983541926369071,False,False,False,False,False,False,False
final_ruehl_mask,mixed,34,270920294,43,DOWN,DOWN,3.778667072765529,False,False,False,False,False,False,False
final_ruehl_mask,mixed,34,270920294,44,RIGHT,RIGHT,3.6769999423995614,False,False,False,False,False,False,False
final_ruehl_mask,mixed,34,270920294,45,RIGHT,RIGHT,3.571916022337973,False,False,False,False,False,False,True
final_ruehl_mask,mixed,34,270920294,46,BOMB,BOMB,3.5719589795917273,False,False,False,True,True,False,True
final_ruehl_mask,mixed,34,270920294,47,RIGHT,RIGHT,2.8274169890210032,False,False,False,False,False,False,True
final_ruehl_mask,mixed,34,270920294,48,RIGHT,RIGHT,3.727666917257011,False,False,False,False,False,False,True
final_ruehl_mask,mixed,34,270920294,49,LEFT,LEFT,3.483042004518211,False,False,False,False,False,False,True
final_ruehl_mask,mixed,34,270920294,50,RIGHT,RIGHT,2.8959999326616526,False,False,False,False,False,False,True
final_ruehl_mask,mixed,35,270920295,1,BOMB,BOMB,2.814000006765127,False,True,False,True,False,False,False
final_ruehl_mask,mixed,35,270920295,2,UP,UP,2.193500055000186,False,False,False,False,False,False,False
final_ruehl_mask,mixed,35,270920295,3,UP,UP,2.4035420501604676,False,False,False,False,False,False,False
final_ruehl_mask,mixed,35,270920295,4,LEFT,LEFT,2.946541993878782,False,False,False,False,False,False,False
final_ruehl_mask,mixed,35,270920295,5,WAIT,WAIT,2.185833058319986,False,False,False,False,False,False,False
final_ruehl_mask,mixed,35,270920295,6,WAIT,WAIT,2.318333019502461,False,False,False,False,False,False,False
final_ruehl_mask,mixed,35,270920295,7,RIGHT,RIGHT,3.1846669735386968,False,False,False,False,False,False,True
final_ruehl_mask,mixed,35,270920295,8,BOMB,BOMB,2.825500094331801,False,False,False,True,False,False,True
final_ruehl_mask,mixed,35,270920295,9,UP,UP,2.4317079223692417,False,False,False,False,False,False,True
final_ruehl_mask,mixed,35,270920295,10,UP,UP,2.1372910123318434,False,False,False,False,False,False,True
final_ruehl_mask,mixed,35,270920295,11,DOWN,DOWN,2.266207942739129,False,False,False,False,False,False,True
final_ruehl_mask,mixed,35,270920295,12,UP,UP,2.2610839223489165,False,False,False,False,False,False,True
final_ruehl_mask,mixed,36,270920296,1,DOWN,DOWN,1.9869590178132057,False,True,False,False,False,False,False
final_ruehl_mask,mixed,36,270920296,2,BOMB,BOMB,1.9464159850031137,False,False,False,True,False,False,False
final_ruehl_mask,mixed,36,270920296,3,UP,UP,2.288707997649908,False,False,False,False,False,False,False
final_ruehl_mask,mixed,36,270920296,4,RIGHT,RIGHT,2.0424999529495835,False,False,False,False,False,False,False
final_ruehl_mask,mixed,36,270920296,5,WAIT,WAIT,2.100541954860091,False,False,False,False,False,False,False
final_ruehl_mask,mixed,36,270920296,6,WAIT,WAIT,2.0198749843984842,False,False,False,False,False,False,False
final_ruehl_mask,mixed,36,270920296,7,WAIT,WAIT,2.124458085745573,False,False,False,False,False,False,False
final_ruehl_mask,mixed,36,270920296,8,LEFT,LEFT,1.7740830080583692,False,False,False,False,False,False,False
final_ruehl_mask,mixed,36,270920296,9,BOMB,BOMB,1.8031669314950705,False,False,False,True,False,False,False
final_ruehl_mask,mixed,36,270920296,10,DOWN,DOWN,1.7887920839712024,False,False,False,False,False,False,False
final_ruehl_mask,mixed,36,270920296,11,DOWN,DOWN,1.8577079754322767,False,True,False,False,False,False,False
final_ruehl_mask,mixed,36,270920296,12,DOWN,DOWN,2.1592079428955913,False,False,False,False,False,False,False
final_ruehl_mask,mixed,36,270920296,13,DOWN,DOWN,2.1784999407827854,False,False,False,False,False,False,False
final_ruehl_mask,mixed,36,270920296,14,DOWN,DOWN,2.2744169691577554,False,False,False,False,False,False,False
final_ruehl_mask,mixed,36,270920296,15,WAIT,WAIT,2.2544580278918147,False,False,False,False,False,False,False
final_ruehl_mask,mixed,36,270920296,16,BOMB,BOMB,2.0965830190107226,False,False,False,True,False,False,False
final_ruehl_mask,mixed,36,270920296,17,UP,UP,2.143207937479019,False,False,False,False,False,False,False
final_ruehl_mask,mixed,36,270920296,18,UP,UP,2.110959030687809,False,False,False,False,False,False,False
final_ruehl_mask,mixed,36,270920296,19,UP,UP,2.2801250452175736,False,False,False,False,False,False,False
final_ruehl_mask,mixed,36,270920296,20,UP,UP,2.384832943789661,False,False,False,False,False,False,False
final_ruehl_mask,mixed,36,270920296,21,UP,UP,2.52008403185755,False,True,False,False,False,False,False
final_ruehl_mask,mixed,36,270920296,22,RIGHT,RIGHT,2.5838339934125543,False,False,False,False,False,False,False
final_ruehl_mask,mixed,36,270920296,23,RIGHT,RIGHT,2.1985420025885105,False,False,False,False,False,False,False
final_ruehl_mask,mixed,36,270920296,24,RIGHT,RIGHT,2.037165919318795,False,False,False,False,False,False,False
final_ruehl_mask,mixed,36,270920296,25,BOMB,BOMB,1.9669580506160855,False,False,False,True,False,False,False
final_ruehl_mask,mixed,36,270920296,26,LEFT,LEFT,2.2154999896883965,False,False,False,False,False,False,False
final_ruehl_mask,mixed,36,270920296,27,LEFT,LEFT,2.2253330098465085,False,False,False,False,False,False,False
final_ruehl_mask,mixed,36,270920296,28,LEFT,LEFT,2.3901249514892697,False,False,False,False,False,False,False
final_ruehl_mask,mixed,36,270920296,29,DOWN,DOWN,2.4329168954864144,False,False,False,False,False,False,False
final_ruehl_mask,mixed,36,270920296,30,DOWN,DOWN,3.0032919021323323,False,False,False,False,False,False,False
final_ruehl_mask,mixed,36,270920296,31,DOWN,DOWN,2.958166995085776,False,True,False,False,False,False,False
final_ruehl_mask,mixed,36,270920296,32,DOWN,DOWN,3.1451669055968523,False,False,False,False,False,False,False
final_ruehl_mask,mixed,36,270920296,33,BOMB,BOMB,3.182915970683098,False,False,False,True,False,False,False
final_ruehl_mask,mixed,36,270920296,34,DOWN,DOWN,2.8412920655682683,False,False,False,False,False,False,False
final_ruehl_mask,mixed,36,270920296,35,DOWN,DOWN,2.6439590146765113,False,False,False,False,False,False,False
final_ruehl_mask,mixed,36,270920296,36,DOWN,DOWN,2.337042009457946,False,False,False,False,False,False,False
final_ruehl_mask,mixed,36,270920296,37,DOWN,DOWN,2.270875032991171,False,False,False,False,False,False,False
final_ruehl_mask,mixed,36,270920296,38,RIGHT,RIGHT,2.70475004799664,False,False,False,False,False,False,False
final_ruehl_mask,mixed,36,270920296,39,WAIT,WAIT,2.746333018876612,False,False,False,False,False,False,False
final_ruehl_mask,mixed,36,270920296,40,BOMB,BOMB,2.825375064276159,False,False,False,True,False,False,False
final_ruehl_mask,mixed,36,270920296,41,LEFT,LEFT,3.7352920044213533,False,True,False,False,False,False,False
final_ruehl_mask,mixed,36,270920296,42,UP,UP,3.279249998740852,False,False,False,False,False,False,False
final_ruehl_mask,mixed,36,270920296,43,UP,UP,3.404624992981553,False,False,False,False,False,False,False
final_ruehl_mask,mixed,36,270920296,44,UP,UP,3.474084078334272,False,False,False,False,False,False,False
final_ruehl_mask,mixed,36,270920296,45,UP,UP,3.5710829542949796,False,False,False,False,False,False,False
final_ruehl_mask,mixed,36,270920296,46,RIGHT,RIGHT,4.0268340380862355,False,False,False,False,False,False,False
final_ruehl_mask,mixed,36,270920296,47,BOMB,BOMB,3.4391250228509307,False,False,False,True,False,False,False
final_ruehl_mask,mixed,36,270920296,48,RIGHT,RIGHT,3.349750069901347,False,False,False,False,False,False,False
final_ruehl_mask,mixed,36,270920296,49,RIGHT,RIGHT,3.786124987527728,False,False,False,False,False,False,False
final_ruehl_mask,mixed,36,270920296,50,LEFT,LEFT,3.1629999866709113,False,False,False,False,False,False,False
final_ruehl_mask,mixed,36,270920296,51,DOWN,DOWN,3.263666993007064,False,True,False,False,False,False,False
final_ruehl_mask,mixed,36,270920296,52,DOWN,DOWN,3.3556249691173434,False,False,False,False,False,False,False
final_ruehl_mask,mixed,36,270920296,53,RIGHT,RIGHT,3.393332939594984,False,False,False,False,False,False,False
final_ruehl_mask,mixed,36,270920296,54,BOMB,BOMB,3.4090830013155937,False,False,False,True,False,False,False
final_ruehl_mask,mixed,36,270920296,55,LEFT,LEFT,3.3779579680413008,False,False,False,False,False,False,False
final_ruehl_mask,mixed,36,270920296,56,UP,UP,3.3947499468922615,False,False,False,False,False,False,False
final_ruehl_mask,mixed,36,270920296,57,UP,UP,3.602541983127594,False,False,False,False,False,False,False
final_ruehl_mask,mixed,36,270920296,58,LEFT,LEFT,3.819959005340934,False,False,False,False,False,False,False
final_ruehl_mask,mixed,36,270920296,59,LEFT,LEFT,4.064207896590233,False,False,False,False,False,False,False
final_ruehl_mask,mixed,36,270920296,60,UP,UP,4.049457958899438,False,False,False,False,False,False,False
final_ruehl_mask,mixed,36,270920296,61,UP,UP,3.745707916095853,False,True,False,False,False,False,False
final_ruehl_mask,mixed,36,270920296,62,BOMB,BOMB,3.5682079615071416,False,False,False,True,False,False,False
final_ruehl_mask,mixed,36,270920296,63,UP,UP,3.589999978430569,False,False,False,False,False,False,False
final_ruehl_mask,mixed,36,270920296,64,UP,UP,3.5110830795019865,False,False,False,False,False,False,False
final_ruehl_mask,mixed,36,270920296,65,RIGHT,RIGHT,3.478374914266169,False,False,False,False,False,False,False
final_ruehl_mask,mixed,36,270920296,66,RIGHT,RIGHT,3.5041250521317124,False,False,False,False,False,False,False
final_ruehl_mask,mixed,36,270920296,67,RIGHT,RIGHT,4.008542047813535,False,False,False,False,False,False,False
final_ruehl_mask,mixed,36,270920296,68,RIGHT,RIGHT,4.875416052527726,False,False,False,False,False,False,False
final_ruehl_mask,mixed,36,270920296,69,BOMB,BOMB,4.220750066451728,False,False,False,True,False,False,False
final_ruehl_mask,mixed,36,270920296,70,LEFT,LEFT,3.855291986837983,False,False,False,False,False,False,False
final_ruehl_mask,mixed,36,270920296,71,LEFT,LEFT,4.382207989692688,False,True,False,False,False,False,False
final_ruehl_mask,mixed,36,270920296,72,LEFT,LEFT,4.000499960966408,False,False,False,False,False,False,False
final_ruehl_mask,mixed,36,270920296,73,LEFT,LEFT,4.411166999489069,False,False,False,False,False,False,False
final_ruehl_mask,mixed,36,270920296,74,DOWN,DOWN,4.548583063296974,False,False,False,False,False,False,False
final_ruehl_mask,mixed,36,270920296,75,DOWN,DOWN,5.301333032548428,False,False,False,False,False,False,False
final_ruehl_mask,mixed,36,270920296,76,DOWN,DOWN,4.471125081181526,False,False,False,False,False,False,False
final_ruehl_mask,mixed,36,270920296,77,DOWN,DOWN,5.3015840239822865,False,False,False,False,False,False,False
final_ruehl_mask,mixed,36,270920296,78,DOWN,DOWN,5.121082998812199,False,False,False,False,False,False,False
final_ruehl_mask,mixed,36,270920296,79,DOWN,DOWN,4.340374958701432,False,False,False,False,False,False,False
final_ruehl_mask,mixed,36,270920296,80,DOWN,DOWN,4.715624963864684,False,False,False,False,False,False,False
final_ruehl_mask,mixed,36,270920296,81,DOWN,DOWN,4.143874975852668,False,True,False,False,False,False,False
final_ruehl_mask,mixed,36,270920296,82,BOMB,BOMB,4.097124910913408,False,False,False,True,False,False,False
final_ruehl_mask,mixed,36,270920296,83,RIGHT,RIGHT,3.981000045314431,False,False,False,False,False,False,False
final_ruehl_mask,mixed,36,270920296,84,RIGHT,RIGHT,3.77520895563066,False,False,False,False,False,False,False
final_ruehl_mask,mixed,36,270920296,85,RIGHT,RIGHT,4.84604190569371,False,False,False,False,False,False,False
final_ruehl_mask,mixed,36,270920296,86,RIGHT,RIGHT,4.4256249675527215,False,False,False,False,False,False,False
final_ruehl_mask,mixed,36,270920296,87,RIGHT,RIGHT,5.740874912589788,False,False,False,False,False,False,False
final_ruehl_mask,mixed,36,270920296,88,LEFT,LEFT,5.884875077754259,False,False,False,False,False,False,False
final_ruehl_mask,mixed,36,270920296,89,BOMB,BOMB,5.474208039231598,False,False,False,True,False,False,False
final_ruehl_mask,mixed,36,270920296,90,LEFT,LEFT,5.253082956187427,False,False,False,False,False,False,False
final_ruehl_mask,mixed,36,270920296,91,LEFT,LEFT,4.986958927474916,False,True,False,False,False,False,False
final_ruehl_mask,mixed,36,270920296,92,LEFT,LEFT,5.084999953396618,False,False,False,False,False,False,False
final_ruehl_mask,mixed,36,270920296,93,LEFT,LEFT,5.265292013064027,False,False,False,False,False,False,False
final_ruehl_mask,mixed,36,270920296,94,UP,UP,5.350291961804032,False,False,False,False,False,False,False
final_ruehl_mask,mixed,36,270920296,95,UP,UP,4.646499990485609,False,False,False,False,False,False,False
final_ruehl_mask,mixed,36,270920296,96,UP,UP,5.855040973983705,False,False,False,False,False,False,False
final_ruehl_mask,mixed,36,270920296,97,UP,UP,4.558334010653198,False,False,False,False,False,False,False
final_ruehl_mask,mixed,36,270920296,98,WAIT,WAIT,5.242999992333353,False,False,False,False,False,False,False
final_ruehl_mask,mixed,36,270920296,99,WAIT,WAIT,5.878082942217588,False,False,False,False,False,False,False
final_ruehl_mask,mixed,36,270920296,100,UP,UP,5.046042031608522,False,False,False,False,False,False,False
final_ruehl_mask,mixed,36,270920296,101,WAIT,WAIT,4.244083072990179,False,True,False,False,False,False,False
final_ruehl_mask,mixed,36,270920296,102,WAIT,WAIT,4.255709005519748,False,False,False,False,False,False,False
final_ruehl_mask,mixed,36,270920296,103,WAIT,WAIT,4.6743330312892795,False,False,False,False,False,False,False
final_ruehl_mask,mixed,36,270920296,104,WAIT,WAIT,4.53641708008945,False,False,False,False,False,False,False
final_ruehl_mask,mixed,36,270920296,105,WAIT,WAIT,4.520541988313198,False,False,False,False,False,False,False
final_ruehl_mask,mixed,36,270920296,106,WAIT,WAIT,4.545583040453494,False,False,False,False,False,False,False
final_ruehl_mask,mixed,36,270920296,107,UP,UP,4.396667005494237,False,False,False,False,False,False,False
final_ruehl_mask,mixed,36,270920296,108,UP,UP,4.374458105303347,False,False,False,False,False,False,False
final_ruehl_mask,mixed,36,270920296,109,UP,UP,4.072499927133322,False,False,False,False,False,False,False
final_ruehl_mask,mixed,36,270920296,110,DOWN,DOWN,4.036416066810489,False,False,False,False,False,False,False
final_ruehl_mask,mixed,36,270920296,111,DOWN,DOWN,3.4649589797481894,False,True,False,False,False,False,False
final_ruehl_mask,mixed,36,270920296,112,DOWN,DOWN,3.4459169255569577,False,False,False,False,False,False,False
final_ruehl_mask,mixed,36,270920296,113,DOWN,DOWN,4.029375035315752,False,False,False,False,False,False,False
final_ruehl_mask,mixed,36,270920296,114,DOWN,DOWN,4.278833977878094,False,False,False,False,False,False,False
final_ruehl_mask,mixed,36,270920296,115,DOWN,DOWN,4.006374976597726,False,False,False,False,False,False,False
final_ruehl_mask,mixed,36,270920296,116,WAIT,WAIT,4.195916000753641,False,False,False,False,False,False,False
final_ruehl_mask,mixed,36,270920296,117,DOWN,DOWN,4.318416933529079,False,False,False,False,False,False,False
final_ruehl_mask,mixed,36,270920296,118,WAIT,WAIT,4.174666944891214,False,False,False,False,False,False,False
final_ruehl_mask,mixed,36,270920296,119,WAIT,WAIT,4.208959056995809,False,False,False,False,False,False,False
final_ruehl_mask,mixed,36,270920296,120,WAIT,WAIT,4.1270420188084245,False,False,False,False,False,False,False
final_ruehl_mask,mixed,36,270920296,121,WAIT,WAIT,3.862541983835399,False,True,False,False,False,False,False
final_ruehl_mask,mixed,36,270920296,122,WAIT,WAIT,3.829166991636157,False,False,False,False,False,False,False
final_ruehl_mask,mixed,36,270920296,123,WAIT,WAIT,3.2621249556541443,False,False,False,False,False,False,False
final_ruehl_mask,mixed,36,270920296,124,WAIT,WAIT,3.350083949044347,False,False,False,False,False,False,False
final_ruehl_mask,mixed,36,270920296,125,DOWN,DOWN,3.731084056198597,False,False,False,False,False,False,True
final_ruehl_mask,mixed,36,270920296,126,BOMB,BOMB,3.999624983407557,False,False,False,True,True,False,True
final_ruehl_mask,mixed,36,270920296,127,DOWN,DOWN,3.4894580021500587,False,False,False,False,False,False,True
final_ruehl_mask,mixed,36,270920296,128,DOWN,DOWN,3.0668750405311584,False,False,False,False,False,False,True
final_ruehl_mask,mixed,36,270920296,129,DOWN,DOWN,3.3115840051323175,False,False,False,False,False,False,True
final_ruehl_mask,mixed,36,270920296,130,UP,UP,3.07075004093349,False,False,False,False,False,False,True
final_ruehl_mask,mixed,37,270920297,1,RIGHT,RIGHT,2.406249986961484,False,True,False,False,False,False,False
final_ruehl_mask,mixed,37,270920297,2,BOMB,BOMB,1.992708072066307,False,False,False,True,False,False,False
final_ruehl_mask,mixed,37,270920297,3,LEFT,LEFT,2.141249948181212,False,False,False,False,False,False,False
final_ruehl_mask,mixed,37,270920297,4,UP,UP,2.073041978292167,False,False,False,False,False,False,False
final_ruehl_mask,mixed,37,270920297,5,UP,UP,2.172917011193931,False,False,False,False,False,False,False
final_ruehl_mask,mixed,37,270920297,6,DOWN,DOWN,2.246667048893869,False,False,False,False,False,False,False
final_ruehl_mask,mixed,37,270920297,7,WAIT,WAIT,2.238333923742175,False,False,False,False,False,False,False
final_ruehl_mask,mixed,37,270920297,8,DOWN,DOWN,2.123542013578117,False,False,False,False,False,False,False
final_ruehl_mask,mixed,37,270920297,9,BOMB,BOMB,1.962917041964829,False,False,False,True,False,False,False
final_ruehl_mask,mixed,37,270920297,10,RIGHT,RIGHT,1.796333002857864,False,False,False,False,False,False,False
final_ruehl_mask,mixed,37,270920297,11,RIGHT,RIGHT,1.9040830666199327,False,True,False,False,False,False,False
final_ruehl_mask,mixed,37,270920297,12,RIGHT,RIGHT,2.182167023420334,False,False,False,False,False,False,False
final_ruehl_mask,mixed,37,270920297,13,RIGHT,RIGHT,2.242292044684291,False,False,False,False,False,False,False
final_ruehl_mask,mixed,37,270920297,14,UP,UP,2.3162500001490116,False,False,False,False,False,False,False
final_ruehl_mask,mixed,37,270920297,15,WAIT,WAIT,2.3042079992592335,False,False,False,False,False,False,False
final_ruehl_mask,mixed,37,270920297,16,BOMB,BOMB,2.097457996569574,False,False,False,True,False,False,False
final_ruehl_mask,mixed,37,270920297,17,DOWN,DOWN,2.173124928958714,False,False,False,False,False,False,False
final_ruehl_mask,mixed,37,270920297,18,LEFT,LEFT,2.203750074841082,False,False,False,False,False,False,False
final_ruehl_mask,mixed,37,270920297,19,LEFT,LEFT,2.476042020134628,False,False,False,False,False,False,False
final_ruehl_mask,mixed,37,270920297,20,LEFT,LEFT,2.522040973417461,False,False,False,False,False,False,False
final_ruehl_mask,mixed,37,270920297,21,LEFT,LEFT,2.6788749964907765,False,True,False,False,False,False,False
final_ruehl_mask,mixed,37,270920297,22,WAIT,WAIT,2.640874939970672,False,False,False,False,False,False,False
final_ruehl_mask,mixed,37,270920297,23,RIGHT,RIGHT,2.4648330872878432,False,False,False,False,False,False,False
final_ruehl_mask,mixed,37,270920297,24,RIGHT,RIGHT,2.3428749991580844,False,False,False,False,False,False,False
final_ruehl_mask,mixed,37,270920297,25,BOMB,BOMB,2.2019579773768783,False,False,False,True,False,False,False
final_ruehl_mask,mixed,37,270920297,26,RIGHT,RIGHT,2.371625043451786,False,False,False,False,False,False,False
final_ruehl_mask,mixed,37,270920297,27,RIGHT,RIGHT,2.5856669526547194,False,False,False,False,False,False,False
final_ruehl_mask,mixed,37,270920297,28,UP,UP,2.6980419643223286,False,False,False,False,False,False,False
final_ruehl_mask,mixed,37,270920297,29,UP,UP,2.824833965860307,False,False,False,False,False,False,False
final_ruehl_mask,mixed,37,270920297,30,WAIT,WAIT,3.00137500744313,False,False,False,False,False,False,False
final_ruehl_mask,mixed,37,270920297,31,UP,UP,2.9097090009599924,False,True,False,False,False,False,True
final_ruehl_mask,mixed,37,270920297,32,BOMB,BOMB,2.985042054206133,False,False,False,True,False,False,True
final_ruehl_mask,mixed,37,270920297,33,UP,UP,2.725000027567148,False,False,False,False,False,False,True
final_ruehl_mask,mixed,37,270920297,34,UP,UP,2.6007500709965825,False,False,False,False,False,False,True
final_ruehl_mask,mixed,37,270920297,35,DOWN,DOWN,2.657333971001208,False,False,False,False,False,False,True
final_ruehl_mask,mixed,37,270920297,36,UP,UP,2.726209000684321,False,False,False,False,False,False,True
final_ruehl_mask,mixed,38,270920298,1,DOWN,DOWN,2.3214170942083,False,True,False,False,False,False,False
final_ruehl_mask,mixed,38,270920298,2,BOMB,BOMB,2.0467499271035194,False,False,False,True,False,False,False
final_ruehl_mask,mixed,38,270920298,3,UP,UP,2.0392079604789615,False,False,False,False,False,False,False
final_ruehl_mask,mixed,38,270920298,4,LEFT,LEFT,2.0762919448316097,False,False,False,False,False,False,False
final_ruehl_mask,mixed,38,270920298,5,WAIT,WAIT,2.1120839519426227,False,False,False,False,False,False,False
final_ruehl_mask,mixed,38,270920298,6,WAIT,WAIT,2.0211669616401196,False,False,False,False,False,False,False
final_ruehl_mask,mixed,38,270920298,7,WAIT,WAIT,2.1404169965535402,False,False,False,False,False,False,False
final_ruehl_mask,mixed,38,270920298,8,RIGHT,RIGHT,2.0500830141827464,False,False,False,False,False,False,False
final_ruehl_mask,mixed,38,270920298,9,BOMB,BOMB,2.1804169518873096,False,False,False,True,False,False,False
final_ruehl_mask,mixed,38,270920298,10,DOWN,DOWN,1.9619170343503356,False,False,False,False,False,False,False
final_ruehl_mask,mixed,38,270920298,11,DOWN,DOWN,1.8637919565662742,False,True,False,False,False,False,False
final_ruehl_mask,mixed,38,270920298,12,DOWN,DOWN,1.8363749841228127,False,False,False,False,False,False,False
final_ruehl_mask,mixed,38,270920298,13,DOWN,DOWN,1.858582952991128,False,False,False,False,False,False,False
final_ruehl_mask,mixed,38,270920298,14,WAIT,WAIT,2.235500025562942,False,False,False,False,False,False,False
final_ruehl_mask,mixed,38,270920298,15,UP,UP,2.3958750534802675,False,False,False,False,False,False,False
final_ruehl_mask,mixed,38,270920298,16,BOMB,BOMB,2.4237080942839384,False,False,False,True,False,False,False
final_ruehl_mask,mixed,38,270920298,17,UP,UP,2.1862080320715904,False,False,False,False,False,False,False
final_ruehl_mask,mixed,38,270920298,18,UP,UP,2.3933749180287123,False,False,False,False,False,False,False
final_ruehl_mask,mixed,38,270920298,19,UP,UP,2.300208085216582,False,False,False,False,False,False,False
final_ruehl_mask,mixed,38,270920298,20,LEFT,LEFT,2.490708022378385,False,False,False,False,False,False,False
final_ruehl_mask,mixed,38,270920298,21,LEFT,LEFT,3.5517080686986446,False,True,False,False,False,False,False
final_ruehl_mask,mixed,38,270920298,22,LEFT,LEFT,3.068292047828436,False,False,False,False,False,False,False
final_ruehl_mask,mixed,38,270920298,23,BOMB,BOMB,3.210916998796165,False,False,False,True,False,False,False
final_ruehl_mask,mixed,38,270920298,24,RIGHT,RIGHT,2.7435829397290945,False,False,False,False,False,False,False
final_ruehl_mask,mixed,38,270920298,25,RIGHT,RIGHT,2.696082927286625,False,False,False,False,False,False,False
final_ruehl_mask,mixed,38,270920298,26,RIGHT,RIGHT,2.6204580208286643,False,False,False,False,False,False,False
final_ruehl_mask,mixed,38,270920298,27,DOWN,DOWN,2.7937499107792974,False,False,False,False,False,False,False
final_ruehl_mask,mixed,38,270920298,28,DOWN,DOWN,2.8852500254288316,False,False,False,False,False,False,False
final_ruehl_mask,mixed,38,270920298,29,DOWN,DOWN,2.978125005029142,False,False,False,False,False,False,False
final_ruehl_mask,mixed,38,270920298,30,DOWN,DOWN,2.658040961250663,False,False,False,False,False,False,False
final_ruehl_mask,mixed,38,270920298,31,DOWN,DOWN,2.734583104029298,False,True,False,False,False,False,False
final_ruehl_mask,mixed,38,270920298,32,DOWN,DOWN,2.8914579888805747,False,False,False,False,False,False,True
final_ruehl_mask,mixed,38,270920298,33,BOMB,BOMB,3.116958076134324,False,False,False,True,False,False,True
final_ruehl_mask,mixed,38,270920298,34,LEFT,LEFT,2.7900419663637877,False,False,False,False,False,False,True
final_ruehl_mask,mixed,38,270920298,35,WAIT,WAIT,3.29783302731812,False,False,False,False,False,False,True
final_ruehl_mask,mixed,38,270920298,36,WAIT,WAIT,2.6728749508038163,False,False,False,False,False,False,True
final_ruehl_mask,mixed,38,270920298,37,WAIT,WAIT,2.599208033643663,False,False,False,False,False,False,True
final_ruehl_mask,mixed,39,270920299,1,BOMB,BOMB,2.7077500708401203,False,True,False,True,False,False,False
final_ruehl_mask,mixed,39,270920299,2,DOWN,DOWN,2.178457914851606,False,False,False,False,False,False,False
final_ruehl_mask,mixed,39,270920299,3,DOWN,DOWN,2.1751660387963057,False,False,False,False,False,False,False
final_ruehl_mask,mixed,39,270920299,4,RIGHT,RIGHT,2.279000007547438,False,False,False,False,False,False,False
final_ruehl_mask,mixed,39,270920299,5,WAIT,WAIT,2.3322920314967632,False,False,False,False,False,False,False
final_ruehl_mask,mixed,39,270920299,6,WAIT,WAIT,2.381458063609898,False,False,False,False,False,False,False
final_ruehl_mask,mixed,39,270920299,7,WAIT,WAIT,3.2127080485224724,False,False,False,False,False,False,False
final_ruehl_mask,mixed,39,270920299,8,BOMB,BOMB,2.8219170635566115,False,False,False,True,False,False,False
final_ruehl_mask,mixed,39,270920299,9,LEFT,LEFT,2.4039590498432517,False,False,False,False,False,False,False
final_ruehl_mask,mixed,39,270920299,10,UP,UP,2.411915920674801,False,False,False,False,False,False,False
final_ruehl_mask,mixed,39,270920299,11,UP,UP,2.5454589631408453,False,True,False,False,False,False,False
final_ruehl_mask,mixed,39,270920299,12,RIGHT,RIGHT,2.8387500206008554,False,False,False,False,False,False,False
final_ruehl_mask,mixed,39,270920299,13,RIGHT,RIGHT,2.823416027240455,False,False,False,False,False,False,False
final_ruehl_mask,mixed,39,270920299,14,RIGHT,RIGHT,2.615832956507802,False,False,False,False,False,False,False
final_ruehl_mask,mixed,39,270920299,15,BOMB,BOMB,2.7372919721528888,False,False,False,True,False,False,False
final_ruehl_mask,mixed,39,270920299,16,LEFT,LEFT,2.4899999843910336,False,False,False,False,False,False,False
final_ruehl_mask,mixed,39,270920299,17,LEFT,LEFT,2.459291950799525,False,False,False,False,False,False,False
final_ruehl_mask,mixed,39,270920299,18,LEFT,LEFT,2.073833020403981,False,False,False,False,False,False,False
final_ruehl_mask,mixed,39,270920299,19,DOWN,DOWN,2.2004160564392805,False,False,False,False,False,False,False
final_ruehl_mask,mixed,39,270920299,20,DOWN,DOWN,2.33458389993757,False,False,False,False,False,False,False
final_ruehl_mask,mixed,39,270920299,21,DOWN,DOWN,2.8362079756334424,False,True,False,False,False,False,False
final_ruehl_mask,mixed,39,270920299,22,BOMB,BOMB,2.715833019465208,False,False,False,True,False,False,False
final_ruehl_mask,mixed,39,270920299,23,UP,UP,2.625958062708378,False,False,False,False,False,False,False
final_ruehl_mask,mixed,39,270920299,24,RIGHT,RIGHT,2.701957942917943,False,False,False,False,False,False,False
final_ruehl_mask,mixed,39,270920299,25,RIGHT,RIGHT,2.7305419789627194,False,False,False,False,False,False,False
final_ruehl_mask,mixed,39,270920299,26,RIGHT,RIGHT,2.703457954339683,False,False,False,False,False,False,False
final_ruehl_mask,mixed,39,270920299,27,RIGHT,RIGHT,2.8473339043557644,False,False,False,False,False,False,False
final_ruehl_mask,mixed,39,270920299,28,WAIT,WAIT,2.602041931822896,False,False,False,False,False,False,False
final_ruehl_mask,mixed,39,270920299,29,BOMB,BOMB,2.765791956335306,False,False,False,True,False,False,False
final_ruehl_mask,mixed,39,270920299,30,LEFT,LEFT,2.7525000041350722,False,False,False,False,False,False,False
final_ruehl_mask,mixed,39,270920299,31,LEFT,LEFT,2.77591694612056,False,True,False,False,False,False,False
final_ruehl_mask,mixed,39,270920299,32,LEFT,LEFT,2.7934579411521554,False,False,False,False,False,False,False
final_ruehl_mask,mixed,39,270920299,33,LEFT,LEFT,3.2885840628296137,False,False,False,False,False,False,False
final_ruehl_mask,mixed,39,270920299,34,DOWN,DOWN,3.7160420324653387,False,False,False,False,False,False,False
final_ruehl_mask,mixed,39,270920299,35,DOWN,DOWN,3.5290829837322235,False,False,False,False,False,False,False
final_ruehl_mask,mixed,39,270920299,36,DOWN,DOWN,3.5224170424044132,False,False,False,False,False,False,False
final_ruehl_mask,mixed,39,270920299,37,DOWN,DOWN,3.0228339601308107,False,False,False,False,False,False,False
final_ruehl_mask,mixed,39,270920299,38,DOWN,DOWN,3.040792071260512,False,False,False,False,False,False,False
final_ruehl_mask,mixed,39,270920299,39,DOWN,DOWN,2.9749999521300197,False,False,False,False,False,False,False
final_ruehl_mask,mixed,39,270920299,40,DOWN,DOWN,3.513791016303003,False,False,False,False,False,False,False
final_ruehl_mask,mixed,39,270920299,41,DOWN,DOWN,3.434083075262606,False,True,False,False,False,False,False
final_ruehl_mask,mixed,39,270920299,42,BOMB,BOMB,3.4282499691471457,False,False,False,True,False,False,False
final_ruehl_mask,mixed,39,270920299,43,DOWN,DOWN,3.623250056989491,False,False,False,False,False,False,False
final_ruehl_mask,mixed,39,270920299,44,DOWN,DOWN,3.660749993287027,False,False,False,False,False,False,False
final_ruehl_mask,mixed,39,270920299,45,RIGHT,RIGHT,3.578291041776538,False,False,False,False,False,False,False
final_ruehl_mask,mixed,39,270920299,46,RIGHT,RIGHT,3.374999971129,False,False,False,False,False,False,False
final_ruehl_mask,mixed,39,270920299,47,RIGHT,RIGHT,3.570792032405734,False,False,False,False,False,False,False
final_ruehl_mask,mixed,39,270920299,48,RIGHT,RIGHT,3.387375036254525,False,False,False,False,False,False,False
final_ruehl_mask,mixed,39,270920299,49,BOMB,BOMB,3.6626659566536546,False,False,False,True,False,False,False
final_ruehl_mask,mixed,39,270920299,50,UP,UP,3.394708037376404,False,False,False,False,False,False,False
final_ruehl_mask,mixed,39,270920299,51,UP,UP,3.3674999140203,False,True,False,False,False,False,False
final_ruehl_mask,mixed,39,270920299,52,LEFT,LEFT,3.3729160204529762,False,False,False,False,False,False,False
final_ruehl_mask,mixed,39,270920299,53,LEFT,LEFT,3.314457950182259,False,False,False,False,False,False,False
final_ruehl_mask,mixed,39,270920299,54,LEFT,LEFT,3.5478329518809915,False,False,False,False,False,False,False
final_ruehl_mask,mixed,39,270920299,55,LEFT,LEFT,4.906374961137772,False,False,False,False,False,False,False
final_ruehl_mask,mixed,39,270920299,56,UP,UP,4.806041019037366,False,False,False,False,False,False,False
final_ruehl_mask,mixed,39,270920299,57,UP,UP,4.527291050180793,False,False,False,False,False,False,False
final_ruehl_mask,mixed,39,270920299,58,BOMB,BOMB,4.583583096973598,False,False,False,True,False,False,False
final_ruehl_mask,mixed,39,270920299,59,UP,UP,4.259750014171004,False,False,False,False,False,False,False
final_ruehl_mask,mixed,39,270920299,60,UP,UP,4.222334013320506,False,False,False,False,False,False,False
final_ruehl_mask,mixed,39,270920299,61,RIGHT,RIGHT,4.160249955020845,False,True,False,False,False,False,False
final_ruehl_mask,mixed,39,270920299,62,WAIT,WAIT,4.083707928657532,False,False,False,False,False,False,False
final_ruehl_mask,mixed,39,270920299,63,WAIT,WAIT,3.620041999965906,False,False,False,False,False,False,False
final_ruehl_mask,mixed,39,270920299,64,WAIT,WAIT,3.699874971061945,False,False,False,False,False,False,False
final_ruehl_mask,mixed,39,270920299,65,BOMB,BOMB,3.714499995112419,False,False,False,True,False,False,False
final_ruehl_mask,mixed,39,270920299,66,LEFT,LEFT,3.5177089739590883,False,False,False,False,False,False,False
final_ruehl_mask,mixed,39,270920299,67,UP,UP,3.7668750155717134,False,False,False,False,False,False,False
final_ruehl_mask,mixed,39,270920299,68,UP,UP,3.8380828918889165,False,False,False,False,False,False,False
final_ruehl_mask,mixed,39,270920299,69,UP,UP,3.8860419299453497,False,False,False,False,False,False,False
final_ruehl_mask,mixed,39,270920299,70,UP,UP,4.070542054250836,False,False,False,False,False,False,False
final_ruehl_mask,mixed,39,270920299,71,RIGHT,RIGHT,4.380124970339239,False,True,False,False,False,False,False
final_ruehl_mask,mixed,39,270920299,72,RIGHT,RIGHT,4.245540942065418,False,False,False,False,False,False,False
final_ruehl_mask,mixed,39,270920299,73,RIGHT,RIGHT,4.269542056135833,False,False,False,False,False,False,False
final_ruehl_mask,mixed,39,270920299,74,RIGHT,RIGHT,4.50795900542289,False,False,False,False,False,False,False
final_ruehl_mask,mixed,39,270920299,75,RIGHT,RIGHT,4.9001669976860285,False,False,False,False,False,False,False
final_ruehl_mask,mixed,39,270920299,76,RIGHT,RIGHT,4.314542049542069,False,False,False,False,False,False,False
final_ruehl_mask,mixed,39,270920299,77,RIGHT,RIGHT,4.259040928445756,False,False,False,False,False,False,True
final_ruehl_mask,mixed,39,270920299,78,BOMB,BOMB,3.978125052526593,False,False,False,True,False,False,True
final_ruehl_mask,mixed,39,270920299,79,LEFT,LEFT,4.037542035803199,False,False,False,False,False,False,True
final_ruehl_mask,mixed,39,270920299,80,LEFT,LEFT,4.042749991640449,False,False,False,False,False,False,True
final_ruehl_mask,mixed,39,270920299,81,WAIT,WAIT,4.050582996569574,False,True,True,False,False,False,True
final_ruehl_mask,mixed,39,270920299,82,LEFT,LEFT,3.9015000220388174,False,False,False,False,False,False,True
final_ruehl_mask,mixed,40,270920300,1,LEFT,LEFT,2.3046660935506225,False,True,False,False,False,False,False
final_ruehl_mask,mixed,40,270920300,2,BOMB,BOMB,2.040291903540492,False,False,False,True,False,False,False
final_ruehl_mask,mixed,40,270920300,3,RIGHT,RIGHT,2.092542010359466,False,False,False,False,False,False,False
final_ruehl_mask,mixed,40,270920300,4,DOWN,DOWN,2.329624956473708,False,False,False,False,False,False,False
final_ruehl_mask,mixed,40,270920300,5,WAIT,WAIT,2.2386659402400255,False,False,False,False,False,False,False
final_ruehl_mask,mixed,40,270920300,6,WAIT,WAIT,2.117666997946799,False,False,False,False,False,False,False
final_ruehl_mask,mixed,40,270920300,7,WAIT,WAIT,2.281834022141993,False,False,False,False,False,False,False
final_ruehl_mask,mixed,40,270920300,8,UP,UP,2.2497500758618116,False,False,False,False,False,False,False
final_ruehl_mask,mixed,40,270920300,9,LEFT,LEFT,2.2810420487076044,False,False,False,False,False,False,False
final_ruehl_mask,mixed,40,270920300,10,LEFT,LEFT,2.342916908673942,False,False,False,False,False,False,True
final_ruehl_mask,mixed,40,270920300,11,BOMB,BOMB,2.4604579666629434,False,True,False,True,False,False,True
final_ruehl_mask,mixed,40,270920300,12,LEFT,LEFT,2.373875002376735,False,False,False,False,False,False,True
final_ruehl_mask,mixed,40,270920300,13,LEFT,LEFT,2.2294579539448023,False,False,False,False,False,False,True
final_ruehl_mask,mixed,40,270920300,14,RIGHT,RIGHT,2.266500028781593,False,False,False,False,False,False,True
final_ruehl_mask,mixed,40,270920300,15,LEFT,LEFT,2.2941669449210167,False,False,False,False,False,False,True
final_ruehl_mask,mixed,41,270920301,1,LEFT,LEFT,2.0515830256044865,False,True,False,False,False,False,False
final_ruehl_mask,mixed,41,270920301,2,BOMB,BOMB,2.1666670218110085,False,False,False,True,False,False,False
final_ruehl_mask,mixed,41,270920301,3,RIGHT,RIGHT,2.101041958667338,False,False,False,False,False,False,False
final_ruehl_mask,mixed,41,270920301,4,UP,UP,2.42870906367898,False,False,False,False,False,False,False
final_ruehl_mask,mixed,41,270920301,5,UP,UP,2.478000009432435,False,False,False,False,False,False,False
final_ruehl_mask,mixed,41,270920301,6,LEFT,LEFT,2.3940829560160637,False,False,False,False,False,False,False
final_ruehl_mask,mixed,41,270920301,7,WAIT,WAIT,2.429625019431114,False,False,False,False,False,False,False
final_ruehl_mask,mixed,41,270920301,8,WAIT,WAIT,2.1934580290690064,False,False,False,False,False,False,False
final_ruehl_mask,mixed,41,270920301,9,BOMB,BOMB,2.352583920583129,False,False,False,True,False,False,False
final_ruehl_mask,mixed,41,270920301,10,RIGHT,RIGHT,2.2081249626353383,False,False,False,False,False,False,False
final_ruehl_mask,mixed,41,270920301,11,DOWN,DOWN,2.428624895401299,False,True,False,False,False,False,False
final_ruehl_mask,mixed,41,270920301,12,DOWN,DOWN,2.6150409830734134,False,False,False,False,False,False,False
final_ruehl_mask,mixed,41,270920301,13,LEFT,LEFT,2.1944999461993575,False,False,False,False,False,False,False
final_ruehl_mask,mixed,41,270920301,14,LEFT,LEFT,2.359707956202328,False,False,False,False,False,False,False
final_ruehl_mask,mixed,41,270920301,15,LEFT,LEFT,2.8603330720216036,False,False,False,False,False,False,False
final_ruehl_mask,mixed,41,270920301,16,LEFT,LEFT,2.692249952815473,False,False,False,False,False,False,False
final_ruehl_mask,mixed,41,270920301,17,LEFT,LEFT,2.693749964237213,False,False,False,False,False,False,False
final_ruehl_mask,mixed,41,270920301,18,BOMB,BOMB,2.4823329877108335,False,False,False,True,False,False,False
final_ruehl_mask,mixed,41,270920301,19,RIGHT,RIGHT,2.411249908618629,False,False,False,False,False,False,False
final_ruehl_mask,mixed,41,270920301,20,RIGHT,RIGHT,2.5080000050365925,False,False,False,False,False,False,False
final_ruehl_mask,mixed,41,270920301,21,RIGHT,RIGHT,2.621249994263053,False,True,False,False,False,False,False
final_ruehl_mask,mixed,41,270920301,22,RIGHT,RIGHT,2.868209034204483,False,False,False,False,False,False,False
final_ruehl_mask,mixed,41,270920301,23,RIGHT,RIGHT,3.048375016078353,False,False,False,False,False,False,False
final_ruehl_mask,mixed,41,270920301,24,UP,UP,3.306125057861209,False,False,False,False,False,False,False
final_ruehl_mask,mixed,41,270920301,25,BOMB,BOMB,3.2621249556541443,False,False,False,True,False,False,False
final_ruehl_mask,mixed,41,270920301,26,UP,UP,3.6486670142039657,False,False,False,False,False,False,False
final_ruehl_mask,mixed,41,270920301,27,LEFT,LEFT,3.091624937951565,False,False,False,False,False,False,False
final_ruehl_mask,mixed,41,270920301,28,LEFT,LEFT,3.1022499315440655,False,False,False,False,False,False,False
final_ruehl_mask,mixed,41,270920301,29,LEFT,LEFT,3.429042058996856,False,False,False,False,False,False,False
final_ruehl_mask,mixed,41,270920301,30,LEFT,LEFT,4.21654200181365,False,False,False,False,False,False,False
final_ruehl_mask,mixed,41,270920301,31,DOWN,DOWN,3.352374886162579,False,True,False,False,False,False,False
final_ruehl_mask,mixed,41,270920301,32,BOMB,BOMB,3.4767090110108256,False,False,False,True,False,False,False
final_ruehl_mask,mixed,41,270920301,33,DOWN,DOWN,3.316250047646463,False,False,False,False,False,False,False
final_ruehl_mask,mixed,41,270920301,34,LEFT,LEFT,3.5574580542743206,False,False,False,False,False,False,False
final_ruehl_mask,mixed,41,270920301,35,LEFT,LEFT,3.1999590573832393,False,False,False,False,False,False,False
final_ruehl_mask,mixed,41,270920301,36,LEFT,LEFT,3.142624977044761,False,False,False,False,False,False,False
final_ruehl_mask,mixed,41,270920301,37,LEFT,LEFT,2.880500047467649,False,False,False,False,False,False,False
final_ruehl_mask,mixed,41,270920301,38,LEFT,LEFT,3.102416987530887,False,False,False,False,False,False,False
final_ruehl_mask,mixed,41,270920301,39,BOMB,BOMB,2.818542066961527,False,False,False,True,True,False,False
final_ruehl_mask,mixed,41,270920301,40,LEFT,LEFT,2.7693751035258174,False,False,False,False,False,False,False
final_ruehl_mask,mixed,41,270920301,41,LEFT,LEFT,2.760290983133018,False,True,False,False,False,False,False
final_ruehl_mask,mixed,41,270920301,42,LEFT,LEFT,2.6576670352369547,False,False,False,False,False,False,False
final_ruehl_mask,mixed,41,270920301,43,LEFT,LEFT,2.663249964825809,False,False,False,False,False,False,False
final_ruehl_mask,mixed,41,270920301,44,LEFT,LEFT,2.7393329655751586,False,False,False,False,False,False,False
final_ruehl_mask,mixed,41,270920301,45,UP,UP,2.74733395781368,False,False,False,False,False,False,False
final_ruehl_mask,mixed,41,270920301,46,UP,UP,3.324707970023155,False,False,False,False,False,False,False
final_ruehl_mask,mixed,41,270920301,47,BOMB,BOMB,3.071166924200952,False,False,False,True,False,False,False
final_ruehl_mask,mixed,41,270920301,48,UP,UP,2.7199999894946814,False,False,False,False,False,False,False
final_ruehl_mask,mixed,41,270920301,49,UP,UP,2.6439590146765113,False,False,False,False,False,False,False
final_ruehl_mask,mixed,41,270920301,50,UP,UP,2.66716699115932,False,False,False,False,False,False,False
final_ruehl_mask,mixed,41,270920301,51,UP,UP,2.9598750406876206,False,True,False,False,False,False,False
final_ruehl_mask,mixed,41,270920301,52,UP,UP,3.371124970726669,False,False,False,False,False,False,False
final_ruehl_mask,mixed,41,270920301,53,UP,UP,3.3564999466761947,False,False,False,False,False,False,False
final_ruehl_mask,mixed,41,270920301,54,BOMB,BOMB,3.0214160215109587,False,False,False,True,False,False,False
final_ruehl_mask,mixed,41,270920301,55,UP,UP,3.2187500037252903,False,False,False,False,False,False,False
final_ruehl_mask,mixed,41,270920301,56,UP,UP,2.8898330638185143,False,False,False,False,False,False,False
final_ruehl_mask,mixed,41,270920301,57,RIGHT,RIGHT,2.636832999996841,False,False,False,False,False,False,False
final_ruehl_mask,mixed,41,270920301,58,RIGHT,RIGHT,3.1780418939888477,False,False,False,False,False,False,False
final_ruehl_mask,mixed,41,270920301,59,DOWN,DOWN,3.608542028814554,False,False,False,False,False,False,False
final_ruehl_mask,mixed,41,270920301,60,DOWN,DOWN,3.323625074699521,False,False,False,False,False,False,False
final_ruehl_mask,mixed,41,270920301,61,BOMB,BOMB,4.4824579963460565,False,True,False,True,False,False,False
final_ruehl_mask,mixed,41,270920301,62,DOWN,DOWN,3.8794580614194274,False,False,False,False,False,False,False
final_ruehl_mask,mixed,41,270920301,63,DOWN,DOWN,3.486500005237758,False,False,False,False,False,False,False
final_ruehl_mask,mixed,41,270920301,64,RIGHT,RIGHT,3.3500409917905927,False,False,False,False,False,False,False
final_ruehl_mask,mixed,41,270920301,65,WAIT,WAIT,3.1427090289071202,False,False,False,False,False,False,False
final_ruehl_mask,mixed,41,270920301,66,RIGHT,RIGHT,3.156334045343101,False,False,False,False,False,False,False
final_ruehl_mask,mixed,41,270920301,67,DOWN,DOWN,3.4797919215634465,False,False,False,False,False,False,False
final_ruehl_mask,mixed,41,270920301,68,DOWN,DOWN,3.2736659049987793,False,False,False,False,False,False,False
final_ruehl_mask,mixed,41,270920301,69,DOWN,DOWN,3.62249999307096,False,False,False,False,False,False,False
final_ruehl_mask,mixed,41,270920301,70,DOWN,DOWN,3.288417006842792,False,False,False,False,False,False,False
final_ruehl_mask,mixed,41,270920301,71,DOWN,DOWN,3.4197079949080944,False,True,False,False,False,False,False
final_ruehl_mask,mixed,41,270920301,72,DOWN,DOWN,4.892291966825724,False,False,False,False,False,False,False
final_ruehl_mask,mixed,41,270920301,73,UP,UP,4.7883749939501286,False,False,False,False,False,False,False
final_ruehl_mask,mixed,41,270920301,74,UP,UP,4.398333956487477,False,False,False,False,False,False,False
final_ruehl_mask,mixed,41,270920301,75,BOMB,BOMB,4.60437498986721,False,False,False,True,False,False,False
final_ruehl_mask,mixed,41,270920301,76,UP,UP,3.990874974988401,False,False,False,False,False,False,False
final_ruehl_mask,mixed,41,270920301,77,UP,UP,3.7198750069364905,False,False,False,False,False,False,False
final_ruehl_mask,mixed,41,270920301,78,RIGHT,RIGHT,3.770875046029687,False,False,False,False,False,False,False
final_ruehl_mask,mixed,41,270920301,79,RIGHT,RIGHT,4.21508401632309,False,False,False,False,False,False,False
final_ruehl_mask,mixed,41,270920301,80,UP,UP,4.024500027298927,False,False,False,False,False,False,False
final_ruehl_mask,mixed,41,270920301,81,UP,UP,3.4840001026168466,False,True,False,False,False,False,False
final_ruehl_mask,mixed,41,270920301,82,BOMB,BOMB,4.499124945141375,False,False,False,True,True,False,False
final_ruehl_mask,mixed,41,270920301,83,LEFT,LEFT,3.496459103189409,False,False,False,False,False,False,False
final_ruehl_mask,mixed,41,270920301,84,LEFT,LEFT,3.4528329269960523,False,False,False,False,False,False,False
final_ruehl_mask,mixed,41,270920301,85,DOWN,DOWN,3.794583026319742,False,False,False,False,False,False,False
final_ruehl_mask,mixed,41,270920301,86,DOWN,DOWN,3.8265419425442815,False,False,False,False,False,False,False
final_ruehl_mask,mixed,41,270920301,87,DOWN,DOWN,5.241332924924791,False,False,False,False,False,False,False
final_ruehl_mask,mixed,41,270920301,88,DOWN,DOWN,4.397292039357126,False,False,False,False,False,False,False
final_ruehl_mask,mixed,41,270920301,89,DOWN,DOWN,4.680083016864955,False,False,False,False,False,False,False
final_ruehl_mask,mixed,41,270920301,90,DOWN,DOWN,4.195749992504716,False,False,False,False,False,False,False
final_ruehl_mask,mixed,41,270920301,91,LEFT,LEFT,4.310542019084096,False,True,False,False,False,False,False
final_ruehl_mask,mixed,41,270920301,92,LEFT,LEFT,4.025332978926599,False,False,False,False,False,False,False
final_ruehl_mask,mixed,41,270920301,93,BOMB,BOMB,3.6877919919788837,False,False,False,True,False,False,False
final_ruehl_mask,mixed,41,270920301,94,LEFT,LEFT,3.671000013127923,False,False,False,False,False,False,False
final_ruehl_mask,mixed,41,270920301,95,LEFT,LEFT,3.792750067077577,False,False,False,False,False,False,False
final_ruehl_mask,mixed,41,270920301,96,UP,UP,4.195707966573536,False,False,False,False,False,False,False
final_ruehl_mask,mixed,41,270920301,97,UP,UP,4.252374987117946,False,False,False,False,False,False,False
final_ruehl_mask,mixed,41,270920301,98,RIGHT,RIGHT,5.278708063997328,False,False,False,False,False,False,False
final_ruehl_mask,mixed,41,270920301,99,RIGHT,RIGHT,4.7846249071881175,False,False,False,False,False,False,False
final_ruehl_mask,mixed,41,270920301,100,DOWN,DOWN,5.124917021021247,False,False,False,False,False,False,False
final_ruehl_mask,mixed,41,270920301,101,DOWN,DOWN,4.662540974095464,False,True,False,False,False,False,False
final_ruehl_mask,mixed,41,270920301,102,RIGHT,RIGHT,5.267875036224723,False,False,False,False,False,False,False
final_ruehl_mask,mixed,41,270920301,103,RIGHT,RIGHT,4.240915994159877,False,False,False,False,False,False,False
final_ruehl_mask,mixed,41,270920301,104,RIGHT,RIGHT,4.133041016757488,False,False,False,False,False,False,False
final_ruehl_mask,mixed,41,270920301,105,RIGHT,RIGHT,3.166374983265996,False,False,False,False,False,False,False
final_ruehl_mask,mixed,41,270920301,106,RIGHT,RIGHT,3.5245000617578626,False,False,False,False,False,False,False
final_ruehl_mask,mixed,41,270920301,107,WAIT,WAIT,2.9857499757781625,False,False,False,False,False,False,False
final_ruehl_mask,mixed,41,270920301,108,RIGHT,RIGHT,3.690041950903833,False,False,False,False,False,False,False
final_ruehl_mask,mixed,41,270920301,109,RIGHT,RIGHT,3.5677080741152167,False,False,False,False,False,False,False
final_ruehl_mask,mixed,41,270920301,110,RIGHT,RIGHT,3.7939160829409957,False,False,False,False,False,False,False
final_ruehl_mask,mixed,41,270920301,111,UP,UP,3.978958004154265,False,True,False,False,False,False,False
final_ruehl_mask,mixed,41,270920301,112,UP,UP,3.746042028069496,False,False,False,False,False,False,False
final_ruehl_mask,mixed,41,270920301,113,UP,UP,4.096334101632237,False,False,False,False,False,False,False
final_ruehl_mask,mixed,41,270920301,114,UP,UP,4.477499984204769,False,False,False,False,False,False,True
final_ruehl_mask,mixed,41,270920301,115,BOMB,BOMB,4.452374996617436,False,False,False,True,False,False,True
final_ruehl_mask,mixed,41,270920301,116,RIGHT,RIGHT,3.9310830179601908,False,False,False,False,False,False,True
final_ruehl_mask,mixed,41,270920301,117,RIGHT,RIGHT,3.9533330127596855,False,False,False,False,False,False,True
final_ruehl_mask,mixed,41,270920301,118,LEFT,LEFT,3.8806250086054206,False,False,False,False,False,False,True
final_ruehl_mask,mixed,41,270920301,119,RIGHT,RIGHT,3.9238750468939543,False,False,False,False,False,False,True
final_ruehl_mask,mixed,42,270920302,1,DOWN,DOWN,2.3571669589728117,False,True,False,False,False,False,False
final_ruehl_mask,mixed,42,270920302,2,DOWN,DOWN,1.853250083513558,False,False,False,False,False,False,False
final_ruehl_mask,mixed,42,270920302,3,BOMB,BOMB,1.841540914028883,False,False,False,True,False,False,False
final_ruehl_mask,mixed,42,270920302,4,UP,UP,1.8102499889209867,False,False,False,False,False,False,False
final_ruehl_mask,mixed,42,270920302,5,UP,UP,2.094541909173131,False,False,False,False,False,False,False
final_ruehl_mask,mixed,42,270920302,6,LEFT,LEFT,2.2837499855086207,False,False,False,False,False,False,False
final_ruehl_mask,mixed,42,270920302,7,WAIT,WAIT,2.1639169426634908,False,False,False,False,False,False,False
final_ruehl_mask,mixed,42,270920302,8,WAIT,WAIT,2.5388329522684216,False,False,False,False,False,False,False
final_ruehl_mask,mixed,42,270920302,9,WAIT,WAIT,2.472582971677184,False,False,False,False,False,False,False
final_ruehl_mask,mixed,42,270920302,10,BOMB,BOMB,2.5375409750267863,False,False,False,True,False,False,False
final_ruehl_mask,mixed,42,270920302,11,RIGHT,RIGHT,2.7107499772682786,False,True,False,False,False,False,False
final_ruehl_mask,mixed,42,270920302,12,DOWN,DOWN,2.587833092547953,False,False,False,False,False,False,False
final_ruehl_mask,mixed,42,270920302,13,DOWN,DOWN,2.3183750454336405,False,False,False,False,False,False,False
final_ruehl_mask,mixed,42,270920302,14,DOWN,DOWN,2.6924998965114355,False,False,False,False,False,False,False
final_ruehl_mask,mixed,42,270920302,15,DOWN,DOWN,2.5176249910146,False,False,False,False,False,False,False
final_ruehl_mask,mixed,42,270920302,16,DOWN,DOWN,2.791334060020745,False,False,False,False,False,False,False
final_ruehl_mask,mixed,42,270920302,17,DOWN,DOWN,2.60299991350621,False,False,False,False,False,False,False
final_ruehl_mask,mixed,42,270920302,18,UP,UP,2.5932079879567027,False,False,False,False,False,False,False
final_ruehl_mask,mixed,42,270920302,19,UP,UP,2.808957942761481,False,False,False,False,False,False,False
final_ruehl_mask,mixed,42,270920302,20,UP,UP,2.913709031417966,False,False,False,False,False,False,False
final_ruehl_mask,mixed,42,270920302,21,UP,UP,2.9766670195385814,False,True,False,False,False,False,False
final_ruehl_mask,mixed,42,270920302,22,UP,UP,3.0594170093536377,False,False,False,False,False,False,False
final_ruehl_mask,mixed,42,270920302,23,UP,UP,2.9800409683957696,False,False,False,False,False,False,False
final_ruehl_mask,mixed,42,270920302,24,WAIT,WAIT,2.760833944194019,False,False,False,False,False,False,False
final_ruehl_mask,mixed,42,270920302,25,WAIT,WAIT,2.371459035202861,False,False,False,False,False,False,False
final_ruehl_mask,mixed,42,270920302,26,WAIT,WAIT,2.454124973155558,False,False,False,False,False,False,False
final_ruehl_mask,mixed,42,270920302,27,LEFT,LEFT,2.4614169960841537,False,False,False,False,False,False,False
final_ruehl_mask,mixed,42,270920302,28,LEFT,LEFT,2.671250025741756,False,False,False,False,False,False,False
final_ruehl_mask,mixed,42,270920302,29,LEFT,LEFT,2.811125013977289,False,False,False,False,False,False,False
final_ruehl_mask,mixed,42,270920302,30,LEFT,LEFT,2.7546249330043793,False,False,False,False,False,False,False
final_ruehl_mask,mixed,42,270920302,31,BOMB,BOMB,2.8572079027071595,False,True,False,True,False,False,False
final_ruehl_mask,mixed,42,270920302,32,RIGHT,RIGHT,2.635416924022138,False,False,False,False,False,False,False
final_ruehl_mask,mixed,42,270920302,33,RIGHT,RIGHT,2.4212909629568458,False,False,False,False,False,False,False
final_ruehl_mask,mixed,42,270920302,34,RIGHT,RIGHT,2.586500020697713,False,False,False,False,False,False,False
final_ruehl_mask,mixed,42,270920302,35,RIGHT,RIGHT,2.6651249499991536,False,False,False,False,False,False,False
final_ruehl_mask,mixed,42,270920302,36,DOWN,DOWN,3.0912079382687807,False,False,False,False,False,False,False
final_ruehl_mask,mixed,42,270920302,37,DOWN,DOWN,3.17295896820724,False,False,False,False,False,False,False
final_ruehl_mask,mixed,42,270920302,38,LEFT,LEFT,3.4560830099508166,False,False,False,False,False,False,False
final_ruehl_mask,mixed,42,270920302,39,LEFT,LEFT,3.3165840432047844,False,False,False,False,False,False,False
final_ruehl_mask,mixed,42,270920302,40,BOMB,BOMB,2.8973750304430723,False,False,False,True,False,False,False
final_ruehl_mask,mixed,42,270920302,41,LEFT,LEFT,2.627916052006185,False,True,False,False,False,False,False
final_ruehl_mask,mixed,42,270920302,42,LEFT,LEFT,2.8003340121358633,False,False,False,False,False,False,False
final_ruehl_mask,mixed,42,270920302,43,UP,UP,3.4967910032719374,False,False,False,False,False,False,False
final_ruehl_mask,mixed,42,270920302,44,UP,UP,3.2574159558862448,False,False,False,False,False,False,False
final_ruehl_mask,mixed,42,270920302,45,RIGHT,RIGHT,3.6102080484852195,False,False,False,False,False,False,False
final_ruehl_mask,mixed,42,270920302,46,RIGHT,RIGHT,3.4478750312700868,False,False,False,False,False,False,False
final_ruehl_mask,mixed,42,270920302,47,RIGHT,RIGHT,3.7029999075457454,False,False,False,False,False,False,False
final_ruehl_mask,mixed,42,270920302,48,RIGHT,RIGHT,3.664041985757649,False,False,False,False,False,False,False
final_ruehl_mask,mixed,42,270920302,49,DOWN,DOWN,3.6587079521268606,False,False,False,False,False,False,False
final_ruehl_mask,mixed,42,270920302,50,UP,UP,3.589332918636501,False,False,False,False,False,False,False
final_ruehl_mask,mixed,42,270920302,51,LEFT,LEFT,3.2093749614432454,False,True,False,False,False,False,False
final_ruehl_mask,mixed,42,270920302,52,LEFT,LEFT,3.0349999433383346,False,False,False,False,False,False,False
final_ruehl_mask,mixed,42,270920302,53,LEFT,LEFT,3.952916944399476,False,False,False,False,False,False,False
final_ruehl_mask,mixed,42,270920302,54,LEFT,LEFT,3.701291047036648,False,False,False,False,False,False,False
final_ruehl_mask,mixed,42,270920302,55,LEFT,LEFT,3.5363330971449614,False,False,False,False,False,False,True
final_ruehl_mask,mixed,42,270920302,56,BOMB,BOMB,3.3331670565530658,False,False,False,True,False,False,True
final_ruehl_mask,mixed,42,270920302,57,LEFT,LEFT,3.0534170800819993,False,False,False,False,False,False,True
final_ruehl_mask,mixed,42,270920302,58,LEFT,LEFT,3.2419590279459953,False,False,False,False,False,False,True
final_ruehl_mask,mixed,42,270920302,59,RIGHT,RIGHT,2.9367500683292747,False,False,False,False,False,False,True
final_ruehl_mask,mixed,42,270920302,60,WAIT,WAIT,2.9230000218376517,False,False,False,False,False,False,True
final_ruehl_mask,mixed,43,270920303,1,DOWN,DOWN,2.4724589893594384,False,True,False,False,False,False,False
final_ruehl_mask,mixed,43,270920303,2,DOWN,DOWN,2.2866249782964587,False,False,False,False,False,False,False
final_ruehl_mask,mixed,43,270920303,3,BOMB,BOMB,2.493583015166223,False,False,False,True,False,False,False
final_ruehl_mask,mixed,43,270920303,4,UP,UP,2.5527499383315444,False,False,False,False,False,False,False
final_ruehl_mask,mixed,43,270920303,5,UP,UP,2.2604999830946326,False,False,False,False,False,False,False
final_ruehl_mask,mixed,43,270920303,6,RIGHT,RIGHT,2.251208061352372,False,False,False,False,False,False,False
final_ruehl_mask,mixed,43,270920303,7,RIGHT,RIGHT,2.3297909647226334,False,False,False,False,False,False,False
final_ruehl_mask,mixed,43,270920303,8,LEFT,LEFT,2.6769579853862524,False,False,False,False,False,False,False
final_ruehl_mask,mixed,43,270920303,9,LEFT,LEFT,2.5147920241579413,False,False,False,False,False,False,False
final_ruehl_mask,mixed,43,270920303,10,DOWN,DOWN,3.166374983265996,False,False,False,False,False,False,False
final_ruehl_mask,mixed,43,270920303,11,DOWN,DOWN,2.779833972454071,False,True,False,False,False,False,False
final_ruehl_mask,mixed,43,270920303,12,DOWN,DOWN,2.9267079662531614,False,False,False,False,False,False,False
final_ruehl_mask,mixed,43,270920303,13,DOWN,DOWN,3.231666050851345,False,False,False,False,False,False,False
final_ruehl_mask,mixed,43,270920303,14,DOWN,DOWN,2.802666975185275,False,False,False,False,False,False,False
final_ruehl_mask,mixed,43,270920303,15,WAIT,WAIT,2.60720809455961,False,False,False,False,False,False,False
final_ruehl_mask,mixed,43,270920303,16,BOMB,BOMB,2.495041931979358,False,False,False,True,False,False,False
final_ruehl_mask,mixed,43,270920303,17,UP,UP,2.372250077314675,False,False,False,False,False,False,False
final_ruehl_mask,mixed,43,270920303,18,UP,UP,2.770707942545414,False,False,False,False,False,False,False
final_ruehl_mask,mixed,43,270920303,19,UP,UP,2.5366670452058315,False,False,False,False,False,False,False
final_ruehl_mask,mixed,43,270920303,20,RIGHT,RIGHT,2.9585829470306635,False,False,False,False,False,False,False
final_ruehl_mask,mixed,43,270920303,21,RIGHT,RIGHT,3.1749169575050473,False,True,False,False,False,False,False
final_ruehl_mask,mixed,43,270920303,22,RIGHT,RIGHT,2.9187090694904327,False,False,False,False,False,False,False
final_ruehl_mask,mixed,43,270920303,23,BOMB,BOMB,2.9464580584317446,False,False,False,True,False,False,False
final_ruehl_mask,mixed,43,270920303,24,LEFT,LEFT,2.7865410083904862,False,False,False,False,False,False,False
final_ruehl_mask,mixed,43,270920303,25,LEFT,LEFT,2.85183300729841,False,False,False,False,False,False,False
final_ruehl_mask,mixed,43,270920303,26,LEFT,LEFT,2.8998750494793057,False,False,False,False,False,False,False
final_ruehl_mask,mixed,43,270920303,27,DOWN,DOWN,2.993958070874214,False,False,False,False,False,False,False
final_ruehl_mask,mixed,43,270920303,28,DOWN,DOWN,3.4645829582586884,False,False,False,False,False,False,False
final_ruehl_mask,mixed,43,270920303,29,DOWN,DOWN,3.6850839387625456,False,False,False,False,False,False,False
final_ruehl_mask,mixed,43,270920303,30,DOWN,DOWN,3.4865420311689377,False,False,False,False,False,False,False
final_ruehl_mask,mixed,43,270920303,31,DOWN,DOWN,3.596666967496276,False,True,False,False,False,False,False
final_ruehl_mask,mixed,43,270920303,32,DOWN,DOWN,3.698833053931594,False,False,False,False,False,False,False
final_ruehl_mask,mixed,43,270920303,33,BOMB,BOMB,3.3179580932483077,False,False,False,True,False,False,False
final_ruehl_mask,mixed,43,270920303,34,DOWN,DOWN,3.4125420497730374,False,False,False,False,False,False,False
final_ruehl_mask,mixed,43,270920303,35,DOWN,DOWN,3.9471669588238,False,False,False,False,False,False,False
final_ruehl_mask,mixed,43,270920303,36,RIGHT,RIGHT,3.44754196703434,False,False,False,False,False,False,False
final_ruehl_mask,mixed,43,270920303,37,RIGHT,RIGHT,3.9022909477353096,False,False,False,False,False,False,False
final_ruehl_mask,mixed,43,270920303,38,RIGHT,RIGHT,3.7166670663282275,False,False,False,False,False,False,False
final_ruehl_mask,mixed,43,270920303,39,WAIT,WAIT,3.660458023659885,False,False,False,False,False,False,True
final_ruehl_mask,mixed,43,270920303,40,BOMB,BOMB,3.6909589543938637,False,False,False,True,False,False,True
final_ruehl_mask,mixed,43,270920303,41,LEFT,LEFT,3.1647089635953307,False,True,False,False,False,False,True
final_ruehl_mask,mixed,43,270920303,42,LEFT,LEFT,3.154417034238577,False,False,False,False,False,False,True
final_ruehl_mask,mixed,43,270920303,43,RIGHT,RIGHT,3.2219160348176956,False,False,False,False,False,False,True
final_ruehl_mask,mixed,43,270920303,44,LEFT,LEFT,3.2197909895330667,False,False,False,False,False,False,True
final_ruehl_mask,mixed,44,270920304,1,UP,UP,2.517916029319167,False,True,False,False,False,False,False
final_ruehl_mask,mixed,44,270920304,2,UP,UP,2.21295899245888,False,False,False,False,False,False,False
final_ruehl_mask,mixed,44,270920304,3,BOMB,BOMB,2.238707966171205,False,False,False,True,False,False,False
final_ruehl_mask,mixed,44,270920304,4,DOWN,DOWN,2.100749989040196,False,False,False,False,False,False,False
final_ruehl_mask,mixed,44,270920304,5,DOWN,DOWN,2.145000034943223,False,False,False,False,False,False,False
final_ruehl_mask,mixed,44,270920304,6,LEFT,LEFT,2.186124911531806,False,False,False,False,False,False,False
final_ruehl_mask,mixed,44,270920304,7,WAIT,WAIT,2.094375086016953,False,False,False,False,False,False,False
final_ruehl_mask,mixed,44,270920304,8,WAIT,WAIT,2.6469590375199914,False,False,False,False,False,False,False
final_ruehl_mask,mixed,44,270920304,9,WAIT,WAIT,2.35166703350842,False,False,False,False,False,False,False
final_ruehl_mask,mixed,44,270920304,10,BOMB,BOMB,1.8686659168452024,False,False,False,True,False,False,False
final_ruehl_mask,mixed,44,270920304,11,RIGHT,RIGHT,2.0099160028621554,False,True,False,False,False,False,False
final_ruehl_mask,mixed,44,270920304,12,UP,UP,2.0472080213949084,False,False,False,False,False,False,False
final_ruehl_mask,mixed,44,270920304,13,UP,UP,2.6262920582666993,False,False,False,False,False,False,False
final_ruehl_mask,mixed,44,270920304,14,UP,UP,2.7228749822825193,False,False,False,False,False,False,False
final_ruehl_mask,mixed,44,270920304,15,UP,UP,2.887291950173676,False,False,False,False,False,False,False
final_ruehl_mask,mixed,44,270920304,16,UP,UP,2.5913750287145376,False,False,False,False,False,False,False
final_ruehl_mask,mixed,44,270920304,17,BOMB,BOMB,2.505167038179934,False,False,False,True,False,False,False
final_ruehl_mask,mixed,44,270920304,18,DOWN,DOWN,2.6027500862255692,False,False,False,False,False,False,False
final_ruehl_mask,mixed,44,270920304,19,DOWN,DOWN,2.659749938175082,False,False,False,False,False,False,False
final_ruehl_mask,mixed,44,270920304,20,DOWN,DOWN,2.744416007772088,False,False,False,False,False,False,False
final_ruehl_mask,mixed,44,270920304,21,LEFT,LEFT,2.86566698923707,False,True,False,False,False,False,False
final_ruehl_mask,mixed,44,270920304,22,LEFT,LEFT,3.023333032615483,False,False,False,False,False,False,False
final_ruehl_mask,mixed,44,270920304,23,LEFT,LEFT,3.1092920107766986,False,False,False,False,False,False,False
final_ruehl_mask,mixed,44,270920304,24,LEFT,LEFT,2.7504159370437264,False,False,False,False,False,False,True
final_ruehl_mask,mixed,44,270920304,25,BOMB,BOMB,2.73816694971174,False,False,False,True,False,False,True
final_ruehl_mask,mixed,44,270920304,26,UP,UP,2.7482499135658145,False,False,False,False,False,False,True
final_ruehl_mask,mixed,44,270920304,27,WAIT,WAIT,2.3700420279055834,False,False,False,False,False,False,True
final_ruehl_mask,mixed,44,270920304,28,WAIT,WAIT,2.2625409765169024,False,False,False,False,False,False,True
final_ruehl_mask,mixed,44,270920304,29,WAIT,WAIT,2.6528750313445926,False,False,False,False,False,False,True
final_ruehl_mask,mixed,45,270920305,1,RIGHT,RIGHT,2.3020829539746046,False,True,False,False,False,False,False
final_ruehl_mask,mixed,45,270920305,2,BOMB,BOMB,1.7398339696228504,False,False,False,True,False,False,False
final_ruehl_mask,mixed,45,270920305,3,LEFT,LEFT,1.8366249278187752,False,False,False,False,False,False,False
final_ruehl_mask,mixed,45,270920305,4,DOWN,DOWN,1.9841250032186508,False,False,False,False,False,False,False
final_ruehl_mask,mixed,45,270920305,5,WAIT,WAIT,2.2075410233810544,False,False,False,False,False,False,False
final_ruehl_mask,mixed,45,270920305,6,WAIT,WAIT,2.036582911387086,False,False,False,False,False,False,False
final_ruehl_mask,mixed,45,270920305,7,WAIT,WAIT,2.2315001115202904,False,False,False,False,False,False,False
final_ruehl_mask,mixed,45,270920305,8,UP,UP,2.416707924567163,False,False,False,False,False,False,False
final_ruehl_mask,mixed,45,270920305,9,BOMB,BOMB,2.291457960382104,False,False,False,True,False,False,False
final_ruehl_mask,mixed,45,270920305,10,RIGHT,RIGHT,2.1378329256549478,False,False,False,False,False,False,False
final_ruehl_mask,mixed,45,270920305,11,RIGHT,RIGHT,2.0533750066533685,False,True,False,False,False,False,False
final_ruehl_mask,mixed,45,270920305,12,RIGHT,RIGHT,2.1538339788094163,False,False,False,False,False,False,False
final_ruehl_mask,mixed,45,270920305,13,RIGHT,RIGHT,1.9541250076144934,False,False,False,False,False,False,False
final_ruehl_mask,mixed,45,270920305,14,DOWN,DOWN,2.3010409204289317,False,False,False,False,False,False,False
final_ruehl_mask,mixed,45,270920305,15,UP,UP,2.2659999085590243,False,False,False,False,False,False,False
final_ruehl_mask,mixed,45,270920305,16,BOMB,BOMB,2.3638750426471233,False,False,False,True,False,False,False
final_ruehl_mask,mixed,45,270920305,17,LEFT,LEFT,2.2574999602511525,False,False,False,False,False,False,False
final_ruehl_mask,mixed,45,270920305,18,LEFT,LEFT,2.2585419937968254,False,False,False,False,False,False,False
final_ruehl_mask,mixed,45,270920305,19,LEFT,LEFT,2.4438329273834825,False,False,False,False,False,False,False
final_ruehl_mask,mixed,45,270920305,20,LEFT,LEFT,2.463500015437603,False,False,False,False,False,False,False
final_ruehl_mask,mixed,45,270920305,21,DOWN,DOWN,2.8029999230057,False,True,False,False,False,False,False
final_ruehl_mask,mixed,45,270920305,22,DOWN,DOWN,2.633500029332936,False,False,False,False,False,False,False
final_ruehl_mask,mixed,45,270920305,23,DOWN,DOWN,2.315124962478876,False,False,False,False,False,False,False
final_ruehl_mask,mixed,45,270920305,24,BOMB,BOMB,2.274916972965002,False,False,False,True,False,False,False
final_ruehl_mask,mixed,45,270920305,25,UP,UP,2.801832975819707,False,False,False,False,False,False,False
final_ruehl_mask,mixed,45,270920305,26,UP,UP,2.8282920829951763,False,False,False,False,False,False,False
final_ruehl_mask,mixed,45,270920305,27,UP,UP,2.721333992667496,False,False,False,False,False,False,False
final_ruehl_mask,mixed,45,270920305,28,RIGHT,RIGHT,2.9177910182625055,False,False,False,False,False,False,False
final_ruehl_mask,mixed,45,270920305,29,RIGHT,RIGHT,3.1232499750331044,False,False,False,False,False,False,False
final_ruehl_mask,mixed,45,270920305,30,RIGHT,RIGHT,3.2037500059232116,False,False,False,False,False,False,False
final_ruehl_mask,mixed,45,270920305,31,RIGHT,RIGHT,3.4950419794768095,False,True,False,False,False,False,False
final_ruehl_mask,mixed,45,270920305,32,RIGHT,RIGHT,3.5260419826954603,False,False,False,False,False,False,False
final_ruehl_mask,mixed,45,270920305,33,BOMB,BOMB,3.204333013854921,False,False,False,True,False,False,False
final_ruehl_mask,mixed,45,270920305,34,RIGHT,RIGHT,2.5035409489646554,False,False,False,False,False,False,False
final_ruehl_mask,mixed,45,270920305,35,DOWN,DOWN,2.415666007436812,False,False,False,False,False,False,False
final_ruehl_mask,mixed,45,270920305,36,DOWN,DOWN,2.4588340893387794,False,False,False,False,False,False,False
final_ruehl_mask,mixed,45,270920305,37,UP,UP,2.9442920349538326,False,False,False,False,False,False,False
final_ruehl_mask,mixed,45,270920305,38,WAIT,WAIT,2.70995800383389,False,False,False,False,False,False,False
final_ruehl_mask,mixed,45,270920305,39,UP,UP,2.9892080929130316,False,False,False,False,False,False,False
final_ruehl_mask,mixed,45,270920305,40,LEFT,LEFT,3.1089159892871976,False,False,False,False,False,False,False
final_ruehl_mask,mixed,45,270920305,41,LEFT,LEFT,3.0843339627608657,False,True,False,False,False,False,False
final_ruehl_mask,mixed,45,270920305,42,LEFT,LEFT,3.3028749749064445,False,False,False,False,False,False,False
final_ruehl_mask,mixed,45,270920305,43,LEFT,LEFT,2.7502919547259808,False,False,False,False,False,False,False
final_ruehl_mask,mixed,45,270920305,44,LEFT,LEFT,2.4690000573173165,False,False,False,False,False,False,False
final_ruehl_mask,mixed,45,270920305,45,LEFT,LEFT,2.684792038053274,False,False,False,False,False,False,False
final_ruehl_mask,mixed,45,270920305,46,DOWN,DOWN,2.895332989282906,False,False,False,False,False,False,False
final_ruehl_mask,mixed,45,270920305,47,DOWN,DOWN,2.860541921108961,False,False,False,False,False,False,False
final_ruehl_mask,mixed,45,270920305,48,DOWN,DOWN,2.7845000149682164,False,False,False,False,False,False,False
final_ruehl_mask,mixed,45,270920305,49,DOWN,DOWN,2.8656249633058906,False,False,False,False,False,False,False
final_ruehl_mask,mixed,45,270920305,50,DOWN,DOWN,2.8468340169638395,False,False,False,False,False,False,False
final_ruehl_mask,mixed,45,270920305,51,DOWN,DOWN,2.761875046417117,False,True,False,False,False,False,True
final_ruehl_mask,mixed,45,270920305,52,BOMB,BOMB,3.054208937101066,False,False,False,True,False,False,True
final_ruehl_mask,mixed,45,270920305,53,UP,UP,2.7814169880002737,False,False,False,False,False,False,True
final_ruehl_mask,mixed,45,270920305,54,UP,UP,2.761583891697228,False,False,False,False,False,False,True
final_ruehl_mask,mixed,45,270920305,55,DOWN,DOWN,2.882958040572703,False,False,False,False,False,False,True
final_ruehl_mask,mixed,45,270920305,56,UP,UP,2.8266659937798977,False,False,False,False,False,False,True
final_ruehl_mask,mixed,46,270920306,1,BOMB,BOMB,2.5456249713897705,False,True,False,True,False,False,True
final_ruehl_mask,mixed,46,270920306,2,UP,UP,2.281708992086351,False,False,False,False,False,False,True
final_ruehl_mask,mixed,46,270920306,3,WAIT,WAIT,2.5116659235209227,False,False,False,False,False,False,True
final_ruehl_mask,mixed,46,270920306,4,WAIT,WAIT,2.3137080715969205,False,False,False,False,False,False,True
final_ruehl_mask,mixed,46,270920306,5,WAIT,WAIT,2.8437089640647173,False,False,False,False,False,False,True
final_ruehl_mask,mixed,47,270920307,1,LEFT,LEFT,3.722792025655508,False,True,False,False,False,False,False
final_ruehl_mask,mixed,47,270920307,2,BOMB,BOMB,2.987832995131612,False,False,False,True,False,False,False
final_ruehl_mask,mixed,47,270920307,3,RIGHT,RIGHT,2.457208000123501,False,False,False,False,False,False,False
final_ruehl_mask,mixed,47,270920307,4,UP,UP,3.048707963898778,False,False,False,False,False,False,False
final_ruehl_mask,mixed,47,270920307,5,WAIT,WAIT,2.559624961577356,False,False,False,False,False,False,False
final_ruehl_mask,mixed,47,270920307,6,WAIT,WAIT,2.8800410218536854,False,False,False,False,False,False,False
final_ruehl_mask,mixed,47,270920307,7,WAIT,WAIT,4.1842079954221845,False,False,False,False,False,False,False
final_ruehl_mask,mixed,47,270920307,8,WAIT,WAIT,3.6127089988440275,False,False,False,False,False,False,False
final_ruehl_mask,mixed,47,270920307,9,BOMB,BOMB,3.713416983373463,False,False,False,True,False,False,False
final_ruehl_mask,mixed,47,270920307,10,DOWN,DOWN,4.723749938420951,False,False,False,False,False,False,False
final_ruehl_mask,mixed,47,270920307,11,LEFT,LEFT,4.295333055779338,False,True,False,False,False,False,False
final_ruehl_mask,mixed,47,270920307,12,LEFT,LEFT,4.840875044465065,False,False,False,False,False,False,False
final_ruehl_mask,mixed,47,270920307,13,WAIT,WAIT,4.550624988041818,False,False,False,False,False,False,False
final_ruehl_mask,mixed,47,270920307,14,LEFT,LEFT,5.511292023584247,False,False,False,False,False,False,False
final_ruehl_mask,mixed,47,270920307,15,LEFT,LEFT,5.102874943986535,False,False,False,False,False,False,True
final_ruehl_mask,mixed,47,270920307,16,BOMB,BOMB,4.834249964915216,False,False,False,True,False,False,True
final_ruehl_mask,mixed,47,270920307,17,UP,UP,4.830082994885743,False,False,False,False,False,False,True
final_ruehl_mask,mixed,47,270920307,18,WAIT,WAIT,4.986957996152341,False,False,False,False,False,False,True
final_ruehl_mask,mixed,47,270920307,19,WAIT,WAIT,3.665833966806531,False,False,False,False,False,False,True
final_ruehl_mask,mixed,47,270920307,20,WAIT,WAIT,6.213790969923139,False,False,False,False,False,False,True
final_ruehl_mask,mixed,48,270920308,1,UP,UP,3.1545829260721803,False,True,False,False,False,False,False
final_ruehl_mask,mixed,48,270920308,2,BOMB,BOMB,2.2333330707624555,False,False,False,True,False,False,False
final_ruehl_mask,mixed,48,270920308,3,DOWN,DOWN,2.4428339675068855,False,False,False,False,False,False,False
final_ruehl_mask,mixed,48,270920308,4,RIGHT,RIGHT,3.1862499890848994,False,False,False,False,False,False,False
final_ruehl_mask,mixed,48,270920308,5,WAIT,WAIT,3.018790972419083,False,False,False,False,False,False,False
final_ruehl_mask,mixed,48,270920308,6,WAIT,WAIT,2.980791963636875,False,False,False,False,False,False,False
final_ruehl_mask,mixed,48,270920308,7,WAIT,WAIT,3.1860829330980778,False,False,False,False,False,False,False
final_ruehl_mask,mixed,48,270920308,8,WAIT,WAIT,3.2353330170735717,False,False,False,False,False,False,False
final_ruehl_mask,mixed,48,270920308,9,BOMB,BOMB,3.510708105750382,False,False,False,True,False,False,False
final_ruehl_mask,mixed,48,270920308,10,LEFT,LEFT,3.9297089679166675,False,False,False,False,False,False,False
final_ruehl_mask,mixed,48,270920308,11,UP,UP,4.042666056193411,False,True,False,False,False,False,False
final_ruehl_mask,mixed,48,270920308,12,UP,UP,3.667582990601659,False,False,False,False,False,False,False
final_ruehl_mask,mixed,48,270920308,13,UP,UP,3.304125042632222,False,False,False,False,False,False,False
final_ruehl_mask,mixed,48,270920308,14,UP,UP,4.003333975560963,False,False,False,False,False,False,False
final_ruehl_mask,mixed,48,270920308,15,WAIT,WAIT,3.352625062689185,False,False,False,False,False,False,False
final_ruehl_mask,mixed,48,270920308,16,BOMB,BOMB,3.2623750157654285,False,False,False,True,False,False,False
final_ruehl_mask,mixed,48,270920308,17,DOWN,DOWN,4.121875041164458,False,False,False,False,False,False,False
final_ruehl_mask,mixed,48,270920308,18,DOWN,DOWN,3.378625027835369,False,False,False,False,False,False,False
final_ruehl_mask,mixed,48,270920308,19,DOWN,DOWN,4.197707981802523,False,False,False,False,False,False,False
final_ruehl_mask,mixed,48,270920308,20,DOWN,DOWN,3.353249980136752,False,False,False,False,False,False,False
final_ruehl_mask,mixed,48,270920308,21,RIGHT,RIGHT,16.7766249505803,False,True,False,False,False,False,False
final_ruehl_mask,mixed,48,270920308,22,RIGHT,RIGHT,4.799375077709556,False,False,False,False,False,False,True
final_ruehl_mask,mixed,48,270920308,23,BOMB,BOMB,18.295624991878867,False,False,False,True,False,False,True
final_ruehl_mask,mixed,48,270920308,24,RIGHT,RIGHT,3.3811250468716025,False,False,False,False,False,False,True
final_ruehl_mask,mixed,48,270920308,25,RIGHT,RIGHT,2.636207966133952,False,False,False,False,False,False,True
final_ruehl_mask,mixed,48,270920308,26,LEFT,LEFT,2.6705838972702622,False,False,False,False,False,False,True
final_ruehl_mask,mixed,48,270920308,27,WAIT,WAIT,2.488416968844831,False,False,False,False,False,False,True
final_ruehl_mask,mixed,49,270920309,1,LEFT,LEFT,2.4421659763902426,False,True,False,False,False,False,False
final_ruehl_mask,mixed,49,270920309,2,BOMB,BOMB,2.0469590090215206,False,False,False,True,False,False,False
final_ruehl_mask,mixed,49,270920309,3,RIGHT,RIGHT,2.924708998762071,False,False,False,False,False,False,False
final_ruehl_mask,mixed,49,270920309,4,DOWN,DOWN,3.061374998651445,False,False,False,False,False,False,False
final_ruehl_mask,mixed,49,270920309,5,WAIT,WAIT,2.819292014464736,False,False,False,False,False,False,False
final_ruehl_mask,mixed,49,270920309,6,WAIT,WAIT,2.938917023129761,False,False,False,False,False,False,False
final_ruehl_mask,mixed,49,270920309,7,DOWN,DOWN,3.4879999002441764,False,False,False,False,False,False,False
final_ruehl_mask,mixed,49,270920309,8,LEFT,LEFT,2.5766249746084213,False,False,False,False,False,False,False
final_ruehl_mask,mixed,49,270920309,9,BOMB,BOMB,3.063958021812141,False,False,False,True,False,False,False
final_ruehl_mask,mixed,49,270920309,10,RIGHT,RIGHT,3.02229099906981,False,False,False,False,False,False,False
final_ruehl_mask,mixed,49,270920309,11,UP,UP,3.2984999706968665,False,True,False,False,False,False,False
final_ruehl_mask,mixed,49,270920309,12,UP,UP,3.2237080158665776,False,False,False,False,False,False,False
final_ruehl_mask,mixed,49,270920309,13,LEFT,LEFT,3.904875018633902,False,False,False,False,False,False,False
final_ruehl_mask,mixed,49,270920309,14,LEFT,LEFT,3.2565000001341105,False,False,False,False,False,False,False
final_ruehl_mask,mixed,49,270920309,15,LEFT,LEFT,2.9618340777233243,False,False,False,False,False,False,False
final_ruehl_mask,mixed,49,270920309,16,LEFT,LEFT,3.201665938831866,False,False,False,False,False,False,True
final_ruehl_mask,mixed,49,270920309,17,BOMB,BOMB,3.483374952338636,False,False,False,True,False,False,True
final_ruehl_mask,mixed,49,270920309,18,LEFT,LEFT,2.732124994508922,False,False,False,False,False,False,True
final_ruehl_mask,mixed,49,270920309,19,WAIT,WAIT,2.309083007276058,False,False,False,False,False,False,True
final_ruehl_mask,mixed,49,270920309,20,WAIT,WAIT,2.4218340404331684,False,False,False,False,False,False,True
final_ruehl_mask,mixed,49,270920309,21,WAIT,WAIT,3.270791028626263,False,False,False,False,False,False,True
final_ruehl_mask,mixed,50,270920310,1,RIGHT,RIGHT,2.7033750666305423,False,True,False,False,False,False,False
final_ruehl_mask,mixed,50,270920310,2,BOMB,BOMB,2.0385830430313945,False,False,False,True,False,False,False
final_ruehl_mask,mixed,50,270920310,3,LEFT,LEFT,2.8575409669429064,False,False,False,False,False,False,False
final_ruehl_mask,mixed,50,270920310,4,DOWN,DOWN,2.7700000209733844,False,False,False,False,False,False,False
final_ruehl_mask,mixed,50,270920310,5,WAIT,WAIT,2.486499957740307,False,False,False,False,False,False,False
final_ruehl_mask,mixed,50,270920310,6,WAIT,WAIT,2.7858749963343143,False,False,False,False,False,False,False
final_ruehl_mask,mixed,50,270920310,7,WAIT,WAIT,3.0168340308591723,False,False,False,False,False,False,False
final_ruehl_mask,mixed,50,270920310,8,UP,UP,2.6009170105680823,False,False,False,False,False,False,False
final_ruehl_mask,mixed,50,270920310,9,RIGHT,RIGHT,2.5653339689597487,False,False,False,False,False,False,False
final_ruehl_mask,mixed,50,270920310,10,RIGHT,RIGHT,2.7817919617518783,False,False,False,False,False,False,True
final_ruehl_mask,mixed,50,270920310,11,BOMB,BOMB,2.960416954010725,False,True,False,True,False,False,True
final_ruehl_mask,mixed,50,270920310,12,RIGHT,RIGHT,2.2407090291380882,False,False,False,False,False,False,True
final_ruehl_mask,mixed,50,270920310,13,RIGHT,RIGHT,2.8714999789372087,False,False,False,False,False,False,True
final_ruehl_mask,mixed,50,270920310,14,LEFT,LEFT,2.179750008508563,False,False,False,False,False,False,True
final_ruehl_mask,mixed,50,270920310,15,RIGHT,RIGHT,2.312083961442113,False,False,False,False,False,False,True
final_ruehl_mask,mixed,51,270920311,1,UP,UP,2.4545839987695217,False,True,False,False,False,False,False
final_ruehl_mask,mixed,51,270920311,2,UP,UP,2.1987500367686152,False,False,False,False,False,False,True
final_ruehl_mask,mixed,51,270920311,3,BOMB,BOMB,3.0439170077443123,False,False,False,True,False,False,True
final_ruehl_mask,mixed,51,270920311,4,DOWN,DOWN,2.965416992083192,False,False,False,False,False,False,True
final_ruehl_mask,mixed,51,270920311,5,WAIT,WAIT,3.0755000188946724,False,False,False,False,False,False,True
final_ruehl_mask,mixed,51,270920311,6,WAIT,WAIT,2.334333024919033,False,False,False,False,False,False,True
final_ruehl_mask,mixed,51,270920311,7,DOWN,DOWN,2.156333066523075,False,False,False,False,False,False,True
final_ruehl_mask,mixed,52,270920312,1,RIGHT,RIGHT,2.5097080506384373,False,True,False,False,False,False,False
final_ruehl_mask,mixed,52,270920312,2,BOMB,BOMB,2.0758750615641475,False,False,False,True,False,False,False
final_ruehl_mask,mixed,52,270920312,3,LEFT,LEFT,2.7139580342918634,False,False,False,False,False,False,False
final_ruehl_mask,mixed,52,270920312,4,DOWN,DOWN,2.1797919180244207,False,False,False,False,False,False,False
final_ruehl_mask,mixed,52,270920312,5,WAIT,WAIT,2.9885420808568597,False,False,False,False,False,False,False
final_ruehl_mask,mixed,52,270920312,6,WAIT,WAIT,2.9066659044474363,False,False,False,False,False,False,False
final_ruehl_mask,mixed,52,270920312,7,WAIT,WAIT,2.7316249907016754,False,False,False,False,False,False,False
final_ruehl_mask,mixed,52,270920312,8,UP,UP,3.0579169979318976,False,False,False,False,False,False,False
final_ruehl_mask,mixed,52,270920312,9,BOMB,BOMB,3.054833970963955,False,False,False,True,False,False,False
final_ruehl_mask,mixed,52,270920312,10,RIGHT,RIGHT,3.1527919927611947,False,False,False,False,False,False,False
final_ruehl_mask,mixed,52,270920312,11,RIGHT,RIGHT,2.8297080425545573,False,True,False,False,False,False,False
final_ruehl_mask,mixed,52,270920312,12,RIGHT,RIGHT,2.7119580190628767,False,False,False,False,False,False,False
final_ruehl_mask,mixed,52,270920312,13,RIGHT,RIGHT,3.175250021740794,False,False,False,False,False,False,False
final_ruehl_mask,mixed,52,270920312,14,DOWN,DOWN,3.1740840058773756,False,False,False,False,False,False,False
final_ruehl_mask,mixed,52,270920312,15,UP,UP,2.9490829911082983,False,False,False,False,False,False,False
final_ruehl_mask,mixed,52,270920312,16,BOMB,BOMB,2.7337080100551248,False,False,False,True,False,False,False
final_ruehl_mask,mixed,52,270920312,17,LEFT,LEFT,2.4989580269902945,False,False,False,False,False,False,False
final_ruehl_mask,mixed,52,270920312,18,LEFT,LEFT,2.573583973571658,False,False,False,False,False,False,False
final_ruehl_mask,mixed,52,270920312,19,LEFT,LEFT,3.126833005808294,False,False,False,False,False,False,False
final_ruehl_mask,mixed,52,270920312,20,LEFT,LEFT,3.3486669417470694,False,False,False,False,False,False,False
final_ruehl_mask,mixed,52,270920312,21,DOWN,DOWN,4.762417054735124,False,True,False,False,False,False,False
final_ruehl_mask,mixed,52,270920312,22,DOWN,DOWN,3.8417079485952854,False,False,False,False,False,False,True
final_ruehl_mask,mixed,52,270920312,23,BOMB,BOMB,4.92591701913625,False,False,False,True,False,False,True
final_ruehl_mask,mixed,52,270920312,24,DOWN,DOWN,3.5163339925929904,False,False,False,False,False,False,True
final_ruehl_mask,mixed,52,270920312,25,WAIT,WAIT,4.846291965804994,False,False,False,False,False,False,True
final_ruehl_mask,mixed,52,270920312,26,WAIT,WAIT,4.957415978424251,False,False,False,False,False,False,True
final_ruehl_mask,mixed,52,270920312,27,WAIT,WAIT,3.39225004427135,False,False,False,False,False,False,True
final_ruehl_mask,mixed,53,270920313,1,LEFT,LEFT,2.6548749301582575,False,True,False,False,False,False,False
final_ruehl_mask,mixed,53,270920313,2,BOMB,BOMB,2.024332992732525,False,False,False,True,False,False,False
final_ruehl_mask,mixed,53,270920313,3,RIGHT,RIGHT,2.2107911063358188,False,False,False,False,False,False,False
final_ruehl_mask,mixed,53,270920313,4,DOWN,DOWN,1.9997500348836184,False,False,False,False,False,False,False
final_ruehl_mask,mixed,53,270920313,5,WAIT,WAIT,2.063332940451801,False,False,False,False,False,False,False
final_ruehl_mask,mixed,53,270920313,6,WAIT,WAIT,2.034874982200563,False,False,False,False,False,False,False
final_ruehl_mask,mixed,53,270920313,7,WAIT,WAIT,2.106082974933088,False,False,False,False,False,False,False
final_ruehl_mask,mixed,53,270920313,8,WAIT,WAIT,2.3803330259397626,False,False,False,False,False,False,False
final_ruehl_mask,mixed,53,270920313,9,BOMB,BOMB,2.168291946873069,False,False,False,True,False,False,False
final_ruehl_mask,mixed,53,270920313,10,UP,UP,2.212833031080663,False,False,False,False,False,False,False
final_ruehl_mask,mixed,53,270920313,11,LEFT,LEFT,2.2979159839451313,False,True,False,False,False,False,False
final_ruehl_mask,mixed,53,270920313,12,LEFT,LEFT,3.132708021439612,False,False,False,False,False,False,False
final_ruehl_mask,mixed,53,270920313,13,LEFT,LEFT,2.821709029376507,False,False,False,False,False,False,False
final_ruehl_mask,mixed,53,270920313,14,RIGHT,RIGHT,2.8269169852137566,False,False,False,False,False,False,False
final_ruehl_mask,mixed,53,270920313,15,RIGHT,RIGHT,2.4615000002086163,False,False,False,False,False,False,False
final_ruehl_mask,mixed,53,270920313,16,RIGHT,RIGHT,2.8435420244932175,False,False,False,False,False,False,False
final_ruehl_mask,mixed,53,270920313,17,DOWN,DOWN,2.5353749515488744,False,False,False,False,False,False,False
final_ruehl_mask,mixed,53,270920313,18,DOWN,DOWN,3.2804160146042705,False,False,False,False,False,False,False
final_ruehl_mask,mixed,53,270920313,19,DOWN,DOWN,3.021333017386496,False,False,False,False,False,False,False
final_ruehl_mask,mixed,53,270920313,20,DOWN,DOWN,2.778500085696578,False,False,False,False,False,False,False
final_ruehl_mask,mixed,53,270920313,21,BOMB,BOMB,2.5900419568642974,False,True,False,True,False,False,False
final_ruehl_mask,mixed,53,270920313,22,UP,UP,2.478166949003935,False,False,False,False,False,False,False
final_ruehl_mask,mixed,53,270920313,23,UP,UP,2.5727079482749104,False,False,False,False,False,False,False
final_ruehl_mask,mixed,53,270920313,24,LEFT,LEFT,2.5116250617429614,False,False,False,False,False,False,False
final_ruehl_mask,mixed,53,270920313,25,WAIT,WAIT,2.3413749877363443,False,False,False,False,False,False,False
final_ruehl_mask,mixed,53,270920313,26,WAIT,WAIT,3.6689999978989363,False,False,False,False,False,False,False
final_ruehl_mask,mixed,53,270920313,27,WAIT,WAIT,3.579250071197748,False,False,False,False,False,False,False
final_ruehl_mask,mixed,53,270920313,28,BOMB,BOMB,3.1607910059392452,False,False,False,True,False,False,False
final_ruehl_mask,mixed,53,270920313,29,RIGHT,RIGHT,3.064375021494925,False,False,False,False,False,False,False
final_ruehl_mask,mixed,53,270920313,30,DOWN,DOWN,3.284042002633214,False,False,False,False,False,False,False
final_ruehl_mask,mixed,53,270920313,31,DOWN,DOWN,3.135375096462667,False,True,False,False,False,False,False
final_ruehl_mask,mixed,53,270920313,32,DOWN,DOWN,3.4593750024214387,False,False,False,False,False,False,False
final_ruehl_mask,mixed,53,270920313,33,DOWN,DOWN,3.263999940827489,False,False,False,False,False,False,False
final_ruehl_mask,mixed,53,270920313,34,DOWN,DOWN,3.2040829537436366,False,False,False,False,False,False,False
final_ruehl_mask,mixed,53,270920313,35,DOWN,DOWN,2.9221250442788005,False,False,False,False,False,False,True
final_ruehl_mask,mixed,53,270920313,36,BOMB,BOMB,3.571790992282331,False,False,False,True,True,False,True
final_ruehl_mask,mixed,53,270920313,37,UP,UP,3.0508340569213033,False,False,False,False,False,False,True
final_ruehl_mask,mixed,53,270920313,38,WAIT,WAIT,4.038791987113655,False,False,False,False,False,False,True
final_ruehl_mask,mixed,53,270920313,39,WAIT,WAIT,3.4999579656869173,False,False,False,False,False,False,True
final_ruehl_mask,mixed,53,270920313,40,UP,UP,3.0934999231249094,False,False,False,False,False,False,True
final_ruehl_mask,mixed,54,270920314,1,RIGHT,RIGHT,2.4498329730704427,False,True,False,False,False,False,False
final_ruehl_mask,mixed,54,270920314,2,BOMB,BOMB,2.0919579546898603,False,False,False,True,False,False,False
final_ruehl_mask,mixed,54,270920314,3,LEFT,LEFT,2.0992920035496354,False,False,False,False,False,False,False
final_ruehl_mask,mixed,54,270920314,4,WAIT,WAIT,2.467417041771114,False,False,False,False,False,False,False
final_ruehl_mask,mixed,54,270920314,5,UP,UP,2.1853329380974174,False,False,False,False,False,False,False
final_ruehl_mask,mixed,54,270920314,6,WAIT,WAIT,2.503333962522447,False,False,False,False,False,False,False
final_ruehl_mask,mixed,54,270920314,7,WAIT,WAIT,2.4350000312551856,False,False,False,False,False,False,False
final_ruehl_mask,mixed,54,270920314,8,WAIT,WAIT,2.137291943654418,False,False,False,False,False,False,False
final_ruehl_mask,mixed,54,270920314,9,BOMB,BOMB,2.915999968536198,False,False,False,True,False,False,False
final_ruehl_mask,mixed,54,270920314,10,DOWN,DOWN,2.712166984565556,False,False,False,False,False,False,False
final_ruehl_mask,mixed,54,270920314,11,RIGHT,RIGHT,2.4153749691322446,False,True,False,False,False,False,False
final_ruehl_mask,mixed,54,270920314,12,RIGHT,RIGHT,2.543458016589284,False,False,False,False,False,False,False
final_ruehl_mask,mixed,54,270920314,13,RIGHT,RIGHT,2.8447919758036733,False,False,False,False,False,False,False
final_ruehl_mask,mixed,54,270920314,14,RIGHT,RIGHT,2.632125047966838,False,False,False,False,False,False,False
final_ruehl_mask,mixed,54,270920314,15,UP,UP,2.629291033372283,False,False,False,False,False,False,False
final_ruehl_mask,mixed,54,270920314,16,BOMB,BOMB,2.4441659916192293,False,False,False,True,False,False,False
final_ruehl_mask,mixed,54,270920314,17,DOWN,DOWN,2.6196249527856708,False,False,False,False,False,False,False
final_ruehl_mask,mixed,54,270920314,18,WAIT,WAIT,2.4904999881982803,False,False,False,False,False,False,False
final_ruehl_mask,mixed,54,270920314,19,LEFT,LEFT,2.993374946527183,False,False,False,False,False,False,False
final_ruehl_mask,mixed,54,270920314,20,WAIT,WAIT,2.729875035583973,False,False,False,False,False,False,False
final_ruehl_mask,mixed,54,270920314,21,WAIT,WAIT,2.924291999079287,False,True,False,False,False,False,False
final_ruehl_mask,mixed,54,270920314,22,RIGHT,RIGHT,2.9726660577580333,False,False,False,False,False,False,False
final_ruehl_mask,mixed,54,270920314,23,BOMB,BOMB,3.2442500814795494,False,False,False,True,False,False,False
final_ruehl_mask,mixed,54,270920314,24,UP,UP,2.9560839757323265,False,False,False,False,False,False,False
final_ruehl_mask,mixed,54,270920314,25,UP,UP,2.5984999956563115,False,False,False,False,False,False,False
final_ruehl_mask,mixed,54,270920314,26,RIGHT,RIGHT,2.6074579218402505,False,False,False,False,False,False,False
final_ruehl_mask,mixed,54,270920314,27,RIGHT,RIGHT,2.7891250792890787,False,False,False,False,False,False,False
final_ruehl_mask,mixed,54,270920314,28,WAIT,WAIT,3.033790970221162,False,False,False,False,False,False,False
final_ruehl_mask,mixed,54,270920314,29,WAIT,WAIT,2.8256250079721212,False,False,False,False,False,False,False
final_ruehl_mask,mixed,54,270920314,30,BOMB,BOMB,3.0446250457316637,False,False,False,True,False,False,False
final_ruehl_mask,mixed,54,270920314,31,LEFT,LEFT,2.893791999667883,False,True,False,False,False,False,False
final_ruehl_mask,mixed,54,270920314,32,LEFT,LEFT,3.028458100743592,False,False,False,False,False,False,False
final_ruehl_mask,mixed,54,270920314,33,UP,UP,3.1597500201314688,False,False,False,False,False,False,False
final_ruehl_mask,mixed,54,270920314,34,WAIT,WAIT,2.8875829884782434,False,False,False,False,False,False,False
final_ruehl_mask,mixed,54,270920314,35,UP,UP,3.4962090430781245,False,False,False,False,False,False,False
final_ruehl_mask,mixed,54,270920314,36,WAIT,WAIT,3.4475839929655194,False,False,False,False,False,False,False
final_ruehl_mask,mixed,54,270920314,37,BOMB,BOMB,3.596791997551918,False,False,False,True,False,False,False
final_ruehl_mask,mixed,54,270920314,38,DOWN,DOWN,3.2841250067576766,False,False,False,False,False,False,False
final_ruehl_mask,mixed,54,270920314,39,DOWN,DOWN,3.3404160058125854,False,False,False,False,False,False,False
final_ruehl_mask,mixed,54,270920314,40,RIGHT,RIGHT,3.437874955125153,False,False,False,False,False,False,False
final_ruehl_mask,mixed,54,270920314,41,RIGHT,RIGHT,3.223167033866048,False,True,False,False,False,False,False
final_ruehl_mask,mixed,54,270920314,42,UP,UP,4.465583944693208,False,False,False,False,False,False,False
final_ruehl_mask,mixed,54,270920314,43,UP,UP,3.754582954570651,False,False,False,False,False,False,False
final_ruehl_mask,mixed,54,270920314,44,BOMB,BOMB,4.177250084467232,False,False,False,True,False,False,False
final_ruehl_mask,mixed,54,270920314,45,LEFT,LEFT,3.729291958734393,False,False,False,False,False,False,False
final_ruehl_mask,mixed,54,270920314,46,LEFT,LEFT,3.312333021312952,False,False,False,False,False,False,False
final_ruehl_mask,mixed,54,270920314,47,UP,UP,3.4084999933838844,False,False,False,False,False,False,False
final_ruehl_mask,mixed,54,270920314,48,UP,UP,3.165208036080003,False,False,False,False,False,False,False
final_ruehl_mask,mixed,54,270920314,49,UP,UP,3.472207929007709,False,False,False,False,False,False,False
final_ruehl_mask,mixed,54,270920314,50,WAIT,WAIT,3.4251250326633453,False,False,False,False,False,False,False
final_ruehl_mask,mixed,54,270920314,51,BOMB,BOMB,3.3506660256534815,False,True,False,True,False,False,False
final_ruehl_mask,mixed,54,270920314,52,DOWN,DOWN,3.1414160039275885,False,False,False,False,False,False,False
final_ruehl_mask,mixed,54,270920314,53,DOWN,DOWN,3.1929160468280315,False,False,False,False,False,False,False
final_ruehl_mask,mixed,54,270920314,54,DOWN,DOWN,3.8072089664638042,False,False,False,False,False,False,False
final_ruehl_mask,mixed,54,270920314,55,DOWN,DOWN,3.765458008274436,False,False,False,False,False,False,False
final_ruehl_mask,mixed,54,270920314,56,DOWN,DOWN,3.8269999204203486,False,False,False,False,False,False,False
final_ruehl_mask,mixed,54,270920314,57,LEFT,LEFT,4.365541972219944,False,False,False,False,False,False,True
final_ruehl_mask,mixed,54,270920314,58,BOMB,BOMB,4.676957963965833,False,False,False,True,False,False,True
final_ruehl_mask,mixed,54,270920314,59,LEFT,LEFT,4.879541927948594,False,False,False,False,False,False,True
final_ruehl_mask,mixed,54,270920314,60,WAIT,WAIT,4.131374997086823,False,False,False,False,False,False,True
final_ruehl_mask,mixed,54,270920314,61,WAIT,WAIT,4.498415975831449,False,False,False,False,False,False,True
final_ruehl_mask,mixed,54,270920314,62,WAIT,WAIT,4.9096670700237155,False,False,False,False,False,False,True
final_ruehl_mask,mixed,55,270920315,1,RIGHT,RIGHT,2.908417023718357,False,True,False,False,False,False,False
final_ruehl_mask,mixed,55,270920315,2,BOMB,BOMB,2.3022909881547093,False,False,False,True,False,False,False
final_ruehl_mask,mixed,55,270920315,3,LEFT,LEFT,2.1434170193970203,False,False,False,False,False,False,False
final_ruehl_mask,mixed,55,270920315,4,DOWN,DOWN,2.112249960191548,False,False,False,False,False,False,False
final_ruehl_mask,mixed,55,270920315,5,WAIT,WAIT,2.2655409993603826,False,False,False,False,False,False,False
final_ruehl_mask,mixed,55,270920315,6,WAIT,WAIT,2.129332977347076,False,False,False,False,False,False,False
final_ruehl_mask,mixed,55,270920315,7,WAIT,WAIT,2.199208945967257,False,False,False,False,False,False,False
final_ruehl_mask,mixed,55,270920315,8,WAIT,WAIT,2.1609580144286156,False,False,False,False,False,False,False
final_ruehl_mask,mixed,55,270920315,9,BOMB,BOMB,2.5547079276293516,False,False,False,True,False,False,False
final_ruehl_mask,mixed,55,270920315,10,UP,UP,2.365165972150862,False,False,False,False,False,False,False
final_ruehl_mask,mixed,55,270920315,11,RIGHT,RIGHT,2.357125049456954,False,True,False,False,False,False,False
final_ruehl_mask,mixed,55,270920315,12,RIGHT,RIGHT,2.7217919705435634,False,False,False,False,False,False,False
final_ruehl_mask,mixed,55,270920315,13,RIGHT,RIGHT,2.624250017106533,False,False,False,False,False,False,False
final_ruehl_mask,mixed,55,270920315,14,RIGHT,RIGHT,2.637541969306767,False,False,False,False,False,False,False
final_ruehl_mask,mixed,55,270920315,15,WAIT,WAIT,2.571791992522776,False,False,False,False,False,False,False
final_ruehl_mask,mixed,55,270920315,16,BOMB,BOMB,2.4327089777216315,False,False,False,True,False,False,False
final_ruehl_mask,mixed,55,270920315,17,LEFT,LEFT,2.5603329995647073,False,False,False,False,False,False,False
final_ruehl_mask,mixed,55,270920315,18,LEFT,LEFT,2.853916957974434,False,False,False,False,False,False,False
final_ruehl_mask,mixed,55,270920315,19,LEFT,LEFT,2.6255829725414515,False,False,False,False,False,False,False
final_ruehl_mask,mixed,55,270920315,20,LEFT,LEFT,2.5767090264707804,False,False,False,False,False,False,False
final_ruehl_mask,mixed,55,270920315,21,DOWN,DOWN,3.258958109654486,False,True,False,False,False,False,False
final_ruehl_mask,mixed,55,270920315,22,DOWN,DOWN,3.2037090277299285,False,False,False,False,False,False,False
final_ruehl_mask,mixed,55,270920315,23,BOMB,BOMB,2.948625013232231,False,False,False,True,False,False,False
final_ruehl_mask,mixed,55,270920315,24,DOWN,DOWN,2.9585830634459853,False,False,False,False,False,False,False
final_ruehl_mask,mixed,55,270920315,25,DOWN,DOWN,2.697042073123157,False,False,False,False,False,False,False
final_ruehl_mask,mixed,55,270920315,26,RIGHT,RIGHT,2.825584029778838,False,False,False,False,False,False,False
final_ruehl_mask,mixed,55,270920315,27,WAIT,WAIT,2.6586250169202685,False,False,False,False,False,False,False
final_ruehl_mask,mixed,55,270920315,28,WAIT,WAIT,2.773124957457185,False,False,False,False,False,False,False
final_ruehl_mask,mixed,55,270920315,29,LEFT,LEFT,2.728500054217875,False,False,False,False,False,False,True
final_ruehl_mask,mixed,55,270920315,30,BOMB,BOMB,4.052874981425703,False,False,False,True,False,False,True
final_ruehl_mask,mixed,55,270920315,31,DOWN,DOWN,2.943792031146586,False,True,True,False,False,False,True
final_ruehl_mask,mixed,55,270920315,32,WAIT,WAIT,3.8447920233011246,False,False,False,False,False,False,True
final_ruehl_mask,mixed,55,270920315,33,WAIT,WAIT,2.975083072669804,False,False,False,False,False,False,True
final_ruehl_mask,mixed,55,270920315,34,WAIT,WAIT,3.245583036914468,False,False,False,False,False,False,True
final_ruehl_mask,mixed,56,270920316,1,BOMB,BOMB,2.5331670185551047,False,True,False,True,False,False,True
final_ruehl_mask,mixed,56,270920316,2,DOWN,DOWN,2.0973749924451113,False,False,False,False,False,False,True
final_ruehl_mask,mixed,56,270920316,3,WAIT,WAIT,1.9929580157622695,False,False,False,False,False,False,True
final_ruehl_mask,mixed,56,270920316,4,WAIT,WAIT,2.045125002041459,False,False,False,False,False,False,True
final_ruehl_mask,mixed,56,270920316,5,WAIT,WAIT,1.9751660292968154,False,False,False,False,False,False,True
final_ruehl_mask,mixed,57,270920317,1,DOWN,DOWN,2.517542103305459,False,True,False,False,False,False,False
final_ruehl_mask,mixed,57,270920317,2,BOMB,BOMB,2.0545829320326447,False,False,False,True,False,False,False
final_ruehl_mask,mixed,57,270920317,3,UP,UP,2.0542499842122197,False,False,False,False,False,False,False
final_ruehl_mask,mixed,57,270920317,4,RIGHT,RIGHT,2.1394159412011504,False,False,False,False,False,False,False
final_ruehl_mask,mixed,57,270920317,5,WAIT,WAIT,2.1072920644655824,False,False,False,False,False,False,False
final_ruehl_mask,mixed,57,270920317,6,WAIT,WAIT,2.182125113904476,False,False,False,False,False,False,False
final_ruehl_mask,mixed,57,270920317,7,WAIT,WAIT,2.2348330821841955,False,False,False,False,False,False,False
final_ruehl_mask,mixed,57,270920317,8,WAIT,WAIT,2.471374929882586,False,False,False,False,False,False,False
final_ruehl_mask,mixed,57,270920317,9,BOMB,BOMB,2.2952499566599727,False,False,False,True,False,False,False
final_ruehl_mask,mixed,57,270920317,10,LEFT,LEFT,2.3969579488039017,False,False,False,False,False,False,False
final_ruehl_mask,mixed,57,270920317,11,WAIT,WAIT,2.5136249605566263,False,True,False,False,False,False,False
final_ruehl_mask,mixed,57,270920317,12,DOWN,DOWN,2.646750072017312,False,False,False,False,False,False,False
final_ruehl_mask,mixed,57,270920317,13,DOWN,DOWN,2.5991250295192003,False,False,False,False,False,False,False
final_ruehl_mask,mixed,57,270920317,14,DOWN,DOWN,3.096667001955211,False,False,False,False,False,False,False
final_ruehl_mask,mixed,57,270920317,15,WAIT,WAIT,2.8106669196859,False,False,False,False,False,False,False
final_ruehl_mask,mixed,57,270920317,16,BOMB,BOMB,3.1253329943865538,False,False,False,True,False,False,False
final_ruehl_mask,mixed,57,270920317,17,DOWN,DOWN,2.716875053010881,False,False,False,False,False,False,False
final_ruehl_mask,mixed,57,270920317,18,RIGHT,RIGHT,2.508999896235764,False,False,False,False,False,False,False
final_ruehl_mask,mixed,57,270920317,19,WAIT,WAIT,2.591916942037642,False,False,False,False,False,False,True
final_ruehl_mask,mixed,57,270920317,20,WAIT,WAIT,2.4990409146994352,False,False,False,False,False,False,True
final_ruehl_mask,mixed,57,270920317,21,WAIT,WAIT,2.799374982714653,False,True,False,False,False,False,True
final_ruehl_mask,mixed,57,270920317,22,WAIT,WAIT,2.8967499965801835,False,False,False,False,False,False,True
final_ruehl_mask,mixed,57,270920317,23,BOMB,BOMB,2.8685410507023335,False,False,False,True,False,False,True
final_ruehl_mask,mixed,57,270920317,24,LEFT,LEFT,2.7437079697847366,False,False,False,False,False,False,True
final_ruehl_mask,mixed,58,270920318,1,RIGHT,RIGHT,2.8311250498518348,False,True,False,False,False,False,False
final_ruehl_mask,mixed,58,270920318,2,BOMB,BOMB,2.074291929602623,False,False,False,True,False,False,False
final_ruehl_mask,mixed,58,270920318,3,LEFT,LEFT,2.9514170018956065,False,False,False,False,False,False,False
final_ruehl_mask,mixed,58,270920318,4,DOWN,DOWN,2.8868750669062138,False,False,False,False,False,False,False
final_ruehl_mask,mixed,58,270920318,5,WAIT,WAIT,2.77124997228384,False,False,False,False,False,False,False
final_ruehl_mask,mixed,58,270920318,6,WAIT,WAIT,2.8074170695617795,False,False,False,False,False,False,False
final_ruehl_mask,mixed,58,270920318,7,WAIT,WAIT,2.996250055730343,False,False,False,False,False,False,False
final_ruehl_mask,mixed,58,270920318,8,WAIT,WAIT,2.8733749641105533,False,False,False,False,False,False,False
final_ruehl_mask,mixed,58,270920318,9,BOMB,BOMB,3.3310839207842946,False,False,False,True,False,False,False
final_ruehl_mask,mixed,58,270920318,10,UP,UP,2.876834012567997,False,False,False,False,False,False,False
final_ruehl_mask,mixed,58,270920318,11,RIGHT,RIGHT,3.1232499750331044,False,True,False,False,False,False,False
final_ruehl_mask,mixed,58,270920318,12,RIGHT,RIGHT,2.8125829994678497,False,False,False,False,False,False,False
final_ruehl_mask,mixed,58,270920318,13,LEFT,LEFT,3.3009580802172422,False,False,False,False,False,False,False
final_ruehl_mask,mixed,58,270920318,14,WAIT,WAIT,2.7937910053879023,False,False,False,False,False,False,False
final_ruehl_mask,mixed,58,270920318,15,LEFT,LEFT,3.035874920897186,False,False,False,False,False,False,False
final_ruehl_mask,mixed,58,270920318,16,DOWN,DOWN,3.484209068119526,False,False,False,False,False,False,False
final_ruehl_mask,mixed,58,270920318,17,DOWN,DOWN,3.288207924924791,False,False,False,False,False,False,False
final_ruehl_mask,mixed,58,270920318,18,DOWN,DOWN,2.601624932140112,False,False,False,False,False,False,True
final_ruehl_mask,mixed,58,270920318,19,BOMB,BOMB,2.64879094902426,False,False,False,True,False,False,True
final_ruehl_mask,mixed,58,270920318,20,DOWN,DOWN,2.5211659958586097,False,False,False,False,False,False,True
final_ruehl_mask,mixed,58,270920318,21,WAIT,WAIT,2.5874580023810267,False,False,False,False,False,False,True
final_ruehl_mask,mixed,58,270920318,22,WAIT,WAIT,3.2450829166918993,False,False,False,False,False,False,True
final_ruehl_mask,mixed,58,270920318,23,WAIT,WAIT,2.677250071428716,False,False,False,False,False,False,True
final_ruehl_mask,mixed,59,270920319,1,DOWN,DOWN,2.3343750508502126,False,True,False,False,False,False,False
final_ruehl_mask,mixed,59,270920319,2,BOMB,BOMB,2.0923749543726444,False,False,False,True,False,False,False
final_ruehl_mask,mixed,59,270920319,3,UP,UP,2.0346249220892787,False,False,False,False,False,False,False
final_ruehl_mask,mixed,59,270920319,4,LEFT,LEFT,2.0991249475628138,False,False,False,False,False,False,False
final_ruehl_mask,mixed,59,270920319,5,WAIT,WAIT,2.5682919658720493,False,False,False,False,False,False,False
final_ruehl_mask,mixed,59,270920319,6,WAIT,WAIT,2.081374987028539,False,False,False,False,False,False,False
final_ruehl_mask,mixed,59,270920319,7,WAIT,WAIT,2.205000026151538,False,False,False,False,False,False,False
final_ruehl_mask,mixed,59,270920319,8,RIGHT,RIGHT,2.245625015348196,False,False,False,False,False,False,False
final_ruehl_mask,mixed,59,270920319,9,BOMB,BOMB,2.214791951701045,False,False,False,True,False,False,False
final_ruehl_mask,mixed,59,270920319,10,DOWN,DOWN,2.548375050537288,False,False,False,False,False,False,False
final_ruehl_mask,mixed,59,270920319,11,DOWN,DOWN,2.5208339793607593,False,True,False,False,False,False,False
final_ruehl_mask,mixed,59,270920319,12,LEFT,LEFT,2.4401249829679728,False,False,False,False,False,False,False
final_ruehl_mask,mixed,59,270920319,13,WAIT,WAIT,2.253916929475963,False,False,False,False,False,False,False
final_ruehl_mask,mixed,59,270920319,14,WAIT,WAIT,3.9131660014390945,False,False,False,False,False,False,False
final_ruehl_mask,mixed,59,270920319,15,RIGHT,RIGHT,2.591916942037642,False,False,False,False,False,False,False
final_ruehl_mask,mixed,59,270920319,16,BOMB,BOMB,2.7609579265117645,False,False,False,True,False,False,False
final_ruehl_mask,mixed,59,270920319,17,UP,UP,2.737417002208531,False,False,False,False,False,False,False
final_ruehl_mask,mixed,59,270920319,18,UP,UP,2.433834015391767,False,False,False,False,False,False,False
final_ruehl_mask,mixed,59,270920319,19,LEFT,LEFT,2.5507500395178795,False,False,False,False,False,False,False
final_ruehl_mask,mixed,59,270920319,20,LEFT,LEFT,2.420834032818675,False,False,False,False,False,False,False
final_ruehl_mask,mixed,59,270920319,21,LEFT,LEFT,2.6787499664351344,False,True,False,False,False,False,False
final_ruehl_mask,mixed,59,270920319,22,WAIT,WAIT,2.7512500528246164,False,False,False,False,False,False,False
final_ruehl_mask,mixed,59,270920319,23,BOMB,BOMB,2.7232500724494457,False,False,False,True,False,False,False
final_ruehl_mask,mixed,59,270920319,24,RIGHT,RIGHT,2.6232500094920397,False,False,False,False,False,False,False
final_ruehl_mask,mixed,59,270920319,25,RIGHT,RIGHT,2.5040829787030816,False,False,False,False,False,False,False
final_ruehl_mask,mixed,59,270920319,26,RIGHT,RIGHT,2.6635000249370933,False,False,False,False,False,False,False
final_ruehl_mask,mixed,59,270920319,27,DOWN,DOWN,2.7530419174581766,False,False,False,False,False,False,False
final_ruehl_mask,mixed,59,270920319,28,WAIT,WAIT,3.1709580216556787,False,False,False,False,False,False,False
final_ruehl_mask,mixed,59,270920319,29,DOWN,DOWN,3.104708041064441,False,False,False,False,False,False,False
final_ruehl_mask,mixed,59,270920319,30,DOWN,DOWN,3.3687499817460775,False,False,False,False,False,False,True
final_ruehl_mask,mixed,59,270920319,31,BOMB,BOMB,3.0891249189153314,False,True,False,True,False,False,True
final_ruehl_mask,mixed,59,270920319,32,DOWN,DOWN,3.309624968096614,False,False,False,False,False,False,True
final_ruehl_mask,mixed,59,270920319,33,DOWN,DOWN,2.7054169913753867,False,False,False,False,False,False,True
final_ruehl_mask,mixed,59,270920319,34,WAIT,WAIT,2.8214999474585056,False,False,False,False,False,False,True
final_ruehl_mask,mixed,59,270920319,35,UP,UP,3.314250032417476,False,False,False,False,False,False,True
final_ruehl_mask,mixed,60,270920320,1,DOWN,DOWN,2.4412081111222506,False,True,False,False,False,False,False
final_ruehl_mask,mixed,60,270920320,2,BOMB,BOMB,2.0812919829040766,False,False,False,True,False,False,False
final_ruehl_mask,mixed,60,270920320,3,UP,UP,2.808124991133809,False,False,False,False,False,False,False
final_ruehl_mask,mixed,60,270920320,4,RIGHT,RIGHT,2.8186249546706676,False,False,False,False,False,False,False
final_ruehl_mask,mixed,60,270920320,5,WAIT,WAIT,2.9706249479204416,False,False,False,False,False,False,False
final_ruehl_mask,mixed,60,270920320,6,WAIT,WAIT,2.724124933592975,False,False,False,False,False,False,False
final_ruehl_mask,mixed,60,270920320,7,WAIT,WAIT,2.8650410240516067,False,False,False,False,False,False,False
final_ruehl_mask,mixed,60,270920320,8,LEFT,LEFT,2.7407079469412565,False,False,False,False,False,False,False
final_ruehl_mask,mixed,60,270920320,9,BOMB,BOMB,3.2657920382916927,False,False,False,True,False,False,False
final_ruehl_mask,mixed,60,270920320,10,DOWN,DOWN,3.292209003120661,False,False,False,False,False,False,False
final_ruehl_mask,mixed,60,270920320,11,DOWN,DOWN,2.9565419536083937,False,True,False,False,False,False,False
final_ruehl_mask,mixed,60,270920320,12,DOWN,DOWN,2.9485829873010516,False,False,False,False,False,False,False
final_ruehl_mask,mixed,60,270920320,13,DOWN,DOWN,3.4441249445080757,False,False,False,False,False,False,False
final_ruehl_mask,mixed,60,270920320,14,WAIT,WAIT,3.3772920724004507,False,False,False,False,False,False,False
final_ruehl_mask,mixed,60,270920320,15,WAIT,WAIT,3.459166968241334,False,False,False,False,False,False,False
final_ruehl_mask,mixed,60,270920320,16,BOMB,BOMB,3.1383329769596457,False,False,False,True,False,False,False
final_ruehl_mask,mixed,60,270920320,17,UP,UP,2.552625024691224,False,False,False,False,False,False,False
final_ruehl_mask,mixed,60,270920320,18,UP,UP,2.456749905832112,False,False,False,False,False,False,False
final_ruehl_mask,mixed,60,270920320,19,UP,UP,3.4068749519065022,False,False,False,False,False,False,False
final_ruehl_mask,mixed,60,270920320,20,UP,UP,2.7526250341907144,False,False,False,False,False,False,False
final_ruehl_mask,mixed,60,270920320,21,RIGHT,RIGHT,3.893165965564549,False,True,False,False,False,False,False
final_ruehl_mask,mixed,60,270920320,22,RIGHT,RIGHT,3.7291250191628933,False,False,False,False,False,False,False
final_ruehl_mask,mixed,60,270920320,23,RIGHT,RIGHT,2.804958028718829,False,False,False,False,False,False,True
final_ruehl_mask,mixed,60,270920320,24,BOMB,BOMB,3.3235419541597366,False,False,False,True,False,False,True
final_ruehl_mask,mixed,60,270920320,25,LEFT,LEFT,2.6256670244038105,False,False,False,False,False,False,True
final_ruehl_mask,mixed,60,270920320,26,WAIT,WAIT,3.2415420282632113,False,False,False,False,False,False,True
final_ruehl_mask,mixed,60,270920320,27,LEFT,LEFT,2.601957996375859,False,False,False,False,False,False,True
final_ruehl_mask,mixed,60,270920320,28,RIGHT,RIGHT,2.455041976645589,False,False,False,False,False,False,True
final_ruehl_mask,mixed,61,270920321,1,RIGHT,RIGHT,2.8876670403406024,False,True,False,False,False,False,False
final_ruehl_mask,mixed,61,270920321,2,BOMB,BOMB,2.3244170006364584,False,False,False,True,False,False,False
final_ruehl_mask,mixed,61,270920321,3,LEFT,LEFT,2.8652080800384283,False,False,False,False,False,False,False
final_ruehl_mask,mixed,61,270920321,4,DOWN,DOWN,2.3198749404400587,False,False,False,False,False,False,False
final_ruehl_mask,mixed,61,270920321,5,DOWN,DOWN,2.492666942998767,False,False,False,False,False,False,False
final_ruehl_mask,mixed,61,270920321,6,DOWN,DOWN,3.0131660168990493,False,False,False,False,False,False,False
final_ruehl_mask,mixed,61,270920321,7,WAIT,WAIT,3.404541057534516,False,False,False,False,False,False,False
final_ruehl_mask,mixed,61,270920321,8,WAIT,WAIT,2.9639159329235554,False,False,False,False,False,False,False
final_ruehl_mask,mixed,61,270920321,9,BOMB,BOMB,2.866458031348884,False,False,False,True,False,False,False
final_ruehl_mask,mixed,61,270920321,10,UP,UP,2.86250002682209,False,False,False,False,False,False,False
final_ruehl_mask,mixed,61,270920321,11,UP,UP,3.0652499990537763,False,True,False,False,False,False,False
final_ruehl_mask,mixed,61,270920321,12,UP,UP,2.997040981426835,False,False,False,False,False,False,False
final_ruehl_mask,mixed,61,270920321,13,RIGHT,RIGHT,3.053082968108356,False,False,False,False,False,False,False
final_ruehl_mask,mixed,61,270920321,14,RIGHT,RIGHT,3.655125037766993,False,False,False,False,False,False,False
final_ruehl_mask,mixed,61,270920321,15,RIGHT,RIGHT,3.1754999654367566,False,False,False,False,False,False,False
final_ruehl_mask,mixed,61,270920321,16,RIGHT,RIGHT,2.680958015844226,False,False,False,False,False,False,False
final_ruehl_mask,mixed,61,270920321,17,BOMB,BOMB,3.6849169991910458,False,False,False,True,False,False,False
final_ruehl_mask,mixed,61,270920321,18,LEFT,LEFT,2.934000105597079,False,False,False,False,False,False,False
final_ruehl_mask,mixed,61,270920321,19,LEFT,LEFT,3.1957910396158695,False,False,False,False,False,False,False
final_ruehl_mask,mixed,61,270920321,20,LEFT,LEFT,2.9379160841926932,False,False,False,False,False,False,False
final_ruehl_mask,mixed,61,270920321,21,LEFT,LEFT,3.746209084056318,False,True,False,False,False,False,False
final_ruehl_mask,mixed,61,270920321,22,DOWN,DOWN,3.3977909479290247,False,False,False,False,False,False,False
final_ruehl_mask,mixed,61,270920321,23,DOWN,DOWN,3.196208970621228,False,False,False,False,False,False,True
final_ruehl_mask,mixed,61,270920321,24,BOMB,BOMB,3.8223330629989505,False,False,False,True,False,False,True
final_ruehl_mask,mixed,61,270920321,25,DOWN,DOWN,3.501207916997373,False,False,False,False,False,False,True
final_ruehl_mask,mixed,61,270920321,26,DOWN,DOWN,3.8895419565960765,False,False,False,False,False,False,True
final_ruehl_mask,mixed,61,270920321,27,UP,UP,4.048875067383051,False,False,False,False,False,False,True
final_ruehl_mask,mixed,61,270920321,28,WAIT,WAIT,3.889082930982113,False,False,False,False,False,False,True
final_ruehl_mask,mixed,62,270920322,1,UP,UP,2.921542036347091,False,True,False,False,False,False,False
final_ruehl_mask,mixed,62,270920322,2,BOMB,BOMB,2.357291989028454,False,False,False,True,False,False,False
final_ruehl_mask,mixed,62,270920322,3,DOWN,DOWN,3.072542021982372,False,False,False,False,False,False,False
final_ruehl_mask,mixed,62,270920322,4,LEFT,LEFT,2.840166911482811,False,False,False,False,False,False,False
final_ruehl_mask,mixed,62,270920322,5,LEFT,LEFT,2.9735000571236014,False,False,False,False,False,False,False
final_ruehl_mask,mixed,62,270920322,6,WAIT,WAIT,2.7676670579239726,False,False,False,False,False,False,False
final_ruehl_mask,mixed,62,270920322,7,WAIT,WAIT,2.516541979275644,False,False,False,False,False,False,False
final_ruehl_mask,mixed,62,270920322,8,RIGHT,RIGHT,2.311042044311762,False,False,False,False,False,False,False
final_ruehl_mask,mixed,62,270920322,9,BOMB,BOMB,3.014666959643364,False,False,False,True,False,False,False
final_ruehl_mask,mixed,62,270920322,10,RIGHT,RIGHT,2.2792499512434006,False,False,False,False,False,False,False
final_ruehl_mask,mixed,62,270920322,11,UP,UP,3.0150419333949685,False,True,False,False,False,False,False
final_ruehl_mask,mixed,62,270920322,12,UP,UP,3.1729579204693437,False,False,False,False,False,False,False
final_ruehl_mask,mixed,62,270920322,13,UP,UP,2.635000040754676,False,False,False,False,False,False,False
final_ruehl_mask,mixed,62,270920322,14,UP,UP,3.1922089401632547,False,False,False,False,False,False,False
final_ruehl_mask,mixed,62,270920322,15,WAIT,WAIT,3.3461670391261578,False,False,False,False,False,False,True
final_ruehl_mask,mixed,62,270920322,16,BOMB,BOMB,2.5436669820919633,False,False,False,True,False,False,True
final_ruehl_mask,mixed,62,270920322,17,LEFT,LEFT,2.3392080329358578,False,False,False,False,False,False,True
final_ruehl_mask,mixed,62,270920322,18,WAIT,WAIT,2.838292042724788,False,False,False,False,False,False,True
final_ruehl_mask,mixed,62,270920322,19,WAIT,WAIT,2.7774169575423002,False,False,False,False,False,False,True
final_ruehl_mask,mixed,62,270920322,20,WAIT,WAIT,2.9232909437268972,False,False,False,False,False,False,True
final_ruehl_mask,mixed,63,270920323,1,RIGHT,RIGHT,3.1671670731157064,False,True,False,False,False,False,False
final_ruehl_mask,mixed,63,270920323,2,BOMB,BOMB,5.264041945338249,False,False,False,True,False,False,False
final_ruehl_mask,mixed,63,270920323,3,LEFT,LEFT,3.3245410304516554,False,False,False,False,False,False,False
final_ruehl_mask,mixed,63,270920323,4,UP,UP,6.580792018212378,False,False,False,False,False,False,False
final_ruehl_mask,mixed,63,270920323,5,WAIT,WAIT,3.548417007550597,False,False,False,False,False,False,False
final_ruehl_mask,mixed,63,270920323,6,WAIT,WAIT,2.9404161032289267,False,False,False,False,False,False,False
final_ruehl_mask,mixed,63,270920323,7,WAIT,WAIT,4.632332944311202,False,False,False,False,False,False,False
final_ruehl_mask,mixed,63,270920323,8,WAIT,WAIT,2.7221250347793102,False,False,False,False,False,False,False
final_ruehl_mask,mixed,63,270920323,9,BOMB,BOMB,3.191040945239365,False,False,False,True,False,False,False
final_ruehl_mask,mixed,63,270920323,10,DOWN,DOWN,3.307916922494769,False,False,False,False,False,False,False
final_ruehl_mask,mixed,63,270920323,11,RIGHT,RIGHT,3.1741249840706587,False,True,False,False,False,False,False
final_ruehl_mask,mixed,63,270920323,12,RIGHT,RIGHT,3.2929169246926904,False,False,False,False,False,False,False
final_ruehl_mask,mixed,63,270920323,13,RIGHT,RIGHT,3.6291659343987703,False,False,False,False,False,False,False
final_ruehl_mask,mixed,63,270920323,14,RIGHT,RIGHT,3.4811670193448663,False,False,False,False,False,False,False
final_ruehl_mask,mixed,63,270920323,15,WAIT,WAIT,2.688625012524426,False,False,False,False,False,False,False
final_ruehl_mask,mixed,63,270920323,16,BOMB,BOMB,2.4792500771582127,False,False,False,True,False,False,False
final_ruehl_mask,mixed,63,270920323,17,LEFT,LEFT,2.953791990876198,False,False,False,False,False,False,False
final_ruehl_mask,mixed,63,270920323,18,LEFT,LEFT,3.0049170600250363,False,False,False,False,False,False,False
final_ruehl_mask,mixed,63,270920323,19,UP,UP,2.508249948732555,False,False,False,False,False,False,False
final_ruehl_mask,mixed,63,270920323,20,WAIT,WAIT,2.3540420224890113,False,False,False,False,False,False,False
final_ruehl_mask,mixed,63,270920323,21,WAIT,WAIT,2.5974580785259604,False,True,False,False,False,False,False
final_ruehl_mask,mixed,63,270920323,22,WAIT,WAIT,3.1412499956786633,False,False,False,False,False,False,False
final_ruehl_mask,mixed,63,270920323,23,BOMB,BOMB,3.4207500284537673,False,False,False,True,False,False,False
final_ruehl_mask,mixed,63,270920323,24,DOWN,DOWN,3.0538339633494616,False,False,False,False,False,False,False
final_ruehl_mask,mixed,63,270920323,25,RIGHT,RIGHT,3.508541965857148,False,False,False,False,False,False,False
final_ruehl_mask,mixed,63,270920323,26,RIGHT,RIGHT,3.5274169640615582,False,False,False,False,False,False,False
final_ruehl_mask,mixed,63,270920323,27,RIGHT,RIGHT,3.2107080332934856,False,False,False,False,False,False,False
final_ruehl_mask,mixed,63,270920323,28,RIGHT,RIGHT,2.5795409455895424,False,False,False,False,False,False,False
final_ruehl_mask,mixed,63,270920323,29,RIGHT,RIGHT,2.4887080071493983,False,False,False,False,False,False,False
final_ruehl_mask,mixed,63,270920323,30,RIGHT,RIGHT,3.0129170045256615,False,False,False,False,False,False,True
final_ruehl_mask,mixed,63,270920323,31,BOMB,BOMB,3.3192079281434417,False,True,False,True,False,False,True
final_ruehl_mask,mixed,63,270920323,32,UP,UP,3.090374986641109,False,False,False,False,False,False,True
final_ruehl_mask,mixed,63,270920323,33,WAIT,WAIT,2.972458954900503,False,False,False,False,False,False,True
final_ruehl_mask,mixed,63,270920323,34,WAIT,WAIT,3.0580000020563602,False,False,False,False,False,False,True
final_ruehl_mask,mixed,63,270920323,35,WAIT,WAIT,3.036750014871359,False,False,False,False,False,False,True
final_ruehl_mask,mixed,64,270920324,1,BOMB,BOMB,2.43591598700732,False,True,False,True,False,False,False
final_ruehl_mask,mixed,64,270920324,2,RIGHT,RIGHT,2.1762499818578362,False,False,False,False,False,False,False
final_ruehl_mask,mixed,64,270920324,3,RIGHT,RIGHT,2.0170420175418258,False,False,False,False,False,False,False
final_ruehl_mask,mixed,64,270920324,4,DOWN,DOWN,2.2122919326648116,False,False,False,False,False,False,False
final_ruehl_mask,mixed,64,270920324,5,WAIT,WAIT,2.093750052154064,False,False,False,False,False,False,False
final_ruehl_mask,mixed,64,270920324,6,WAIT,WAIT,2.29254097212106,False,False,False,False,False,False,False
final_ruehl_mask,mixed,64,270920324,7,UP,UP,2.346582943573594,False,False,False,False,False,False,True
final_ruehl_mask,mixed,64,270920324,8,BOMB,BOMB,2.742959070019424,False,False,False,True,False,False,True
final_ruehl_mask,mixed,64,270920324,9,RIGHT,RIGHT,2.267249976284802,False,False,False,False,False,False,True
final_ruehl_mask,mixed,64,270920324,10,WAIT,WAIT,2.176124951802194,False,False,False,False,False,False,True
final_ruehl_mask,mixed,64,270920324,11,WAIT,WAIT,2.2392920218408108,False,False,False,False,False,False,True
final_ruehl_mask,mixed,64,270920324,12,WAIT,WAIT,2.295791986398399,False,False,False,False,False,False,True
final_ruehl_mask,mixed,65,270920325,1,LEFT,LEFT,2.750542014837265,False,True,False,False,False,False,False
final_ruehl_mask,mixed,65,270920325,2,BOMB,BOMB,2.6556249940767884,False,False,False,True,False,False,False
final_ruehl_mask,mixed,65,270920325,3,RIGHT,RIGHT,2.9038749635219574,False,False,False,False,False,False,False
final_ruehl_mask,mixed,65,270920325,4,DOWN,DOWN,2.9120839899405837,False,False,False,False,False,False,False
final_ruehl_mask,mixed,65,270920325,5,WAIT,WAIT,3.1815420370548964,False,False,False,False,False,False,False
final_ruehl_mask,mixed,65,270920325,6,WAIT,WAIT,2.979291952215135,False,False,False,False,False,False,False
final_ruehl_mask,mixed,65,270920325,7,WAIT,WAIT,3.546249936334789,False,False,False,False,False,False,False
final_ruehl_mask,mixed,65,270920325,8,UP,UP,3.577333060093224,False,False,False,False,False,False,False
final_ruehl_mask,mixed,65,270920325,9,BOMB,BOMB,3.604375058785081,False,False,False,True,False,False,False
final_ruehl_mask,mixed,65,270920325,10,LEFT,LEFT,2.9895419720560312,False,False,False,False,False,False,False
final_ruehl_mask,mixed,65,270920325,11,LEFT,LEFT,3.0729169957339764,False,True,False,False,False,False,False
final_ruehl_mask,mixed,65,270920325,12,LEFT,LEFT,3.042084048502147,False,False,False,False,False,False,False
final_ruehl_mask,mixed,65,270920325,13,LEFT,LEFT,3.282334073446691,False,False,False,False,False,False,False
final_ruehl_mask,mixed,65,270920325,14,DOWN,DOWN,3.0609159730374813,False,False,False,False,False,False,False
final_ruehl_mask,mixed,65,270920325,15,DOWN,DOWN,3.011707914993167,False,False,False,False,False,False,False
final_ruehl_mask,mixed,65,270920325,16,BOMB,BOMB,3.2225410686805844,False,False,False,True,False,False,False
final_ruehl_mask,mixed,65,270920325,17,UP,UP,2.656124997884035,False,False,False,False,False,False,False
final_ruehl_mask,mixed,65,270920325,18,UP,UP,2.6807079557329416,False,False,False,False,False,False,False
final_ruehl_mask,mixed,65,270920325,19,RIGHT,RIGHT,2.6281250175088644,False,False,False,False,False,False,False
final_ruehl_mask,mixed,65,270920325,20,RIGHT,RIGHT,2.856665989384055,False,False,False,False,False,False,False
final_ruehl_mask,mixed,65,270920325,21,LEFT,LEFT,3.6575000267475843,False,True,False,False,False,False,False
final_ruehl_mask,mixed,65,270920325,22,LEFT,LEFT,3.668542020022869,False,False,False,False,False,False,False
final_ruehl_mask,mixed,65,270920325,23,BOMB,BOMB,3.0579169979318976,False,False,False,True,False,False,False
final_ruehl_mask,mixed,65,270920325,24,DOWN,DOWN,2.819292014464736,False,False,False,False,False,False,False
final_ruehl_mask,mixed,65,270920325,25,DOWN,DOWN,3.2789160031825304,False,False,False,False,False,False,False
final_ruehl_mask,mixed,65,270920325,26,LEFT,LEFT,3.0992920510470867,False,False,False,False,False,False,False
final_ruehl_mask,mixed,65,270920325,27,LEFT,LEFT,3.587166080251336,False,False,False,False,False,False,False
final_ruehl_mask,mixed,65,270920325,28,LEFT,LEFT,3.2789999386295676,False,False,False,False,False,False,False
final_ruehl_mask,mixed,65,270920325,29,WAIT,WAIT,2.9805840458720922,False,False,False,False,False,False,True
final_ruehl_mask,mixed,65,270920325,30,BOMB,BOMB,3.05349996779114,False,False,False,True,False,False,True
final_ruehl_mask,mixed,65,270920325,31,RIGHT,RIGHT,3.0175000429153442,False,True,False,False,False,False,True
final_ruehl_mask,mixed,65,270920325,32,RIGHT,RIGHT,3.1054590363055468,False,False,False,False,False,False,True
final_ruehl_mask,mixed,65,270920325,33,LEFT,LEFT,3.043042030185461,False,False,False,False,False,False,True
final_ruehl_mask,mixed,65,270920325,34,RIGHT,RIGHT,3.0842500273138285,False,False,False,False,False,False,True
final_ruehl_mask,mixed,66,270920326,1,RIGHT,RIGHT,2.2414999548345804,False,True,False,False,False,False,False
final_ruehl_mask,mixed,66,270920326,2,BOMB,BOMB,2.027040929533541,False,False,False,True,False,False,False
final_ruehl_mask,mixed,66,270920326,3,LEFT,LEFT,2.0532080670818686,False,False,False,False,False,False,False
final_ruehl_mask,mixed,66,270920326,4,UP,UP,2.173457993194461,False,False,False,False,False,False,False
final_ruehl_mask,mixed,66,270920326,5,WAIT,WAIT,2.088041976094246,False,False,False,False,False,False,False
final_ruehl_mask,mixed,66,270920326,6,WAIT,WAIT,2.2799589205533266,False,False,False,False,False,False,False
final_ruehl_mask,mixed,66,270920326,7,WAIT,WAIT,2.2374580148607492,False,False,False,False,False,False,False
final_ruehl_mask,mixed,66,270920326,8,WAIT,WAIT,2.1495409309864044,False,False,False,False,False,False,False
final_ruehl_mask,mixed,66,270920326,9,BOMB,BOMB,2.228708006441593,False,False,False,True,False,False,False
final_ruehl_mask,mixed,66,270920326,10,DOWN,DOWN,2.236249973066151,False,False,False,False,False,False,False
final_ruehl_mask,mixed,66,270920326,11,RIGHT,RIGHT,2.35999992582947,False,True,False,False,False,False,False
final_ruehl_mask,mixed,66,270920326,12,RIGHT,RIGHT,2.6778329629451036,False,False,False,False,False,False,False
final_ruehl_mask,mixed,66,270920326,13,RIGHT,RIGHT,2.6100409450009465,False,False,False,False,False,False,False
final_ruehl_mask,mixed,66,270920326,14,RIGHT,RIGHT,2.551250043325126,False,False,False,False,False,False,False
final_ruehl_mask,mixed,66,270920326,15,WAIT,WAIT,2.368292072787881,False,False,False,False,False,False,False
final_ruehl_mask,mixed,66,270920326,16,BOMB,BOMB,2.3322920314967632,False,False,False,True,False,False,False
final_ruehl_mask,mixed,66,270920326,17,LEFT,LEFT,2.338290913030505,False,False,False,False,False,False,False
final_ruehl_mask,mixed,66,270920326,18,LEFT,LEFT,2.300541033037007,False,False,False,False,False,False,False
final_ruehl_mask,mixed,66,270920326,19,LEFT,LEFT,2.4926658952608705,False,False,False,False,False,False,False
final_ruehl_mask,mixed,66,270920326,20,LEFT,LEFT,2.5694998912513256,False,False,False,False,False,False,False
final_ruehl_mask,mixed,66,270920326,21,WAIT,WAIT,2.9599169502034783,False,True,False,False,False,False,False
final_ruehl_mask,mixed,66,270920326,22,UP,UP,2.8404580662027,False,False,False,False,False,False,False
final_ruehl_mask,mixed,66,270920326,23,UP,UP,2.876915968954563,False,False,False,False,False,False,True
final_ruehl_mask,mixed,66,270920326,24,BOMB,BOMB,2.7308339485898614,False,False,False,True,False,False,True
final_ruehl_mask,mixed,66,270920326,25,UP,UP,2.613999997265637,False,False,False,False,False,False,True
final_ruehl_mask,mixed,66,270920326,26,UP,UP,2.552625024691224,False,False,False,False,False,False,True
final_ruehl_mask,mixed,66,270920326,27,DOWN,DOWN,2.3654999677091837,False,False,False,False,False,False,True
final_ruehl_mask,mixed,66,270920326,28,UP,UP,2.523166942410171,False,False,False,False,False,False,True
final_ruehl_mask,mixed,67,270920327,1,UP,UP,2.3148750187829137,False,True,False,False,False,False,False
final_ruehl_mask,mixed,67,270920327,2,BOMB,BOMB,2.329666051082313,False,False,False,True,False,False,False
final_ruehl_mask,mixed,67,270920327,3,DOWN,DOWN,2.119499957188964,False,False,False,False,False,False,False
final_ruehl_mask,mixed,67,270920327,4,LEFT,LEFT,2.112415968440473,False,False,False,False,False,False,False
final_ruehl_mask,mixed,67,270920327,5,WAIT,WAIT,2.213709056377411,False,False,False,False,False,False,False
final_ruehl_mask,mixed,67,270920327,6,WAIT,WAIT,1.994375023059547,False,False,False,False,False,False,False
final_ruehl_mask,mixed,67,270920327,7,WAIT,WAIT,2.313958015292883,False,False,False,False,False,False,False
final_ruehl_mask,mixed,67,270920327,8,RIGHT,RIGHT,2.111291978508234,False,False,False,False,False,False,False
final_ruehl_mask,mixed,67,270920327,9,BOMB,BOMB,2.143707941286266,False,False,False,True,False,False,False
final_ruehl_mask,mixed,67,270920327,10,UP,UP,2.129834028892219,False,False,False,False,False,False,False
final_ruehl_mask,mixed,67,270920327,11,UP,UP,2.214791951701045,False,True,False,False,False,False,False
final_ruehl_mask,mixed,67,270920327,12,UP,UP,2.1834579529240727,False,False,False,False,False,False,False
final_ruehl_mask,mixed,67,270920327,13,UP,UP,2.266082912683487,False,False,False,False,False,False,False
final_ruehl_mask,mixed,67,270920327,14,WAIT,WAIT,2.2708330070599914,False,False,False,False,False,False,False
final_ruehl_mask,mixed,67,270920327,15,WAIT,WAIT,2.545083058066666,False,False,False,False,False,False,True
final_ruehl_mask,mixed,67,270920327,16,BOMB,BOMB,2.244999981485307,False,False,False,True,False,False,True
final_ruehl_mask,mixed,67,270920327,17,DOWN,DOWN,1.8892089137807488,False,False,False,False,False,False,True
final_ruehl_mask,mixed,67,270920327,18,DOWN,DOWN,1.9889159593731165,False,False,False,False,False,False,True
final_ruehl_mask,mixed,67,270920327,19,UP,UP,1.9745409954339266,False,False,False,False,False,False,True
final_ruehl_mask,mixed,67,270920327,20,DOWN,DOWN,3.0174999265000224,False,False,False,False,False,False,True
final_ruehl_mask,mixed,68,270920328,1,LEFT,LEFT,2.501542097888887,False,True,False,False,False,False,False
final_ruehl_mask,mixed,68,270920328,2,BOMB,BOMB,2.1660419879481196,False,False,False,True,False,False,False
final_ruehl_mask,mixed,68,270920328,3,RIGHT,RIGHT,2.428749925456941,False,False,False,False,False,False,False
final_ruehl_mask,mixed,68,270920328,4,UP,UP,2.785958000458777,False,False,False,False,False,False,False
final_ruehl_mask,mixed,68,270920328,5,WAIT,WAIT,2.5569580029696226,False,False,False,False,False,False,False
final_ruehl_mask,mixed,68,270920328,6,WAIT,WAIT,2.2805420449003577,False,False,False,False,False,False,False
final_ruehl_mask,mixed,68,270920328,7,WAIT,WAIT,2.386209089308977,False,False,False,False,False,False,False
final_ruehl_mask,mixed,68,270920328,8,DOWN,DOWN,2.322374959476292,False,False,False,False,False,False,False
final_ruehl_mask,mixed,68,270920328,9,BOMB,BOMB,2.2862080950289965,False,False,False,True,False,False,False
final_ruehl_mask,mixed,68,270920328,10,LEFT,LEFT,2.2672920022159815,False,False,False,False,False,False,False
final_ruehl_mask,mixed,68,270920328,11,LEFT,LEFT,2.216166933067143,False,True,False,False,False,False,False
final_ruehl_mask,mixed,68,270920328,12,LEFT,LEFT,2.252833917737007,False,False,False,False,False,False,False
final_ruehl_mask,mixed,68,270920328,13,LEFT,LEFT,2.223833929747343,False,False,False,False,False,False,False
final_ruehl_mask,mixed,68,270920328,14,WAIT,WAIT,2.3603750159963965,False,False,False,False,False,False,False
final_ruehl_mask,mixed,68,270920328,15,UP,UP,2.4314590264111757,False,False,False,False,False,False,False
final_ruehl_mask,mixed,68,270920328,16,BOMB,BOMB,2.814000006765127,False,False,False,True,False,False,False
final_ruehl_mask,mixed,68,270920328,17,DOWN,DOWN,2.3487090365961194,False,False,False,False,False,False,False
final_ruehl_mask,mixed,68,270920328,18,RIGHT,RIGHT,2.641082974150777,False,False,False,False,False,False,False
final_ruehl_mask,mixed,68,270920328,19,RIGHT,RIGHT,2.701958059333265,False,False,False,False,False,False,False
final_ruehl_mask,mixed,68,270920328,20,RIGHT,RIGHT,2.6184169109910727,False,False,False,False,False,False,False
final_ruehl_mask,mixed,68,270920328,21,RIGHT,RIGHT,2.6990000624209642,False,True,False,False,False,False,False
final_ruehl_mask,mixed,68,270920328,22,LEFT,LEFT,2.7194999856874347,False,False,False,False,False,False,False
final_ruehl_mask,mixed,68,270920328,23,LEFT,LEFT,2.7071250369772315,False,False,False,False,False,False,False
final_ruehl_mask,mixed,68,270920328,24,BOMB,BOMB,2.5528750848025084,False,False,False,True,False,False,False
final_ruehl_mask,mixed,68,270920328,25,LEFT,LEFT,2.528417040593922,False,False,False,False,False,False,False
final_ruehl_mask,mixed,68,270920328,26,LEFT,LEFT,2.5085420347750187,False,False,False,False,False,False,False
final_ruehl_mask,mixed,68,270920328,27,UP,UP,2.484042081050575,False,False,False,False,False,False,False
final_ruehl_mask,mixed,68,270920328,28,UP,UP,2.8707500314339995,False,False,False,False,False,False,False
final_ruehl_mask,mixed,68,270920328,29,UP,UP,3.061625058762729,False,False,False,False,False,False,False
final_ruehl_mask,mixed,68,270920328,30,UP,UP,2.841499983333051,False,False,False,False,False,False,False
final_ruehl_mask,mixed,68,270920328,31,BOMB,BOMB,2.7365420246496797,False,True,False,True,False,False,False
final_ruehl_mask,mixed,68,270920328,32,DOWN,DOWN,2.8384169563651085,False,False,False,False,False,False,False
final_ruehl_mask,mixed,68,270920328,33,DOWN,DOWN,2.5878329761326313,False,False,False,False,False,False,False
final_ruehl_mask,mixed,68,270920328,34,DOWN,DOWN,2.6172500802204013,False,False,False,False,False,False,False
final_ruehl_mask,mixed,68,270920328,35,DOWN,DOWN,2.8666669968515635,False,False,False,False,False,False,False
final_ruehl_mask,mixed,68,270920328,36,LEFT,LEFT,3.2616250682622194,False,False,False,False,False,False,False
final_ruehl_mask,mixed,68,270920328,37,RIGHT,RIGHT,2.888540970161557,False,False,False,False,False,False,False
final_ruehl_mask,mixed,68,270920328,38,UP,UP,3.212000010535121,False,False,False,False,False,False,False
final_ruehl_mask,mixed,68,270920328,39,UP,UP,3.45391605515033,False,False,False,False,False,False,False
final_ruehl_mask,mixed,68,270920328,40,BOMB,BOMB,3.548332955688238,False,False,False,True,False,False,False
final_ruehl_mask,mixed,68,270920328,41,UP,UP,3.221041988581419,False,True,False,False,False,False,False
final_ruehl_mask,mixed,68,270920328,42,UP,UP,3.425832954235375,False,False,False,False,False,False,False
final_ruehl_mask,mixed,68,270920328,43,LEFT,LEFT,3.64287500269711,False,False,False,False,False,False,False
final_ruehl_mask,mixed,68,270920328,44,LEFT,LEFT,4.1302499594166875,False,False,False,False,False,False,False
final_ruehl_mask,mixed,68,270920328,45,LEFT,LEFT,4.4197909301146865,False,False,False,False,False,False,False
final_ruehl_mask,mixed,68,270920328,46,WAIT,WAIT,3.989166929386556,False,False,False,False,False,False,False
final_ruehl_mask,mixed,68,270920328,47,BOMB,BOMB,3.8969579618424177,False,False,False,True,False,False,False
final_ruehl_mask,mixed,68,270920328,48,RIGHT,RIGHT,3.8345000939443707,False,False,False,False,False,False,False
final_ruehl_mask,mixed,68,270920328,49,UP,UP,3.696250030770898,False,False,False,False,False,False,False
final_ruehl_mask,mixed,68,270920328,50,UP,UP,4.106583073735237,False,False,False,False,False,False,False
final_ruehl_mask,mixed,68,270920328,51,WAIT,WAIT,3.8081659004092216,False,True,False,False,False,False,False
final_ruehl_mask,mixed,68,270920328,52,DOWN,DOWN,3.277041018009186,False,False,False,False,False,False,False
final_ruehl_mask,mixed,68,270920328,53,DOWN,DOWN,3.3016250235959888,False,False,False,False,False,False,False
final_ruehl_mask,mixed,68,270920328,54,BOMB,BOMB,3.6025409353896976,False,False,False,True,False,False,False
final_ruehl_mask,mixed,68,270920328,55,LEFT,LEFT,3.4296250669285655,False,False,False,False,False,False,False
final_ruehl_mask,mixed,68,270920328,56,LEFT,LEFT,3.1791250221431255,False,False,False,False,False,False,False
final_ruehl_mask,mixed,68,270920328,57,DOWN,DOWN,3.0742910457774997,False,False,False,False,False,False,False
final_ruehl_mask,mixed,68,270920328,58,WAIT,WAIT,3.075666958466172,False,False,False,False,False,False,False
final_ruehl_mask,mixed,68,270920328,59,WAIT,WAIT,3.221207996830344,False,False,False,False,False,False,False
final_ruehl_mask,mixed,68,270920328,60,WAIT,WAIT,3.3537079580128193,False,False,False,False,False,False,False
final_ruehl_mask,mixed,68,270920328,61,BOMB,BOMB,3.3820830285549164,False,True,False,True,False,False,False
final_ruehl_mask,mixed,68,270920328,62,UP,UP,3.4853750839829445,False,False,False,False,False,False,False
final_ruehl_mask,mixed,68,270920328,63,RIGHT,RIGHT,3.6715840687975287,False,False,False,False,False,False,False
final_ruehl_mask,mixed,68,270920328,64,RIGHT,RIGHT,3.9374999469146132,False,False,False,False,False,False,False
final_ruehl_mask,mixed,68,270920328,65,RIGHT,RIGHT,4.557042033411562,False,False,False,False,False,False,False
final_ruehl_mask,mixed,68,270920328,66,RIGHT,RIGHT,4.442082950845361,False,False,False,False,False,False,False
final_ruehl_mask,mixed,68,270920328,67,DOWN,DOWN,4.549124976620078,False,False,False,False,False,False,False
final_ruehl_mask,mixed,68,270920328,68,WAIT,WAIT,4.0889999363571405,False,False,False,False,False,False,False
final_ruehl_mask,mixed,68,270920328,69,WAIT,WAIT,4.186167032457888,False,False,False,False,False,False,False
final_ruehl_mask,mixed,68,270920328,70,WAIT,WAIT,4.165666061453521,False,False,False,False,False,False,False
final_ruehl_mask,mixed,68,270920328,71,WAIT,WAIT,4.041292006149888,False,True,False,False,False,False,False
final_ruehl_mask,mixed,68,270920328,72,WAIT,WAIT,4.231290891766548,False,False,False,False,False,False,False
final_ruehl_mask,mixed,68,270920328,73,WAIT,WAIT,4.031333024613559,False,False,False,False,False,False,False
final_ruehl_mask,mixed,68,270920328,74,WAIT,WAIT,3.9760000072419643,False,False,False,False,False,False,False
final_ruehl_mask,mixed,68,270920328,75,WAIT,WAIT,4.094791947863996,False,False,False,False,False,False,False
final_ruehl_mask,mixed,68,270920328,76,WAIT,WAIT,3.8523750845342875,False,False,False,False,False,False,False
final_ruehl_mask,mixed,68,270920328,77,WAIT,WAIT,4.0270829340443015,False,False,False,False,False,False,False
final_ruehl_mask,mixed,68,270920328,78,BOMB,BOMB,4.237291985191405,False,False,False,True,True,False,False
final_ruehl_mask,mixed,68,270920328,79,DOWN,DOWN,4.467874998226762,False,False,False,False,False,False,False
final_ruehl_mask,mixed,68,270920328,80,WAIT,WAIT,4.378417041152716,False,False,False,False,False,False,False
final_ruehl_mask,mixed,68,270920328,81,RIGHT,RIGHT,3.817332908511162,False,True,False,False,False,False,False
final_ruehl_mask,mixed,68,270920328,82,RIGHT,RIGHT,4.33583406265825,False,False,False,False,False,False,False
final_ruehl_mask,mixed,68,270920328,83,DOWN,DOWN,5.003583035431802,False,False,False,False,False,False,False
final_ruehl_mask,mixed,68,270920328,84,DOWN,DOWN,4.507750039920211,False,False,False,False,False,False,False
final_ruehl_mask,mixed,68,270920328,85,WAIT,WAIT,4.095082986168563,False,False,False,False,False,False,False
final_ruehl_mask,mixed,68,270920328,86,WAIT,WAIT,4.311875090934336,False,False,False,False,False,False,False
final_ruehl_mask,mixed,68,270920328,87,WAIT,WAIT,4.249291960150003,False,False,False,False,False,False,True
final_ruehl_mask,mixed,68,270920328,88,BOMB,BOMB,4.484917037189007,False,False,False,True,True,False,True
final_ruehl_mask,mixed,68,270920328,89,LEFT,LEFT,4.445540951564908,False,False,False,False,False,False,True
final_ruehl_mask,mixed,68,270920328,90,WAIT,WAIT,3.852166933938861,False,False,False,False,False,False,True
final_ruehl_mask,mixed,68,270920328,91,WAIT,WAIT,3.7281250115484,False,False,False,False,False,False,True
final_ruehl_mask,mixed,68,270920328,92,LEFT,LEFT,3.6143329925835133,False,False,False,False,False,False,True
final_ruehl_mask,mixed,69,270920329,1,LEFT,LEFT,2.5475829606875777,False,True,False,False,False,False,False
final_ruehl_mask,mixed,69,270920329,2,BOMB,BOMB,2.364041982218623,False,False,False,True,False,False,False
final_ruehl_mask,mixed,69,270920329,3,RIGHT,RIGHT,2.1482500014826655,False,False,False,False,False,False,False
final_ruehl_mask,mixed,69,270920329,4,UP,UP,2.1512500243261456,False,False,False,False,False,False,False
final_ruehl_mask,mixed,69,270920329,5,WAIT,WAIT,2.107792068272829,False,False,False,False,False,False,False
final_ruehl_mask,mixed,69,270920329,6,WAIT,WAIT,2.222041948698461,False,False,False,False,False,False,False
final_ruehl_mask,mixed,69,270920329,7,WAIT,WAIT,2.6020000223070383,False,False,False,False,False,False,False
final_ruehl_mask,mixed,69,270920329,8,DOWN,DOWN,2.23483401350677,False,False,False,False,False,False,False
final_ruehl_mask,mixed,69,270920329,9,BOMB,BOMB,2.2309160558506846,False,False,False,True,False,False,False
final_ruehl_mask,mixed,69,270920329,10,LEFT,LEFT,2.010999945923686,False,False,False,False,False,False,False
final_ruehl_mask,mixed,69,270920329,11,LEFT,LEFT,1.9799999427050352,False,True,False,False,False,False,False
final_ruehl_mask,mixed,69,270920329,12,LEFT,LEFT,2.502292045392096,False,False,False,False,False,False,False
final_ruehl_mask,mixed,69,270920329,13,LEFT,LEFT,2.498291083611548,False,False,False,False,False,False,False
final_ruehl_mask,mixed,69,270920329,14,WAIT,WAIT,2.4558750446885824,False,False,False,False,False,False,False
final_ruehl_mask,mixed,69,270920329,15,WAIT,WAIT,2.3811670253053308,False,False,False,False,False,False,False
final_ruehl_mask,mixed,69,270920329,16,BOMB,BOMB,2.226749900728464,False,False,False,True,False,False,False
final_ruehl_mask,mixed,69,270920329,17,RIGHT,RIGHT,2.3300419561564922,False,False,False,False,False,False,False
final_ruehl_mask,mixed,69,270920329,18,RIGHT,RIGHT,2.225833013653755,False,False,False,False,False,False,False
final_ruehl_mask,mixed,69,270920329,19,RIGHT,RIGHT,2.5116659235209227,False,False,False,False,False,False,False
final_ruehl_mask,mixed,69,270920329,20,RIGHT,RIGHT,2.5036250008270144,False,False,False,False,False,False,False
final_ruehl_mask,mixed,69,270920329,21,UP,UP,2.796791959553957,False,True,False,False,False,False,False
final_ruehl_mask,mixed,69,270920329,22,UP,UP,2.5975829921662807,False,False,False,False,False,False,False
final_ruehl_mask,mixed,69,270920329,23,UP,UP,2.7791670290753245,False,False,False,False,False,False,True
final_ruehl_mask,mixed,69,270920329,24,BOMB,BOMB,2.4350410094484687,False,False,False,True,False,False,True
final_ruehl_mask,mixed,69,270920329,25,DOWN,DOWN,2.453041961416602,False,False,False,False,False,False,True
final_ruehl_mask,mixed,69,270920329,26,DOWN,DOWN,2.5106669636443257,False,False,False,False,False,False,True
final_ruehl_mask,mixed,69,270920329,27,WAIT,WAIT,2.4232910946011543,False,False,False,False,False,False,True
final_ruehl_mask,mixed,69,270920329,28,DOWN,DOWN,2.2646249271929264,False,False,False,False,False,False,True
final_ruehl_mask,mixed,70,270920330,1,RIGHT,RIGHT,2.316458965651691,False,True,False,False,False,False,False
final_ruehl_mask,mixed,70,270920330,2,BOMB,BOMB,2.0742909982800484,False,False,False,True,False,False,False
final_ruehl_mask,mixed,70,270920330,3,LEFT,LEFT,2.076667034998536,False,False,False,False,False,False,False
final_ruehl_mask,mixed,70,270920330,4,UP,UP,1.7546250019222498,False,False,False,False,False,False,False
final_ruehl_mask,mixed,70,270920330,5,WAIT,WAIT,1.778332982212305,False,False,False,False,False,False,False
final_ruehl_mask,mixed,70,270920330,6,WAIT,WAIT,2.0917500369250774,False,False,False,False,False,False,False
final_ruehl_mask,mixed,70,270920330,7,WAIT,WAIT,2.346541965380311,False,False,False,False,False,False,False
final_ruehl_mask,mixed,70,270920330,8,WAIT,WAIT,2.253957907669246,False,False,False,False,False,False,False
final_ruehl_mask,mixed,70,270920330,9,BOMB,BOMB,2.286541974171996,False,False,False,True,False,False,False
final_ruehl_mask,mixed,70,270920330,10,DOWN,DOWN,2.3289999226108193,False,False,False,False,False,False,False
final_ruehl_mask,mixed,70,270920330,11,RIGHT,RIGHT,2.441209042444825,False,True,False,False,False,False,False
final_ruehl_mask,mixed,70,270920330,12,RIGHT,RIGHT,2.49558303039521,False,False,False,False,False,False,False
final_ruehl_mask,mixed,70,270920330,13,RIGHT,RIGHT,2.575875027105212,False,False,False,False,False,False,False
final_ruehl_mask,mixed,70,270920330,14,RIGHT,RIGHT,2.5839589070528746,False,False,False,False,False,False,False
final_ruehl_mask,mixed,70,270920330,15,RIGHT,RIGHT,2.439624979160726,False,False,False,False,False,False,False
final_ruehl_mask,mixed,70,270920330,16,BOMB,BOMB,2.2624169941991568,False,False,False,True,False,False,False
final_ruehl_mask,mixed,70,270920330,17,LEFT,LEFT,2.4834999348968267,False,False,False,False,False,False,False
final_ruehl_mask,mixed,70,270920330,18,LEFT,LEFT,2.338874968700111,False,False,False,False,False,False,False
final_ruehl_mask,mixed,70,270920330,19,LEFT,LEFT,2.4640000192448497,False,False,False,False,False,False,False
final_ruehl_mask,mixed,70,270920330,20,LEFT,LEFT,2.616874990053475,False,False,False,False,False,False,False
final_ruehl_mask,mixed,70,270920330,21,LEFT,LEFT,2.8915000148117542,False,True,False,False,False,False,False
final_ruehl_mask,mixed,70,270920330,22,RIGHT,RIGHT,2.6247500209137797,False,False,False,False,False,False,False
final_ruehl_mask,mixed,70,270920330,23,RIGHT,RIGHT,2.679208992049098,False,False,False,False,False,False,False
final_ruehl_mask,mixed,70,270920330,24,BOMB,BOMB,2.9117079684510827,False,False,False,True,False,False,False
final_ruehl_mask,mixed,70,270920330,25,RIGHT,RIGHT,2.5589580181986094,False,False,False,False,False,False,False
final_ruehl_mask,mixed,70,270920330,26,RIGHT,RIGHT,2.6654580142349005,False,False,False,False,False,False,False
final_ruehl_mask,mixed,70,270920330,27,RIGHT,RIGHT,2.560999942943454,False,False,False,False,False,False,False
final_ruehl_mask,mixed,70,270920330,28,RIGHT,RIGHT,2.6536249788478017,False,False,False,False,False,False,False
final_ruehl_mask,mixed,70,270920330,29,UP,UP,3.042875090613961,False,False,False,False,False,False,False
final_ruehl_mask,mixed,70,270920330,30,WAIT,WAIT,2.6898329379037023,False,False,False,False,False,False,False
final_ruehl_mask,mixed,70,270920330,31,BOMB,BOMB,2.8270420152693987,False,True,False,True,False,False,False
final_ruehl_mask,mixed,70,270920330,32,DOWN,DOWN,3.113458980806172,False,False,False,False,False,False,False
final_ruehl_mask,mixed,70,270920330,33,RIGHT,RIGHT,3.1688330927863717,False,False,False,False,False,False,False
final_ruehl_mask,mixed,70,270920330,34,RIGHT,RIGHT,2.8878339799121022,False,False,False,False,False,False,False
final_ruehl_mask,mixed,70,270920330,35,UP,UP,3.31016699783504,False,False,False,False,False,False,False
final_ruehl_mask,mixed,70,270920330,36,DOWN,DOWN,2.9917500214651227,False,False,False,False,False,False,False
final_ruehl_mask,mixed,70,270920330,37,LEFT,LEFT,3.245541942305863,False,False,False,False,False,False,False
final_ruehl_mask,mixed,70,270920330,38,LEFT,LEFT,3.2844169763848186,False,False,False,False,False,False,False
final_ruehl_mask,mixed,70,270920330,39,LEFT,LEFT,3.4078749595209956,False,False,False,False,False,False,False
final_ruehl_mask,mixed,70,270920330,40,LEFT,LEFT,3.4387080231681466,False,False,False,False,False,False,False
final_ruehl_mask,mixed,70,270920330,41,LEFT,LEFT,3.3255830639973283,False,True,False,False,False,False,False
final_ruehl_mask,mixed,70,270920330,42,LEFT,LEFT,3.2620829297229648,False,False,False,False,False,False,False
final_ruehl_mask,mixed,70,270920330,43,LEFT,LEFT,3.734916914254427,False,False,False,False,False,False,False
final_ruehl_mask,mixed,70,270920330,44,LEFT,LEFT,3.520042053423822,False,False,False,False,False,False,False
final_ruehl_mask,mixed,70,270920330,45,UP,UP,3.313082968816161,False,False,False,False,False,False,False
final_ruehl_mask,mixed,70,270920330,46,UP,UP,3.4009580267593265,False,False,False,False,False,False,False
final_ruehl_mask,mixed,70,270920330,47,BOMB,BOMB,3.6285000387579203,False,False,False,True,False,False,False
final_ruehl_mask,mixed,70,270920330,48,RIGHT,RIGHT,3.059291047975421,False,False,False,False,False,False,False
final_ruehl_mask,mixed,70,270920330,49,RIGHT,RIGHT,3.060125047340989,False,False,False,False,False,False,False
final_ruehl_mask,mixed,70,270920330,50,UP,UP,3.167708986438811,False,False,False,False,False,False,False
final_ruehl_mask,mixed,70,270920330,51,UP,UP,3.3197919838130474,False,True,False,False,False,False,False
final_ruehl_mask,mixed,70,270920330,52,UP,UP,3.549208980984986,False,False,False,False,False,False,False
final_ruehl_mask,mixed,70,270920330,53,DOWN,DOWN,3.3571249805390835,False,False,False,False,False,False,True
final_ruehl_mask,mixed,70,270920330,54,BOMB,BOMB,3.470708034001291,False,False,False,True,False,False,True
final_ruehl_mask,mixed,70,270920330,55,DOWN,DOWN,3.4800409339368343,False,False,False,False,False,False,True
final_ruehl_mask,mixed,70,270920330,56,WAIT,WAIT,3.51537496317178,False,False,False,False,False,False,True
final_ruehl_mask,mixed,70,270920330,57,WAIT,WAIT,3.3298329217359424,False,False,False,False,False,False,True
final_ruehl_mask,mixed,70,270920330,58,DOWN,DOWN,3.3060830319300294,False,False,False,False,False,False,True
final_ruehl_mask,mixed,71,270920331,1,LEFT,LEFT,2.400417113676667,False,True,False,False,False,False,False
final_ruehl_mask,mixed,71,270920331,2,BOMB,BOMB,1.9935419550165534,False,False,False,True,False,False,False
final_ruehl_mask,mixed,71,270920331,3,RIGHT,RIGHT,2.093917108140886,False,False,False,False,False,False,False
final_ruehl_mask,mixed,71,270920331,4,DOWN,DOWN,2.100458019413054,False,False,False,False,False,False,False
final_ruehl_mask,mixed,71,270920331,5,WAIT,WAIT,2.1204999648034573,False,False,False,False,False,False,False
final_ruehl_mask,mixed,71,270920331,6,WAIT,WAIT,2.042874926701188,False,False,False,False,False,False,False
final_ruehl_mask,mixed,71,270920331,7,WAIT,WAIT,2.2405830677598715,False,False,False,False,False,False,False
final_ruehl_mask,mixed,71,270920331,8,UP,UP,1.9909170223399997,False,False,False,False,False,False,False
final_ruehl_mask,mixed,71,270920331,9,LEFT,LEFT,1.9008750095963478,False,False,False,False,False,False,False
final_ruehl_mask,mixed,71,270920331,10,LEFT,LEFT,1.901749987155199,False,False,False,False,False,False,False
final_ruehl_mask,mixed,71,270920331,11,LEFT,LEFT,2.0156250102445483,False,True,False,False,False,False,False
final_ruehl_mask,mixed,71,270920331,12,BOMB,BOMB,2.397665986791253,False,False,False,True,False,False,False
final_ruehl_mask,mixed,71,270920331,13,RIGHT,RIGHT,2.2526250686496496,False,False,False,False,False,False,False
final_ruehl_mask,mixed,71,270920331,14,RIGHT,RIGHT,2.301667002029717,False,False,False,False,False,False,False
final_ruehl_mask,mixed,71,270920331,15,RIGHT,RIGHT,2.4226249661296606,False,False,False,False,False,False,False
final_ruehl_mask,mixed,71,270920331,16,DOWN,DOWN,2.62625003233552,False,False,False,False,False,False,False
final_ruehl_mask,mixed,71,270920331,17,WAIT,WAIT,2.2684159921482205,False,False,False,False,False,False,False
final_ruehl_mask,mixed,71,270920331,18,WAIT,WAIT,2.348958980292082,False,False,False,False,False,False,False
final_ruehl_mask,mixed,71,270920331,19,BOMB,BOMB,2.3748748935759068,False,False,False,True,False,False,False
final_ruehl_mask,mixed,71,270920331,20,UP,UP,2.3471669992432,False,False,False,False,False,False,False
final_ruehl_mask,mixed,71,270920331,21,LEFT,LEFT,2.885166904889047,False,True,False,False,False,False,False
final_ruehl_mask,mixed,71,270920331,22,LEFT,LEFT,2.9787090606987476,False,False,False,False,False,False,False
final_ruehl_mask,mixed,71,270920331,23,RIGHT,RIGHT,2.894166042096913,False,False,False,False,False,False,False
final_ruehl_mask,mixed,71,270920331,24,LEFT,LEFT,2.6812920114025474,False,False,False,False,False,False,False
final_ruehl_mask,mixed,71,270920331,25,RIGHT,RIGHT,2.7067920891568065,False,False,False,False,False,False,False
final_ruehl_mask,mixed,71,270920331,26,RIGHT,RIGHT,3.075874992646277,False,False,False,False,False,False,False
final_ruehl_mask,mixed,71,270920331,27,DOWN,DOWN,2.806916949339211,False,False,False,False,False,False,False
final_ruehl_mask,mixed,71,270920331,28,UP,UP,2.7760829543694854,False,False,False,False,False,False,False
final_ruehl_mask,mixed,71,270920331,29,WAIT,WAIT,2.9156659729778767,False,False,False,False,False,False,False
final_ruehl_mask,mixed,71,270920331,30,WAIT,WAIT,3.8064580876380205,False,False,False,False,False,False,False
final_ruehl_mask,mixed,71,270920331,31,WAIT,WAIT,3.0623750062659383,False,True,False,False,False,False,False
final_ruehl_mask,mixed,71,270920331,32,LEFT,LEFT,2.90545797906816,False,False,False,False,False,False,False
final_ruehl_mask,mixed,71,270920331,33,LEFT,LEFT,3.6470419727265835,False,False,False,False,False,False,True
final_ruehl_mask,mixed,71,270920331,34,BOMB,BOMB,3.4344999585300684,False,False,False,True,False,False,True
final_ruehl_mask,mixed,71,270920331,35,LEFT,LEFT,3.303666948340833,False,False,False,False,False,False,True
final_ruehl_mask,mixed,71,270920331,36,WAIT,WAIT,3.1690419418737292,False,False,False,False,False,False,True
final_ruehl_mask,mixed,71,270920331,37,LEFT,LEFT,2.939332975074649,False,False,False,False,False,False,True
final_ruehl_mask,mixed,71,270920331,38,LEFT,LEFT,2.9544580029323697,False,False,False,False,False,False,True
final_ruehl_mask,mixed,72,270920332,1,DOWN,DOWN,2.4388330057263374,False,True,False,False,False,False,False
final_ruehl_mask,mixed,72,270920332,2,BOMB,BOMB,2.0164159359410405,False,False,False,True,False,False,False
final_ruehl_mask,mixed,72,270920332,3,UP,UP,2.0729999523609877,False,False,False,False,False,False,False
final_ruehl_mask,mixed,72,270920332,4,LEFT,LEFT,2.125540981069207,False,False,False,False,False,False,False
final_ruehl_mask,mixed,72,270920332,5,WAIT,WAIT,2.1083749597892165,False,False,False,False,False,False,False
final_ruehl_mask,mixed,72,270920332,6,WAIT,WAIT,2.0322500495240092,False,False,False,False,False,False,False
final_ruehl_mask,mixed,72,270920332,7,WAIT,WAIT,2.2109580459073186,False,False,False,False,False,False,False
final_ruehl_mask,mixed,72,270920332,8,RIGHT,RIGHT,2.130166976712644,False,False,False,False,False,False,False
final_ruehl_mask,mixed,72,270920332,9,DOWN,DOWN,1.9379999721422791,False,False,False,False,False,False,False
final_ruehl_mask,mixed,72,270920332,10,DOWN,DOWN,1.890124985948205,False,False,False,False,False,False,False
final_ruehl_mask,mixed,72,270920332,11,DOWN,DOWN,2.076250035315752,False,True,False,False,False,False,False
final_ruehl_mask,mixed,72,270920332,12,DOWN,DOWN,2.3274999111890793,False,False,False,False,False,False,True
final_ruehl_mask,mixed,72,270920332,13,BOMB,BOMB,2.2519580088555813,False,False,False,True,False,False,True
final_ruehl_mask,mixed,72,270920332,14,UP,UP,2.2249589674174786,False,False,False,False,False,False,True
final_ruehl_mask,mixed,72,270920332,15,UP,UP,2.2383329924196005,False,False,False,False,False,False,True
final_ruehl_mask,mixed,72,270920332,16,DOWN,DOWN,2.1683750674128532,False,False,False,False,False,False,True
final_ruehl_mask,mixed,72,270920332,17,UP,UP,2.1452090004459023,False,False,False,False,False,False,True
final_ruehl_mask,mixed,73,270920333,1,DOWN,DOWN,2.4086249759420753,False,True,False,False,False,False,False
final_ruehl_mask,mixed,73,270920333,2,BOMB,BOMB,2.806791104376316,False,False,False,True,False,False,False
final_ruehl_mask,mixed,73,270920333,3,UP,UP,2.7980420272797346,False,False,False,False,False,False,False
final_ruehl_mask,mixed,73,270920333,4,LEFT,LEFT,2.7989590307697654,False,False,False,False,False,False,False
final_ruehl_mask,mixed,73,270920333,5,WAIT,WAIT,2.7622919296845794,False,False,False,False,False,False,False
final_ruehl_mask,mixed,73,270920333,6,WAIT,WAIT,2.8963329968973994,False,False,False,False,False,False,False
final_ruehl_mask,mixed,73,270920333,7,WAIT,WAIT,3.321666968986392,False,False,False,False,False,False,False
final_ruehl_mask,mixed,73,270920333,8,RIGHT,RIGHT,2.6228330098092556,False,False,False,False,False,False,False
final_ruehl_mask,mixed,73,270920333,9,DOWN,DOWN,2.4242079816758633,False,False,False,False,False,False,False
final_ruehl_mask,mixed,73,270920333,10,DOWN,DOWN,3.287707921117544,False,False,False,False,False,False,False
final_ruehl_mask,mixed,73,270920333,11,DOWN,DOWN,3.28345806337893,False,True,False,False,False,False,False
final_ruehl_mask,mixed,73,270920333,12,DOWN,DOWN,3.092208062298596,False,False,False,False,False,False,False
final_ruehl_mask,mixed,73,270920333,13,BOMB,BOMB,3.1551660504192114,False,False,False,True,False,False,False
final_ruehl_mask,mixed,73,270920333,14,UP,UP,15.001166029833257,False,False,False,False,False,False,False
final_ruehl_mask,mixed,73,270920333,15,UP,UP,4.540499998256564,False,False,False,False,False,False,False
final_ruehl_mask,mixed,73,270920333,16,LEFT,LEFT,26.108124991878867,False,False,False,False,False,False,False
final_ruehl_mask,mixed,73,270920333,17,WAIT,WAIT,2.347333007492125,False,False,False,False,False,False,False
final_ruehl_mask,mixed,73,270920333,18,WAIT,WAIT,3.31004208419472,False,False,False,False,False,False,False
final_ruehl_mask,mixed,73,270920333,19,RIGHT,RIGHT,3.4571660216897726,False,False,False,False,False,False,False
final_ruehl_mask,mixed,73,270920333,20,BOMB,BOMB,3.8428340340033174,False,False,False,True,False,False,False
final_ruehl_mask,mixed,73,270920333,21,DOWN,DOWN,3.439249936491251,False,True,False,False,False,False,False
final_ruehl_mask,mixed,73,270920333,22,DOWN,DOWN,3.5918750800192356,False,False,False,False,False,False,False
final_ruehl_mask,mixed,73,270920333,23,LEFT,LEFT,3.52508295327425,False,False,False,False,False,False,False
final_ruehl_mask,mixed,73,270920333,24,LEFT,LEFT,2.8033750131726265,False,False,False,False,False,False,False
final_ruehl_mask,mixed,73,270920333,25,LEFT,LEFT,3.8395830197259784,False,False,False,False,False,False,False
final_ruehl_mask,mixed,73,270920333,26,LEFT,LEFT,3.4862919710576534,False,False,False,False,False,False,True
final_ruehl_mask,mixed,73,270920333,27,BOMB,BOMB,3.485332941636443,False,False,False,True,False,False,True
final_ruehl_mask,mixed,73,270920333,28,DOWN,DOWN,2.7072919765487313,False,False,False,False,False,False,True
final_ruehl_mask,mixed,73,270920333,29,WAIT,WAIT,2.477291040122509,False,False,False,False,False,False,True
final_ruehl_mask,mixed,73,270920333,30,WAIT,WAIT,2.632332965731621,False,False,False,False,False,False,True
final_ruehl_mask,mixed,73,270920333,31,WAIT,WAIT,2.566916053183377,False,False,False,False,False,False,True
final_ruehl_mask,mixed,74,270920334,1,RIGHT,RIGHT,2.313666045665741,False,True,False,False,False,False,False
final_ruehl_mask,mixed,74,270920334,2,BOMB,BOMB,2.0982499700039625,False,False,False,True,False,False,False
final_ruehl_mask,mixed,74,270920334,3,LEFT,LEFT,2.174000022932887,False,False,False,False,False,False,False
final_ruehl_mask,mixed,74,270920334,4,WAIT,WAIT,2.012082957662642,False,False,False,False,False,False,False
final_ruehl_mask,mixed,74,270920334,5,DOWN,DOWN,2.3276660358533263,False,False,False,False,False,False,False
final_ruehl_mask,mixed,74,270920334,6,WAIT,WAIT,2.116499934345484,False,False,False,False,False,False,False
final_ruehl_mask,mixed,74,270920334,7,WAIT,WAIT,2.2855419665575027,False,False,False,False,False,False,False
final_ruehl_mask,mixed,74,270920334,8,UP,UP,2.089124987833202,False,False,False,False,False,False,False
final_ruehl_mask,mixed,74,270920334,9,BOMB,BOMB,1.8494159448891878,False,False,False,True,False,False,False
final_ruehl_mask,mixed,74,270920334,10,RIGHT,RIGHT,1.8058749847114086,False,False,False,False,False,False,False
final_ruehl_mask,mixed,74,270920334,11,RIGHT,RIGHT,1.8621250055730343,False,True,False,False,False,False,False
final_ruehl_mask,mixed,74,270920334,12,RIGHT,RIGHT,2.1582089830189943,False,False,False,False,False,False,False
final_ruehl_mask,mixed,74,270920334,13,RIGHT,RIGHT,2.283458015881479,False,False,False,False,False,False,False
final_ruehl_mask,mixed,74,270920334,14,WAIT,WAIT,2.27762502618134,False,False,False,False,False,False,False
final_ruehl_mask,mixed,74,270920334,15,WAIT,WAIT,2.2573330206796527,False,False,False,False,False,False,False
final_ruehl_mask,mixed,74,270920334,16,BOMB,BOMB,2.257874934002757,False,False,False,True,False,False,False
final_ruehl_mask,mixed,74,270920334,17,LEFT,LEFT,2.0420000655576587,False,False,False,False,False,False,False
final_ruehl_mask,mixed,74,270920334,18,LEFT,LEFT,2.167915925383568,False,False,False,False,False,False,False
final_ruehl_mask,mixed,74,270920334,19,LEFT,LEFT,2.415916998870671,False,False,False,False,False,False,False
final_ruehl_mask,mixed,74,270920334,20,LEFT,LEFT,2.3369999835267663,False,False,False,False,False,False,False
final_ruehl_mask,mixed,74,270920334,21,WAIT,WAIT,2.6665000477805734,False,True,False,False,False,False,False
final_ruehl_mask,mixed,74,270920334,22,RIGHT,RIGHT,2.694459049962461,False,False,False,False,False,False,False
final_ruehl_mask,mixed,74,270920334,23,RIGHT,RIGHT,2.767709083855152,False,False,False,False,False,False,False
final_ruehl_mask,mixed,74,270920334,24,BOMB,BOMB,2.6885000988841057,False,False,False,True,False,False,False
final_ruehl_mask,mixed,74,270920334,25,RIGHT,RIGHT,2.5369160575792193,False,False,False,False,False,False,False
final_ruehl_mask,mixed,74,270920334,26,RIGHT,RIGHT,2.479208051227033,False,False,False,False,False,False,False
final_ruehl_mask,mixed,74,270920334,27,DOWN,DOWN,2.8003749903291464,False,False,False,False,False,False,False
final_ruehl_mask,mixed,74,270920334,28,DOWN,DOWN,2.6175840757787228,False,False,False,False,False,False,False
final_ruehl_mask,mixed,74,270920334,29,DOWN,DOWN,2.9017499182373285,False,False,False,False,False,False,False
final_ruehl_mask,mixed,74,270920334,30,DOWN,DOWN,2.742249984294176,False,False,False,False,False,False,False
final_ruehl_mask,mixed,74,270920334,31,RIGHT,RIGHT,2.7355420170351863,False,True,False,False,False,False,True
final_ruehl_mask,mixed,74,270920334,32,BOMB,BOMB,2.792124985717237,False,False,False,True,False,False,True
final_ruehl_mask,mixed,74,270920334,33,RIGHT,RIGHT,2.44620896410197,False,False,False,False,False,False,True
final_ruehl_mask,mixed,74,270920334,34,WAIT,WAIT,2.466334030032158,False,False,False,False,False,False,True
final_ruehl_mask,mixed,74,270920334,35,WAIT,WAIT,2.43870890699327,False,False,False,False,False,False,True
final_ruehl_mask,mixed,74,270920334,36,WAIT,WAIT,2.5276250671595335,False,False,False,False,False,False,True
final_ruehl_mask,mixed,75,270920335,1,DOWN,DOWN,2.5238340022042394,False,True,False,False,False,False,True
final_ruehl_mask,mixed,75,270920335,2,BOMB,BOMB,2.200333052314818,False,False,False,True,False,False,True
final_ruehl_mask,mixed,75,270920335,3,DOWN,DOWN,2.074750023894012,False,False,False,False,False,False,True
final_ruehl_mask,mixed,75,270920335,4,WAIT,WAIT,2.048584050498903,False,False,False,False,False,False,True
final_ruehl_mask,mixed,75,270920335,5,WAIT,WAIT,2.115249983035028,False,False,False,False,False,False,True
final_ruehl_mask,mixed,75,270920335,6,WAIT,WAIT,2.079083933494985,False,False,False,False,False,False,True
final_ruehl_mask,mixed,76,270920336,1,BOMB,BOMB,2.757792011834681,False,True,False,True,False,False,False
final_ruehl_mask,mixed,76,270920336,2,LEFT,LEFT,2.4643330834805965,False,False,False,False,False,False,False
final_ruehl_mask,mixed,76,270920336,3,LEFT,LEFT,2.302417065948248,False,False,False,False,False,False,False
final_ruehl_mask,mixed,76,270920336,4,UP,UP,2.825832925736904,False,False,False,False,False,False,False
final_ruehl_mask,mixed,76,270920336,5,UP,UP,2.5872919941321015,False,False,False,False,False,False,False
final_ruehl_mask,mixed,76,270920336,6,UP,UP,2.9689579969272017,False,False,False,False,False,False,False
final_ruehl_mask,mixed,76,270920336,7,UP,UP,2.62870907317847,False,False,False,False,False,False,False
final_ruehl_mask,mixed,76,270920336,8,BOMB,BOMB,2.5220420211553574,False,False,False,True,False,False,False
final_ruehl_mask,mixed,76,270920336,9,LEFT,LEFT,2.4505830369889736,False,False,False,False,False,False,False
final_ruehl_mask,mixed,76,270920336,10,LEFT,LEFT,2.43854196742177,False,False,False,False,False,False,False
final_ruehl_mask,mixed,76,270920336,11,LEFT,LEFT,2.3808330297470093,False,True,False,False,False,False,False
final_ruehl_mask,mixed,76,270920336,12,LEFT,LEFT,3.3300420036539435,False,False,False,False,False,False,False
final_ruehl_mask,mixed,76,270920336,13,UP,UP,3.5698750289157033,False,False,False,False,False,False,False
final_ruehl_mask,mixed,76,270920336,14,WAIT,WAIT,2.7374590281397104,False,False,False,False,False,False,False
final_ruehl_mask,mixed,76,270920336,15,BOMB,BOMB,3.324999939650297,False,False,False,True,False,False,False
final_ruehl_mask,mixed,76,270920336,16,DOWN,DOWN,2.8143340023234487,False,False,False,False,False,False,False
final_ruehl_mask,mixed,76,270920336,17,RIGHT,RIGHT,3.6121250595897436,False,False,False,False,False,False,False
final_ruehl_mask,mixed,76,270920336,18,RIGHT,RIGHT,3.6188329104334116,False,False,False,False,False,False,False
final_ruehl_mask,mixed,76,270920336,19,RIGHT,RIGHT,3.326833015307784,False,False,False,False,False,False,False
final_ruehl_mask,mixed,76,270920336,20,RIGHT,RIGHT,4.32216702029109,False,False,False,False,False,False,False
final_ruehl_mask,mixed,76,270920336,21,RIGHT,RIGHT,4.472542088478804,False,True,False,False,False,False,False
final_ruehl_mask,mixed,76,270920336,22,RIGHT,RIGHT,4.054874996654689,False,False,False,False,False,False,True
final_ruehl_mask,mixed,76,270920336,23,BOMB,BOMB,3.5253330133855343,False,False,False,True,False,False,True
final_ruehl_mask,mixed,76,270920336,24,DOWN,DOWN,3.1744999578222632,False,False,False,False,False,False,True
final_ruehl_mask,mixed,76,270920336,25,WAIT,WAIT,3.5444159293547273,False,False,False,False,False,False,True
final_ruehl_mask,mixed,76,270920336,26,DOWN,DOWN,3.0885000014677644,False,False,False,False,False,False,True
final_ruehl_mask,mixed,76,270920336,27,DOWN,DOWN,3.829166991636157,False,False,False,False,False,False,True
final_ruehl_mask,mixed,77,270920337,1,RIGHT,RIGHT,2.373458002693951,False,True,False,False,False,False,False
final_ruehl_mask,mixed,77,270920337,2,BOMB,BOMB,2.3905420675873756,False,False,False,True,False,False,False
final_ruehl_mask,mixed,77,270920337,3,LEFT,LEFT,2.1614580182358623,False,False,False,False,False,False,False
final_ruehl_mask,mixed,77,270920337,4,UP,UP,2.177958027459681,False,False,False,False,False,False,False
final_ruehl_mask,mixed,77,270920337,5,UP,UP,2.2164579713717103,False,False,False,False,False,False,False
final_ruehl_mask,mixed,77,270920337,6,WAIT,WAIT,2.1953750401735306,False,False,False,False,False,False,False
final_ruehl_mask,mixed,77,270920337,7,WAIT,WAIT,2.535416977480054,False,False,False,False,False,False,False
final_ruehl_mask,mixed,77,270920337,8,WAIT,WAIT,2.2099590860307217,False,False,False,False,False,False,False
final_ruehl_mask,mixed,77,270920337,9,BOMB,BOMB,2.0953749772161245,False,False,False,True,False,False,False
final_ruehl_mask,mixed,77,270920337,10,DOWN,DOWN,2.391667105257511,False,False,False,False,False,False,False
final_ruehl_mask,mixed,77,270920337,11,DOWN,DOWN,2.5857919827103615,False,True,False,False,False,False,False
final_ruehl_mask,mixed,77,270920337,12,RIGHT,RIGHT,2.5915830628946424,False,False,False,False,False,False,False
final_ruehl_mask,mixed,77,270920337,13,RIGHT,RIGHT,2.070500049740076,False,False,False,False,False,False,False
final_ruehl_mask,mixed,77,270920337,14,RIGHT,RIGHT,2.5087910471484065,False,False,False,False,False,False,False
final_ruehl_mask,mixed,77,270920337,15,RIGHT,RIGHT,2.16533406637609,False,False,False,False,False,False,True
final_ruehl_mask,mixed,77,270920337,16,BOMB,BOMB,2.5382080348208547,False,False,False,True,False,False,True
final_ruehl_mask,mixed,77,270920337,17,UP,UP,2.4775000056251884,False,False,False,False,False,False,True
final_ruehl_mask,mixed,77,270920337,18,WAIT,WAIT,2.1889579948037863,False,False,False,False,False,False,True
final_ruehl_mask,mixed,77,270920337,19,WAIT,WAIT,2.3014580365270376,False,False,False,False,False,False,True
final_ruehl_mask,mixed,77,270920337,20,WAIT,WAIT,2.388667082414031,False,False,False,False,False,False,True
final_ruehl_mask,mixed,78,270920338,1,UP,UP,2.232833066955209,False,True,False,False,False,False,False
final_ruehl_mask,mixed,78,270920338,2,BOMB,BOMB,2.136667026206851,False,False,False,True,False,False,False
final_ruehl_mask,mixed,78,270920338,3,DOWN,DOWN,2.023500041104853,False,False,False,False,False,False,False
final_ruehl_mask,mixed,78,270920338,4,RIGHT,RIGHT,2.0524170249700546,False,False,False,False,False,False,False
final_ruehl_mask,mixed,78,270920338,5,WAIT,WAIT,2.15616705827415,False,False,False,False,False,False,False
final_ruehl_mask,mixed,78,270920338,6,WAIT,WAIT,1.9754579989239573,False,False,False,False,False,False,False
final_ruehl_mask,mixed,78,270920338,7,WAIT,WAIT,2.235707943327725,False,False,False,False,False,False,False
final_ruehl_mask,mixed,78,270920338,8,LEFT,LEFT,2.192041021771729,False,False,False,False,False,False,False
final_ruehl_mask,mixed,78,270920338,9,BOMB,BOMB,2.2984161041677,False,False,False,True,False,False,False
final_ruehl_mask,mixed,78,270920338,10,UP,UP,2.1502500167116523,False,False,False,False,False,False,False
final_ruehl_mask,mixed,78,270920338,11,UP,UP,2.2367910714820027,False,True,False,False,False,False,False
final_ruehl_mask,mixed,78,270920338,12,UP,UP,2.2894589928910136,False,False,False,False,False,False,False
final_ruehl_mask,mixed,78,270920338,13,UP,UP,2.2445840295404196,False,False,False,False,False,False,False
final_ruehl_mask,mixed,78,270920338,14,WAIT,WAIT,2.335375058464706,False,False,False,False,False,False,False
final_ruehl_mask,mixed,78,270920338,15,DOWN,DOWN,2.319999970495701,False,False,False,False,False,False,False
final_ruehl_mask,mixed,78,270920338,16,BOMB,BOMB,2.3414159659296274,False,False,False,True,False,False,False
final_ruehl_mask,mixed,78,270920338,17,DOWN,DOWN,2.0926669239997864,False,False,False,False,False,False,False
final_ruehl_mask,mixed,78,270920338,18,DOWN,DOWN,1.9715410890057683,False,False,False,False,False,False,False
final_ruehl_mask,mixed,78,270920338,19,DOWN,DOWN,1.8851249478757381,False,False,False,False,False,False,False
final_ruehl_mask,mixed,78,270920338,20,RIGHT,RIGHT,2.071249997243285,False,False,False,False,False,False,False
final_ruehl_mask,mixed,78,270920338,21,RIGHT,RIGHT,2.4369999300688505,False,True,False,False,False,False,False
final_ruehl_mask,mixed,78,270920338,22,RIGHT,RIGHT,2.6039580116048455,False,False,False,False,False,False,True
final_ruehl_mask,mixed,78,270920338,23,BOMB,BOMB,2.4512920062988997,False,False,False,True,False,False,True
final_ruehl_mask,mixed,78,270920338,24,LEFT,LEFT,2.3595410166308284,False,False,False,False,False,False,True
final_ruehl_mask,mixed,78,270920338,25,LEFT,LEFT,2.328583039343357,False,False,False,False,False,False,True
final_ruehl_mask,mixed,78,270920338,26,WAIT,WAIT,2.3050830932334065,False,False,False,False,False,False,True
final_ruehl_mask,mixed,78,270920338,27,LEFT,LEFT,2.2987499833106995,False,False,False,False,False,False,True
final_ruehl_mask,mixed,79,270920339,1,UP,UP,2.414250047877431,False,True,False,False,False,False,False
final_ruehl_mask,mixed,79,270920339,2,BOMB,BOMB,2.0659170113503933,False,False,False,True,False,False,False
final_ruehl_mask,mixed,79,270920339,3,DOWN,DOWN,2.0715000573545694,False,False,False,False,False,False,False
final_ruehl_mask,mixed,79,270920339,4,RIGHT,RIGHT,2.0948329474776983,False,False,False,False,False,False,False
final_ruehl_mask,mixed,79,270920339,5,WAIT,WAIT,2.0830840803682804,False,False,False,False,False,False,False
final_ruehl_mask,mixed,79,270920339,6,WAIT,WAIT,2.055166056379676,False,False,False,False,False,False,False
final_ruehl_mask,mixed,79,270920339,7,WAIT,WAIT,2.111417008563876,False,False,False,False,False,False,False
final_ruehl_mask,mixed,79,270920339,8,WAIT,WAIT,2.18008307274431,False,False,False,False,False,False,False
final_ruehl_mask,mixed,79,270920339,9,BOMB,BOMB,1.999167026951909,False,False,False,True,False,False,False
final_ruehl_mask,mixed,79,270920339,10,LEFT,LEFT,2.094082999974489,False,False,False,False,False,False,False
final_ruehl_mask,mixed,79,270920339,11,UP,UP,2.282625064253807,False,True,False,False,False,False,False
final_ruehl_mask,mixed,79,270920339,12,UP,UP,1.9935000455006957,False,False,False,False,False,False,False
final_ruehl_mask,mixed,79,270920339,13,UP,UP,1.9500419730320573,False,False,False,False,False,False,False
final_ruehl_mask,mixed,79,270920339,14,UP,UP,2.061125007458031,False,False,False,False,False,False,False
final_ruehl_mask,mixed,79,270920339,15,WAIT,WAIT,2.454124973155558,False,False,False,False,False,False,True
final_ruehl_mask,mixed,79,270920339,16,BOMB,BOMB,2.6169579941779375,False,False,False,True,False,False,True
final_ruehl_mask,mixed,79,270920339,17,DOWN,DOWN,2.472999971359968,False,False,False,False,False,False,True
final_ruehl_mask,mixed,79,270920339,18,DOWN,DOWN,2.345832996070385,False,False,False,False,False,False,True
final_ruehl_mask,mixed,79,270920339,19,UP,UP,2.6498750085011125,False,False,False,False,False,False,True
final_ruehl_mask,mixed,79,270920339,20,DOWN,DOWN,2.425750019028783,False,False,False,False,False,False,True
final_ruehl_mask,mixed,80,270920340,1,UP,UP,3.0043330043554306,False,True,False,False,False,False,False
final_ruehl_mask,mixed,80,270920340,2,BOMB,BOMB,2.860749955289066,False,False,False,True,False,False,False
final_ruehl_mask,mixed,80,270920340,3,DOWN,DOWN,2.3121669655665755,False,False,False,False,False,False,False
final_ruehl_mask,mixed,80,270920340,4,LEFT,LEFT,2.498875022865832,False,False,False,False,False,False,False
final_ruehl_mask,mixed,80,270920340,5,WAIT,WAIT,2.457832917571068,False,False,False,False,False,False,False
final_ruehl_mask,mixed,80,270920340,6,WAIT,WAIT,2.290833042934537,False,False,False,False,False,False,False
final_ruehl_mask,mixed,80,270920340,7,WAIT,WAIT,2.912958967499435,False,False,False,False,False,False,False
final_ruehl_mask,mixed,80,270920340,8,WAIT,WAIT,2.8882079059258103,False,False,False,False,False,False,False
final_ruehl_mask,mixed,80,270920340,9,BOMB,BOMB,2.7170830871909857,False,False,False,True,False,False,False
final_ruehl_mask,mixed,80,270920340,10,RIGHT,RIGHT,2.191875013522804,False,False,False,False,False,False,False
final_ruehl_mask,mixed,80,270920340,11,UP,UP,2.502624993212521,False,True,False,False,False,False,False
final_ruehl_mask,mixed,80,270920340,12,UP,UP,2.6797089958563447,False,False,False,False,False,False,False
final_ruehl_mask,mixed,80,270920340,13,UP,UP,2.5748340412974358,False,False,False,False,False,False,False
final_ruehl_mask,mixed,80,270920340,14,UP,UP,2.5986660039052367,False,False,False,False,False,False,False
final_ruehl_mask,mixed,80,270920340,15,WAIT,WAIT,2.447540988214314,False,False,False,False,False,False,True
final_ruehl_mask,mixed,80,270920340,16,BOMB,BOMB,2.3898340296000242,False,False,False,True,False,False,True
final_ruehl_mask,mixed,80,270920340,17,DOWN,DOWN,2.2998329950496554,False,False,False,False,False,False,True
final_ruehl_mask,mixed,80,270920340,18,WAIT,WAIT,3.158833016641438,False,False,False,False,False,False,True
final_ruehl_mask,mixed,80,270920340,19,DOWN,DOWN,3.3095829421654344,False,False,False,False,False,False,True
final_ruehl_mask,mixed,80,270920340,20,UP,UP,3.698374959640205,False,False,False,False,False,False,True
final_ruehl_mask,mixed,81,270920341,1,LEFT,LEFT,2.3813750594854355,False,True,False,False,False,False,False
final_ruehl_mask,mixed,81,270920341,2,BOMB,BOMB,2.0944999996572733,False,False,False,True,False,False,False
final_ruehl_mask,mixed,81,270920341,3,RIGHT,RIGHT,2.194999950006604,False,False,False,False,False,False,False
final_ruehl_mask,mixed,81,270920341,4,WAIT,WAIT,2.4756670463830233,False,False,False,False,False,False,False
final_ruehl_mask,mixed,81,270920341,5,DOWN,DOWN,3.016374888829887,False,False,False,False,False,False,False
final_ruehl_mask,mixed,81,270920341,6,WAIT,WAIT,2.403541002422571,False,False,False,False,False,False,False
final_ruehl_mask,mixed,81,270920341,7,WAIT,WAIT,2.224333002232015,False,False,False,False,False,False,False
final_ruehl_mask,mixed,81,270920341,8,UP,UP,2.1012919023633003,False,False,False,False,False,False,False
final_ruehl_mask,mixed,81,270920341,9,BOMB,BOMB,2.352084033191204,False,False,False,True,False,False,False
final_ruehl_mask,mixed,81,270920341,10,LEFT,LEFT,2.762791933491826,False,False,False,False,False,False,False
final_ruehl_mask,mixed,81,270920341,11,LEFT,LEFT,2.751332940533757,False,True,False,False,False,False,False
final_ruehl_mask,mixed,81,270920341,12,DOWN,DOWN,2.3242500610649586,False,False,False,False,False,False,False
final_ruehl_mask,mixed,81,270920341,13,WAIT,WAIT,2.5984999956563115,False,False,False,False,False,False,False
final_ruehl_mask,mixed,81,270920341,14,WAIT,WAIT,3.014208050444722,False,False,False,False,False,False,False
final_ruehl_mask,mixed,81,270920341,15,UP,UP,4.251083009876311,False,False,False,False,False,False,False
final_ruehl_mask,mixed,81,270920341,16,BOMB,BOMB,4.169082967564464,False,False,False,True,False,False,False
final_ruehl_mask,mixed,81,270920341,17,RIGHT,RIGHT,3.346916986629367,False,False,False,False,False,False,False
final_ruehl_mask,mixed,81,270920341,18,RIGHT,RIGHT,3.521209000609815,False,False,False,False,False,False,False
final_ruehl_mask,mixed,81,270920341,19,DOWN,DOWN,2.7463750448077917,False,False,False,False,False,False,False
final_ruehl_mask,mixed,81,270920341,20,DOWN,DOWN,3.768499940633774,False,False,False,False,False,False,False
final_ruehl_mask,mixed,81,270920341,21,DOWN,DOWN,3.630833001807332,False,True,False,False,False,False,False
final_ruehl_mask,mixed,81,270920341,22,WAIT,WAIT,2.553042024374008,False,False,False,False,False,False,False
final_ruehl_mask,mixed,81,270920341,23,BOMB,BOMB,2.527875010855496,False,False,False,True,False,False,False
final_ruehl_mask,mixed,81,270920341,24,UP,UP,3.222708939574659,False,False,False,False,False,False,False
final_ruehl_mask,mixed,81,270920341,25,UP,UP,2.7203750796616077,False,False,False,False,False,False,False
final_ruehl_mask,mixed,81,270920341,26,UP,UP,2.471792045980692,False,False,False,False,False,False,False
final_ruehl_mask,mixed,81,270920341,27,LEFT,LEFT,3.060125047340989,False,False,False,False,False,False,False
final_ruehl_mask,mixed,81,270920341,28,LEFT,LEFT,3.783875028602779,False,False,False,False,False,False,False
final_ruehl_mask,mixed,81,270920341,29,LEFT,LEFT,3.3448340836912394,False,False,False,False,False,False,True
final_ruehl_mask,mixed,81,270920341,30,BOMB,BOMB,3.093167091719806,False,False,False,True,False,False,True
final_ruehl_mask,mixed,81,270920341,31,LEFT,LEFT,3.5025839461013675,False,True,True,False,False,False,True
final_ruehl_mask,mixed,81,270920341,32,WAIT,WAIT,3.2137499656528234,False,False,False,False,False,False,True
final_ruehl_mask,mixed,81,270920341,33,WAIT,WAIT,2.9031250160187483,False,False,False,False,False,False,True
final_ruehl_mask,mixed,81,270920341,34,WAIT,WAIT,2.876457991078496,False,False,False,False,False,False,True
final_ruehl_mask,mixed,82,270920342,1,LEFT,LEFT,2.3571659112349153,False,True,False,False,False,False,False
final_ruehl_mask,mixed,82,270920342,2,BOMB,BOMB,1.9815829582512379,False,False,False,True,False,False,False
final_ruehl_mask,mixed,82,270920342,3,RIGHT,RIGHT,2.1352090407162905,False,False,False,False,False,False,False
final_ruehl_mask,mixed,82,270920342,4,DOWN,DOWN,2.0189579809084535,False,False,False,False,False,False,False
final_ruehl_mask,mixed,82,270920342,5,WAIT,WAIT,2.115707960911095,False,False,False,False,False,False,False
final_ruehl_mask,mixed,82,270920342,6,WAIT,WAIT,2.0023329416289926,False,False,False,False,False,False,False
final_ruehl_mask,mixed,82,270920342,7,WAIT,WAIT,2.2394590778276324,False,False,False,False,False,False,False
final_ruehl_mask,mixed,82,270920342,8,UP,UP,2.191707957535982,False,False,False,False,False,False,False
final_ruehl_mask,mixed,82,270920342,9,BOMB,BOMB,2.2241659462451935,False,False,False,True,False,False,False
final_ruehl_mask,mixed,82,270920342,10,LEFT,LEFT,2.1470830542966723,False,False,False,False,False,False,False
final_ruehl_mask,mixed,82,270920342,11,LEFT,LEFT,2.1302090026438236,False,True,False,False,False,False,False
final_ruehl_mask,mixed,82,270920342,12,LEFT,LEFT,2.246375079266727,False,False,False,False,False,False,False
final_ruehl_mask,mixed,82,270920342,13,LEFT,LEFT,2.301541971974075,False,False,False,False,False,False,False
final_ruehl_mask,mixed,82,270920342,14,WAIT,WAIT,2.2902089403942227,False,False,False,False,False,False,False
final_ruehl_mask,mixed,82,270920342,15,WAIT,WAIT,2.8548750560730696,False,False,False,False,False,False,True
final_ruehl_mask,mixed,82,270920342,16,BOMB,BOMB,2.4892090586945415,False,False,False,True,False,False,True
final_ruehl_mask,mixed,82,270920342,17,RIGHT,RIGHT,2.1337500074878335,False,False,False,False,False,False,True
final_ruehl_mask,mixed,82,270920342,18,RIGHT,RIGHT,2.227500081062317,False,False,False,False,False,False,True
final_ruehl_mask,mixed,82,270920342,19,LEFT,LEFT,2.1007920149713755,False,False,False,False,False,False,True
final_ruehl_mask,mixed,82,270920342,20,WAIT,WAIT,2.154582994990051,False,False,False,False,False,False,True
final_ruehl_mask,mixed,83,270920343,1,UP,UP,2.4360419483855367,False,True,False,False,False,False,False
final_ruehl_mask,mixed,83,270920343,2,BOMB,BOMB,2.1177909802645445,False,False,False,True,False,False,False
final_ruehl_mask,mixed,83,270920343,3,DOWN,DOWN,2.2758750710636377,False,False,False,False,False,False,False
final_ruehl_mask,mixed,83,270920343,4,LEFT,LEFT,2.114083035849035,False,False,False,False,False,False,False
final_ruehl_mask,mixed,83,270920343,5,WAIT,WAIT,2.1956670098006725,False,False,False,False,False,False,False
final_ruehl_mask,mixed,83,270920343,6,WAIT,WAIT,2.024292014539242,False,False,False,False,False,False,False
final_ruehl_mask,mixed,83,270920343,7,WAIT,WAIT,2.247125026769936,False,False,False,False,False,False,False
final_ruehl_mask,mixed,83,270920343,8,RIGHT,RIGHT,2.21333303488791,False,False,False,False,False,False,False
final_ruehl_mask,mixed,83,270920343,9,BOMB,BOMB,2.2558749187737703,False,False,False,True,False,False,False
final_ruehl_mask,mixed,83,270920343,10,UP,UP,2.245832933112979,False,False,False,False,False,False,False
final_ruehl_mask,mixed,83,270920343,11,UP,UP,2.22733395639807,False,True,False,False,False,False,False
final_ruehl_mask,mixed,83,270920343,12,LEFT,LEFT,2.323250053450465,False,False,False,False,False,False,False
final_ruehl_mask,mixed,83,270920343,13,WAIT,WAIT,2.1307499846443534,False,False,False,False,False,False,False
final_ruehl_mask,mixed,83,270920343,14,WAIT,WAIT,2.6187909534201026,False,False,False,False,False,False,False
final_ruehl_mask,mixed,83,270920343,15,WAIT,WAIT,2.4288329295814037,False,False,False,False,False,False,False
final_ruehl_mask,mixed,83,270920343,16,BOMB,BOMB,2.385874977335334,False,False,False,True,False,False,False
final_ruehl_mask,mixed,83,270920343,17,RIGHT,RIGHT,2.1954169496893883,False,False,False,False,False,False,False
final_ruehl_mask,mixed,83,270920343,18,UP,UP,2.649207948707044,False,False,False,False,False,False,False
final_ruehl_mask,mixed,83,270920343,19,UP,UP,2.5740000419318676,False,False,False,False,False,False,False
final_ruehl_mask,mixed,83,270920343,20,UP,UP,2.556915977038443,False,False,False,False,False,False,False
final_ruehl_mask,mixed,83,270920343,21,WAIT,WAIT,2.8429999947547913,False,True,False,False,False,False,False
final_ruehl_mask,mixed,83,270920343,22,WAIT,WAIT,2.5143329985439777,False,False,False,False,False,False,True
final_ruehl_mask,mixed,83,270920343,23,BOMB,BOMB,2.8804579051211476,False,False,False,True,False,False,True
final_ruehl_mask,mixed,83,270920343,24,DOWN,DOWN,2.478834008798003,False,False,False,False,False,False,True
final_ruehl_mask,mixed,83,270920343,25,WAIT,WAIT,2.690791036002338,False,False,False,False,False,False,True
final_ruehl_mask,mixed,83,270920343,26,DOWN,DOWN,2.722000004723668,False,False,False,False,False,False,True
final_ruehl_mask,mixed,83,270920343,27,DOWN,DOWN,2.595124999061227,False,False,False,False,False,False,True
final_ruehl_mask,mixed,84,270920344,1,LEFT,LEFT,2.7527499478310347,False,True,False,False,False,False,False
final_ruehl_mask,mixed,84,270920344,2,BOMB,BOMB,2.755249966867268,False,False,False,True,False,False,False
final_ruehl_mask,mixed,84,270920344,3,RIGHT,RIGHT,2.5351670337840915,False,False,False,False,False,False,False
final_ruehl_mask,mixed,84,270920344,4,UP,UP,2.354749944061041,False,False,False,False,False,False,False
final_ruehl_mask,mixed,84,270920344,5,WAIT,WAIT,2.1901250584051013,False,False,False,False,False,False,False
final_ruehl_mask,mixed,84,270920344,6,WAIT,WAIT,2.517291926778853,False,False,False,False,False,False,False
final_ruehl_mask,mixed,84,270920344,7,WAIT,WAIT,3.0997919384390116,False,False,False,False,False,False,False
final_ruehl_mask,mixed,84,270920344,8,WAIT,WAIT,2.966332947835326,False,False,False,False,False,False,False
final_ruehl_mask,mixed,84,270920344,9,BOMB,BOMB,2.307582995854318,False,False,False,True,False,False,False
final_ruehl_mask,mixed,84,270920344,10,DOWN,DOWN,2.7028749464079738,False,False,False,False,False,False,False
final_ruehl_mask,mixed,84,270920344,11,LEFT,LEFT,2.9317090520635247,False,True,False,False,False,False,False
final_ruehl_mask,mixed,84,270920344,12,LEFT,LEFT,2.7785840211436152,False,False,False,False,False,False,False
final_ruehl_mask,mixed,84,270920344,13,LEFT,LEFT,2.6623330777511,False,False,False,False,False,False,False
final_ruehl_mask,mixed,84,270920344,14,LEFT,LEFT,3.2993339700624347,False,False,False,False,False,False,False
final_ruehl_mask,mixed,84,270920344,15,WAIT,WAIT,2.91804107837379,False,False,False,False,False,False,False
final_ruehl_mask,mixed,84,270920344,16,BOMB,BOMB,2.285208087414503,False,False,False,True,False,False,False
final_ruehl_mask,mixed,84,270920344,17,RIGHT,RIGHT,2.4992499966174364,False,False,False,False,False,False,False
final_ruehl_mask,mixed,84,270920344,18,RIGHT,RIGHT,2.3558749817311764,False,False,False,False,False,False,False
final_ruehl_mask,mixed,84,270920344,19,UP,UP,3.146209055557847,False,False,False,False,False,False,False
final_ruehl_mask,mixed,84,270920344,20,WAIT,WAIT,2.7809999883174896,False,False,False,False,False,False,False
final_ruehl_mask,mixed,84,270920344,21,WAIT,WAIT,2.6560419937595725,False,True,False,False,False,False,False
final_ruehl_mask,mixed,84,270920344,22,DOWN,DOWN,2.9296668944880366,False,False,False,False,False,False,False
final_ruehl_mask,mixed,84,270920344,23,BOMB,BOMB,3.3283750526607037,False,False,False,True,False,False,False
final_ruehl_mask,mixed,84,270920344,24,LEFT,LEFT,3.0175000429153442,False,False,False,False,False,False,False
final_ruehl_mask,mixed,84,270920344,25,LEFT,LEFT,3.152666031382978,False,False,False,False,False,False,False
final_ruehl_mask,mixed,84,270920344,26,UP,UP,3.1003750627860427,False,False,False,False,False,False,False
final_ruehl_mask,mixed,84,270920344,27,UP,UP,2.849832992069423,False,False,False,False,False,False,False
final_ruehl_mask,mixed,84,270920344,28,UP,UP,3.2538329251110554,False,False,False,False,False,False,False
final_ruehl_mask,mixed,84,270920344,29,DOWN,DOWN,3.034958033822477,False,False,False,False,False,False,False
final_ruehl_mask,mixed,84,270920344,30,BOMB,BOMB,3.54629207868129,False,False,False,True,False,False,False
final_ruehl_mask,mixed,84,270920344,31,DOWN,DOWN,2.9276669956743717,False,True,False,False,False,False,False
final_ruehl_mask,mixed,84,270920344,32,DOWN,DOWN,3.5955830244347453,False,False,False,False,False,False,False
final_ruehl_mask,mixed,84,270920344,33,LEFT,LEFT,3.4210410667583346,False,False,False,False,False,False,False
final_ruehl_mask,mixed,84,270920344,34,LEFT,LEFT,3.4284170251339674,False,False,False,False,False,False,False
final_ruehl_mask,mixed,84,270920344,35,LEFT,LEFT,4.204208962619305,False,False,False,False,False,False,False
final_ruehl_mask,mixed,84,270920344,36,RIGHT,RIGHT,3.962499904446304,False,False,False,False,False,False,False
final_ruehl_mask,mixed,84,270920344,37,BOMB,BOMB,4.126833053305745,False,False,False,True,True,False,False
final_ruehl_mask,mixed,84,270920344,38,RIGHT,RIGHT,3.6362080136314034,False,False,False,False,False,False,False
final_ruehl_mask,mixed,84,270920344,39,RIGHT,RIGHT,3.386375028640032,False,False,False,False,False,False,False
final_ruehl_mask,mixed,84,270920344,40,UP,UP,4.189916071482003,False,False,False,False,False,False,False
final_ruehl_mask,mixed,84,270920344,41,UP,UP,4.206957994028926,False,True,False,False,False,False,False
final_ruehl_mask,mixed,84,270920344,42,UP,UP,4.7149170422926545,False,False,False,False,False,False,False
final_ruehl_mask,mixed,84,270920344,43,UP,UP,3.6892909556627274,False,False,False,False,False,False,True
final_ruehl_mask,mixed,84,270920344,44,BOMB,BOMB,4.661999992094934,False,False,False,True,False,False,True
final_ruehl_mask,mixed,84,270920344,45,UP,UP,4.245250020176172,False,False,False,False,False,False,True
final_ruehl_mask,mixed,84,270920344,46,UP,UP,4.270249977707863,False,False,False,False,False,False,True
final_ruehl_mask,mixed,84,270920344,47,DOWN,DOWN,4.355415934696794,False,False,False,False,False,False,True
final_ruehl_mask,mixed,84,270920344,48,UP,UP,3.7859169533476233,False,False,False,False,False,False,True
final_ruehl_mask,mixed,85,270920345,1,UP,UP,3.1739999540150166,False,True,False,False,False,False,False
final_ruehl_mask,mixed,85,270920345,2,BOMB,BOMB,2.720042015425861,False,False,False,True,False,False,False
final_ruehl_mask,mixed,85,270920345,3,DOWN,DOWN,2.3797500180080533,False,False,False,False,False,False,False
final_ruehl_mask,mixed,85,270920345,4,LEFT,LEFT,2.310624928213656,False,False,False,False,False,False,False
final_ruehl_mask,mixed,85,270920345,5,WAIT,WAIT,2.559292013756931,False,False,False,False,False,False,False
final_ruehl_mask,mixed,85,270920345,6,WAIT,WAIT,3.1439169542863965,False,False,False,False,False,False,False
final_ruehl_mask,mixed,85,270920345,7,WAIT,WAIT,3.2184170559048653,False,False,False,False,False,False,False
final_ruehl_mask,mixed,85,270920345,8,RIGHT,RIGHT,2.7953339740633965,False,False,False,False,False,False,False
final_ruehl_mask,mixed,85,270920345,9,BOMB,BOMB,3.4321669954806566,False,False,False,True,False,False,False
final_ruehl_mask,mixed,85,270920345,10,UP,UP,2.8202920220792294,False,False,False,False,False,False,False
final_ruehl_mask,mixed,85,270920345,11,UP,UP,2.9929160373285413,False,True,False,False,False,False,False
final_ruehl_mask,mixed,85,270920345,12,UP,UP,3.841542056761682,False,False,False,False,False,False,False
final_ruehl_mask,mixed,85,270920345,13,UP,UP,3.074584063142538,False,False,False,False,False,False,False
final_ruehl_mask,mixed,85,270920345,14,UP,UP,3.4478750312700868,False,False,False,False,False,False,False
final_ruehl_mask,mixed,85,270920345,15,WAIT,WAIT,5.505708046257496,False,False,False,False,False,False,False
final_ruehl_mask,mixed,85,270920345,16,BOMB,BOMB,3.9296670584008098,False,False,False,True,False,False,False
final_ruehl_mask,mixed,85,270920345,17,DOWN,DOWN,3.3619579626247287,False,False,False,False,False,False,False
final_ruehl_mask,mixed,85,270920345,18,DOWN,DOWN,3.114250022917986,False,False,False,False,False,False,False
final_ruehl_mask,mixed,85,270920345,19,DOWN,DOWN,3.5268330248072743,False,False,False,False,False,False,False
final_ruehl_mask,mixed,85,270920345,20,DOWN,DOWN,3.4275000216439366,False,False,False,False,False,False,False
final_ruehl_mask,mixed,85,270920345,21,DOWN,DOWN,3.7767909234389663,False,True,False,False,False,False,False
final_ruehl_mask,mixed,85,270920345,22,LEFT,LEFT,3.042625030502677,False,False,False,False,False,False,True
final_ruehl_mask,mixed,85,270920345,23,BOMB,BOMB,4.019959014840424,False,False,False,True,False,False,True
final_ruehl_mask,mixed,85,270920345,24,LEFT,LEFT,3.1070420518517494,False,False,False,False,False,False,True
final_ruehl_mask,mixed,85,270920345,25,LEFT,LEFT,3.05366690736264,False,False,False,False,False,False,True
final_ruehl_mask,mixed,85,270920345,26,WAIT,WAIT,2.9667080380022526,False,False,False,False,False,False,True
final_ruehl_mask,mixed,85,270920345,27,WAIT,WAIT,3.197083016857505,False,False,False,False,False,False,True
final_ruehl_mask,mixed,86,270920346,1,RIGHT,RIGHT,2.4464160669595003,False,True,False,False,False,False,False
final_ruehl_mask,mixed,86,270920346,2,BOMB,BOMB,2.139416988939047,False,False,False,True,False,False,False
final_ruehl_mask,mixed,86,270920346,3,LEFT,LEFT,2.04137503169477,False,False,False,False,False,False,False
final_ruehl_mask,mixed,86,270920346,4,DOWN,DOWN,2.6058339281007648,False,False,False,False,False,False,False
final_ruehl_mask,mixed,86,270920346,5,WAIT,WAIT,2.150209038518369,False,False,False,False,False,False,False
final_ruehl_mask,mixed,86,270920346,6,WAIT,WAIT,2.4838749086484313,False,False,False,False,False,False,False
final_ruehl_mask,mixed,86,270920346,7,WAIT,WAIT,2.8958749026060104,False,False,False,False,False,False,False
final_ruehl_mask,mixed,86,270920346,8,WAIT,WAIT,2.3028330178931355,False,False,False,False,False,False,False
final_ruehl_mask,mixed,86,270920346,9,BOMB,BOMB,2.141375094652176,False,False,False,True,False,False,False
final_ruehl_mask,mixed,86,270920346,10,UP,UP,2.786083030514419,False,False,False,False,False,False,False
final_ruehl_mask,mixed,86,270920346,11,RIGHT,RIGHT,2.9706249479204416,False,True,False,False,False,False,False
final_ruehl_mask,mixed,86,270920346,12,RIGHT,RIGHT,2.9810419073328376,False,False,False,False,False,False,False
final_ruehl_mask,mixed,86,270920346,13,RIGHT,RIGHT,2.984291990287602,False,False,False,False,False,False,False
final_ruehl_mask,mixed,86,270920346,14,RIGHT,RIGHT,3.3149999799206853,False,False,False,False,False,False,False
final_ruehl_mask,mixed,86,270920346,15,WAIT,WAIT,3.167291055433452,False,False,False,False,False,False,False
final_ruehl_mask,mixed,86,270920346,16,BOMB,BOMB,3.0265420209616423,False,False,False,True,False,False,False
final_ruehl_mask,mixed,86,270920346,17,LEFT,LEFT,2.9286659555509686,False,False,False,False,False,False,False
final_ruehl_mask,mixed,86,270920346,18,LEFT,LEFT,2.303416025824845,False,False,False,False,False,False,False
final_ruehl_mask,mixed,86,270920346,19,LEFT,LEFT,2.721667056903243,False,False,False,False,False,False,False
final_ruehl_mask,mixed,86,270920346,20,LEFT,LEFT,3.263500053435564,False,False,False,False,False,False,False
final_ruehl_mask,mixed,86,270920346,21,DOWN,DOWN,3.6950419889762998,False,True,False,False,False,False,False
final_ruehl_mask,mixed,86,270920346,22,DOWN,DOWN,3.565542050637305,False,False,False,False,False,False,False
final_ruehl_mask,mixed,86,270920346,23,DOWN,DOWN,3.777500009164214,False,False,False,False,False,False,True
final_ruehl_mask,mixed,86,270920346,24,BOMB,BOMB,3.133874968625605,False,False,False,True,False,False,True
final_ruehl_mask,mixed,86,270920346,25,DOWN,DOWN,3.4223749535158277,False,False,False,False,False,False,True
final_ruehl_mask,mixed,86,270920346,26,DOWN,DOWN,3.178916987963021,False,False,False,False,False,False,True
final_ruehl_mask,mixed,86,270920346,27,UP,UP,3.4013750264421105,False,False,False,False,False,False,True
final_ruehl_mask,mixed,86,270920346,28,DOWN,DOWN,3.277875017374754,False,False,False,False,False,False,True
final_ruehl_mask,mixed,87,270920347,1,BOMB,BOMB,3.1709159957244992,False,True,False,True,False,False,False
final_ruehl_mask,mixed,87,270920347,2,RIGHT,RIGHT,2.386749954894185,False,False,False,False,False,False,False
final_ruehl_mask,mixed,87,270920347,3,RIGHT,RIGHT,2.2863330086693168,False,False,False,False,False,False,False
final_ruehl_mask,mixed,87,270920347,4,UP,UP,3.087082994170487,False,False,False,False,False,False,False
final_ruehl_mask,mixed,87,270920347,5,UP,UP,2.9537080554291606,False,False,False,False,False,False,False
final_ruehl_mask,mixed,87,270920347,6,RIGHT,RIGHT,3.500667051412165,False,False,False,False,False,False,False
final_ruehl_mask,mixed,87,270920347,7,RIGHT,RIGHT,3.183332970365882,False,False,False,False,False,False,False
final_ruehl_mask,mixed,87,270920347,8,BOMB,BOMB,2.4222920183092356,False,False,False,True,False,False,False
final_ruehl_mask,mixed,87,270920347,9,LEFT,LEFT,2.310166950337589,False,False,False,False,False,False,False
final_ruehl_mask,mixed,87,270920347,10,LEFT,LEFT,3.2428749836981297,False,False,False,False,False,False,False
final_ruehl_mask,mixed,87,270920347,11,DOWN,DOWN,3.3288749400526285,False,True,False,False,False,False,False
final_ruehl_mask,mixed,87,270920347,12,DOWN,DOWN,2.785750082693994,False,False,False,False,False,False,False
final_ruehl_mask,mixed,87,270920347,13,RIGHT,RIGHT,3.9816669886931777,False,False,False,False,False,False,False
final_ruehl_mask,mixed,87,270920347,14,RIGHT,RIGHT,2.7802500408142805,False,False,False,False,False,False,False
final_ruehl_mask,mixed,87,270920347,15,BOMB,BOMB,3.9356249617412686,False,False,False,True,False,False,False
final_ruehl_mask,mixed,87,270920347,16,UP,UP,3.647165955044329,False,False,False,False,False,False,False
final_ruehl_mask,mixed,87,270920347,17,UP,UP,3.7640000227838755,False,False,False,False,False,False,False
final_ruehl_mask,mixed,87,270920347,18,RIGHT,RIGHT,3.8020829670131207,False,False,False,False,False,False,False
final_ruehl_mask,mixed,87,270920347,19,RIGHT,RIGHT,3.728791023604572,False,False,False,False,False,False,False
final_ruehl_mask,mixed,87,270920347,20,RIGHT,RIGHT,4.029792034998536,False,False,False,False,False,False,False
final_ruehl_mask,mixed,87,270920347,21,WAIT,WAIT,2.8812920209020376,False,True,False,False,False,False,False
final_ruehl_mask,mixed,87,270920347,22,BOMB,BOMB,3.7230830639600754,False,False,False,True,False,False,False
final_ruehl_mask,mixed,87,270920347,23,LEFT,LEFT,3.42399999499321,False,False,False,False,False,False,False
final_ruehl_mask,mixed,87,270920347,24,LEFT,LEFT,3.5190420458093286,False,False,False,False,False,False,False
final_ruehl_mask,mixed,87,270920347,25,LEFT,LEFT,2.872832934372127,False,False,False,False,False,False,False
final_ruehl_mask,mixed,87,270920347,26,LEFT,LEFT,3.3400829415768385,False,False,False,False,False,False,False
final_ruehl_mask,mixed,87,270920347,27,LEFT,LEFT,3.2312090042978525,False,False,False,False,False,False,False
final_ruehl_mask,mixed,87,270920347,28,LEFT,LEFT,3.4254579804837704,False,False,False,False,False,False,False
final_ruehl_mask,mixed,87,270920347,29,LEFT,LEFT,3.0755409970879555,False,False,False,False,False,False,False
final_ruehl_mask,mixed,87,270920347,30,UP,UP,4.1097910143435,False,False,False,False,False,False,False
final_ruehl_mask,mixed,87,270920347,31,BOMB,BOMB,3.45054198987782,False,True,False,True,False,False,False
final_ruehl_mask,mixed,87,270920347,32,DOWN,DOWN,3.7749999901279807,False,False,False,False,False,False,False
final_ruehl_mask,mixed,87,270920347,33,DOWN,DOWN,3.993332968093455,False,False,False,False,False,False,False
final_ruehl_mask,mixed,87,270920347,34,DOWN,DOWN,3.2912089955061674,False,False,False,False,False,False,False
final_ruehl_mask,mixed,87,270920347,35,RIGHT,RIGHT,3.429833916015923,False,False,False,False,False,False,False
final_ruehl_mask,mixed,87,270920347,36,WAIT,WAIT,3.7712909979745746,False,False,False,False,False,False,False
final_ruehl_mask,mixed,87,270920347,37,RIGHT,RIGHT,4.925667075440288,False,False,False,False,False,False,False
final_ruehl_mask,mixed,87,270920347,38,BOMB,BOMB,5.060041090473533,False,False,False,True,False,False,False
final_ruehl_mask,mixed,87,270920347,39,RIGHT,RIGHT,4.785790923051536,False,False,False,False,False,False,False
final_ruehl_mask,mixed,87,270920347,40,RIGHT,RIGHT,4.520250018686056,False,False,False,False,False,False,False
final_ruehl_mask,mixed,87,270920347,41,UP,UP,4.908583010546863,False,True,False,False,False,False,False
final_ruehl_mask,mixed,87,270920347,42,UP,UP,5.056833033449948,False,False,False,False,False,False,False
final_ruehl_mask,mixed,87,270920347,43,LEFT,LEFT,5.790375056676567,False,False,False,False,False,False,False
final_ruehl_mask,mixed,87,270920347,44,LEFT,LEFT,5.5472919484600425,False,False,False,False,False,False,False
final_ruehl_mask,mixed,87,270920347,45,LEFT,LEFT,5.62908302526921,False,False,False,False,False,False,False
final_ruehl_mask,mixed,87,270920347,46,LEFT,LEFT,4.443082958459854,False,False,False,False,False,False,False
final_ruehl_mask,mixed,87,270920347,47,UP,UP,4.815708962269127,False,False,False,False,False,False,False
final_ruehl_mask,mixed,87,270920347,48,UP,UP,4.688999964855611,False,False,False,False,False,False,False
final_ruehl_mask,mixed,87,270920347,49,BOMB,BOMB,5.8992920676246285,False,False,False,True,False,False,False
final_ruehl_mask,mixed,87,270920347,50,UP,UP,5.184208042919636,False,False,False,False,False,False,False
final_ruehl_mask,mixed,87,270920347,51,UP,UP,5.069582955911756,False,True,False,False,False,False,False
final_ruehl_mask,mixed,87,270920347,52,RIGHT,RIGHT,4.65354195330292,False,False,False,False,False,False,False
final_ruehl_mask,mixed,87,270920347,53,WAIT,WAIT,3.913290915079415,False,False,False,False,False,False,False
final_ruehl_mask,mixed,87,270920347,54,WAIT,WAIT,4.17741690762341,False,False,False,False,False,False,False
final_ruehl_mask,mixed,87,270920347,55,WAIT,WAIT,3.8091669557616115,False,False,False,False,False,False,False
final_ruehl_mask,mixed,87,270920347,56,BOMB,BOMB,4.5280830236151814,False,False,False,True,False,False,False
final_ruehl_mask,mixed,87,270920347,57,RIGHT,RIGHT,4.382833954878151,False,False,False,False,False,False,False
final_ruehl_mask,mixed,87,270920347,58,UP,UP,4.710708046332002,False,False,False,False,False,False,False
final_ruehl_mask,mixed,87,270920347,59,WAIT,WAIT,4.331458010710776,False,False,False,False,False,False,False
final_ruehl_mask,mixed,87,270920347,60,UP,UP,4.161874996498227,False,False,False,False,False,False,False
final_ruehl_mask,mixed,87,270920347,61,UP,UP,4.0912500116974115,False,True,False,False,False,False,False
final_ruehl_mask,mixed,87,270920347,62,WAIT,WAIT,4.746166057884693,False,False,False,False,False,False,False
final_ruehl_mask,mixed,87,270920347,63,WAIT,WAIT,4.7741669695824385,False,False,False,False,False,False,False
final_ruehl_mask,mixed,87,270920347,64,UP,UP,5.1594170508906245,False,False,False,False,False,False,False
final_ruehl_mask,mixed,87,270920347,65,BOMB,BOMB,4.547541961073875,False,False,False,True,False,False,False
final_ruehl_mask,mixed,87,270920347,66,UP,UP,4.893750068731606,False,False,False,False,False,False,False
final_ruehl_mask,mixed,87,270920347,67,UP,UP,5.047000013291836,False,False,False,False,False,False,False
final_ruehl_mask,mixed,87,270920347,68,UP,UP,7.126457989215851,False,False,False,False,False,False,False
final_ruehl_mask,mixed,87,270920347,69,UP,UP,4.026792012155056,False,False,False,False,False,False,False
final_ruehl_mask,mixed,87,270920347,70,WAIT,WAIT,5.1784999668598175,False,False,False,False,False,False,False
final_ruehl_mask,mixed,87,270920347,71,WAIT,WAIT,5.33262500539422,False,True,False,False,False,False,False
final_ruehl_mask,mixed,87,270920347,72,RIGHT,RIGHT,5.862166988663375,False,False,False,False,False,False,False
final_ruehl_mask,mixed,87,270920347,73,WAIT,WAIT,4.440332995727658,False,False,False,False,False,False,False
final_ruehl_mask,mixed,87,270920347,74,RIGHT,RIGHT,5.2767080487683415,False,False,False,False,False,False,False
final_ruehl_mask,mixed,87,270920347,75,BOMB,BOMB,4.446416976861656,False,False,False,True,False,False,False
final_ruehl_mask,mixed,87,270920347,76,RIGHT,RIGHT,4.671499948017299,False,False,False,False,False,False,False
final_ruehl_mask,mixed,87,270920347,77,RIGHT,RIGHT,4.336166079156101,False,False,False,False,False,False,False
final_ruehl_mask,mixed,87,270920347,78,DOWN,DOWN,5.267791100777686,False,False,False,False,False,False,False
final_ruehl_mask,mixed,87,270920347,79,WAIT,WAIT,4.867124953307211,False,False,False,False,False,False,False
final_ruehl_mask,mixed,87,270920347,80,DOWN,DOWN,5.3689590422436595,False,False,False,False,False,False,False
final_ruehl_mask,mixed,87,270920347,81,RIGHT,RIGHT,5.472625023685396,False,True,False,False,False,False,False
final_ruehl_mask,mixed,87,270920347,82,BOMB,BOMB,5.144416936673224,False,False,False,True,False,False,False
final_ruehl_mask,mixed,87,270920347,83,LEFT,LEFT,5.084000062197447,False,False,False,False,False,False,False
final_ruehl_mask,mixed,87,270920347,84,UP,UP,4.4082499807700515,False,False,False,False,False,False,False
final_ruehl_mask,mixed,87,270920347,85,UP,UP,5.746458889916539,False,False,False,False,False,False,False
final_ruehl_mask,mixed,87,270920347,86,RIGHT,RIGHT,6.208291044458747,False,False,False,False,False,False,False
final_ruehl_mask,mixed,87,270920347,87,WAIT,WAIT,6.077165948227048,False,False,False,False,False,False,False
final_ruehl_mask,mixed,87,270920347,88,RIGHT,RIGHT,4.862167057581246,False,False,False,False,False,False,False
final_ruehl_mask,mixed,87,270920347,89,BOMB,BOMB,5.50966605078429,False,False,False,True,False,False,False
final_ruehl_mask,mixed,87,270920347,90,RIGHT,RIGHT,4.875333048403263,False,False,False,False,False,False,False
final_ruehl_mask,mixed,87,270920347,91,RIGHT,RIGHT,4.622666980139911,False,True,False,False,False,False,False
final_ruehl_mask,mixed,87,270920347,92,DOWN,DOWN,3.930874983780086,False,False,False,False,False,False,False
final_ruehl_mask,mixed,87,270920347,93,DOWN,DOWN,4.681917023845017,False,False,False,False,False,False,False
final_ruehl_mask,mixed,87,270920347,94,DOWN,DOWN,5.02854201477021,False,False,False,False,False,False,False
final_ruehl_mask,mixed,87,270920347,95,DOWN,DOWN,5.113166989758611,False,False,False,False,False,False,False
final_ruehl_mask,mixed,87,270920347,96,BOMB,BOMB,5.604624981060624,False,False,False,True,True,False,False
final_ruehl_mask,mixed,87,270920347,97,RIGHT,RIGHT,4.7075829934328794,False,False,False,False,False,False,False
final_ruehl_mask,mixed,87,270920347,98,RIGHT,RIGHT,4.528624936938286,False,False,False,False,False,False,False
final_ruehl_mask,mixed,87,270920347,99,DOWN,DOWN,4.885790986008942,False,False,False,False,False,False,False
final_ruehl_mask,mixed,87,270920347,100,DOWN,DOWN,4.80812496971339,False,False,False,False,False,False,False
final_ruehl_mask,mixed,87,270920347,101,RIGHT,RIGHT,5.056374939158559,False,True,False,False,False,False,False
final_ruehl_mask,mixed,87,270920347,102,RIGHT,RIGHT,5.249791080132127,False,False,False,False,False,False,False
final_ruehl_mask,mixed,87,270920347,103,UP,UP,4.820042056962848,False,False,False,False,False,False,False
final_ruehl_mask,mixed,87,270920347,104,UP,UP,4.518957925029099,False,False,False,False,False,False,False
final_ruehl_mask,mixed,87,270920347,105,LEFT,LEFT,4.594333004206419,False,False,False,False,False,False,False
final_ruehl_mask,mixed,87,270920347,106,LEFT,LEFT,5.433334037661552,False,False,False,False,False,False,False
final_ruehl_mask,mixed,87,270920347,107,BOMB,BOMB,5.544499959796667,False,False,False,True,False,False,False
final_ruehl_mask,mixed,87,270920347,108,UP,UP,4.330459050834179,False,False,False,False,False,False,False
final_ruehl_mask,mixed,87,270920347,109,UP,UP,4.578374908305705,False,False,False,False,False,False,False
final_ruehl_mask,mixed,87,270920347,110,UP,UP,4.502750001847744,False,False,False,False,False,False,False
final_ruehl_mask,mixed,87,270920347,111,UP,UP,3.577791037969291,False,True,False,False,False,False,False
final_ruehl_mask,mixed,87,270920347,112,RIGHT,RIGHT,5.413500010035932,False,False,False,False,False,False,False
final_ruehl_mask,mixed,87,270920347,113,RIGHT,RIGHT,5.690124933607876,False,False,False,False,False,False,False
final_ruehl_mask,mixed,87,270920347,114,DOWN,DOWN,5.15754206571728,False,False,False,False,False,False,False
final_ruehl_mask,mixed,87,270920347,115,DOWN,DOWN,4.358790931291878,False,False,False,False,False,False,False
final_ruehl_mask,mixed,87,270920347,116,BOMB,BOMB,5.51212509162724,False,False,False,True,False,False,False
final_ruehl_mask,mixed,87,270920347,117,UP,UP,5.28858311008662,False,False,False,False,False,False,False
final_ruehl_mask,mixed,87,270920347,118,UP,UP,4.339042003266513,False,False,False,False,False,False,False
final_ruehl_mask,mixed,87,270920347,119,LEFT,LEFT,5.458915955387056,False,False,False,False,False,False,False
final_ruehl_mask,mixed,87,270920347,120,LEFT,LEFT,5.784208071418107,False,False,False,False,False,False,False
final_ruehl_mask,mixed,87,270920347,121,LEFT,LEFT,6.17166596930474,False,True,False,False,False,False,False
final_ruehl_mask,mixed,87,270920347,122,LEFT,LEFT,5.984500050544739,False,False,False,False,False,False,False
final_ruehl_mask,mixed,87,270920347,123,LEFT,LEFT,5.92533394228667,False,False,False,False,False,False,False
final_ruehl_mask,mixed,87,270920347,124,LEFT,LEFT,4.551958059892058,False,False,False,False,False,False,False
final_ruehl_mask,mixed,87,270920347,125,LEFT,LEFT,5.305249942466617,False,False,False,False,False,False,False
final_ruehl_mask,mixed,87,270920347,126,LEFT,LEFT,5.376458982937038,False,False,False,False,False,False,False
final_ruehl_mask,mixed,87,270920347,127,LEFT,LEFT,4.60575008764863,False,False,False,False,False,False,False
final_ruehl_mask,mixed,87,270920347,128,LEFT,LEFT,4.6490420354530215,False,False,False,False,False,False,False
final_ruehl_mask,mixed,87,270920347,129,DOWN,DOWN,5.107500008307397,False,False,False,False,False,False,False
final_ruehl_mask,mixed,87,270920347,130,DOWN,DOWN,4.4234589440748096,False,False,False,False,False,False,False
final_ruehl_mask,mixed,87,270920347,131,BOMB,BOMB,4.845792078413069,False,True,False,True,False,False,False
final_ruehl_mask,mixed,87,270920347,132,RIGHT,RIGHT,4.667958011850715,False,False,False,False,False,False,False
final_ruehl_mask,mixed,87,270920347,133,RIGHT,RIGHT,3.538041957654059,False,False,False,False,False,False,False
final_ruehl_mask,mixed,87,270920347,134,UP,UP,3.8850409910082817,False,False,False,False,False,False,False
final_ruehl_mask,mixed,87,270920347,135,UP,UP,5.021999939344823,False,False,False,False,False,False,False
final_ruehl_mask,mixed,87,270920347,136,WAIT,WAIT,6.170458043925464,False,False,False,False,False,False,False
final_ruehl_mask,mixed,87,270920347,137,WAIT,WAIT,6.726625026203692,False,False,False,False,False,False,False
final_ruehl_mask,mixed,87,270920347,138,RIGHT,RIGHT,6.632958073168993,False,False,False,False,False,False,False
final_ruehl_mask,mixed,87,270920347,139,WAIT,WAIT,6.575791048817337,False,False,False,False,False,False,False
final_ruehl_mask,mixed,87,270920347,140,WAIT,WAIT,6.709040957503021,False,False,False,False,False,False,False
final_ruehl_mask,mixed,87,270920347,141,WAIT,WAIT,5.364290904253721,False,True,False,False,False,False,False
final_ruehl_mask,mixed,87,270920347,142,WAIT,WAIT,5.866458988748491,False,False,False,False,False,False,False
final_ruehl_mask,mixed,87,270920347,143,WAIT,WAIT,5.773999961093068,False,False,False,False,False,False,False
final_ruehl_mask,mixed,87,270920347,144,WAIT,WAIT,5.523541010916233,False,False,False,False,False,False,False
final_ruehl_mask,mixed,87,270920347,145,WAIT,WAIT,6.481457967311144,False,False,False,False,False,False,False
final_ruehl_mask,mixed,87,270920347,146,WAIT,WAIT,6.91579096019268,False,False,False,False,False,False,False
final_ruehl_mask,mixed,87,270920347,147,WAIT,WAIT,6.52595900464803,False,False,False,False,False,False,False
final_ruehl_mask,mixed,87,270920347,148,WAIT,WAIT,6.465999991632998,False,False,False,False,False,False,False
final_ruehl_mask,mixed,87,270920347,149,WAIT,WAIT,7.236166973598301,False,False,False,False,False,False,False
final_ruehl_mask,mixed,87,270920347,150,WAIT,WAIT,6.9282089825719595,False,False,False,False,False,False,False
final_ruehl_mask,mixed,87,270920347,151,WAIT,WAIT,6.680916994810104,False,True,False,False,False,False,False
final_ruehl_mask,mixed,87,270920347,152,WAIT,WAIT,7.1076670428738,False,False,False,False,False,False,False
final_ruehl_mask,mixed,87,270920347,153,WAIT,WAIT,6.963041960261762,False,False,False,False,False,False,False
final_ruehl_mask,mixed,87,270920347,154,WAIT,WAIT,7.354749948717654,False,False,False,False,False,False,False
final_ruehl_mask,mixed,87,270920347,155,WAIT,WAIT,6.0718340100720525,False,False,False,False,False,False,False
final_ruehl_mask,mixed,87,270920347,156,WAIT,WAIT,7.5743329944089055,False,False,False,False,False,False,False
final_ruehl_mask,mixed,87,270920347,157,WAIT,WAIT,7.2782919742167,False,False,False,False,False,False,False
final_ruehl_mask,mixed,87,270920347,158,WAIT,WAIT,7.282375008799136,False,False,False,False,False,False,False
final_ruehl_mask,mixed,87,270920347,159,WAIT,WAIT,7.607000065036118,False,False,False,False,False,False,False
final_ruehl_mask,mixed,87,270920347,160,WAIT,WAIT,7.325125043280423,False,False,False,False,False,False,False
final_ruehl_mask,mixed,87,270920347,161,WAIT,WAIT,6.828124984167516,False,True,False,False,False,False,False
final_ruehl_mask,mixed,87,270920347,162,WAIT,WAIT,10.541750001721084,False,False,False,False,False,False,False
final_ruehl_mask,mixed,87,270920347,163,WAIT,WAIT,8.00049991812557,False,False,False,False,False,False,False
final_ruehl_mask,mixed,87,270920347,164,WAIT,WAIT,10.13762503862381,False,False,False,False,False,False,False
final_ruehl_mask,mixed,87,270920347,165,WAIT,WAIT,11.493625002913177,False,False,False,False,False,False,False
final_ruehl_mask,mixed,87,270920347,166,RIGHT,RIGHT,11.035791016183794,False,False,False,False,False,False,False
final_ruehl_mask,mixed,87,270920347,167,DOWN,DOWN,14.071916928514838,False,False,False,False,False,False,False
final_ruehl_mask,mixed,87,270920347,168,DOWN,DOWN,8.264417061582208,False,False,False,False,False,False,False
final_ruehl_mask,mixed,87,270920347,169,WAIT,WAIT,9.201958077028394,False,False,False,False,False,False,False
final_ruehl_mask,mixed,87,270920347,170,DOWN,DOWN,7.752834004350007,False,False,False,False,False,False,False
final_ruehl_mask,mixed,87,270920347,171,DOWN,DOWN,6.2315830728039145,False,True,False,False,False,False,False
final_ruehl_mask,mixed,87,270920347,172,DOWN,DOWN,7.56049994379282,False,False,False,False,False,False,False
final_ruehl_mask,mixed,87,270920347,173,DOWN,DOWN,6.51991693302989,False,False,False,False,False,False,False
final_ruehl_mask,mixed,87,270920347,174,LEFT,LEFT,5.4605420446023345,False,False,False,False,False,False,False
final_ruehl_mask,mixed,87,270920347,175,WAIT,WAIT,6.300917011685669,False,False,False,False,False,False,False
final_ruehl_mask,mixed,87,270920347,176,WAIT,WAIT,6.203874945640564,False,False,False,False,False,False,False
final_ruehl_mask,mixed,87,270920347,177,WAIT,WAIT,6.761124939657748,False,False,False,False,False,False,False
final_ruehl_mask,mixed,87,270920347,178,WAIT,WAIT,6.150458008050919,False,False,False,False,False,False,False
final_ruehl_mask,mixed,87,270920347,179,WAIT,WAIT,6.157584022730589,False,False,False,False,False,False,False
final_ruehl_mask,mixed,87,270920347,180,WAIT,WAIT,6.491792039014399,False,False,False,False,False,False,False
final_ruehl_mask,mixed,87,270920347,181,WAIT,WAIT,5.9335419209674,False,True,False,False,False,False,False
final_ruehl_mask,mixed,87,270920347,182,RIGHT,RIGHT,6.54766708612442,False,False,False,False,False,False,False
final_ruehl_mask,mixed,87,270920347,183,RIGHT,RIGHT,6.597458967007697,False,False,False,False,False,False,False
final_ruehl_mask,mixed,87,270920347,184,RIGHT,RIGHT,6.06704200617969,False,False,False,False,False,False,False
final_ruehl_mask,mixed,87,270920347,185,RIGHT,RIGHT,6.608208990655839,False,False,False,False,False,False,False
final_ruehl_mask,mixed,87,270920347,186,RIGHT,RIGHT,6.2792920507490635,False,False,False,False,False,False,False
final_ruehl_mask,mixed,87,270920347,187,RIGHT,RIGHT,6.4192499266937375,False,False,False,False,False,False,False
final_ruehl_mask,mixed,87,270920347,188,RIGHT,RIGHT,5.9795830165967345,False,False,False,False,False,False,False
final_ruehl_mask,mixed,87,270920347,189,DOWN,DOWN,5.189166986383498,False,False,False,False,False,False,False
final_ruehl_mask,mixed,87,270920347,190,WAIT,WAIT,6.000249995850027,False,False,False,False,False,False,False
final_ruehl_mask,mixed,87,270920347,191,WAIT,WAIT,5.562208010815084,False,True,False,False,False,False,False
final_ruehl_mask,mixed,87,270920347,192,WAIT,WAIT,6.037292070686817,False,False,False,False,False,False,False
final_ruehl_mask,mixed,87,270920347,193,WAIT,WAIT,4.7892079455778,False,False,False,False,False,False,False
final_ruehl_mask,mixed,87,270920347,194,WAIT,WAIT,5.46983303502202,False,False,False,False,False,False,False
final_ruehl_mask,mixed,87,270920347,195,WAIT,WAIT,4.448249936103821,False,False,False,False,False,False,False
final_ruehl_mask,mixed,87,270920347,196,WAIT,WAIT,5.052459076978266,False,False,False,False,False,False,False
final_ruehl_mask,mixed,87,270920347,197,WAIT,WAIT,5.254791001789272,False,False,False,False,False,False,False
final_ruehl_mask,mixed,87,270920347,198,DOWN,DOWN,4.56854107324034,False,False,False,False,False,False,True
final_ruehl_mask,mixed,87,270920347,199,BOMB,BOMB,5.552999908104539,False,False,False,True,True,False,True
final_ruehl_mask,mixed,87,270920347,200,DOWN,DOWN,4.68479108531028,False,False,False,False,False,False,True
final_ruehl_mask,mixed,87,270920347,201,DOWN,DOWN,4.138458054512739,False,True,False,False,False,False,True
final_ruehl_mask,mixed,87,270920347,202,LEFT,LEFT,3.951249993406236,False,False,False,False,False,False,True
final_ruehl_mask,mixed,87,270920347,203,RIGHT,RIGHT,4.928209003992379,False,False,False,False,False,False,True
final_ruehl_mask,mixed,88,270920348,1,RIGHT,RIGHT,8.912749937735498,False,True,False,False,False,False,False
final_ruehl_mask,mixed,88,270920348,2,BOMB,BOMB,3.1989170238375664,False,False,False,True,False,False,False
final_ruehl_mask,mixed,88,270920348,3,LEFT,LEFT,3.3712919102981687,False,False,False,False,False,False,False
final_ruehl_mask,mixed,88,270920348,4,UP,UP,3.480417071841657,False,False,False,False,False,False,False
final_ruehl_mask,mixed,88,270920348,5,WAIT,WAIT,4.1907079285010695,False,False,False,False,False,False,False
final_ruehl_mask,mixed,88,270920348,6,WAIT,WAIT,7.007625070400536,False,False,False,False,False,False,False
final_ruehl_mask,mixed,88,270920348,7,WAIT,WAIT,2.8206659480929375,False,False,False,False,False,False,False
final_ruehl_mask,mixed,88,270920348,8,WAIT,WAIT,2.6299169985577464,False,False,False,False,False,False,False
final_ruehl_mask,mixed,88,270920348,9,BOMB,BOMB,2.352625015191734,False,False,False,True,False,False,False
final_ruehl_mask,mixed,88,270920348,10,DOWN,DOWN,2.4451659992337227,False,False,False,False,False,False,False
final_ruehl_mask,mixed,88,270920348,11,RIGHT,RIGHT,2.3619169369339943,False,True,False,False,False,False,False
final_ruehl_mask,mixed,88,270920348,12,RIGHT,RIGHT,2.629583002999425,False,False,False,False,False,False,False
final_ruehl_mask,mixed,88,270920348,13,RIGHT,RIGHT,2.9953339835628867,False,False,False,False,False,False,False
final_ruehl_mask,mixed,88,270920348,14,RIGHT,RIGHT,3.1596249900758266,False,False,False,False,False,False,False
final_ruehl_mask,mixed,88,270920348,15,LEFT,LEFT,2.504665986634791,False,False,False,False,False,False,False
final_ruehl_mask,mixed,88,270920348,16,LEFT,LEFT,2.3414160823449492,False,False,False,False,False,False,False
final_ruehl_mask,mixed,88,270920348,17,BOMB,BOMB,3.0440419213846326,False,False,False,True,False,False,False
final_ruehl_mask,mixed,88,270920348,18,LEFT,LEFT,2.3905409034341574,False,False,False,False,False,False,False
final_ruehl_mask,mixed,88,270920348,19,LEFT,LEFT,2.799083013087511,False,False,False,False,False,False,False
final_ruehl_mask,mixed,88,270920348,20,UP,UP,2.4720419896766543,False,False,False,False,False,False,False
final_ruehl_mask,mixed,88,270920348,21,UP,UP,2.3872499587014318,False,True,False,False,False,False,False
final_ruehl_mask,mixed,88,270920348,22,UP,UP,3.3108750358223915,False,False,False,False,False,False,False
final_ruehl_mask,mixed,88,270920348,23,UP,UP,3.2521659741178155,False,False,False,False,False,False,True
final_ruehl_mask,mixed,88,270920348,24,BOMB,BOMB,3.0220000771805644,False,False,False,True,False,False,True
final_ruehl_mask,mixed,88,270920348,25,DOWN,DOWN,2.8063340578228235,False,False,False,False,False,False,True
final_ruehl_mask,mixed,88,270920348,26,DOWN,DOWN,2.85483303014189,False,False,False,False,False,False,True
final_ruehl_mask,mixed,88,270920348,27,WAIT,WAIT,2.382584032602608,False,False,False,False,False,False,True
final_ruehl_mask,mixed,88,270920348,28,WAIT,WAIT,2.272167010232806,False,False,False,False,False,False,True
final_ruehl_mask,mixed,89,270920349,1,BOMB,BOMB,3.0898749828338623,False,True,False,True,False,False,True
final_ruehl_mask,mixed,89,270920349,2,UP,UP,2.8617079369723797,False,False,False,False,False,False,True
final_ruehl_mask,mixed,89,270920349,3,UP,UP,2.3265000199899077,False,False,False,False,False,False,True
final_ruehl_mask,mixed,89,270920349,4,DOWN,DOWN,3.33874998614192,False,False,False,False,False,False,True
final_ruehl_mask,mixed,89,270920349,5,UP,UP,2.772624953649938,False,False,False,False,False,False,True
final_ruehl_mask,mixed,90,270920350,1,RIGHT,RIGHT,2.913750009611249,False,True,False,False,False,False,False
final_ruehl_mask,mixed,90,270920350,2,BOMB,BOMB,2.886125002987683,False,False,False,True,False,False,False
final_ruehl_mask,mixed,90,270920350,3,LEFT,LEFT,2.747250022366643,False,False,False,False,False,False,False
final_ruehl_mask,mixed,90,270920350,4,DOWN,DOWN,2.701958059333265,False,False,False,False,False,False,False
final_ruehl_mask,mixed,90,270920350,5,WAIT,WAIT,2.296083956025541,False,False,False,False,False,False,False
final_ruehl_mask,mixed,90,270920350,6,WAIT,WAIT,2.157542039640248,False,False,False,False,False,False,False
final_ruehl_mask,mixed,90,270920350,7,WAIT,WAIT,2.5075420271605253,False,False,False,False,False,False,False
final_ruehl_mask,mixed,90,270920350,8,UP,UP,2.3611659416928887,False,False,False,False,False,False,False
final_ruehl_mask,mixed,90,270920350,9,RIGHT,RIGHT,2.4705419782549143,False,False,False,False,False,False,False
final_ruehl_mask,mixed,90,270920350,10,RIGHT,RIGHT,2.853957936167717,False,False,False,False,False,False,False
final_ruehl_mask,mixed,90,270920350,11,RIGHT,RIGHT,2.8158329660072923,False,True,False,False,False,False,True
final_ruehl_mask,mixed,90,270920350,12,BOMB,BOMB,2.685584011487663,False,False,False,True,False,False,True
final_ruehl_mask,mixed,90,270920350,13,RIGHT,RIGHT,2.297332976013422,False,False,False,False,False,False,True
final_ruehl_mask,mixed,90,270920350,14,WAIT,WAIT,2.148499945178628,False,False,False,False,False,False,True
final_ruehl_mask,mixed,90,270920350,15,WAIT,WAIT,3.107834025286138,False,False,False,False,False,False,True
final_ruehl_mask,mixed,90,270920350,16,WAIT,WAIT,3.0076249968260527,False,False,False,False,False,False,True
final_ruehl_mask,mixed,91,270920351,1,UP,UP,2.5762090226635337,False,True,False,False,False,False,False
final_ruehl_mask,mixed,91,270920351,2,BOMB,BOMB,2.1417909301817417,False,False,False,True,False,False,False
final_ruehl_mask,mixed,91,270920351,3,DOWN,DOWN,2.659708959981799,False,False,False,False,False,False,False
final_ruehl_mask,mixed,91,270920351,4,LEFT,LEFT,2.825374947860837,False,False,False,False,False,False,False
final_ruehl_mask,mixed,91,270920351,5,WAIT,WAIT,2.8135409811511636,False,False,False,False,False,False,False
final_ruehl_mask,mixed,91,270920351,6,WAIT,WAIT,2.266499912366271,False,False,False,False,False,False,False
final_ruehl_mask,mixed,91,270920351,7,WAIT,WAIT,2.310125040821731,False,False,False,False,False,False,False
final_ruehl_mask,mixed,91,270920351,8,WAIT,WAIT,2.1446659229695797,False,False,False,False,False,False,False
final_ruehl_mask,mixed,91,270920351,9,BOMB,BOMB,2.1274579921737313,False,False,False,True,False,False,False
final_ruehl_mask,mixed,91,270920351,10,RIGHT,RIGHT,2.6580829871818423,False,False,False,False,False,False,False
final_ruehl_mask,mixed,91,270920351,11,UP,UP,3.11000004876405,False,True,False,False,False,False,False
final_ruehl_mask,mixed,91,270920351,12,UP,UP,3.1253750203177333,False,False,False,False,False,False,False
final_ruehl_mask,mixed,91,270920351,13,UP,UP,3.25804203748703,False,False,False,False,False,False,False
final_ruehl_mask,mixed,91,270920351,14,UP,UP,3.6482909927144647,False,False,False,False,False,False,False
final_ruehl_mask,mixed,91,270920351,15,DOWN,DOWN,3.7298750830814242,False,False,False,False,False,False,False
final_ruehl_mask,mixed,91,270920351,16,DOWN,DOWN,3.2779580214992166,False,False,False,False,False,False,False
final_ruehl_mask,mixed,91,270920351,17,DOWN,DOWN,3.4172500018030405,False,False,False,False,False,False,False
final_ruehl_mask,mixed,91,270920351,18,DOWN,DOWN,3.4871670650318265,False,False,False,False,False,False,False
final_ruehl_mask,mixed,91,270920351,19,LEFT,LEFT,3.3201250480487943,False,False,False,False,False,False,False
final_ruehl_mask,mixed,91,270920351,20,LEFT,LEFT,2.831334015354514,False,False,False,False,False,False,False
final_ruehl_mask,mixed,91,270920351,21,LEFT,LEFT,2.9378340113908052,False,True,False,False,False,False,False
final_ruehl_mask,mixed,91,270920351,22,LEFT,LEFT,3.5469590220600367,False,False,False,False,False,False,False
final_ruehl_mask,mixed,91,270920351,23,LEFT,LEFT,3.4961659694090486,False,False,False,False,False,False,False
final_ruehl_mask,mixed,91,270920351,24,LEFT,LEFT,3.3658749889582396,False,False,False,False,False,False,False
final_ruehl_mask,mixed,91,270920351,25,BOMB,BOMB,2.6953340275213122,False,False,False,True,False,False,False
final_ruehl_mask,mixed,91,270920351,26,RIGHT,RIGHT,2.828375087119639,False,False,False,False,False,False,False
final_ruehl_mask,mixed,91,270920351,27,RIGHT,RIGHT,2.7902500005438924,False,False,False,False,False,False,False
final_ruehl_mask,mixed,91,270920351,28,UP,UP,2.7077500708401203,False,False,False,False,False,False,False
final_ruehl_mask,mixed,91,270920351,29,WAIT,WAIT,3.2711250241845846,False,False,False,False,False,False,False
final_ruehl_mask,mixed,91,270920351,30,WAIT,WAIT,3.5050410078838468,False,False,False,False,False,False,False
final_ruehl_mask,mixed,91,270920351,31,WAIT,WAIT,3.7191250594332814,False,True,False,False,False,False,False
final_ruehl_mask,mixed,91,270920351,32,BOMB,BOMB,3.576874965801835,False,False,False,True,False,False,False
final_ruehl_mask,mixed,91,270920351,33,DOWN,DOWN,3.5110830795019865,False,False,False,False,False,False,False
final_ruehl_mask,mixed,91,270920351,34,LEFT,LEFT,3.745791967958212,False,False,False,False,False,False,False
final_ruehl_mask,mixed,91,270920351,35,LEFT,LEFT,3.9826660649850965,False,False,False,False,False,False,False
final_ruehl_mask,mixed,91,270920351,36,LEFT,LEFT,4.46770794223994,False,False,False,False,False,False,False
final_ruehl_mask,mixed,91,270920351,37,LEFT,LEFT,4.230957943946123,False,False,False,False,False,False,False
final_ruehl_mask,mixed,91,270920351,38,LEFT,LEFT,3.3006250159814954,False,False,False,False,False,False,False
final_ruehl_mask,mixed,91,270920351,39,LEFT,LEFT,3.1241250690072775,False,False,False,False,False,False,True
final_ruehl_mask,mixed,91,270920351,40,BOMB,BOMB,3.127915901131928,False,False,False,True,False,False,True
final_ruehl_mask,mixed,91,270920351,41,RIGHT,RIGHT,3.865625010803342,False,True,False,False,False,False,True
final_ruehl_mask,mixed,91,270920351,42,RIGHT,RIGHT,2.7715000323951244,False,False,False,False,False,False,True
final_ruehl_mask,mixed,91,270920351,43,WAIT,WAIT,3.6972080124542117,False,False,False,False,False,False,True
final_ruehl_mask,mixed,91,270920351,44,RIGHT,RIGHT,3.3849169267341495,False,False,False,False,False,False,True
final_ruehl_mask,mixed,92,270920352,1,UP,UP,2.891791984438896,False,True,False,False,False,False,False
final_ruehl_mask,mixed,92,270920352,2,BOMB,BOMB,2.8757500695064664,False,False,False,True,False,False,False
final_ruehl_mask,mixed,92,270920352,3,DOWN,DOWN,2.831542049534619,False,False,False,False,False,False,False
final_ruehl_mask,mixed,92,270920352,4,LEFT,LEFT,2.7689579874277115,False,False,False,False,False,False,False
final_ruehl_mask,mixed,92,270920352,5,LEFT,LEFT,2.7349579613655806,False,False,False,False,False,False,False
final_ruehl_mask,mixed,92,270920352,6,RIGHT,RIGHT,2.7038330445066094,False,False,False,False,False,False,False
final_ruehl_mask,mixed,92,270920352,7,LEFT,LEFT,2.356500015594065,False,False,False,False,False,False,False
final_ruehl_mask,mixed,92,270920352,8,RIGHT,RIGHT,2.5650409515947104,False,False,False,False,False,False,False
final_ruehl_mask,mixed,92,270920352,9,BOMB,BOMB,2.9987080488353968,False,False,False,True,False,False,False
final_ruehl_mask,mixed,92,270920352,10,RIGHT,RIGHT,2.7580829337239265,False,False,False,False,False,False,False
final_ruehl_mask,mixed,92,270920352,11,UP,UP,2.3531659971922636,False,True,False,False,False,False,False
final_ruehl_mask,mixed,92,270920352,12,UP,UP,2.7643339708447456,False,False,False,False,False,False,False
final_ruehl_mask,mixed,92,270920352,13,UP,UP,3.0732920859009027,False,False,False,False,False,False,False
final_ruehl_mask,mixed,92,270920352,14,UP,UP,3.2347089145332575,False,False,False,False,False,False,False
final_ruehl_mask,mixed,92,270920352,15,WAIT,WAIT,3.0145420460030437,False,False,False,False,False,False,True
final_ruehl_mask,mixed,92,270920352,16,BOMB,BOMB,2.37875001039356,False,False,False,True,False,False,True
final_ruehl_mask,mixed,92,270920352,17,DOWN,DOWN,3.0217909952625632,False,False,False,False,False,False,True
final_ruehl_mask,mixed,92,270920352,18,DOWN,DOWN,3.0221249908208847,False,False,False,False,False,False,True
final_ruehl_mask,mixed,92,270920352,19,UP,UP,2.7210420230403543,False,False,False,False,False,False,True
final_ruehl_mask,mixed,92,270920352,20,DOWN,DOWN,2.376832999289036,False,False,False,False,False,False,True
final_ruehl_mask,mixed,93,270920353,1,DOWN,DOWN,2.8990829596295953,False,True,False,False,False,False,False
final_ruehl_mask,mixed,93,270920353,2,BOMB,BOMB,2.285249996930361,False,False,False,True,False,False,False
final_ruehl_mask,mixed,93,270920353,3,UP,UP,2.160458010621369,False,False,False,False,False,False,False
final_ruehl_mask,mixed,93,270920353,4,RIGHT,RIGHT,2.7470000786706805,False,False,False,False,False,False,False
final_ruehl_mask,mixed,93,270920353,5,WAIT,WAIT,2.3710420355200768,False,False,False,False,False,False,False
final_ruehl_mask,mixed,93,270920353,6,WAIT,WAIT,2.835541032254696,False,False,False,False,False,False,False
final_ruehl_mask,mixed,93,270920353,7,WAIT,WAIT,2.8290830086916685,False,False,False,False,False,False,False
final_ruehl_mask,mixed,93,270920353,8,WAIT,WAIT,2.7331659803166986,False,False,False,False,False,False,False
final_ruehl_mask,mixed,93,270920353,9,BOMB,BOMB,2.9372910503298044,False,False,False,True,False,False,False
final_ruehl_mask,mixed,93,270920353,10,LEFT,LEFT,2.6080000679939985,False,False,False,False,False,False,False
final_ruehl_mask,mixed,93,270920353,11,DOWN,DOWN,3.112250007688999,False,True,False,False,False,False,False
final_ruehl_mask,mixed,93,270920353,12,DOWN,DOWN,3.007334074936807,False,False,False,False,False,False,False
final_ruehl_mask,mixed,93,270920353,13,DOWN,DOWN,2.9949999880045652,False,False,False,False,False,False,False
final_ruehl_mask,mixed,93,270920353,14,DOWN,DOWN,3.2064999686554074,False,False,False,False,False,False,False
final_ruehl_mask,mixed,93,270920353,15,RIGHT,RIGHT,2.4993750266730785,False,False,False,False,False,False,False
final_ruehl_mask,mixed,93,270920353,16,BOMB,BOMB,2.2849160013720393,False,False,False,True,False,False,False
final_ruehl_mask,mixed,93,270920353,17,LEFT,LEFT,2.472416963428259,False,False,False,False,False,False,False
final_ruehl_mask,mixed,93,270920353,18,UP,UP,3.0501659493893385,False,False,False,False,False,False,False
final_ruehl_mask,mixed,93,270920353,19,WAIT,WAIT,3.1705419532954693,False,False,False,False,False,False,False
final_ruehl_mask,mixed,93,270920353,20,UP,UP,2.5489169638603926,False,False,False,False,False,False,False
final_ruehl_mask,mixed,93,270920353,21,UP,UP,3.2926660496741533,False,True,False,False,False,False,False
final_ruehl_mask,mixed,93,270920353,22,UP,UP,3.700750065036118,False,False,False,False,False,False,False
final_ruehl_mask,mixed,93,270920353,23,RIGHT,RIGHT,3.5620409762486815,False,False,False,False,False,False,False
final_ruehl_mask,mixed,93,270920353,24,RIGHT,RIGHT,3.238250035792589,False,False,False,False,False,False,False
final_ruehl_mask,mixed,93,270920353,25,RIGHT,RIGHT,2.850124961696565,False,False,False,False,False,False,True
final_ruehl_mask,mixed,93,270920353,26,BOMB,BOMB,3.7074999418109655,False,False,False,True,False,False,True
final_ruehl_mask,mixed,93,270920353,27,RIGHT,RIGHT,3.523707971908152,False,False,False,False,False,False,True
final_ruehl_mask,mixed,93,270920353,28,WAIT,WAIT,2.6094579370692372,False,False,False,False,False,False,True
final_ruehl_mask,mixed,93,270920353,29,WAIT,WAIT,2.493332955054939,False,False,False,False,False,False,True
final_ruehl_mask,mixed,93,270920353,30,WAIT,WAIT,2.822000067681074,False,False,False,False,False,False,True
final_ruehl_mask,mixed,94,270920354,1,WAIT,WAIT,2.8574169846251607,False,True,False,False,False,False,False
final_ruehl_mask,mixed,94,270920354,2,WAIT,WAIT,2.824166906066239,False,False,False,False,False,False,False
final_ruehl_mask,mixed,94,270920354,3,DOWN,DOWN,2.791792037896812,False,False,False,False,False,False,True
final_ruehl_mask,mixed,94,270920354,4,BOMB,BOMB,2.904249937273562,False,False,False,True,False,False,True
final_ruehl_mask,mixed,94,270920354,5,DOWN,DOWN,2.5439170422032475,False,False,False,False,False,False,True
final_ruehl_mask,mixed,94,270920354,6,WAIT,WAIT,2.745125093497336,False,False,False,False,False,False,True
final_ruehl_mask,mixed,94,270920354,7,WAIT,WAIT,2.785708988085389,False,False,False,False,False,False,True
final_ruehl_mask,mixed,94,270920354,8,WAIT,WAIT,2.5822919560596347,False,False,False,False,False,False,True
final_ruehl_mask,mixed,95,270920355,1,LEFT,LEFT,2.83612497150898,False,True,False,False,False,False,False
final_ruehl_mask,mixed,95,270920355,2,BOMB,BOMB,2.5674999924376607,False,False,False,True,False,False,False
final_ruehl_mask,mixed,95,270920355,3,RIGHT,RIGHT,2.6642080629244447,False,False,False,False,False,False,False
final_ruehl_mask,mixed,95,270920355,4,DOWN,DOWN,2.38491699565202,False,False,False,False,False,False,False
final_ruehl_mask,mixed,95,270920355,5,WAIT,WAIT,2.096042037010193,False,False,False,False,False,False,False
final_ruehl_mask,mixed,95,270920355,6,WAIT,WAIT,2.51391704659909,False,False,False,False,False,False,False
final_ruehl_mask,mixed,95,270920355,7,WAIT,WAIT,2.2467089584097266,False,False,False,False,False,False,False
final_ruehl_mask,mixed,95,270920355,8,UP,UP,2.1855420200154185,False,False,False,False,False,False,False
final_ruehl_mask,mixed,95,270920355,9,BOMB,BOMB,2.303333953022957,False,False,False,True,False,False,False
final_ruehl_mask,mixed,95,270920355,10,LEFT,LEFT,2.9363330686464906,False,False,False,False,False,False,False
final_ruehl_mask,mixed,95,270920355,11,LEFT,LEFT,2.6539999525994062,False,True,False,False,False,False,False
final_ruehl_mask,mixed,95,270920355,12,LEFT,LEFT,2.3835409665480256,False,False,False,False,False,False,False
final_ruehl_mask,mixed,95,270920355,13,LEFT,LEFT,3.1503329519182444,False,False,False,False,False,False,False
final_ruehl_mask,mixed,95,270920355,14,WAIT,WAIT,2.50325002707541,False,False,False,False,False,False,False
final_ruehl_mask,mixed,95,270920355,15,WAIT,WAIT,2.4453329388052225,False,False,False,False,False,False,False
final_ruehl_mask,mixed,95,270920355,16,BOMB,BOMB,3.0387090519070625,False,False,False,True,False,False,False
final_ruehl_mask,mixed,95,270920355,17,RIGHT,RIGHT,2.4935411056503654,False,False,False,False,False,False,False
final_ruehl_mask,mixed,95,270920355,18,RIGHT,RIGHT,3.0292499577626586,False,False,False,False,False,False,False
final_ruehl_mask,mixed,95,270920355,19,RIGHT,RIGHT,3.0859579565003514,False,False,False,False,False,False,False
final_ruehl_mask,mixed,95,270920355,20,RIGHT,RIGHT,3.2047079876065254,False,False,False,False,False,False,False
final_ruehl_mask,mixed,95,270920355,21,WAIT,WAIT,2.926083980128169,False,True,False,False,False,False,False
final_ruehl_mask,mixed,95,270920355,22,DOWN,DOWN,3.652416984550655,False,False,False,False,False,False,True
final_ruehl_mask,mixed,95,270920355,23,BOMB,BOMB,3.5114999627694488,False,False,False,True,False,False,True
final_ruehl_mask,mixed,95,270920355,24,DOWN,DOWN,3.5141659900546074,False,False,False,False,False,False,True
final_ruehl_mask,mixed,95,270920355,25,DOWN,DOWN,3.474749973975122,False,False,False,False,False,False,True
final_ruehl_mask,mixed,95,270920355,26,UP,UP,3.3117500133812428,False,False,False,False,False,False,True
final_ruehl_mask,mixed,95,270920355,27,DOWN,DOWN,2.6785420486703515,False,False,False,False,False,False,True
final_ruehl_mask,mixed,96,270920356,1,LEFT,LEFT,2.679833094589412,False,True,False,False,False,False,False
final_ruehl_mask,mixed,96,270920356,2,BOMB,BOMB,2.222958020865917,False,False,False,True,False,False,False
final_ruehl_mask,mixed,96,270920356,3,RIGHT,RIGHT,6.300624925643206,False,False,False,False,False,False,False
final_ruehl_mask,mixed,96,270920356,4,UP,UP,4.290457931347191,False,False,False,False,False,False,False
final_ruehl_mask,mixed,96,270920356,5,WAIT,WAIT,3.1176659977063537,False,False,False,False,False,False,False
final_ruehl_mask,mixed,96,270920356,6,WAIT,WAIT,3.0695409514009953,False,False,False,False,False,False,False
final_ruehl_mask,mixed,96,270920356,7,WAIT,WAIT,3.245208994485438,False,False,False,False,False,False,False
final_ruehl_mask,mixed,96,270920356,8,DOWN,DOWN,12.4204580206424,False,False,False,False,False,False,False
final_ruehl_mask,mixed,96,270920356,9,BOMB,BOMB,14.309040969237685,False,False,False,True,False,False,False
final_ruehl_mask,mixed,96,270920356,10,LEFT,LEFT,12.289875070564449,False,False,False,False,False,False,False
final_ruehl_mask,mixed,96,270920356,11,LEFT,LEFT,3.7050420651212335,False,True,False,False,False,False,False
final_ruehl_mask,mixed,96,270920356,12,UP,UP,3.1339579727500677,False,False,False,False,False,False,False
final_ruehl_mask,mixed,96,270920356,13,WAIT,WAIT,2.9604999581351876,False,False,False,False,False,False,False
final_ruehl_mask,mixed,96,270920356,14,WAIT,WAIT,2.6028749998658895,False,False,False,False,False,False,False
final_ruehl_mask,mixed,96,270920356,15,WAIT,WAIT,2.9656669357791543,False,False,False,False,False,False,False
final_ruehl_mask,mixed,96,270920356,16,BOMB,BOMB,3.18716699257493,False,False,False,True,False,False,False
final_ruehl_mask,mixed,96,270920356,17,DOWN,DOWN,3.076041000895202,False,False,False,False,False,False,False
final_ruehl_mask,mixed,96,270920356,18,LEFT,LEFT,2.824292052537203,False,False,False,False,False,False,False
final_ruehl_mask,mixed,96,270920356,19,LEFT,LEFT,3.1748750479891896,False,False,False,False,False,False,False
final_ruehl_mask,mixed,96,270920356,20,WAIT,WAIT,3.120750072412193,False,False,False,False,False,False,False
final_ruehl_mask,mixed,96,270920356,21,WAIT,WAIT,3.2490409212186933,False,True,False,False,False,False,False
final_ruehl_mask,mixed,96,270920356,22,WAIT,WAIT,2.9191670473665,False,False,False,False,False,False,False
final_ruehl_mask,mixed,96,270920356,23,BOMB,BOMB,3.453749930486083,False,False,False,True,False,False,False
final_ruehl_mask,mixed,96,270920356,24,RIGHT,RIGHT,2.7288750279694796,False,False,False,False,False,False,False
final_ruehl_mask,mixed,96,270920356,25,RIGHT,RIGHT,2.5300420820713043,False,False,False,False,False,False,False
final_ruehl_mask,mixed,96,270920356,26,UP,UP,3.1339999986812472,False,False,False,False,False,False,False
final_ruehl_mask,mixed,96,270920356,27,UP,UP,3.3935420215129852,False,False,False,False,False,False,False
final_ruehl_mask,mixed,96,270920356,28,UP,UP,3.7533330032601953,False,False,False,False,False,False,False
final_ruehl_mask,mixed,96,270920356,29,UP,UP,3.0577919678762555,False,False,False,False,False,False,True
final_ruehl_mask,mixed,96,270920356,30,BOMB,BOMB,3.6384169943630695,False,False,False,True,False,False,True
final_ruehl_mask,mixed,96,270920356,31,RIGHT,RIGHT,2.8602919774129987,False,True,True,False,False,False,True
final_ruehl_mask,mixed,96,270920356,32,WAIT,WAIT,2.7033750666305423,False,False,False,False,False,False,True
final_ruehl_mask,mixed,96,270920356,33,WAIT,WAIT,2.7160419849678874,False,False,False,False,False,False,True
final_ruehl_mask,mixed,96,270920356,34,WAIT,WAIT,3.7259169621393085,False,False,False,False,False,False,True
final_ruehl_mask,mixed,97,270920357,1,RIGHT,RIGHT,2.8943329816684127,False,True,False,False,False,False,False
final_ruehl_mask,mixed,97,270920357,2,BOMB,BOMB,2.743458957411349,False,False,False,True,False,False,False
final_ruehl_mask,mixed,97,270920357,3,LEFT,LEFT,2.990833017975092,False,False,False,False,False,False,False
final_ruehl_mask,mixed,97,270920357,4,WAIT,WAIT,2.8275829972699285,False,False,False,False,False,False,False
final_ruehl_mask,mixed,97,270920357,5,UP,UP,2.7775419875979424,False,False,False,False,False,False,False
final_ruehl_mask,mixed,97,270920357,6,WAIT,WAIT,2.2862079786136746,False,False,False,False,False,False,False
final_ruehl_mask,mixed,97,270920357,7,WAIT,WAIT,2.7455829549580812,False,False,False,False,False,False,False
final_ruehl_mask,mixed,97,270920357,8,WAIT,WAIT,2.568584051914513,False,False,False,False,False,False,False
final_ruehl_mask,mixed,97,270920357,9,BOMB,BOMB,2.877458930015564,False,False,False,True,False,False,False
final_ruehl_mask,mixed,97,270920357,10,DOWN,DOWN,2.7992919785901904,False,False,False,False,False,False,False
final_ruehl_mask,mixed,97,270920357,11,RIGHT,RIGHT,2.8946249512955546,False,True,False,False,False,False,False
final_ruehl_mask,mixed,97,270920357,12,RIGHT,RIGHT,3.006791928783059,False,False,False,False,False,False,False
final_ruehl_mask,mixed,97,270920357,13,RIGHT,RIGHT,3.06620798073709,False,False,False,False,False,False,False
final_ruehl_mask,mixed,97,270920357,14,RIGHT,RIGHT,3.247958025895059,False,False,False,False,False,False,False
final_ruehl_mask,mixed,97,270920357,15,LEFT,LEFT,3.37133405264467,False,False,False,False,False,False,True
final_ruehl_mask,mixed,97,270920357,16,BOMB,BOMB,2.7022080030292273,False,False,False,True,False,False,True
final_ruehl_mask,mixed,97,270920357,17,LEFT,LEFT,3.0667498940601945,False,False,False,False,False,False,True
final_ruehl_mask,mixed,97,270920357,18,WAIT,WAIT,2.558500040322542,False,False,False,False,False,False,True
final_ruehl_mask,mixed,97,270920357,19,WAIT,WAIT,2.8435830026865005,False,False,False,False,False,False,True
final_ruehl_mask,mixed,97,270920357,20,WAIT,WAIT,3.1021659960970283,False,False,False,False,False,False,True
final_ruehl_mask,mixed,98,270920358,1,UP,UP,3.013166948221624,False,True,False,False,False,False,True
final_ruehl_mask,mixed,98,270920358,2,BOMB,BOMB,3.2182499999180436,False,False,False,True,False,False,True
final_ruehl_mask,mixed,98,270920358,3,UP,UP,3.0660410411655903,False,False,False,False,False,False,True
final_ruehl_mask,mixed,98,270920358,4,WAIT,WAIT,3.197917016223073,False,False,False,False,False,False,True
final_ruehl_mask,mixed,98,270920358,5,WAIT,WAIT,3.0647909734398127,False,False,False,False,False,False,True
final_ruehl_mask,mixed,98,270920358,6,WAIT,WAIT,3.4380840370431542,False,False,False,False,False,False,True
final_ruehl_mask,mixed,99,270920359,1,DOWN,DOWN,2.933374955318868,False,True,False,False,False,False,True
final_ruehl_mask,mixed,99,270920359,2,BOMB,BOMB,2.7117079589515924,False,False,False,True,False,False,True
final_ruehl_mask,mixed,99,270920359,3,DOWN,DOWN,2.953791990876198,False,False,False,False,False,False,True
final_ruehl_mask,mixed,99,270920359,4,WAIT,WAIT,2.5481251068413258,False,False,False,False,False,False,True
final_ruehl_mask,mixed,99,270920359,5,WAIT,WAIT,2.6622499572113156,False,False,False,False,False,False,True
final_ruehl_mask,mixed,99,270920359,6,WAIT,WAIT,2.7058329433202744,False,False,False,False,False,False,True
final_ruehl_mask,mixed,100,270920360,1,LEFT,LEFT,3.074333071708679,False,True,False,False,False,False,False
final_ruehl_mask,mixed,100,270920360,2,LEFT,LEFT,2.7633339632302523,False,False,False,False,False,False,False
final_ruehl_mask,mixed,100,270920360,3,LEFT,LEFT,2.831334015354514,False,False,False,False,False,False,False
final_ruehl_mask,mixed,100,270920360,4,LEFT,LEFT,2.5027499068528414,False,False,False,False,False,False,False
final_ruehl_mask,mixed,100,270920360,5,BOMB,BOMB,2.192124957218766,False,False,False,True,False,False,False
final_ruehl_mask,mixed,100,270920360,6,RIGHT,RIGHT,2.80941603705287,False,False,False,False,False,False,False
final_ruehl_mask,mixed,100,270920360,7,RIGHT,RIGHT,2.2637080401182175,False,False,False,False,False,False,False
final_ruehl_mask,mixed,100,270920360,8,RIGHT,RIGHT,3.0603749910369515,False,False,False,False,False,False,False
final_ruehl_mask,mixed,100,270920360,9,RIGHT,RIGHT,2.7921670116484165,False,False,False,False,False,False,False
final_ruehl_mask,mixed,100,270920360,10,UP,UP,2.93654203414917,False,False,False,False,False,False,False
final_ruehl_mask,mixed,100,270920360,11,WAIT,WAIT,2.9686250491067767,False,True,False,False,False,False,False
final_ruehl_mask,mixed,100,270920360,12,BOMB,BOMB,3.0443330761045218,False,False,False,True,False,False,False
final_ruehl_mask,mixed,100,270920360,13,DOWN,DOWN,3.064375021494925,False,False,False,False,False,False,False
final_ruehl_mask,mixed,100,270920360,14,LEFT,LEFT,2.519708010368049,False,False,False,False,False,False,False
final_ruehl_mask,mixed,100,270920360,15,LEFT,LEFT,3.4340829588472843,False,False,False,False,False,False,False
final_ruehl_mask,mixed,100,270920360,16,LEFT,LEFT,2.7939999708905816,False,False,False,False,False,False,False
final_ruehl_mask,mixed,100,270920360,17,LEFT,LEFT,2.6215830584988,False,False,False,False,False,False,False
final_ruehl_mask,mixed,100,270920360,18,LEFT,LEFT,3.332916065119207,False,False,False,False,False,False,False
final_ruehl_mask,mixed,100,270920360,19,LEFT,LEFT,3.349625039845705,False,False,False,False,False,False,False
final_ruehl_mask,mixed,100,270920360,20,LEFT,LEFT,3.255292074754834,False,False,False,False,False,False,False
final_ruehl_mask,mixed,100,270920360,21,BOMB,BOMB,3.279374912381172,False,True,False,True,True,False,False
final_ruehl_mask,mixed,100,270920360,22,RIGHT,RIGHT,2.7149160159751773,False,False,False,False,False,False,False
final_ruehl_mask,mixed,100,270920360,23,RIGHT,RIGHT,3.231832990422845,False,False,False,False,False,False,False
final_ruehl_mask,mixed,100,270920360,24,RIGHT,RIGHT,2.771208994090557,False,False,False,False,False,False,False
final_ruehl_mask,mixed,100,270920360,25,RIGHT,RIGHT,3.6742500960826874,False,False,False,False,False,False,False
final_ruehl_mask,mixed,100,270920360,26,RIGHT,RIGHT,3.8800829788669944,False,False,False,False,False,False,False
final_ruehl_mask,mixed,100,270920360,27,RIGHT,RIGHT,3.137166961096227,False,False,False,False,False,False,False
final_ruehl_mask,mixed,100,270920360,28,RIGHT,RIGHT,3.1794169917702675,False,False,False,False,False,False,False
final_ruehl_mask,mixed,100,270920360,29,UP,UP,3.6414170172065496,False,False,False,False,False,False,False
final_ruehl_mask,mixed,100,270920360,30,UP,UP,3.2416669419035316,False,False,False,False,False,False,True
final_ruehl_mask,mixed,100,270920360,31,BOMB,BOMB,3.9372920291498303,False,True,False,True,False,False,True
final_ruehl_mask,mixed,100,270920360,32,UP,UP,3.484040964394808,False,False,False,False,False,False,True
final_ruehl_mask,mixed,100,270920360,33,UP,UP,2.716875053010881,False,False,False,False,False,False,True
final_ruehl_mask,mixed,100,270920360,34,DOWN,DOWN,3.54345899540931,False,False,False,False,False,False,True
final_ruehl_mask,mixed,100,270920360,35,UP,UP,3.1140829669311643,False,False,False,False,False,False,True
final_ruehl_mask,mixed,101,270920361,1,RIGHT,RIGHT,2.816250082105398,False,True,False,False,False,False,False
final_ruehl_mask,mixed,101,270920361,2,BOMB,BOMB,2.4362090043723583,False,False,False,True,False,False,False
final_ruehl_mask,mixed,101,270920361,3,LEFT,LEFT,2.1105000050738454,False,False,False,False,False,False,False
final_ruehl_mask,mixed,101,270920361,4,WAIT,WAIT,2.6787080569192767,False,False,False,False,False,False,False
final_ruehl_mask,mixed,101,270920361,5,UP,UP,2.750250045210123,False,False,False,False,False,False,False
final_ruehl_mask,mixed,101,270920361,6,WAIT,WAIT,2.884790999814868,False,False,False,False,False,False,False
final_ruehl_mask,mixed,101,270920361,7,WAIT,WAIT,2.9446249827742577,False,False,False,False,False,False,False
final_ruehl_mask,mixed,101,270920361,8,WAIT,WAIT,2.743958029896021,False,False,False,False,False,False,False
final_ruehl_mask,mixed,101,270920361,9,BOMB,BOMB,2.6198329869657755,False,False,False,True,False,False,False
final_ruehl_mask,mixed,101,270920361,10,DOWN,DOWN,2.7747079730033875,False,False,False,False,False,False,False
final_ruehl_mask,mixed,101,270920361,11,WAIT,WAIT,2.88974994327873,False,True,False,False,False,False,False
final_ruehl_mask,mixed,101,270920361,12,RIGHT,RIGHT,2.8600000077858567,False,False,False,False,False,False,False
final_ruehl_mask,mixed,101,270920361,13,RIGHT,RIGHT,2.9813339933753014,False,False,False,False,False,False,False
final_ruehl_mask,mixed,101,270920361,14,LEFT,LEFT,3.5924160620197654,False,False,False,False,False,False,False
final_ruehl_mask,mixed,101,270920361,15,LEFT,LEFT,3.415999934077263,False,False,False,False,False,False,False
final_ruehl_mask,mixed,101,270920361,16,UP,UP,2.8422920731827617,False,False,False,False,False,False,False
final_ruehl_mask,mixed,101,270920361,17,UP,UP,2.475416986271739,False,False,False,False,False,False,True
final_ruehl_mask,mixed,101,270920361,18,BOMB,BOMB,3.1612919410690665,False,False,False,True,False,False,True
final_ruehl_mask,mixed,101,270920361,19,UP,UP,3.109666984528303,False,False,False,False,False,False,True
final_ruehl_mask,mixed,101,270920361,20,UP,UP,2.3889580043032765,False,False,False,False,False,False,True
final_ruehl_mask,mixed,101,270920361,21,WAIT,WAIT,3.0603749910369515,False,False,False,False,False,False,True
final_ruehl_mask,mixed,101,270920361,22,WAIT,WAIT,3.2614589435979724,False,False,False,False,False,False,True
final_ruehl_mask,mixed,102,270920362,1,UP,UP,2.8192499885335565,False,True,False,False,False,False,False
final_ruehl_mask,mixed,102,270920362,2,BOMB,BOMB,2.68504093401134,False,False,False,True,False,False,False
final_ruehl_mask,mixed,102,270920362,3,DOWN,DOWN,2.7855420485138893,False,False,False,False,False,False,False
final_ruehl_mask,mixed,102,270920362,4,LEFT,LEFT,2.6560419937595725,False,False,False,False,False,False,False
final_ruehl_mask,mixed,102,270920362,5,WAIT,WAIT,2.782750059850514,False,False,False,False,False,False,False
final_ruehl_mask,mixed,102,270920362,6,WAIT,WAIT,2.792667015455663,False,False,False,False,False,False,False
final_ruehl_mask,mixed,102,270920362,7,WAIT,WAIT,3.004875034093857,False,False,False,False,False,False,False
final_ruehl_mask,mixed,102,270920362,8,WAIT,WAIT,2.9587920289486647,False,False,False,False,False,False,False
final_ruehl_mask,mixed,102,270920362,9,BOMB,BOMB,2.7612909907475114,False,False,False,True,False,False,False
final_ruehl_mask,mixed,102,270920362,10,RIGHT,RIGHT,3.0967079801484942,False,False,False,False,False,False,False
final_ruehl_mask,mixed,102,270920362,11,UP,UP,2.9064170084893703,False,True,False,False,False,False,False
final_ruehl_mask,mixed,102,270920362,12,UP,UP,2.620540908537805,False,False,False,False,False,False,False
final_ruehl_mask,mixed,102,270920362,13,UP,UP,3.4745829179883003,False,False,False,False,False,False,False
final_ruehl_mask,mixed,102,270920362,14,DOWN,DOWN,3.412291989661753,False,False,False,False,False,False,False
final_ruehl_mask,mixed,102,270920362,15,DOWN,DOWN,3.507290966808796,False,False,False,False,False,False,False
final_ruehl_mask,mixed,102,270920362,16,DOWN,DOWN,2.676083007827401,False,False,False,False,False,False,False
final_ruehl_mask,mixed,102,270920362,17,LEFT,LEFT,3.2945419661700726,False,False,False,False,False,False,False
final_ruehl_mask,mixed,102,270920362,18,LEFT,LEFT,3.368416102603078,False,False,False,False,False,False,False
final_ruehl_mask,mixed,102,270920362,19,LEFT,LEFT,3.560875076800585,False,False,False,False,False,False,False
final_ruehl_mask,mixed,102,270920362,20,LEFT,LEFT,3.5254579270258546,False,False,False,False,False,False,False
final_ruehl_mask,mixed,102,270920362,21,BOMB,BOMB,3.0969170620664954,False,True,False,True,False,False,False
final_ruehl_mask,mixed,102,270920362,22,RIGHT,RIGHT,3.1110000563785434,False,False,False,False,False,False,False
final_ruehl_mask,mixed,102,270920362,23,RIGHT,RIGHT,3.4773750230669975,False,False,False,False,False,False,False
final_ruehl_mask,mixed,102,270920362,24,UP,UP,3.3322909148409963,False,False,False,False,False,False,False
final_ruehl_mask,mixed,102,270920362,25,WAIT,WAIT,3.5882910015061498,False,False,False,False,False,False,False
final_ruehl_mask,mixed,102,270920362,26,WAIT,WAIT,3.589959000237286,False,False,False,False,False,False,False
final_ruehl_mask,mixed,102,270920362,27,DOWN,DOWN,3.891709027811885,False,False,False,False,False,False,False
final_ruehl_mask,mixed,102,270920362,28,LEFT,LEFT,4.109415924176574,False,False,False,False,False,False,False
final_ruehl_mask,mixed,102,270920362,29,LEFT,LEFT,3.92512499820441,False,False,False,False,False,False,False
final_ruehl_mask,mixed,102,270920362,30,LEFT,LEFT,4.199916031211615,False,False,False,False,False,False,False
final_ruehl_mask,mixed,102,270920362,31,LEFT,LEFT,3.7980410270392895,False,True,False,False,False,False,True
final_ruehl_mask,mixed,102,270920362,32,BOMB,BOMB,3.4725829027593136,False,False,False,True,False,False,True
final_ruehl_mask,mixed,102,270920362,33,LEFT,LEFT,3.217665944248438,False,False,False,False,False,False,True
final_ruehl_mask,mixed,102,270920362,34,LEFT,LEFT,2.4274169700220227,False,False,False,False,False,False,True
final_ruehl_mask,mixed,102,270920362,35,LEFT,LEFT,3.5229159984737635,False,False,False,False,False,False,True
final_ruehl_mask,mixed,102,270920362,36,RIGHT,RIGHT,3.4948328975588083,False,False,False,False,False,False,True
final_ruehl_mask,mixed,103,270920363,1,RIGHT,RIGHT,2.9406669782474637,False,True,False,False,False,False,False
final_ruehl_mask,mixed,103,270920363,2,BOMB,BOMB,2.727207960560918,False,False,False,True,False,False,False
final_ruehl_mask,mixed,103,270920363,3,LEFT,LEFT,2.6757920859381557,False,False,False,False,False,False,False
final_ruehl_mask,mixed,103,270920363,4,DOWN,DOWN,2.623791922815144,False,False,False,False,False,False,False
final_ruehl_mask,mixed,103,270920363,5,WAIT,WAIT,2.747667022049427,False,False,False,False,False,False,False
final_ruehl_mask,mixed,103,270920363,6,WAIT,WAIT,2.632959047332406,False,False,False,False,False,False,False
final_ruehl_mask,mixed,103,270920363,7,WAIT,WAIT,2.8885829960927367,False,False,False,False,False,False,False
final_ruehl_mask,mixed,103,270920363,8,UP,UP,2.855165977962315,False,False,False,False,False,False,False
final_ruehl_mask,mixed,103,270920363,9,RIGHT,RIGHT,2.874832949601114,False,False,False,False,False,False,False
final_ruehl_mask,mixed,103,270920363,10,WAIT,WAIT,2.5664159329608083,False,False,False,False,False,False,False
final_ruehl_mask,mixed,103,270920363,11,WAIT,WAIT,3.1114170560613275,False,True,False,False,False,False,False
final_ruehl_mask,mixed,103,270920363,12,RIGHT,RIGHT,3.02862492389977,False,False,False,False,False,False,False
final_ruehl_mask,mixed,103,270920363,13,RIGHT,RIGHT,3.291916917078197,False,False,False,False,False,False,False
final_ruehl_mask,mixed,103,270920363,14,BOMB,BOMB,2.950416994281113,False,False,False,True,False,False,False
final_ruehl_mask,mixed,103,270920363,15,RIGHT,RIGHT,2.539290930144489,False,False,False,False,False,False,False
final_ruehl_mask,mixed,103,270920363,16,DOWN,DOWN,2.5891250697895885,False,False,False,False,False,False,False
final_ruehl_mask,mixed,103,270920363,17,WAIT,WAIT,2.8677090303972363,False,False,False,False,False,False,False
final_ruehl_mask,mixed,103,270920363,18,WAIT,WAIT,2.754625049419701,False,False,False,False,False,False,False
final_ruehl_mask,mixed,103,270920363,19,WAIT,WAIT,3.2598330872133374,False,False,False,False,False,False,False
final_ruehl_mask,mixed,103,270920363,20,UP,UP,3.023124998435378,False,False,False,False,False,False,False
final_ruehl_mask,mixed,103,270920363,21,RIGHT,RIGHT,3.677958040498197,False,True,False,False,False,False,False
final_ruehl_mask,mixed,103,270920363,22,RIGHT,RIGHT,3.4367090556770563,False,False,False,False,False,False,False
final_ruehl_mask,mixed,103,270920363,23,BOMB,BOMB,3.300250042229891,False,False,False,True,False,False,False
final_ruehl_mask,mixed,103,270920363,24,LEFT,LEFT,2.6778330793604255,False,False,False,False,False,False,False
final_ruehl_mask,mixed,103,270920363,25,LEFT,LEFT,2.398999989964068,False,False,False,False,False,False,False
final_ruehl_mask,mixed,103,270920363,26,DOWN,DOWN,3.576416987925768,False,False,False,False,False,False,False
final_ruehl_mask,mixed,103,270920363,27,WAIT,WAIT,2.9905829578638077,False,False,False,False,False,False,False
final_ruehl_mask,mixed,103,270920363,28,WAIT,WAIT,2.8133330633863807,False,False,False,False,False,False,False
final_ruehl_mask,mixed,103,270920363,29,UP,UP,3.37966694496572,False,False,False,False,False,False,False
final_ruehl_mask,mixed,103,270920363,30,RIGHT,RIGHT,3.67462495341897,False,False,False,False,False,False,False
final_ruehl_mask,mixed,103,270920363,31,RIGHT,RIGHT,3.6814999766647816,False,True,False,False,False,False,False
final_ruehl_mask,mixed,103,270920363,32,WAIT,WAIT,3.8913750322535634,False,False,False,False,False,False,False
final_ruehl_mask,mixed,103,270920363,33,RIGHT,RIGHT,3.8137909723445773,False,False,False,False,False,False,False
final_ruehl_mask,mixed,103,270920363,34,RIGHT,RIGHT,3.6966250045225024,False,False,False,False,False,False,False
final_ruehl_mask,mixed,103,270920363,35,BOMB,BOMB,3.2447079429402947,False,False,False,True,False,False,False
final_ruehl_mask,mixed,103,270920363,36,RIGHT,RIGHT,3.304749960079789,False,False,False,False,False,False,False
final_ruehl_mask,mixed,103,270920363,37,RIGHT,RIGHT,2.880207961425185,False,False,False,False,False,False,False
final_ruehl_mask,mixed,103,270920363,38,DOWN,DOWN,2.7788340812548995,False,False,False,False,False,False,False
final_ruehl_mask,mixed,103,270920363,39,DOWN,DOWN,2.9563340358436108,False,False,False,False,False,False,False
final_ruehl_mask,mixed,103,270920363,40,DOWN,DOWN,3.226832952350378,False,False,False,False,False,False,False
final_ruehl_mask,mixed,103,270920363,41,UP,UP,3.6293748999014497,False,True,False,False,False,False,False
final_ruehl_mask,mixed,103,270920363,42,BOMB,BOMB,4.251749953255057,False,False,False,True,False,False,False
final_ruehl_mask,mixed,103,270920363,43,UP,UP,3.8354999851435423,False,False,False,False,False,False,False
final_ruehl_mask,mixed,103,270920363,44,UP,UP,3.907333011738956,False,False,False,False,False,False,False
final_ruehl_mask,mixed,103,270920363,45,RIGHT,RIGHT,4.448207910172641,False,False,False,False,False,False,False
final_ruehl_mask,mixed,103,270920363,46,RIGHT,RIGHT,4.036083002574742,False,False,False,False,False,False,False
final_ruehl_mask,mixed,103,270920363,47,RIGHT,RIGHT,4.523291951045394,False,False,False,False,False,False,False
final_ruehl_mask,mixed,103,270920363,48,RIGHT,RIGHT,3.986082971096039,False,False,False,False,False,False,False
final_ruehl_mask,mixed,103,270920363,49,DOWN,DOWN,3.976041916757822,False,False,False,False,False,False,False
final_ruehl_mask,mixed,103,270920363,50,DOWN,DOWN,4.324666922912002,False,False,False,False,False,False,False
final_ruehl_mask,mixed,103,270920363,51,DOWN,DOWN,4.662125022150576,False,True,False,False,False,False,False
final_ruehl_mask,mixed,103,270920363,52,DOWN,DOWN,3.726833965629339,False,False,False,False,False,False,False
final_ruehl_mask,mixed,103,270920363,53,DOWN,DOWN,4.234916064888239,False,False,False,False,False,False,False
final_ruehl_mask,mixed,103,270920363,54,UP,UP,4.168999963440001,False,False,False,False,False,False,False
final_ruehl_mask,mixed,103,270920363,55,UP,UP,4.7152090119197965,False,False,False,False,False,False,False
final_ruehl_mask,mixed,103,270920363,56,WAIT,WAIT,4.705540952272713,False,False,False,False,False,False,False
final_ruehl_mask,mixed,103,270920363,57,UP,UP,4.852332989685237,False,False,False,False,False,False,False
final_ruehl_mask,mixed,103,270920363,58,LEFT,LEFT,4.6758330427110195,False,False,False,False,False,False,False
final_ruehl_mask,mixed,103,270920363,59,LEFT,LEFT,4.164792015217245,False,False,False,False,False,False,False
final_ruehl_mask,mixed,103,270920363,60,BOMB,BOMB,4.050082992762327,False,False,False,True,False,False,False
final_ruehl_mask,mixed,103,270920363,61,LEFT,LEFT,4.392875009216368,False,True,False,False,False,False,False
final_ruehl_mask,mixed,103,270920363,62,LEFT,LEFT,4.161874996498227,False,False,False,False,False,False,False
final_ruehl_mask,mixed,103,270920363,63,DOWN,DOWN,4.727249965071678,False,False,False,False,False,False,False
final_ruehl_mask,mixed,103,270920363,64,DOWN,DOWN,4.279541899450123,False,False,False,False,False,False,False
final_ruehl_mask,mixed,103,270920363,65,RIGHT,RIGHT,5.385832977481186,False,False,False,False,False,False,False
final_ruehl_mask,mixed,103,270920363,66,RIGHT,RIGHT,5.906165926717222,False,False,False,False,False,False,False
final_ruehl_mask,mixed,103,270920363,67,BOMB,BOMB,5.799541948363185,False,False,False,True,False,False,False
final_ruehl_mask,mixed,103,270920363,68,RIGHT,RIGHT,7.472208002582192,False,False,False,False,False,False,False
final_ruehl_mask,mixed,103,270920363,69,RIGHT,RIGHT,6.073499913327396,False,False,False,False,False,False,False
final_ruehl_mask,mixed,103,270920363,70,DOWN,DOWN,6.0218749567866325,False,False,False,False,False,False,False
final_ruehl_mask,mixed,103,270920363,71,DOWN,DOWN,7.130166050046682,False,True,False,False,False,False,False
final_ruehl_mask,mixed,103,270920363,72,DOWN,DOWN,13.16441607195884,False,False,False,False,False,False,False
final_ruehl_mask,mixed,103,270920363,73,DOWN,DOWN,10.124208056367934,False,False,False,False,False,False,False
final_ruehl_mask,mixed,103,270920363,74,BOMB,BOMB,5.080124945379794,False,False,False,True,False,False,False
final_ruehl_mask,mixed,103,270920363,75,DOWN,DOWN,4.703041980974376,False,False,False,False,False,False,False
final_ruehl_mask,mixed,103,270920363,76,DOWN,DOWN,9.0184579603374,False,False,False,False,False,False,False
final_ruehl_mask,mixed,103,270920363,77,LEFT,LEFT,4.091416019946337,False,False,False,False,False,False,False
final_ruehl_mask,mixed,103,270920363,78,LEFT,LEFT,4.233374958857894,False,False,False,False,False,False,False
final_ruehl_mask,mixed,103,270920363,79,RIGHT,RIGHT,4.612124990671873,False,False,False,False,False,False,False
final_ruehl_mask,mixed,103,270920363,80,RIGHT,RIGHT,3.93279199488461,False,False,False,False,False,False,False
final_ruehl_mask,mixed,103,270920363,81,WAIT,WAIT,4.61424991954118,False,True,False,False,False,False,False
final_ruehl_mask,mixed,103,270920363,82,WAIT,WAIT,3.7358339177444577,False,False,False,False,False,False,False
final_ruehl_mask,mixed,103,270920363,83,DOWN,DOWN,3.7452500546351075,False,False,False,False,False,False,False
final_ruehl_mask,mixed,103,270920363,84,DOWN,DOWN,4.452917026355863,False,False,False,False,False,False,False
final_ruehl_mask,mixed,103,270920363,85,DOWN,DOWN,4.510584054514766,False,False,False,False,False,False,False
final_ruehl_mask,mixed,103,270920363,86,BOMB,BOMB,4.130540997721255,False,False,False,True,True,False,False
final_ruehl_mask,mixed,103,270920363,87,DOWN,DOWN,3.837500000372529,False,False,False,False,False,False,False
final_ruehl_mask,mixed,103,270920363,88,LEFT,LEFT,4.058833932504058,False,False,False,False,False,False,False
final_ruehl_mask,mixed,103,270920363,89,LEFT,LEFT,3.518833895213902,False,False,False,False,False,False,False
final_ruehl_mask,mixed,103,270920363,90,RIGHT,RIGHT,3.9140830049291253,False,False,False,False,False,False,False
final_ruehl_mask,mixed,103,270920363,91,WAIT,WAIT,3.1374579994007945,False,True,False,False,False,False,False
final_ruehl_mask,mixed,103,270920363,92,RIGHT,RIGHT,3.9194170385599136,False,False,False,False,False,False,False
final_ruehl_mask,mixed,103,270920363,93,WAIT,WAIT,3.2919999212026596,False,False,False,False,False,False,False
final_ruehl_mask,mixed,103,270920363,94,WAIT,WAIT,3.0727500561624765,False,False,False,False,False,False,False
final_ruehl_mask,mixed,103,270920363,95,WAIT,WAIT,3.0909579945728183,False,False,False,False,False,False,False
final_ruehl_mask,mixed,103,270920363,96,WAIT,WAIT,3.524333005771041,False,False,False,False,False,False,False
final_ruehl_mask,mixed,103,270920363,97,UP,UP,3.964249975979328,False,False,False,False,False,False,False
final_ruehl_mask,mixed,103,270920363,98,UP,UP,4.296624916605651,False,False,False,False,False,False,False
final_ruehl_mask,mixed,103,270920363,99,UP,UP,3.9572500390931964,False,False,False,False,False,False,False
final_ruehl_mask,mixed,103,270920363,100,UP,UP,4.412916023284197,False,False,False,False,False,False,False
final_ruehl_mask,mixed,103,270920363,101,WAIT,WAIT,4.7626669984310865,False,True,False,False,False,False,False
final_ruehl_mask,mixed,103,270920363,102,WAIT,WAIT,4.2753329034894705,False,False,False,False,False,False,False
final_ruehl_mask,mixed,103,270920363,103,WAIT,WAIT,3.8712499663233757,False,False,False,False,False,False,False
final_ruehl_mask,mixed,103,270920363,104,WAIT,WAIT,3.8919170619919896,False,False,False,False,False,False,False
final_ruehl_mask,mixed,103,270920363,105,LEFT,LEFT,3.798874909989536,False,False,False,False,False,False,False
final_ruehl_mask,mixed,103,270920363,106,LEFT,LEFT,3.341333009302616,False,False,False,False,False,False,False
final_ruehl_mask,mixed,103,270920363,107,BOMB,BOMB,3.3995829289779067,False,False,False,True,False,False,False
final_ruehl_mask,mixed,103,270920363,108,LEFT,LEFT,3.7577920593321323,False,False,False,False,False,False,False
final_ruehl_mask,mixed,103,270920363,109,LEFT,LEFT,3.854624927043915,False,False,False,False,False,False,False
final_ruehl_mask,mixed,103,270920363,110,DOWN,DOWN,4.1961249662563205,False,False,False,False,False,False,False
final_ruehl_mask,mixed,103,270920363,111,DOWN,DOWN,3.7871249951422215,False,True,False,False,False,False,False
final_ruehl_mask,mixed,103,270920363,112,RIGHT,RIGHT,4.69429197255522,False,False,False,False,False,False,False
final_ruehl_mask,mixed,103,270920363,113,RIGHT,RIGHT,5.14370808377862,False,False,False,False,False,False,False
final_ruehl_mask,mixed,103,270920363,114,RIGHT,RIGHT,5.739041953347623,False,False,False,False,False,False,False
final_ruehl_mask,mixed,103,270920363,115,RIGHT,RIGHT,4.602000000886619,False,False,False,False,False,False,False
final_ruehl_mask,mixed,103,270920363,116,DOWN,DOWN,4.3155839666724205,False,False,False,False,False,False,False
final_ruehl_mask,mixed,103,270920363,117,DOWN,DOWN,4.318500054068863,False,False,False,False,False,False,False
final_ruehl_mask,mixed,103,270920363,118,LEFT,LEFT,4.028124967589974,False,False,False,False,False,False,False
final_ruehl_mask,mixed,103,270920363,119,LEFT,LEFT,4.303958034142852,False,False,False,False,False,False,False
final_ruehl_mask,mixed,103,270920363,120,UP,UP,4.099999903701246,False,False,False,False,False,False,False
final_ruehl_mask,mixed,103,270920363,121,UP,UP,4.202291020192206,False,True,False,False,False,False,False
final_ruehl_mask,mixed,103,270920363,122,LEFT,LEFT,5.309749976731837,False,False,False,False,False,False,False
final_ruehl_mask,mixed,103,270920363,123,LEFT,LEFT,3.8590000476688147,False,False,False,False,False,False,False
final_ruehl_mask,mixed,103,270920363,124,UP,UP,4.449500003829598,False,False,False,False,False,False,False
final_ruehl_mask,mixed,103,270920363,125,UP,UP,3.9046669844537973,False,False,False,False,False,False,False
final_ruehl_mask,mixed,103,270920363,126,BOMB,BOMB,4.689458059147,False,False,False,True,False,False,False
final_ruehl_mask,mixed,103,270920363,127,RIGHT,RIGHT,4.69583400990814,False,False,False,False,False,False,False
final_ruehl_mask,mixed,103,270920363,128,RIGHT,RIGHT,4.10174997523427,False,False,False,False,False,False,False
final_ruehl_mask,mixed,103,270920363,129,UP,UP,4.29562502540648,False,False,False,False,False,False,False
final_ruehl_mask,mixed,103,270920363,130,WAIT,WAIT,5.122333997860551,False,False,False,False,False,False,False
final_ruehl_mask,mixed,103,270920363,131,WAIT,WAIT,5.263124941848218,False,True,False,False,False,False,False
final_ruehl_mask,mixed,103,270920363,132,WAIT,WAIT,5.2769590402022,False,False,False,False,False,False,False
final_ruehl_mask,mixed,103,270920363,133,WAIT,WAIT,5.424457951448858,False,False,False,False,False,False,False
final_ruehl_mask,mixed,103,270920363,134,UP,UP,6.429125089198351,False,False,False,False,False,False,False
final_ruehl_mask,mixed,103,270920363,135,BOMB,BOMB,6.027500028721988,False,False,False,True,False,False,False
final_ruehl_mask,mixed,103,270920363,136,LEFT,LEFT,6.557999993674457,False,False,False,False,False,False,False
final_ruehl_mask,mixed,103,270920363,137,LEFT,LEFT,6.127582979388535,False,False,False,False,False,False,False
final_ruehl_mask,mixed,103,270920363,138,UP,UP,5.352874984964728,False,False,False,False,False,False,False
final_ruehl_mask,mixed,103,270920363,139,UP,UP,6.106583052314818,False,False,False,False,False,False,False
final_ruehl_mask,mixed,103,270920363,140,LEFT,LEFT,7.463083020411432,False,False,False,False,False,False,False
final_ruehl_mask,mixed,103,270920363,141,LEFT,LEFT,6.086374982260168,False,True,False,False,False,False,False
final_ruehl_mask,mixed,103,270920363,142,BOMB,BOMB,4.92645800113678,False,False,False,True,False,False,False
final_ruehl_mask,mixed,103,270920363,143,RIGHT,RIGHT,5.5767500307410955,False,False,False,False,False,False,False
final_ruehl_mask,mixed,103,270920363,144,RIGHT,RIGHT,5.862957914359868,False,False,False,False,False,False,False
final_ruehl_mask,mixed,103,270920363,145,UP,UP,5.868582986295223,False,False,False,False,False,False,False
final_ruehl_mask,mixed,103,270920363,146,UP,UP,5.565207917243242,False,False,False,False,False,False,False
final_ruehl_mask,mixed,103,270920363,147,RIGHT,RIGHT,8.027000003494322,False,False,False,False,False,False,False
final_ruehl_mask,mixed,103,270920363,148,RIGHT,RIGHT,7.529166992753744,False,False,False,False,False,False,False
final_ruehl_mask,mixed,103,270920363,149,RIGHT,RIGHT,7.711165933869779,False,False,False,False,False,False,False
final_ruehl_mask,mixed,103,270920363,150,RIGHT,RIGHT,7.525834022089839,False,False,False,False,False,False,False
final_ruehl_mask,mixed,103,270920363,151,DOWN,DOWN,6.569166085682809,False,True,False,False,False,False,False
final_ruehl_mask,mixed,103,270920363,152,DOWN,DOWN,8.080791914835572,False,False,False,False,False,False,False
final_ruehl_mask,mixed,103,270920363,153,WAIT,WAIT,6.828374927863479,False,False,False,False,False,False,False
final_ruehl_mask,mixed,103,270920363,154,LEFT,LEFT,6.864416063763201,False,False,False,False,False,False,False
final_ruehl_mask,mixed,103,270920363,155,LEFT,LEFT,7.040750002488494,False,False,False,False,False,False,False
final_ruehl_mask,mixed,103,270920363,156,LEFT,LEFT,6.350583047606051,False,False,False,False,False,False,False
final_ruehl_mask,mixed,103,270920363,157,LEFT,LEFT,6.279417080804706,False,False,False,False,False,False,False
final_ruehl_mask,mixed,103,270920363,158,LEFT,LEFT,6.841624970547855,False,False,False,False,False,False,False
final_ruehl_mask,mixed,103,270920363,159,LEFT,LEFT,5.9785000048577785,False,False,False,False,False,False,False
final_ruehl_mask,mixed,103,270920363,160,LEFT,LEFT,5.972958053462207,False,False,False,False,False,False,True
final_ruehl_mask,mixed,103,270920363,161,BOMB,BOMB,5.147166084498167,False,True,False,True,False,False,True
final_ruehl_mask,mixed,103,270920363,162,LEFT,LEFT,7.101417053490877,False,False,False,False,False,False,True
final_ruehl_mask,mixed,103,270920363,163,LEFT,LEFT,6.425082916393876,False,False,False,False,False,False,True
final_ruehl_mask,mixed,103,270920363,164,WAIT,WAIT,6.125416955910623,False,False,False,False,False,False,True
final_ruehl_mask,mixed,103,270920363,165,WAIT,WAIT,5.674874992109835,False,False,False,False,False,False,True
final_ruehl_mask,mixed,104,270920364,1,DOWN,DOWN,2.907874993979931,False,True,False,False,False,False,False
final_ruehl_mask,mixed,104,270920364,2,BOMB,BOMB,2.205332973971963,False,False,False,True,False,False,False
final_ruehl_mask,mixed,104,270920364,3,UP,UP,2.0598750561475754,False,False,False,False,False,False,False
final_ruehl_mask,mixed,104,270920364,4,RIGHT,RIGHT,2.8891670517623425,False,False,False,False,False,False,False
final_ruehl_mask,mixed,104,270920364,5,WAIT,WAIT,2.7063749730587006,False,False,False,False,False,False,False
final_ruehl_mask,mixed,104,270920364,6,WAIT,WAIT,3.033209010027349,False,False,False,False,False,False,False
final_ruehl_mask,mixed,104,270920364,7,WAIT,WAIT,2.755708061158657,False,False,False,False,False,False,False
final_ruehl_mask,mixed,104,270920364,8,LEFT,LEFT,2.8749590273946524,False,False,False,False,False,False,False
final_ruehl_mask,mixed,104,270920364,9,BOMB,BOMB,2.7612081030383706,False,False,False,True,False,False,False
final_ruehl_mask,mixed,104,270920364,10,DOWN,DOWN,3.142707981169224,False,False,False,False,False,False,False
final_ruehl_mask,mixed,104,270920364,11,DOWN,DOWN,3.1647079158574343,False,True,False,False,False,False,False
final_ruehl_mask,mixed,104,270920364,12,RIGHT,RIGHT,3.3793330658227205,False,False,False,False,False,False,False
final_ruehl_mask,mixed,104,270920364,13,WAIT,WAIT,3.25541605707258,False,False,False,False,False,False,False
final_ruehl_mask,mixed,104,270920364,14,WAIT,WAIT,3.1787920743227005,False,False,False,False,False,False,False
final_ruehl_mask,mixed,104,270920364,15,LEFT,LEFT,2.4870000779628754,False,False,False,False,False,False,False
final_ruehl_mask,mixed,104,270920364,16,DOWN,DOWN,4.129124921746552,False,False,False,False,False,False,False
final_ruehl_mask,mixed,104,270920364,17,BOMB,BOMB,3.3230000408366323,False,False,False,True,False,False,False
final_ruehl_mask,mixed,104,270920364,18,UP,UP,3.0933330999687314,False,False,False,False,False,False,False
final_ruehl_mask,mixed,104,270920364,19,RIGHT,RIGHT,3.8012079894542694,False,False,False,False,False,False,False
final_ruehl_mask,mixed,104,270920364,20,WAIT,WAIT,3.2407919643446803,False,False,False,False,False,False,False
final_ruehl_mask,mixed,104,270920364,21,WAIT,WAIT,3.389290999621153,False,True,False,False,False,False,False
final_ruehl_mask,mixed,104,270920364,22,WAIT,WAIT,3.5046249395236373,False,False,False,False,False,False,False
final_ruehl_mask,mixed,104,270920364,23,WAIT,WAIT,3.3462090650573373,False,False,False,False,False,False,False
final_ruehl_mask,mixed,104,270920364,24,BOMB,BOMB,3.5169579787179828,False,False,False,True,False,False,False
final_ruehl_mask,mixed,104,270920364,25,LEFT,LEFT,3.1375839607790112,False,False,False,False,False,False,False
final_ruehl_mask,mixed,104,270920364,26,DOWN,DOWN,2.6869159191846848,False,False,False,False,False,False,False
final_ruehl_mask,mixed,104,270920364,27,DOWN,DOWN,3.600416937842965,False,False,False,False,False,False,False
final_ruehl_mask,mixed,104,270920364,28,DOWN,DOWN,3.7251670146360993,False,False,False,False,False,False,False
final_ruehl_mask,mixed,104,270920364,29,DOWN,DOWN,4.260874935425818,False,False,False,False,False,False,False
final_ruehl_mask,mixed,104,270920364,30,WAIT,WAIT,3.5780828911811113,False,False,False,False,False,False,False
final_ruehl_mask,mixed,104,270920364,31,BOMB,BOMB,3.428083029575646,False,True,False,True,False,False,False
final_ruehl_mask,mixed,104,270920364,32,UP,UP,3.711416036821902,False,False,False,False,False,False,False
final_ruehl_mask,mixed,104,270920364,33,UP,UP,3.8576670922338963,False,False,False,False,False,False,False
final_ruehl_mask,mixed,104,270920364,34,RIGHT,RIGHT,6.065082969143987,False,False,False,False,False,False,False
final_ruehl_mask,mixed,104,270920364,35,RIGHT,RIGHT,5.526916938833892,False,False,False,False,False,False,False
final_ruehl_mask,mixed,104,270920364,36,WAIT,WAIT,5.584125057794154,False,False,False,False,False,False,False
final_ruehl_mask,mixed,104,270920364,37,WAIT,WAIT,8.306667092256248,False,False,False,False,False,False,False
final_ruehl_mask,mixed,104,270920364,38,BOMB,BOMB,4.234749940223992,False,False,False,True,False,False,False
final_ruehl_mask,mixed,104,270920364,39,LEFT,LEFT,5.474291974678636,False,False,False,False,False,False,False
final_ruehl_mask,mixed,104,270920364,40,LEFT,LEFT,4.007791983895004,False,False,False,False,False,False,False
final_ruehl_mask,mixed,104,270920364,41,UP,UP,3.8467919221147895,False,True,False,False,False,False,False
final_ruehl_mask,mixed,104,270920364,42,UP,UP,4.002875066362321,False,False,False,False,False,False,False
final_ruehl_mask,mixed,104,270920364,43,WAIT,WAIT,5.485709058120847,False,False,False,False,False,False,False
final_ruehl_mask,mixed,104,270920364,44,WAIT,WAIT,7.293374976143241,False,False,False,False,False,False,False
final_ruehl_mask,mixed,104,270920364,45,UP,UP,4.55375004094094,False,False,False,False,False,False,False
final_ruehl_mask,mixed,104,270920364,46,WAIT,WAIT,4.26291604526341,False,False,False,False,False,False,False
final_ruehl_mask,mixed,104,270920364,47,WAIT,WAIT,3.9807920111343265,False,False,False,False,False,False,False
final_ruehl_mask,mixed,104,270920364,48,WAIT,WAIT,4.544667084701359,False,False,False,False,False,False,False
final_ruehl_mask,mixed,104,270920364,49,WAIT,WAIT,5.593000096268952,False,False,False,False,False,False,False
final_ruehl_mask,mixed,104,270920364,50,WAIT,WAIT,4.197875037789345,False,False,False,False,False,False,False
final_ruehl_mask,mixed,104,270920364,51,WAIT,WAIT,4.60741703864187,False,True,False,False,False,False,False
final_ruehl_mask,mixed,104,270920364,52,UP,UP,4.728375002741814,False,False,False,False,False,False,False
final_ruehl_mask,mixed,104,270920364,53,WAIT,WAIT,4.267332958988845,False,False,False,False,False,False,False
final_ruehl_mask,mixed,104,270920364,54,RIGHT,RIGHT,3.5976250655949116,False,False,False,False,False,False,False
final_ruehl_mask,mixed,104,270920364,55,RIGHT,RIGHT,4.4538750080391765,False,False,False,False,False,False,False
final_ruehl_mask,mixed,104,270920364,56,DOWN,DOWN,5.076125031337142,False,False,False,False,False,False,False
final_ruehl_mask,mixed,104,270920364,57,UP,UP,4.505082964897156,False,False,False,False,False,False,False
final_ruehl_mask,mixed,104,270920364,58,RIGHT,RIGHT,4.557708976790309,False,False,False,False,False,False,True
final_ruehl_mask,mixed,104,270920364,59,BOMB,BOMB,4.734958987683058,False,False,False,True,False,False,True
final_ruehl_mask,mixed,104,270920364,60,RIGHT,RIGHT,4.274124978110194,False,False,False,False,False,False,True
final_ruehl_mask,mixed,104,270920364,61,RIGHT,RIGHT,4.290083074010909,False,False,False,False,False,False,True
final_ruehl_mask,mixed,104,270920364,62,LEFT,LEFT,3.4702919656410813,False,False,False,False,False,False,True
final_ruehl_mask,mixed,104,270920364,63,WAIT,WAIT,3.3488329499959946,False,False,False,False,False,False,True
final_ruehl_mask,mixed,105,270920365,1,UP,UP,2.5131249567493796,False,True,False,False,False,False,True
final_ruehl_mask,mixed,105,270920365,2,BOMB,BOMB,2.138999989256263,False,False,False,True,False,False,True
final_ruehl_mask,mixed,105,270920365,3,UP,UP,2.4543749168515205,False,False,False,False,False,False,True
final_ruehl_mask,mixed,105,270920365,4,WAIT,WAIT,2.037875005044043,False,False,False,False,False,False,True
final_ruehl_mask,mixed,105,270920365,5,WAIT,WAIT,2.8995840111747384,False,False,False,False,False,False,True
final_ruehl_mask,mixed,105,270920365,6,WAIT,WAIT,2.71966599393636,False,False,False,False,False,False,True
final_ruehl_mask,mixed,106,270920366,1,DOWN,DOWN,2.813749946653843,False,True,False,False,False,False,False
final_ruehl_mask,mixed,106,270920366,2,BOMB,BOMB,2.3000839864835143,False,False,False,True,False,False,False
final_ruehl_mask,mixed,106,270920366,3,UP,UP,2.180249895900488,False,False,False,False,False,False,False
final_ruehl_mask,mixed,106,270920366,4,RIGHT,RIGHT,2.8719590045511723,False,False,False,False,False,False,False
final_ruehl_mask,mixed,106,270920366,5,WAIT,WAIT,2.5672500487416983,False,False,False,False,False,False,False
final_ruehl_mask,mixed,106,270920366,6,WAIT,WAIT,3.2244169851765037,False,False,False,False,False,False,False
final_ruehl_mask,mixed,106,270920366,7,WAIT,WAIT,2.374499919824302,False,False,False,False,False,False,False
final_ruehl_mask,mixed,106,270920366,8,LEFT,LEFT,2.1055840188637376,False,False,False,False,False,False,False
final_ruehl_mask,mixed,106,270920366,9,BOMB,BOMB,3.367958008311689,False,False,False,True,False,False,False
final_ruehl_mask,mixed,106,270920366,10,DOWN,DOWN,3.173624980263412,False,False,False,False,False,False,False
final_ruehl_mask,mixed,106,270920366,11,DOWN,DOWN,3.2712500542402267,False,True,False,False,False,False,False
final_ruehl_mask,mixed,106,270920366,12,DOWN,DOWN,3.4302910789847374,False,False,False,False,False,False,False
final_ruehl_mask,mixed,106,270920366,13,DOWN,DOWN,2.402957994490862,False,False,False,False,False,False,False
final_ruehl_mask,mixed,106,270920366,14,DOWN,DOWN,3.034292021766305,False,False,False,False,False,False,False
final_ruehl_mask,mixed,106,270920366,15,WAIT,WAIT,4.277916974388063,False,False,False,False,False,False,False
final_ruehl_mask,mixed,106,270920366,16,BOMB,BOMB,3.0780830420553684,False,False,False,True,False,False,False
final_ruehl_mask,mixed,106,270920366,17,UP,UP,2.97333300113678,False,False,False,False,False,False,False
final_ruehl_mask,mixed,106,270920366,18,UP,UP,3.76641598995775,False,False,False,False,False,False,False
final_ruehl_mask,mixed,106,270920366,19,UP,UP,3.1851669773459435,False,False,False,False,False,False,False
final_ruehl_mask,mixed,106,270920366,20,UP,UP,3.2305408967658877,False,False,False,False,False,False,False
final_ruehl_mask,mixed,106,270920366,21,UP,UP,3.6292499862611294,False,True,False,False,False,False,False
final_ruehl_mask,mixed,106,270920366,22,RIGHT,RIGHT,3.4854590194299817,False,False,False,False,False,False,False
final_ruehl_mask,mixed,106,270920366,23,RIGHT,RIGHT,3.964208997786045,False,False,False,False,False,False,True
final_ruehl_mask,mixed,106,270920366,24,BOMB,BOMB,3.1168339774012566,False,False,False,True,False,False,True
final_ruehl_mask,mixed,106,270920366,25,RIGHT,RIGHT,3.1987089896574616,False,False,False,False,False,False,True
final_ruehl_mask,mixed,106,270920366,26,WAIT,WAIT,3.2554579665884376,False,False,False,False,False,False,True
final_ruehl_mask,mixed,106,270920366,27,WAIT,WAIT,3.190500079654157,False,False,False,False,False,False,True
final_ruehl_mask,mixed,106,270920366,28,WAIT,WAIT,2.7848329627886415,False,False,False,False,False,False,True
final_ruehl_mask,mixed,107,270920367,1,RIGHT,RIGHT,3.1597079942002892,False,True,False,False,False,False,True
final_ruehl_mask,mixed,107,270920367,2,BOMB,BOMB,3.1616250053048134,False,False,False,True,False,False,True
final_ruehl_mask,mixed,107,270920367,3,RIGHT,RIGHT,2.7809588937088847,False,False,False,False,False,False,True
final_ruehl_mask,mixed,107,270920367,4,WAIT,WAIT,3.3322080271318555,False,False,False,False,False,False,True
final_ruehl_mask,mixed,107,270920367,5,WAIT,WAIT,2.9541669646278024,False,False,False,False,False,False,True
final_ruehl_mask,mixed,107,270920367,6,WAIT,WAIT,2.8011659160256386,False,False,False,False,False,False,True
final_ruehl_mask,mixed,108,270920368,1,DOWN,DOWN,2.5029999669641256,False,True,False,False,False,False,False
final_ruehl_mask,mixed,108,270920368,2,BOMB,BOMB,2.0176249090582132,False,False,False,True,False,False,False
final_ruehl_mask,mixed,108,270920368,3,UP,UP,2.1691250149160624,False,False,False,False,False,False,False
final_ruehl_mask,mixed,108,270920368,4,RIGHT,RIGHT,2.128290943801403,False,False,False,False,False,False,False
final_ruehl_mask,mixed,108,270920368,5,RIGHT,RIGHT,2.147040911950171,False,False,False,False,False,False,False
final_ruehl_mask,mixed,108,270920368,6,LEFT,LEFT,2.4820410180836916,False,False,False,False,False,False,False
final_ruehl_mask,mixed,108,270920368,7,WAIT,WAIT,2.3529580794274807,False,False,False,False,False,False,False
final_ruehl_mask,mixed,108,270920368,8,LEFT,LEFT,2.2730830824002624,False,False,False,False,False,False,False
final_ruehl_mask,mixed,108,270920368,9,BOMB,BOMB,2.9779579490423203,False,False,False,True,False,False,False
final_ruehl_mask,mixed,108,270920368,10,DOWN,DOWN,2.9425000539049506,False,False,False,False,False,False,False
final_ruehl_mask,mixed,108,270920368,11,DOWN,DOWN,2.244915929622948,False,True,False,False,False,False,False
final_ruehl_mask,mixed,108,270920368,12,DOWN,DOWN,2.596332924440503,False,False,False,False,False,False,False
final_ruehl_mask,mixed,108,270920368,13,DOWN,DOWN,2.2797499550506473,False,False,False,False,False,False,False
final_ruehl_mask,mixed,108,270920368,14,RIGHT,RIGHT,3.1267080921679735,False,False,False,False,False,False,False
final_ruehl_mask,mixed,108,270920368,15,LEFT,LEFT,2.5640419917181134,False,False,False,False,False,False,False
final_ruehl_mask,mixed,108,270920368,16,UP,UP,2.295374986715615,False,False,False,False,False,False,False
final_ruehl_mask,mixed,108,270920368,17,UP,UP,2.70079099573195,False,False,False,False,False,False,False
final_ruehl_mask,mixed,108,270920368,18,UP,UP,2.2783749736845493,False,False,False,False,False,False,False
final_ruehl_mask,mixed,108,270920368,19,UP,UP,3.24749993160367,False,False,False,False,False,False,False
final_ruehl_mask,mixed,108,270920368,20,RIGHT,RIGHT,3.2320000464096665,False,False,False,False,False,False,False
final_ruehl_mask,mixed,108,270920368,21,BOMB,BOMB,3.110125078819692,False,True,False,True,False,False,False
final_ruehl_mask,mixed,108,270920368,22,LEFT,LEFT,2.927707973867655,False,False,False,False,False,False,False
final_ruehl_mask,mixed,108,270920368,23,DOWN,DOWN,2.892791060730815,False,False,False,False,False,False,False
final_ruehl_mask,mixed,108,270920368,24,DOWN,DOWN,3.2254590187221766,False,False,False,False,False,False,False
final_ruehl_mask,mixed,108,270920368,25,DOWN,DOWN,3.18250001873821,False,False,False,False,False,False,False
final_ruehl_mask,mixed,108,270920368,26,DOWN,DOWN,3.282707999460399,False,False,False,False,False,False,False
final_ruehl_mask,mixed,108,270920368,27,RIGHT,RIGHT,3.4456250723451376,False,False,False,False,False,False,False
final_ruehl_mask,mixed,108,270920368,28,BOMB,BOMB,3.4394999966025352,False,False,False,True,False,False,False
final_ruehl_mask,mixed,108,270920368,29,LEFT,LEFT,2.7091249357908964,False,False,False,False,False,False,False
final_ruehl_mask,mixed,108,270920368,30,UP,UP,3.7135420134291053,False,False,False,False,False,False,False
final_ruehl_mask,mixed,108,270920368,31,UP,UP,3.637625020928681,False,True,False,False,False,False,False
final_ruehl_mask,mixed,108,270920368,32,UP,UP,3.6195419961586595,False,False,False,False,False,False,False
final_ruehl_mask,mixed,108,270920368,33,UP,UP,3.1209589214995503,False,False,False,False,False,False,False
final_ruehl_mask,mixed,108,270920368,34,RIGHT,RIGHT,3.6211670376360416,False,False,False,False,False,False,False
final_ruehl_mask,mixed,108,270920368,35,RIGHT,RIGHT,2.9916249914094806,False,False,False,False,False,False,False
final_ruehl_mask,mixed,108,270920368,36,RIGHT,RIGHT,3.7887500366196036,False,False,False,False,False,False,False
final_ruehl_mask,mixed,108,270920368,37,RIGHT,RIGHT,3.346040961332619,False,False,False,False,False,False,False
final_ruehl_mask,mixed,108,270920368,38,LEFT,LEFT,3.2563749700784683,False,False,False,False,False,False,False
final_ruehl_mask,mixed,108,270920368,39,BOMB,BOMB,3.5159169929102063,False,False,False,True,False,False,False
final_ruehl_mask,mixed,108,270920368,40,LEFT,LEFT,3.2566250301897526,False,False,False,False,False,False,False
final_ruehl_mask,mixed,108,270920368,41,LEFT,LEFT,3.1917919404804707,False,True,False,False,False,False,False
final_ruehl_mask,mixed,108,270920368,42,LEFT,LEFT,3.210957976989448,False,False,False,False,False,False,False
final_ruehl_mask,mixed,108,270920368,43,DOWN,DOWN,3.15145798958838,False,False,False,False,False,False,False
final_ruehl_mask,mixed,108,270920368,44,DOWN,DOWN,3.0128750950098038,False,False,False,False,False,False,False
final_ruehl_mask,mixed,108,270920368,45,DOWN,DOWN,3.3104169415310025,False,False,False,False,False,False,False
final_ruehl_mask,mixed,108,270920368,46,DOWN,DOWN,3.441957989707589,False,False,False,False,False,False,False
final_ruehl_mask,mixed,108,270920368,47,RIGHT,RIGHT,4.074375028721988,False,False,False,False,False,False,False
final_ruehl_mask,mixed,108,270920368,48,RIGHT,RIGHT,3.563332953490317,False,False,False,False,False,False,False
final_ruehl_mask,mixed,108,270920368,49,LEFT,LEFT,3.711333032697439,False,False,False,False,False,False,False
final_ruehl_mask,mixed,108,270920368,50,LEFT,LEFT,3.204333013854921,False,False,False,False,False,False,False
final_ruehl_mask,mixed,108,270920368,51,DOWN,DOWN,3.7949170218780637,False,True,False,False,False,False,False
final_ruehl_mask,mixed,108,270920368,52,DOWN,DOWN,3.6570000229403377,False,False,False,False,False,False,False
final_ruehl_mask,mixed,108,270920368,53,DOWN,DOWN,3.997583989985287,False,False,False,False,False,False,False
final_ruehl_mask,mixed,108,270920368,54,DOWN,DOWN,3.998124971985817,False,False,False,False,False,False,False
final_ruehl_mask,mixed,108,270920368,55,DOWN,DOWN,4.213667009025812,False,False,False,False,False,False,False
final_ruehl_mask,mixed,108,270920368,56,DOWN,DOWN,3.4779999405145645,False,False,False,False,False,False,False
final_ruehl_mask,mixed,108,270920368,57,DOWN,DOWN,4.316958016715944,False,False,False,False,False,False,False
final_ruehl_mask,mixed,108,270920368,58,DOWN,DOWN,3.609042032621801,False,False,False,False,False,False,False
final_ruehl_mask,mixed,108,270920368,59,DOWN,DOWN,3.3767499262467027,False,False,False,False,False,False,False
final_ruehl_mask,mixed,108,270920368,60,BOMB,BOMB,4.777500056661665,False,False,False,True,True,False,False
final_ruehl_mask,mixed,108,270920368,61,DOWN,DOWN,4.092458984814584,False,True,False,False,False,False,False
final_ruehl_mask,mixed,108,270920368,62,RIGHT,RIGHT,4.0339999832212925,False,False,False,False,False,False,False
final_ruehl_mask,mixed,108,270920368,63,RIGHT,RIGHT,4.1716661071404815,False,False,False,False,False,False,False
final_ruehl_mask,mixed,108,270920368,64,RIGHT,RIGHT,4.102292004972696,False,False,False,False,False,False,False
final_ruehl_mask,mixed,108,270920368,65,RIGHT,RIGHT,4.175500012934208,False,False,False,False,False,False,False
final_ruehl_mask,mixed,108,270920368,66,RIGHT,RIGHT,4.315332975238562,False,False,False,False,False,False,False
final_ruehl_mask,mixed,108,270920368,67,RIGHT,RIGHT,4.06700000166893,False,False,False,False,False,False,False
final_ruehl_mask,mixed,108,270920368,68,LEFT,LEFT,4.0368749760091305,False,False,False,False,False,False,False
final_ruehl_mask,mixed,108,270920368,69,LEFT,LEFT,4.024875001050532,False,False,False,False,False,False,False
final_ruehl_mask,mixed,108,270920368,70,LEFT,LEFT,3.3385830465704203,False,False,False,False,False,False,False
final_ruehl_mask,mixed,108,270920368,71,LEFT,LEFT,4.595750011503696,False,True,False,False,False,False,False
final_ruehl_mask,mixed,108,270920368,72,BOMB,BOMB,3.558750031515956,False,False,False,True,False,False,False
final_ruehl_mask,mixed,108,270920368,73,LEFT,LEFT,3.374874941073358,False,False,False,False,False,False,False
final_ruehl_mask,mixed,108,270920368,74,LEFT,LEFT,3.5278330324217677,False,False,False,False,False,False,False
final_ruehl_mask,mixed,108,270920368,75,UP,UP,3.829000052064657,False,False,False,False,False,False,False
final_ruehl_mask,mixed,108,270920368,76,WAIT,WAIT,3.775874967686832,False,False,False,False,False,False,False
final_ruehl_mask,mixed,108,270920368,77,WAIT,WAIT,3.695458988659084,False,False,False,False,False,False,False
final_ruehl_mask,mixed,108,270920368,78,DOWN,DOWN,4.264125018380582,False,False,False,False,False,False,False
final_ruehl_mask,mixed,108,270920368,79,RIGHT,RIGHT,6.995375035330653,False,False,False,False,False,False,False
final_ruehl_mask,mixed,108,270920368,80,RIGHT,RIGHT,3.459957893937826,False,False,False,False,False,False,False
final_ruehl_mask,mixed,108,270920368,81,RIGHT,RIGHT,5.991208017803729,False,True,False,False,False,False,False
final_ruehl_mask,mixed,108,270920368,82,RIGHT,RIGHT,8.041457971557975,False,False,False,False,False,False,False
final_ruehl_mask,mixed,108,270920368,83,RIGHT,RIGHT,5.368000012822449,False,False,False,False,False,False,False
final_ruehl_mask,mixed,108,270920368,84,RIGHT,RIGHT,4.9313330091536045,False,False,False,False,False,False,True
final_ruehl_mask,mixed,108,270920368,85,BOMB,BOMB,5.709749995730817,False,False,False,True,False,False,True
final_ruehl_mask,mixed,108,270920368,86,RIGHT,RIGHT,4.91820799652487,False,False,False,False,False,False,True
final_ruehl_mask,mixed,108,270920368,87,RIGHT,RIGHT,18.192249932326376,False,False,False,False,False,False,True
final_ruehl_mask,mixed,108,270920368,88,LEFT,LEFT,4.266125033609569,False,False,False,False,False,False,True
final_ruehl_mask,mixed,108,270920368,89,RIGHT,RIGHT,4.99116606079042,False,False,False,False,False,False,True
final_ruehl_mask,mixed,109,270920369,1,UP,UP,2.8499590698629618,False,True,False,False,False,False,False
final_ruehl_mask,mixed,109,270920369,2,BOMB,BOMB,2.7515420224517584,False,False,False,True,False,False,False
final_ruehl_mask,mixed,109,270920369,3,DOWN,DOWN,2.829457982443273,False,False,False,False,False,False,False
final_ruehl_mask,mixed,109,270920369,4,WAIT,WAIT,2.386666019447148,False,False,False,False,False,False,False
final_ruehl_mask,mixed,109,270920369,5,RIGHT,RIGHT,2.595457946881652,False,False,False,False,False,False,False
final_ruehl_mask,mixed,109,270920369,6,WAIT,WAIT,2.6953750057145953,False,False,False,False,False,False,False
final_ruehl_mask,mixed,109,270920369,7,WAIT,WAIT,2.9946250142529607,False,False,False,False,False,False,False
final_ruehl_mask,mixed,109,270920369,8,LEFT,LEFT,2.6344170328229666,False,False,False,False,False,False,False
final_ruehl_mask,mixed,109,270920369,9,BOMB,BOMB,3.1696249498054385,False,False,False,True,False,False,False
final_ruehl_mask,mixed,109,270920369,10,UP,UP,2.958333003334701,False,False,False,False,False,False,False
final_ruehl_mask,mixed,109,270920369,11,UP,UP,3.027832950465381,False,True,False,False,False,False,False
final_ruehl_mask,mixed,109,270920369,12,UP,UP,3.1672919867560267,False,False,False,False,False,False,False
final_ruehl_mask,mixed,109,270920369,13,UP,UP,3.0644170474261045,False,False,False,False,False,False,False
final_ruehl_mask,mixed,109,270920369,14,RIGHT,RIGHT,3.2786669908091426,False,False,False,False,False,False,False
final_ruehl_mask,mixed,109,270920369,15,RIGHT,RIGHT,3.325458033941686,False,False,False,False,False,False,False
final_ruehl_mask,mixed,109,270920369,16,BOMB,BOMB,3.286750055849552,False,False,False,True,False,False,False
final_ruehl_mask,mixed,109,270920369,17,LEFT,LEFT,2.4947079364210367,False,False,False,False,False,False,False
final_ruehl_mask,mixed,109,270920369,18,LEFT,LEFT,3.301416989415884,False,False,False,False,False,False,False
final_ruehl_mask,mixed,109,270920369,19,DOWN,DOWN,2.683833008632064,False,False,False,False,False,False,False
final_ruehl_mask,mixed,109,270920369,20,WAIT,WAIT,2.6160830166190863,False,False,False,False,False,False,False
final_ruehl_mask,mixed,109,270920369,21,WAIT,WAIT,2.9791659908369184,False,True,False,False,False,False,False
final_ruehl_mask,mixed,109,270920369,22,UP,UP,3.1572090229019523,False,False,False,False,False,False,False
final_ruehl_mask,mixed,109,270920369,23,BOMB,BOMB,3.4908329835161567,False,False,False,True,False,False,False
final_ruehl_mask,mixed,109,270920369,24,RIGHT,RIGHT,3.6470419727265835,False,False,False,False,False,False,False
final_ruehl_mask,mixed,109,270920369,25,RIGHT,RIGHT,3.7097500171512365,False,False,False,False,False,False,False
final_ruehl_mask,mixed,109,270920369,26,UP,UP,3.8300419691950083,False,False,False,False,False,False,False
final_ruehl_mask,mixed,109,270920369,27,UP,UP,3.450583084486425,False,False,False,False,False,False,False
final_ruehl_mask,mixed,109,270920369,28,UP,UP,3.826749976724386,False,False,False,False,False,False,False
final_ruehl_mask,mixed,109,270920369,29,UP,UP,3.0200000619515777,False,False,False,False,False,False,True
final_ruehl_mask,mixed,109,270920369,30,BOMB,BOMB,3.4985420061275363,False,False,False,True,False,False,True
final_ruehl_mask,mixed,109,270920369,31,UP,UP,3.9318340132012963,False,True,True,False,False,False,True
final_ruehl_mask,mixed,109,270920369,32,WAIT,WAIT,2.93354201130569,False,False,False,False,False,False,True
final_ruehl_mask,mixed,109,270920369,33,WAIT,WAIT,2.722500008530915,False,False,False,False,False,False,True
final_ruehl_mask,mixed,109,270920369,34,WAIT,WAIT,2.945750020444393,False,False,False,False,False,False,True
final_ruehl_mask,mixed,110,270920370,1,UP,UP,4.436625051312149,False,True,False,False,False,False,False
final_ruehl_mask,mixed,110,270920370,2,BOMB,BOMB,3.2241669250652194,False,False,False,True,False,False,False
final_ruehl_mask,mixed,110,270920370,3,DOWN,DOWN,3.152749966830015,False,False,False,False,False,False,False
final_ruehl_mask,mixed,110,270920370,4,LEFT,LEFT,2.7265000389888883,False,False,False,False,False,False,False
final_ruehl_mask,mixed,110,270920370,5,WAIT,WAIT,2.4497919948771596,False,False,False,False,False,False,False
final_ruehl_mask,mixed,110,270920370,6,WAIT,WAIT,2.1277499618008733,False,False,False,False,False,False,False
final_ruehl_mask,mixed,110,270920370,7,WAIT,WAIT,2.63391702901572,False,False,False,False,False,False,False
final_ruehl_mask,mixed,110,270920370,8,WAIT,WAIT,2.954374998807907,False,False,False,False,False,False,False
final_ruehl_mask,mixed,110,270920370,9,BOMB,BOMB,2.857666928321123,False,False,False,True,False,False,False
final_ruehl_mask,mixed,110,270920370,10,RIGHT,RIGHT,2.7608330128714442,False,False,False,False,False,False,False
final_ruehl_mask,mixed,110,270920370,11,UP,UP,2.9112499905750155,False,True,False,False,False,False,False
final_ruehl_mask,mixed,110,270920370,12,WAIT,WAIT,3.2212500227615237,False,False,False,False,False,False,False
final_ruehl_mask,mixed,110,270920370,13,WAIT,WAIT,3.543291939422488,False,False,False,False,False,False,False
final_ruehl_mask,mixed,110,270920370,14,UP,UP,2.589415991678834,False,False,False,False,False,False,False
final_ruehl_mask,mixed,110,270920370,15,WAIT,WAIT,3.7206249544396996,False,False,False,False,False,False,True
final_ruehl_mask,mixed,110,270920370,16,BOMB,BOMB,3.2187079777941108,False,False,False,True,False,False,True
final_ruehl_mask,mixed,110,270920370,17,UP,UP,3.0354999471455812,False,False,False,False,False,False,True
final_ruehl_mask,mixed,110,270920370,18,UP,UP,3.7474590353667736,False,False,False,False,False,False,True
final_ruehl_mask,mixed,110,270920370,19,DOWN,DOWN,2.558041946031153,False,False,False,False,False,False,True
final_ruehl_mask,mixed,110,270920370,20,UP,UP,2.334916964173317,False,False,False,False,False,False,True
final_ruehl_mask,mixed,111,270920371,1,DOWN,DOWN,2.6344170328229666,False,True,False,False,False,False,False
final_ruehl_mask,mixed,111,270920371,2,BOMB,BOMB,2.1929159993305802,False,False,False,True,False,False,False
final_ruehl_mask,mixed,111,270920371,3,UP,UP,2.4320000084117055,False,False,False,False,False,False,False
final_ruehl_mask,mixed,111,270920371,4,RIGHT,RIGHT,2.0656660199165344,False,False,False,False,False,False,False
final_ruehl_mask,mixed,111,270920371,5,WAIT,WAIT,2.057500067166984,False,False,False,False,False,False,False
final_ruehl_mask,mixed,111,270920371,6,WAIT,WAIT,3.0337079660966992,False,False,False,False,False,False,False
final_ruehl_mask,mixed,111,270920371,7,WAIT,WAIT,2.5398340076208115,False,False,False,False,False,False,False
final_ruehl_mask,mixed,111,270920371,8,WAIT,WAIT,2.37204204313457,False,False,False,False,False,False,False
final_ruehl_mask,mixed,111,270920371,9,BOMB,BOMB,2.788832993246615,False,False,False,True,False,False,False
final_ruehl_mask,mixed,111,270920371,10,LEFT,LEFT,3.3913339721038938,False,False,False,False,False,False,False
final_ruehl_mask,mixed,111,270920371,11,DOWN,DOWN,3.5253340611234307,False,True,False,False,False,False,False
final_ruehl_mask,mixed,111,270920371,12,DOWN,DOWN,3.6799170775339007,False,False,False,False,False,False,False
final_ruehl_mask,mixed,111,270920371,13,DOWN,DOWN,3.598332987166941,False,False,False,False,False,False,False
final_ruehl_mask,mixed,111,270920371,14,DOWN,DOWN,7.042249897494912,False,False,False,False,False,False,False
final_ruehl_mask,mixed,111,270920371,15,UP,UP,2.8095419984310865,False,False,False,False,False,False,False
final_ruehl_mask,mixed,111,270920371,16,BOMB,BOMB,2.7156249852851033,False,False,False,True,False,False,False
final_ruehl_mask,mixed,111,270920371,17,UP,UP,3.4490840043872595,False,False,False,False,False,False,False
final_ruehl_mask,mixed,111,270920371,18,WAIT,WAIT,3.640750073827803,False,False,False,False,False,False,False
final_ruehl_mask,mixed,111,270920371,19,RIGHT,RIGHT,3.5257909912616014,False,False,False,False,False,False,False
final_ruehl_mask,mixed,111,270920371,20,WAIT,WAIT,4.239832982420921,False,False,False,False,False,False,False
final_ruehl_mask,mixed,111,270920371,21,WAIT,WAIT,4.143042024224997,False,True,False,False,False,False,False
final_ruehl_mask,mixed,111,270920371,22,LEFT,LEFT,4.652417032048106,False,False,False,False,False,False,False
final_ruehl_mask,mixed,111,270920371,23,DOWN,DOWN,5.575750023126602,False,False,False,False,False,False,False
final_ruehl_mask,mixed,111,270920371,24,DOWN,DOWN,10.65908302552998,False,False,False,False,False,False,False
final_ruehl_mask,mixed,111,270920371,25,BOMB,BOMB,7.734625018201768,False,False,False,True,False,False,False
final_ruehl_mask,mixed,111,270920371,26,DOWN,DOWN,4.660415928810835,False,False,False,False,False,False,False
final_ruehl_mask,mixed,111,270920371,27,DOWN,DOWN,3.042084048502147,False,False,False,False,False,False,False
final_ruehl_mask,mixed,111,270920371,28,DOWN,DOWN,3.8546660216525197,False,False,False,False,False,False,False
final_ruehl_mask,mixed,111,270920371,29,DOWN,DOWN,3.708417061716318,False,False,False,False,False,False,False
final_ruehl_mask,mixed,111,270920371,30,DOWN,DOWN,3.7928749807178974,False,False,False,False,False,False,False
final_ruehl_mask,mixed,111,270920371,31,UP,UP,3.9389169542118907,False,True,False,False,False,False,True
final_ruehl_mask,mixed,111,270920371,32,BOMB,BOMB,3.609083010815084,False,False,False,True,False,False,True
final_ruehl_mask,mixed,111,270920371,33,DOWN,DOWN,3.31687496509403,False,False,False,False,False,False,True
final_ruehl_mask,mixed,111,270920371,34,DOWN,DOWN,2.6835419703274965,False,False,False,False,False,False,True
final_ruehl_mask,mixed,111,270920371,35,DOWN,DOWN,3.1414590775966644,False,False,False,False,False,False,True
final_ruehl_mask,mixed,111,270920371,36,UP,UP,3.2594590447843075,False,False,False,False,False,False,True
final_ruehl_mask,mixed,112,270920372,1,UP,UP,2.7794999768957496,False,True,False,False,False,False,False
final_ruehl_mask,mixed,112,270920372,2,BOMB,BOMB,2.0374999148771167,False,False,False,True,False,False,False
final_ruehl_mask,mixed,112,270920372,3,DOWN,DOWN,2.9750410467386246,False,False,False,False,False,False,False
final_ruehl_mask,mixed,112,270920372,4,LEFT,LEFT,2.9000419890508056,False,False,False,False,False,False,False
final_ruehl_mask,mixed,112,270920372,5,WAIT,WAIT,2.959250006824732,False,False,False,False,False,False,False
final_ruehl_mask,mixed,112,270920372,6,WAIT,WAIT,3.1246249563992023,False,False,False,False,False,False,False
final_ruehl_mask,mixed,112,270920372,7,WAIT,WAIT,2.304916037246585,False,False,False,False,False,False,False
final_ruehl_mask,mixed,112,270920372,8,RIGHT,RIGHT,2.103416947647929,False,False,False,False,False,False,False
final_ruehl_mask,mixed,112,270920372,9,BOMB,BOMB,3.083874937146902,False,False,False,True,False,False,False
final_ruehl_mask,mixed,112,270920372,10,UP,UP,2.881875028833747,False,False,False,False,False,False,False
final_ruehl_mask,mixed,112,270920372,11,UP,UP,3.069999977014959,False,True,False,False,False,False,False
final_ruehl_mask,mixed,112,270920372,12,UP,UP,3.218958037905395,False,False,False,False,False,False,False
final_ruehl_mask,mixed,112,270920372,13,UP,UP,2.916584024205804,False,False,False,False,False,False,False
final_ruehl_mask,mixed,112,270920372,14,LEFT,LEFT,3.2144159777089953,False,False,False,False,False,False,False
final_ruehl_mask,mixed,112,270920372,15,LEFT,LEFT,3.110166057012975,False,False,False,False,False,False,True
final_ruehl_mask,mixed,112,270920372,16,BOMB,BOMB,3.0564579647034407,False,False,False,True,False,False,True
final_ruehl_mask,mixed,112,270920372,17,DOWN,DOWN,2.5902080815285444,False,False,False,False,False,False,True
final_ruehl_mask,mixed,112,270920372,18,WAIT,WAIT,2.8279999969527125,False,False,False,False,False,False,True
final_ruehl_mask,mixed,112,270920372,19,WAIT,WAIT,3.155166981741786,False,False,False,False,False,False,True
final_ruehl_mask,mixed,112,270920372,20,WAIT,WAIT,3.4626669948920608,False,False,False,False,False,False,True
final_ruehl_mask,mixed,113,270920373,1,LEFT,LEFT,2.995291957631707,False,True,False,False,False,False,True
final_ruehl_mask,mixed,113,270920373,2,BOMB,BOMB,2.728917053900659,False,False,False,True,False,False,True
final_ruehl_mask,mixed,113,270920373,3,LEFT,LEFT,2.761000068858266,False,False,False,False,False,False,True
final_ruehl_mask,mixed,113,270920373,4,WAIT,WAIT,2.6557500241324306,False,False,False,False,False,False,True
final_ruehl_mask,mixed,113,270920373,5,WAIT,WAIT,2.6701659662649035,False,False,False,False,False,False,True
final_ruehl_mask,mixed,113,270920373,6,WAIT,WAIT,2.24604201503098,False,False,False,False,False,False,True
final_ruehl_mask,mixed,114,270920374,1,DOWN,DOWN,2.4245830718427896,False,True,False,False,False,False,False
final_ruehl_mask,mixed,114,270920374,2,BOMB,BOMB,1.9727919716387987,False,False,False,True,False,False,False
final_ruehl_mask,mixed,114,270920374,3,UP,UP,2.6542500127106905,False,False,False,False,False,False,False
final_ruehl_mask,mixed,114,270920374,4,LEFT,LEFT,2.7576660504564643,False,False,False,False,False,False,False
final_ruehl_mask,mixed,114,270920374,5,WAIT,WAIT,2.9786659870296717,False,False,False,False,False,False,False
final_ruehl_mask,mixed,114,270920374,6,WAIT,WAIT,2.6940000243484974,False,False,False,False,False,False,False
final_ruehl_mask,mixed,114,270920374,7,WAIT,WAIT,2.541708992794156,False,False,False,False,False,False,False
final_ruehl_mask,mixed,114,270920374,8,WAIT,WAIT,2.971749985590577,False,False,False,False,False,False,False
final_ruehl_mask,mixed,114,270920374,9,BOMB,BOMB,2.8692500200122595,False,False,False,True,False,False,False
final_ruehl_mask,mixed,114,270920374,10,RIGHT,RIGHT,2.797124907374382,False,False,False,False,False,False,False
final_ruehl_mask,mixed,114,270920374,11,DOWN,DOWN,2.980582998134196,False,True,False,False,False,False,False
final_ruehl_mask,mixed,114,270920374,12,DOWN,DOWN,3.3355000196024776,False,False,False,False,False,False,False
final_ruehl_mask,mixed,114,270920374,13,DOWN,DOWN,3.436458995565772,False,False,False,False,False,False,False
final_ruehl_mask,mixed,114,270920374,14,DOWN,DOWN,3.432416939176619,False,False,False,False,False,False,False
final_ruehl_mask,mixed,114,270920374,15,DOWN,DOWN,3.436375060118735,False,False,False,False,False,False,False
final_ruehl_mask,mixed,114,270920374,16,BOMB,BOMB,3.191583091393113,False,False,False,True,False,False,False
final_ruehl_mask,mixed,114,270920374,17,UP,UP,3.043707925826311,False,False,False,False,False,False,False
final_ruehl_mask,mixed,114,270920374,18,UP,UP,2.815249958075583,False,False,False,False,False,False,False
final_ruehl_mask,mixed,114,270920374,19,UP,UP,2.557458938099444,False,False,False,False,False,False,False
final_ruehl_mask,mixed,114,270920374,20,LEFT,LEFT,3.374874941073358,False,False,False,False,False,False,False
final_ruehl_mask,mixed,114,270920374,21,LEFT,LEFT,3.661541035398841,False,True,False,False,False,False,False
final_ruehl_mask,mixed,114,270920374,22,RIGHT,RIGHT,3.5171250347048044,False,False,False,False,False,False,False
final_ruehl_mask,mixed,114,270920374,23,BOMB,BOMB,3.9766670670360327,False,False,False,True,False,False,False
final_ruehl_mask,mixed,114,270920374,24,RIGHT,RIGHT,2.8460409957915545,False,False,False,False,False,False,False
final_ruehl_mask,mixed,114,270920374,25,UP,UP,3.002084093168378,False,False,False,False,False,False,False
final_ruehl_mask,mixed,114,270920374,26,UP,UP,2.8692909982055426,False,False,False,False,False,False,False
final_ruehl_mask,mixed,114,270920374,27,LEFT,LEFT,2.999083953909576,False,False,False,False,False,False,False
final_ruehl_mask,mixed,114,270920374,28,LEFT,LEFT,3.1132919248193502,False,False,False,False,False,False,False
final_ruehl_mask,mixed,114,270920374,29,LEFT,LEFT,3.8375830044969916,False,False,False,False,False,False,False
final_ruehl_mask,mixed,114,270920374,30,LEFT,LEFT,3.774957964196801,False,False,False,False,False,False,False
final_ruehl_mask,mixed,114,270920374,31,BOMB,BOMB,3.63837496843189,False,True,False,True,False,False,False
final_ruehl_mask,mixed,114,270920374,32,RIGHT,RIGHT,3.653499996289611,False,False,False,False,False,False,False
final_ruehl_mask,mixed,114,270920374,33,RIGHT,RIGHT,3.6496249958872795,False,False,False,False,False,False,False
final_ruehl_mask,mixed,114,270920374,34,RIGHT,RIGHT,3.694582963362336,False,False,False,False,False,False,False
final_ruehl_mask,mixed,114,270920374,35,RIGHT,RIGHT,3.7998328916728497,False,False,False,False,False,False,False
final_ruehl_mask,mixed,114,270920374,36,DOWN,DOWN,4.340666928328574,False,False,False,False,False,False,False
final_ruehl_mask,mixed,114,270920374,37,DOWN,DOWN,4.271334037184715,False,False,False,False,False,False,False
final_ruehl_mask,mixed,114,270920374,38,DOWN,DOWN,4.014707985334098,False,False,False,False,False,False,False
final_ruehl_mask,mixed,114,270920374,39,DOWN,DOWN,3.940457943826914,False,False,False,False,False,False,False
final_ruehl_mask,mixed,114,270920374,40,DOWN,DOWN,4.295874969102442,False,False,False,False,False,False,False
final_ruehl_mask,mixed,114,270920374,41,DOWN,DOWN,4.134249989874661,False,True,False,False,False,False,False
final_ruehl_mask,mixed,114,270920374,42,DOWN,DOWN,4.214957938529551,False,False,False,False,False,False,False
final_ruehl_mask,mixed,114,270920374,43,DOWN,DOWN,3.8140410324558616,False,False,False,False,False,False,False
final_ruehl_mask,mixed,114,270920374,44,DOWN,DOWN,3.808917012065649,False,False,False,False,False,False,False
final_ruehl_mask,mixed,114,270920374,45,UP,UP,3.4121250500902534,False,False,False,False,False,False,False
final_ruehl_mask,mixed,114,270920374,46,UP,UP,3.749249968677759,False,False,False,False,False,False,False
final_ruehl_mask,mixed,114,270920374,47,UP,UP,4.40287496894598,False,False,False,False,False,False,False
final_ruehl_mask,mixed,114,270920374,48,LEFT,LEFT,5.118041066452861,False,False,False,False,False,False,False
final_ruehl_mask,mixed,114,270920374,49,BOMB,BOMB,4.365500062704086,False,False,False,True,False,False,False
final_ruehl_mask,mixed,114,270920374,50,LEFT,LEFT,4.4839580077677965,False,False,False,False,False,False,False
final_ruehl_mask,mixed,114,270920374,51,DOWN,DOWN,4.198457929305732,False,True,False,False,False,False,False
final_ruehl_mask,mixed,114,270920374,52,DOWN,DOWN,4.6417079865932465,False,False,False,False,False,False,False
final_ruehl_mask,mixed,114,270920374,53,RIGHT,RIGHT,5.277499905787408,False,False,False,False,False,False,False
final_ruehl_mask,mixed,114,270920374,54,RIGHT,RIGHT,4.9628750421106815,False,False,False,False,False,False,False
final_ruehl_mask,mixed,114,270920374,55,DOWN,DOWN,4.717250005342066,False,False,False,False,False,False,False
final_ruehl_mask,mixed,114,270920374,56,WAIT,WAIT,4.995375056751072,False,False,False,False,False,False,False
final_ruehl_mask,mixed,114,270920374,57,WAIT,WAIT,5.10254199616611,False,False,False,False,False,False,False
final_ruehl_mask,mixed,114,270920374,58,WAIT,WAIT,4.491667030379176,False,False,False,False,False,False,False
final_ruehl_mask,mixed,114,270920374,59,WAIT,WAIT,5.157624953426421,False,False,False,False,False,False,False
final_ruehl_mask,mixed,114,270920374,60,WAIT,WAIT,5.241833045147359,False,False,False,False,False,False,False
final_ruehl_mask,mixed,114,270920374,61,WAIT,WAIT,4.491457948461175,False,True,False,False,False,False,False
final_ruehl_mask,mixed,114,270920374,62,WAIT,WAIT,5.312541034072638,False,False,False,False,False,False,False
final_ruehl_mask,mixed,114,270920374,63,WAIT,WAIT,5.300416960380971,False,False,False,False,False,False,False
final_ruehl_mask,mixed,114,270920374,64,DOWN,DOWN,5.363417090848088,False,False,False,False,False,False,False
final_ruehl_mask,mixed,114,270920374,65,LEFT,LEFT,5.070832907222211,False,False,False,False,False,False,False
final_ruehl_mask,mixed,114,270920374,66,LEFT,LEFT,5.15283306594938,False,False,False,False,False,False,False
final_ruehl_mask,mixed,114,270920374,67,LEFT,LEFT,5.719500011764467,False,False,False,False,False,False,False
final_ruehl_mask,mixed,114,270920374,68,LEFT,LEFT,4.962458973750472,False,False,False,False,False,False,False
final_ruehl_mask,mixed,114,270920374,69,DOWN,DOWN,4.873499972745776,False,False,False,False,False,False,False
final_ruehl_mask,mixed,114,270920374,70,WAIT,WAIT,4.4329579686746,False,False,False,False,False,False,False
final_ruehl_mask,mixed,114,270920374,71,WAIT,WAIT,4.082457977347076,False,True,False,False,False,False,True
final_ruehl_mask,mixed,114,270920374,72,BOMB,BOMB,4.245165968313813,False,False,False,True,True,False,True
final_ruehl_mask,mixed,114,270920374,73,DOWN,DOWN,3.9737910265102983,False,False,False,False,False,False,True
final_ruehl_mask,mixed,114,270920374,74,DOWN,DOWN,3.7283330457285047,False,False,False,False,False,False,True
final_ruehl_mask,mixed,114,270920374,75,UP,UP,3.769459086470306,False,False,False,False,False,False,True
final_ruehl_mask,mixed,114,270920374,76,DOWN,DOWN,3.954957937821746,False,False,False,False,False,False,True
final_ruehl_mask,mixed,115,270920375,1,BOMB,BOMB,3.12887504696846,False,True,False,True,False,False,False
final_ruehl_mask,mixed,115,270920375,2,UP,UP,2.6214999379590154,False,False,False,False,False,False,False
final_ruehl_mask,mixed,115,270920375,3,UP,UP,2.935500000603497,False,False,False,False,False,False,False
final_ruehl_mask,mixed,115,270920375,4,RIGHT,RIGHT,2.791374921798706,False,False,False,False,False,False,False
final_ruehl_mask,mixed,115,270920375,5,WAIT,WAIT,2.9337500454857945,False,False,False,False,False,False,False
final_ruehl_mask,mixed,115,270920375,6,WAIT,WAIT,3.0339580262079835,False,False,False,False,False,False,False
final_ruehl_mask,mixed,115,270920375,7,WAIT,WAIT,5.658458918333054,False,False,False,False,False,False,False
final_ruehl_mask,mixed,115,270920375,8,BOMB,BOMB,3.1862499890848994,False,False,False,True,False,False,False
final_ruehl_mask,mixed,115,270920375,9,LEFT,LEFT,5.238458979874849,False,False,False,False,False,False,False
final_ruehl_mask,mixed,115,270920375,10,UP,UP,3.277541953139007,False,False,False,False,False,False,False
final_ruehl_mask,mixed,115,270920375,11,WAIT,WAIT,3.6226660013198853,False,True,False,False,False,False,False
final_ruehl_mask,mixed,115,270920375,12,WAIT,WAIT,4.732999950647354,False,False,False,False,False,False,False
final_ruehl_mask,mixed,115,270920375,13,WAIT,WAIT,6.254500010982156,False,False,False,False,False,False,False
final_ruehl_mask,mixed,115,270920375,14,WAIT,WAIT,9.35479102190584,False,False,False,False,False,False,False
final_ruehl_mask,mixed,115,270920375,15,BOMB,BOMB,3.1669579911977053,False,False,False,True,False,False,False
final_ruehl_mask,mixed,115,270920375,16,DOWN,DOWN,4.359500017017126,False,False,False,False,False,False,False
final_ruehl_mask,mixed,115,270920375,17,DOWN,DOWN,4.037000006064773,False,False,False,False,False,False,False
final_ruehl_mask,mixed,115,270920375,18,DOWN,DOWN,3.8017919287085533,False,False,False,False,False,False,False
final_ruehl_mask,mixed,115,270920375,19,RIGHT,RIGHT,3.6415000213310122,False,False,False,False,False,False,False
final_ruehl_mask,mixed,115,270920375,20,RIGHT,RIGHT,3.7246670108288527,False,False,False,False,False,False,False
final_ruehl_mask,mixed,115,270920375,21,RIGHT,RIGHT,4.02791693340987,False,True,False,False,False,False,False
final_ruehl_mask,mixed,115,270920375,22,BOMB,BOMB,3.6680420162156224,False,False,False,True,False,False,False
final_ruehl_mask,mixed,115,270920375,23,LEFT,LEFT,3.699790919199586,False,False,False,False,False,False,False
final_ruehl_mask,mixed,115,270920375,24,LEFT,LEFT,3.5503330873325467,False,False,False,False,False,False,False
final_ruehl_mask,mixed,115,270920375,25,LEFT,LEFT,3.010083921253681,False,False,False,False,False,False,False
final_ruehl_mask,mixed,115,270920375,26,UP,UP,2.854082966223359,False,False,False,False,False,False,False
final_ruehl_mask,mixed,115,270920375,27,UP,UP,4.400750040076673,False,False,False,False,False,False,False
final_ruehl_mask,mixed,115,270920375,28,RIGHT,RIGHT,4.764375044032931,False,False,False,False,False,False,False
final_ruehl_mask,mixed,115,270920375,29,RIGHT,RIGHT,4.585125017911196,False,False,False,False,False,False,False
final_ruehl_mask,mixed,115,270920375,30,RIGHT,RIGHT,4.8108750488609076,False,False,False,False,False,False,False
final_ruehl_mask,mixed,115,270920375,31,RIGHT,RIGHT,3.676166059449315,False,True,False,False,False,False,True
final_ruehl_mask,mixed,115,270920375,32,BOMB,BOMB,4.261250025592744,False,False,False,True,False,False,True
final_ruehl_mask,mixed,115,270920375,33,UP,UP,3.8974580820649862,False,False,False,False,False,False,True
final_ruehl_mask,mixed,115,270920375,34,UP,UP,4.276582971215248,False,False,False,False,False,False,True
final_ruehl_mask,mixed,115,270920375,35,DOWN,DOWN,4.360374994575977,False,False,False,False,False,False,True
final_ruehl_mask,mixed,115,270920375,36,UP,UP,3.954291925765574,False,False,False,False,False,False,True
final_ruehl_mask,mixed,116,270920376,1,RIGHT,RIGHT,2.920166007243097,False,True,False,False,False,False,False
final_ruehl_mask,mixed,116,270920376,2,BOMB,BOMB,3.249791916459799,False,False,False,True,False,False,False
final_ruehl_mask,mixed,116,270920376,3,LEFT,LEFT,2.76058295276016,False,False,False,False,False,False,False
final_ruehl_mask,mixed,116,270920376,4,UP,UP,2.5590829318389297,False,False,False,False,False,False,False
final_ruehl_mask,mixed,116,270920376,5,WAIT,WAIT,2.1312918979674578,False,False,False,False,False,False,False
final_ruehl_mask,mixed,116,270920376,6,WAIT,WAIT,1.9869999960064888,False,False,False,False,False,False,False
final_ruehl_mask,mixed,116,270920376,7,WAIT,WAIT,2.3801670176908374,False,False,False,False,False,False,False
final_ruehl_mask,mixed,116,270920376,8,WAIT,WAIT,2.802375005558133,False,False,False,False,False,False,False
final_ruehl_mask,mixed,116,270920376,9,BOMB,BOMB,3.247707965783775,False,False,False,True,False,False,False
final_ruehl_mask,mixed,116,270920376,10,DOWN,DOWN,2.729541971348226,False,False,False,False,False,False,False
final_ruehl_mask,mixed,116,270920376,11,RIGHT,RIGHT,2.370834001339972,False,True,False,False,False,False,False
final_ruehl_mask,mixed,116,270920376,12,RIGHT,RIGHT,2.344041015021503,False,False,False,False,False,False,False
final_ruehl_mask,mixed,116,270920376,13,RIGHT,RIGHT,2.701834077015519,False,False,False,False,False,False,False
final_ruehl_mask,mixed,116,270920376,14,RIGHT,RIGHT,2.357291989028454,False,False,False,False,False,False,False
final_ruehl_mask,mixed,116,270920376,15,WAIT,WAIT,3.0908749904483557,False,False,False,False,False,False,True
final_ruehl_mask,mixed,116,270920376,16,BOMB,BOMB,2.8513750294223428,False,False,False,True,False,False,True
final_ruehl_mask,mixed,116,270920376,17,LEFT,LEFT,2.788374898955226,False,False,False,False,False,False,True
final_ruehl_mask,mixed,116,270920376,18,LEFT,LEFT,3.017291077412665,False,False,False,False,False,False,True
final_ruehl_mask,mixed,116,270920376,19,WAIT,WAIT,2.7302500093355775,False,False,False,False,False,False,True
final_ruehl_mask,mixed,116,270920376,20,LEFT,LEFT,2.875167061574757,False,False,False,False,False,False,True
final_ruehl_mask,mixed,117,270920377,1,BOMB,BOMB,2.422583056613803,False,True,False,True,False,False,False
final_ruehl_mask,mixed,117,270920377,2,DOWN,DOWN,2.6993340579792857,False,False,False,False,False,False,False
final_ruehl_mask,mixed,117,270920377,3,DOWN,DOWN,2.595875062979758,False,False,False,False,False,False,False
final_ruehl_mask,mixed,117,270920377,4,LEFT,LEFT,2.8460000175982714,False,False,False,False,False,False,False
final_ruehl_mask,mixed,117,270920377,5,WAIT,WAIT,2.73499998729676,False,False,False,False,False,False,False
final_ruehl_mask,mixed,117,270920377,6,WAIT,WAIT,3.2257920829579234,False,False,False,False,False,False,False
final_ruehl_mask,mixed,117,270920377,7,RIGHT,RIGHT,2.666959073394537,False,False,False,False,False,False,False
final_ruehl_mask,mixed,117,270920377,8,BOMB,BOMB,3.1756249954923987,False,False,False,True,False,False,False
final_ruehl_mask,mixed,117,270920377,9,UP,UP,3.08991689234972,False,False,False,False,False,False,False
final_ruehl_mask,mixed,117,270920377,10,UP,UP,2.936749951913953,False,False,False,False,False,False,False
final_ruehl_mask,mixed,117,270920377,11,LEFT,LEFT,2.8530829586088657,False,True,False,False,False,False,False
final_ruehl_mask,mixed,117,270920377,12,LEFT,LEFT,2.546916017308831,False,False,False,False,False,False,False
final_ruehl_mask,mixed,117,270920377,13,LEFT,LEFT,3.716208040714264,False,False,False,False,False,False,False
final_ruehl_mask,mixed,117,270920377,14,RIGHT,RIGHT,3.3421249827370048,False,False,False,False,False,False,False
final_ruehl_mask,mixed,117,270920377,15,BOMB,BOMB,6.913874996826053,False,False,False,True,False,False,False
final_ruehl_mask,mixed,117,270920377,16,RIGHT,RIGHT,4.074042080901563,False,False,False,False,False,False,False
final_ruehl_mask,mixed,117,270920377,17,RIGHT,RIGHT,3.3616250148043036,False,False,False,False,False,False,False
final_ruehl_mask,mixed,117,270920377,18,DOWN,DOWN,2.6265839114785194,False,False,False,False,False,False,False
final_ruehl_mask,mixed,117,270920377,19,DOWN,DOWN,3.999916953034699,False,False,False,False,False,False,False
final_ruehl_mask,mixed,117,270920377,20,DOWN,DOWN,4.467708058655262,False,False,False,False,False,False,False
final_ruehl_mask,mixed,117,270920377,21,DOWN,DOWN,4.817042034119368,False,True,False,False,False,False,True
final_ruehl_mask,mixed,117,270920377,22,BOMB,BOMB,3.6953750532120466,False,False,False,True,False,False,True
final_ruehl_mask,mixed,117,270920377,23,DOWN,DOWN,4.237208981066942,False,False,False,False,False,False,True
final_ruehl_mask,mixed,117,270920377,24,WAIT,WAIT,3.6487500183284283,False,False,False,False,False,False,True
final_ruehl_mask,mixed,117,270920377,25,WAIT,WAIT,3.430583979934454,False,False,False,False,False,False,True
final_ruehl_mask,mixed,117,270920377,26,WAIT,WAIT,3.605124889872968,False,False,False,False,False,False,True
final_ruehl_mask,mixed,118,270920378,1,UP,UP,2.4185419315472245,False,True,False,False,False,False,False
final_ruehl_mask,mixed,118,270920378,2,BOMB,BOMB,2.771417028270662,False,False,False,True,False,False,False
final_ruehl_mask,mixed,118,270920378,3,DOWN,DOWN,2.2502499632537365,False,False,False,False,False,False,False
final_ruehl_mask,mixed,118,270920378,4,LEFT,LEFT,2.1934169344604015,False,False,False,False,False,False,False
final_ruehl_mask,mixed,118,270920378,5,WAIT,WAIT,2.4214580189436674,False,False,False,False,False,False,False
final_ruehl_mask,mixed,118,270920378,6,WAIT,WAIT,2.0545830484479666,False,False,False,False,False,False,False
final_ruehl_mask,mixed,118,270920378,7,WAIT,WAIT,2.130166976712644,False,False,False,False,False,False,False
final_ruehl_mask,mixed,118,270920378,8,WAIT,WAIT,2.0089169265702367,False,False,False,False,False,False,False
final_ruehl_mask,mixed,118,270920378,9,BOMB,BOMB,2.1682080114260316,False,False,False,True,False,False,False
final_ruehl_mask,mixed,118,270920378,10,RIGHT,RIGHT,3.003957914188504,False,False,False,False,False,False,False
final_ruehl_mask,mixed,118,270920378,11,UP,UP,2.252165926620364,False,True,False,False,False,False,False
final_ruehl_mask,mixed,118,270920378,12,UP,UP,2.6816249592229724,False,False,False,False,False,False,False
final_ruehl_mask,mixed,118,270920378,13,UP,UP,3.4730829065665603,False,False,False,False,False,False,False
final_ruehl_mask,mixed,118,270920378,14,UP,UP,3.057874972000718,False,False,False,False,False,False,False
final_ruehl_mask,mixed,118,270920378,15,WAIT,WAIT,3.049124963581562,False,False,False,False,False,False,True
final_ruehl_mask,mixed,118,270920378,16,BOMB,BOMB,2.83258396666497,False,False,False,True,False,False,True
final_ruehl_mask,mixed,118,270920378,17,DOWN,DOWN,2.4002500576898456,False,False,False,False,False,False,True
final_ruehl_mask,mixed,118,270920378,18,DOWN,DOWN,2.3436249466612935,False,False,False,False,False,False,True
final_ruehl_mask,mixed,118,270920378,19,WAIT,WAIT,2.596625010482967,False,False,False,False,False,False,True
final_ruehl_mask,mixed,118,270920378,20,UP,UP,2.2351660300046206,False,False,False,False,False,False,True
final_ruehl_mask,mixed,119,270920379,1,DOWN,DOWN,3.63837496843189,False,True,False,False,False,False,True
final_ruehl_mask,mixed,119,270920379,2,BOMB,BOMB,3.228957997635007,False,False,False,True,False,False,True
final_ruehl_mask,mixed,119,270920379,3,DOWN,DOWN,3.1176250195130706,False,False,False,False,False,False,True
final_ruehl_mask,mixed,119,270920379,4,WAIT,WAIT,3.051250008866191,False,False,False,False,False,False,True
final_ruehl_mask,mixed,119,270920379,5,WAIT,WAIT,3.29783302731812,False,False,False,False,False,False,True
final_ruehl_mask,mixed,119,270920379,6,WAIT,WAIT,3.20824992377311,False,False,False,False,False,False,True
final_ruehl_mask,mixed,120,270920380,1,RIGHT,RIGHT,2.476082998327911,False,True,False,False,False,False,False
final_ruehl_mask,mixed,120,270920380,2,BOMB,BOMB,3.0997080029919744,False,False,False,True,False,False,False
final_ruehl_mask,mixed,120,270920380,3,LEFT,LEFT,2.745790989138186,False,False,False,False,False,False,False
final_ruehl_mask,mixed,120,270920380,4,UP,UP,2.3618749110028148,False,False,False,False,False,False,False
final_ruehl_mask,mixed,120,270920380,5,WAIT,WAIT,2.893041935749352,False,False,False,False,False,False,False
final_ruehl_mask,mixed,120,270920380,6,WAIT,WAIT,2.671375055797398,False,False,False,False,False,False,False
final_ruehl_mask,mixed,120,270920380,7,WAIT,WAIT,2.8094579465687275,False,False,False,False,False,False,False
final_ruehl_mask,mixed,120,270920380,8,WAIT,WAIT,3.327458049170673,False,False,False,False,False,False,False
final_ruehl_mask,mixed,120,270920380,9,BOMB,BOMB,2.997790928930044,False,False,False,True,False,False,False
final_ruehl_mask,mixed,120,270920380,10,DOWN,DOWN,2.417083946056664,False,False,False,False,False,False,False
final_ruehl_mask,mixed,120,270920380,11,RIGHT,RIGHT,2.273875055834651,False,True,False,False,False,False,False
final_ruehl_mask,mixed,120,270920380,12,RIGHT,RIGHT,3.221999970264733,False,False,False,False,False,False,False
final_ruehl_mask,mixed,120,270920380,13,RIGHT,RIGHT,3.3194159623235464,False,False,False,False,False,False,False
final_ruehl_mask,mixed,120,270920380,14,RIGHT,RIGHT,3.8772919215261936,False,False,False,False,False,False,False
final_ruehl_mask,mixed,120,270920380,15,WAIT,WAIT,2.4799579987302423,False,False,False,False,False,False,False
final_ruehl_mask,mixed,120,270920380,16,BOMB,BOMB,2.666749991476536,False,False,False,True,False,False,False
final_ruehl_mask,mixed,120,270920380,17,LEFT,LEFT,2.3533330531790853,False,False,False,False,False,False,False
final_ruehl_mask,mixed,120,270920380,18,LEFT,LEFT,3.191875061020255,False,False,False,False,False,False,False
final_ruehl_mask,mixed,120,270920380,19,LEFT,LEFT,2.4946669582277536,False,False,False,False,False,False,False
final_ruehl_mask,mixed,120,270920380,20,LEFT,LEFT,2.4288749555125833,False,False,False,False,False,False,False
final_ruehl_mask,mixed,120,270920380,21,UP,UP,3.683792077936232,False,True,False,False,False,False,False
final_ruehl_mask,mixed,120,270920380,22,WAIT,WAIT,2.8343750163912773,False,False,False,False,False,False,False
final_ruehl_mask,mixed,120,270920380,23,WAIT,WAIT,4.089541034772992,False,False,False,False,False,False,False
final_ruehl_mask,mixed,120,270920380,24,WAIT,WAIT,3.786458051763475,False,False,False,False,False,False,False
final_ruehl_mask,mixed,120,270920380,25,WAIT,WAIT,5.045875092037022,False,False,False,False,False,False,False
final_ruehl_mask,mixed,120,270920380,26,WAIT,WAIT,3.5842079669237137,False,False,False,False,False,False,False
final_ruehl_mask,mixed,120,270920380,27,WAIT,WAIT,3.856875002384186,False,False,False,False,False,False,False
final_ruehl_mask,mixed,120,270920380,28,WAIT,WAIT,3.7952499696984887,False,False,False,False,False,False,False
final_ruehl_mask,mixed,120,270920380,29,WAIT,WAIT,3.9272919530048966,False,False,False,False,False,False,False
final_ruehl_mask,mixed,120,270920380,30,WAIT,WAIT,7.0154169807210565,False,False,False,False,False,False,False
final_ruehl_mask,mixed,120,270920380,31,WAIT,WAIT,4.982999991625547,False,True,False,False,False,False,False
final_ruehl_mask,mixed,120,270920380,32,WAIT,WAIT,4.3062500189989805,False,False,False,False,False,False,False
final_ruehl_mask,mixed,120,270920380,33,WAIT,WAIT,6.394042051397264,False,False,False,False,False,False,False
final_ruehl_mask,mixed,120,270920380,34,WAIT,WAIT,5.068708094768226,False,False,False,False,False,False,False
final_ruehl_mask,mixed,120,270920380,35,WAIT,WAIT,5.34083298407495,False,False,False,False,False,False,False
final_ruehl_mask,mixed,120,270920380,36,WAIT,WAIT,4.448083927854896,False,False,False,False,False,False,False
final_ruehl_mask,mixed,120,270920380,37,WAIT,WAIT,5.968499928712845,False,False,False,False,False,False,False
final_ruehl_mask,mixed,120,270920380,38,WAIT,WAIT,4.2359159560874104,False,False,False,False,False,False,False
final_ruehl_mask,mixed,120,270920380,39,WAIT,WAIT,5.009541986510158,False,False,False,False,False,False,False
final_ruehl_mask,mixed,120,270920380,40,WAIT,WAIT,3.7386250915005803,False,False,False,False,False,False,False
final_ruehl_mask,mixed,120,270920380,41,WAIT,WAIT,4.84275002963841,False,True,False,False,False,False,False
final_ruehl_mask,mixed,120,270920380,42,WAIT,WAIT,4.844833980314434,False,False,False,False,False,False,False
final_ruehl_mask,mixed,120,270920380,43,WAIT,WAIT,10.925416019745171,False,False,False,False,False,False,False
final_ruehl_mask,mixed,120,270920380,44,WAIT,WAIT,8.52191704325378,False,False,False,False,False,False,False
final_ruehl_mask,mixed,120,270920380,45,WAIT,WAIT,7.177957915700972,False,False,False,False,False,False,False
final_ruehl_mask,mixed,120,270920380,46,WAIT,WAIT,4.833500017412007,False,False,False,False,False,False,False
final_ruehl_mask,mixed,120,270920380,47,WAIT,WAIT,3.991708974353969,False,False,False,False,False,False,False
final_ruehl_mask,mixed,120,270920380,48,WAIT,WAIT,6.72854098957032,False,False,False,False,False,False,False
final_ruehl_mask,mixed,120,270920380,49,WAIT,WAIT,7.135916966944933,False,False,False,False,False,False,False
final_ruehl_mask,mixed,120,270920380,50,WAIT,WAIT,6.922542001120746,False,False,False,False,False,False,False
final_ruehl_mask,mixed,120,270920380,51,UP,UP,5.1507080206647515,False,True,False,False,False,False,True
final_ruehl_mask,mixed,120,270920380,52,BOMB,BOMB,5.302250036038458,False,False,False,True,False,False,True
final_ruehl_mask,mixed,120,270920380,53,RIGHT,RIGHT,4.521375056356192,False,False,False,False,False,False,True
final_ruehl_mask,mixed,120,270920380,54,WAIT,WAIT,7.425167015753686,False,False,False,False,False,False,True
final_ruehl_mask,mixed,120,270920380,55,WAIT,WAIT,4.285916918888688,False,False,False,False,False,False,True
final_ruehl_mask,mixed,120,270920380,56,WAIT,WAIT,4.791416926309466,False,False,False,False,False,False,True
final_ruehl_mask,mixed,121,270920381,1,RIGHT,RIGHT,3.0571669340133667,False,True,False,False,False,False,False
final_ruehl_mask,mixed,121,270920381,2,BOMB,BOMB,2.154832938686013,False,False,False,True,False,False,False
final_ruehl_mask,mixed,121,270920381,3,LEFT,LEFT,3.1854170374572277,False,False,False,False,False,False,False
final_ruehl_mask,mixed,121,270920381,4,WAIT,WAIT,2.7934169629588723,False,False,False,False,False,False,False
final_ruehl_mask,mixed,121,270920381,5,UP,UP,2.2419580491259694,False,False,False,False,False,False,False
final_ruehl_mask,mixed,121,270920381,6,UP,UP,3.323832992464304,False,False,False,False,False,False,False
final_ruehl_mask,mixed,121,270920381,7,WAIT,WAIT,2.409416949376464,False,False,False,False,False,False,False
final_ruehl_mask,mixed,121,270920381,8,WAIT,WAIT,2.1186250960454345,False,False,False,False,False,False,False
final_ruehl_mask,mixed,121,270920381,9,BOMB,BOMB,2.1142499754205346,False,False,False,True,False,False,False
final_ruehl_mask,mixed,121,270920381,10,DOWN,DOWN,4.41654201131314,False,False,False,False,False,False,False
final_ruehl_mask,mixed,121,270920381,11,DOWN,DOWN,3.65874997805804,False,True,False,False,False,False,False
final_ruehl_mask,mixed,121,270920381,12,RIGHT,RIGHT,3.5870830761268735,False,False,False,False,False,False,False
final_ruehl_mask,mixed,121,270920381,13,RIGHT,RIGHT,3.922750009223819,False,False,False,False,False,False,False
final_ruehl_mask,mixed,121,270920381,14,RIGHT,RIGHT,3.7112500285729766,False,False,False,False,False,False,False
final_ruehl_mask,mixed,121,270920381,15,RIGHT,RIGHT,3.129624994471669,False,False,False,False,False,False,True
final_ruehl_mask,mixed,121,270920381,16,BOMB,BOMB,3.593208035454154,False,False,False,True,False,False,True
final_ruehl_mask,mixed,121,270920381,17,RIGHT,RIGHT,4.5132499653846025,False,False,False,False,False,False,True
final_ruehl_mask,mixed,121,270920381,18,WAIT,WAIT,3.5667920019477606,False,False,False,False,False,False,True
final_ruehl_mask,mixed,121,270920381,19,WAIT,WAIT,2.822167007252574,False,False,False,False,False,False,True
final_ruehl_mask,mixed,121,270920381,20,WAIT,WAIT,2.5262079434469342,False,False,False,False,False,False,True
final_ruehl_mask,mixed,122,270920382,1,DOWN,DOWN,3.502291045151651,False,True,False,False,False,False,False
final_ruehl_mask,mixed,122,270920382,2,BOMB,BOMB,3.611166961491108,False,False,False,True,False,False,False
final_ruehl_mask,mixed,122,270920382,3,UP,UP,3.547749947756529,False,False,False,False,False,False,False
final_ruehl_mask,mixed,122,270920382,4,RIGHT,RIGHT,3.183624939993024,False,False,False,False,False,False,False
final_ruehl_mask,mixed,122,270920382,5,WAIT,WAIT,3.127041971310973,False,False,False,False,False,False,False
final_ruehl_mask,mixed,122,270920382,6,WAIT,WAIT,4.524792078882456,False,False,False,False,False,False,False
final_ruehl_mask,mixed,122,270920382,7,WAIT,WAIT,3.672042046673596,False,False,False,False,False,False,False
final_ruehl_mask,mixed,122,270920382,8,LEFT,LEFT,3.075749962590635,False,False,False,False,False,False,False
final_ruehl_mask,mixed,122,270920382,9,DOWN,DOWN,3.4677499206736684,False,False,False,False,False,False,False
final_ruehl_mask,mixed,122,270920382,10,DOWN,DOWN,3.0946250772103667,False,False,False,False,False,False,False
final_ruehl_mask,mixed,122,270920382,11,DOWN,DOWN,4.607542068697512,False,True,False,False,False,False,False
final_ruehl_mask,mixed,122,270920382,12,DOWN,DOWN,4.058208898641169,False,False,False,False,False,False,False
final_ruehl_mask,mixed,122,270920382,13,BOMB,BOMB,4.503624979406595,False,False,False,True,False,False,False
final_ruehl_mask,mixed,122,270920382,14,UP,UP,3.0033329967409372,False,False,False,False,False,False,False
final_ruehl_mask,mixed,122,270920382,15,UP,UP,3.054416971281171,False,False,False,False,False,False,False
final_ruehl_mask,mixed,122,270920382,16,UP,UP,4.140333971008658,False,False,False,False,False,False,False
final_ruehl_mask,mixed,122,270920382,17,UP,UP,3.025042009539902,False,False,False,False,False,False,False
final_ruehl_mask,mixed,122,270920382,18,RIGHT,RIGHT,3.730375086888671,False,False,False,False,False,False,False
final_ruehl_mask,mixed,122,270920382,19,LEFT,LEFT,4.3492920231074095,False,False,False,False,False,False,False
final_ruehl_mask,mixed,122,270920382,20,DOWN,DOWN,3.954416955821216,False,False,False,False,False,False,False
final_ruehl_mask,mixed,122,270920382,21,DOWN,DOWN,4.275124985724688,False,True,False,False,False,False,False
final_ruehl_mask,mixed,122,270920382,22,DOWN,DOWN,5.541249993257225,False,False,False,False,False,False,False
final_ruehl_mask,mixed,122,270920382,23,DOWN,DOWN,9.811374940909445,False,False,False,False,False,False,False
final_ruehl_mask,mixed,122,270920382,24,RIGHT,RIGHT,16.875374945811927,False,False,False,False,False,False,False
final_ruehl_mask,mixed,122,270920382,25,RIGHT,RIGHT,28.52266700938344,False,False,False,False,False,False,False
final_ruehl_mask,mixed,122,270920382,26,RIGHT,RIGHT,8.129458059556782,False,False,False,False,False,False,False
final_ruehl_mask,mixed,122,270920382,27,BOMB,BOMB,6.503792013972998,False,False,False,True,False,False,False
final_ruehl_mask,mixed,122,270920382,28,LEFT,LEFT,8.440583012998104,False,False,False,False,False,False,False
final_ruehl_mask,mixed,122,270920382,29,LEFT,LEFT,4.994416958652437,False,False,False,False,False,False,False
final_ruehl_mask,mixed,122,270920382,30,LEFT,LEFT,7.671625004149973,False,False,False,False,False,False,False
final_ruehl_mask,mixed,122,270920382,31,DOWN,DOWN,6.285417010076344,False,True,False,False,False,False,False
final_ruehl_mask,mixed,122,270920382,32,WAIT,WAIT,83.7651250185445,False,False,False,False,False,False,False
final_ruehl_mask,mixed,122,270920382,33,DOWN,DOWN,35.67987494170666,False,False,False,False,False,False,True
final_ruehl_mask,mixed,122,270920382,34,BOMB,BOMB,14.265249948948622,False,False,False,True,False,False,True
final_ruehl_mask,mixed,122,270920382,35,RIGHT,RIGHT,11.802209075540304,False,False,False,False,False,False,True
final_ruehl_mask,mixed,122,270920382,36,WAIT,WAIT,6.465750047937036,False,False,False,False,False,False,True
final_ruehl_mask,mixed,122,270920382,37,WAIT,WAIT,12.479917029850185,False,False,False,False,False,False,True
final_ruehl_mask,mixed,122,270920382,38,WAIT,WAIT,5.287582986056805,False,False,False,False,False,False,True
final_ruehl_mask,mixed,123,270920383,1,BOMB,BOMB,5.40887494571507,False,True,False,True,False,False,False
final_ruehl_mask,mixed,123,270920383,2,LEFT,LEFT,4.7365420032292604,False,False,False,False,False,False,False
final_ruehl_mask,mixed,123,270920383,3,LEFT,LEFT,70.98237506579608,False,False,False,False,False,False,False
final_ruehl_mask,mixed,123,270920383,4,UP,UP,21.258499938994646,False,False,False,False,False,False,False
final_ruehl_mask,mixed,123,270920383,5,WAIT,WAIT,3.668084042146802,False,False,False,False,False,False,False
final_ruehl_mask,mixed,123,270920383,6,WAIT,WAIT,6.908125011250377,False,False,False,False,False,False,False
final_ruehl_mask,mixed,123,270920383,7,WAIT,WAIT,4.192958935163915,False,False,False,False,False,False,False
final_ruehl_mask,mixed,123,270920383,8,BOMB,BOMB,3.6698749754577875,False,False,False,True,False,False,False
final_ruehl_mask,mixed,123,270920383,9,DOWN,DOWN,15.208833036012948,False,False,False,False,False,False,False
final_ruehl_mask,mixed,123,270920383,10,LEFT,LEFT,4.002625006251037,False,False,False,False,False,False,False
final_ruehl_mask,mixed,123,270920383,11,WAIT,WAIT,20.640874980017543,False,True,False,False,False,False,False
final_ruehl_mask,mixed,123,270920383,12,WAIT,WAIT,6.935875047929585,False,False,False,False,False,False,False
final_ruehl_mask,mixed,123,270920383,13,WAIT,WAIT,8.17491696216166,False,False,False,False,False,False,False
final_ruehl_mask,mixed,123,270920383,14,WAIT,WAIT,6.214749999344349,False,False,False,False,False,False,False
final_ruehl_mask,mixed,123,270920383,15,BOMB,BOMB,6.539291003718972,False,False,False,True,False,False,False
final_ruehl_mask,mixed,123,270920383,16,RIGHT,RIGHT,6.470500025898218,False,False,False,False,False,False,False
final_ruehl_mask,mixed,123,270920383,17,UP,UP,4.992290982045233,False,False,False,False,False,False,False
final_ruehl_mask,mixed,123,270920383,18,UP,UP,4.797249916009605,False,False,False,False,False,False,False
final_ruehl_mask,mixed,123,270920383,19,UP,UP,4.489833023399115,False,False,False,False,False,False,False
final_ruehl_mask,mixed,123,270920383,20,UP,UP,6.386541994288564,False,False,False,False,False,False,False
final_ruehl_mask,mixed,123,270920383,21,WAIT,WAIT,4.120583995245397,False,True,False,False,False,False,False
final_ruehl_mask,mixed,123,270920383,22,BOMB,BOMB,5.067333928309381,False,False,False,True,False,False,False
final_ruehl_mask,mixed,123,270920383,23,DOWN,DOWN,4.635834018699825,False,False,False,False,False,False,False
final_ruehl_mask,mixed,123,270920383,24,DOWN,DOWN,5.925458041019738,False,False,False,False,False,False,False
final_ruehl_mask,mixed,123,270920383,25,DOWN,DOWN,6.015041028149426,False,False,False,False,False,False,False
final_ruehl_mask,mixed,123,270920383,26,DOWN,DOWN,5.895999958738685,False,False,False,False,False,False,False
final_ruehl_mask,mixed,123,270920383,27,LEFT,LEFT,6.226541008800268,False,False,False,False,False,False,False
final_ruehl_mask,mixed,123,270920383,28,LEFT,LEFT,4.176916088908911,False,False,False,False,False,False,False
final_ruehl_mask,mixed,123,270920383,29,BOMB,BOMB,5.07299997843802,False,False,False,True,False,False,False
final_ruehl_mask,mixed,123,270920383,30,LEFT,LEFT,3.9834160124883056,False,False,False,False,False,False,False
final_ruehl_mask,mixed,123,270920383,31,LEFT,LEFT,5.458790925331414,False,True,False,False,False,False,False
final_ruehl_mask,mixed,123,270920383,32,LEFT,LEFT,5.446542054414749,False,False,False,False,False,False,False
final_ruehl_mask,mixed,123,270920383,33,LEFT,LEFT,4.765417077578604,False,False,False,False,False,False,False
final_ruehl_mask,mixed,123,270920383,34,LEFT,LEFT,4.289041040465236,False,False,False,False,False,False,False
final_ruehl_mask,mixed,123,270920383,35,LEFT,LEFT,4.523749928921461,False,False,False,False,False,False,False
final_ruehl_mask,mixed,123,270920383,36,BOMB,BOMB,4.640916944481432,False,False,False,True,True,True,False
final_ruehl_mask,mixed,123,270920383,37,LEFT,LEFT,4.498208058066666,False,False,False,False,False,False,False
final_ruehl_mask,mixed,123,270920383,38,LEFT,LEFT,3.812749986536801,False,False,False,False,False,False,False
final_ruehl_mask,mixed,123,270920383,39,UP,UP,4.3365840101614594,False,False,False,False,False,False,False
final_ruehl_mask,mixed,123,270920383,40,UP,UP,2.98195902723819,False,False,False,False,False,False,False
final_ruehl_mask,mixed,123,270920383,41,UP,UP,5.765749956481159,False,True,False,False,False,False,False
final_ruehl_mask,mixed,123,270920383,42,UP,UP,5.247832974418998,False,False,False,False,False,False,False
final_ruehl_mask,mixed,123,270920383,43,BOMB,BOMB,4.726249957457185,False,False,False,True,False,False,False
final_ruehl_mask,mixed,123,270920383,44,LEFT,LEFT,3.9434999926015735,False,False,False,False,False,False,False
final_ruehl_mask,mixed,123,270920383,45,LEFT,LEFT,4.58837510086596,False,False,False,False,False,False,False
final_ruehl_mask,mixed,123,270920383,46,DOWN,DOWN,7.360207964666188,False,False,False,False,False,False,False
final_ruehl_mask,mixed,123,270920383,47,DOWN,DOWN,6.126375054009259,False,False,False,False,False,False,False
final_ruehl_mask,mixed,123,270920383,48,DOWN,DOWN,6.470500025898218,False,False,False,False,False,False,False
final_ruehl_mask,mixed,123,270920383,49,DOWN,DOWN,8.564708987250924,False,False,False,False,False,False,False
final_ruehl_mask,mixed,123,270920383,50,RIGHT,RIGHT,7.7454999554902315,False,False,False,False,False,False,False
final_ruehl_mask,mixed,123,270920383,51,RIGHT,RIGHT,5.923083052039146,False,True,False,False,False,False,False
final_ruehl_mask,mixed,123,270920383,52,RIGHT,RIGHT,9.555416996590793,False,False,False,False,False,False,False
final_ruehl_mask,mixed,123,270920383,53,RIGHT,RIGHT,21.094667026773095,False,False,False,False,False,False,False
final_ruehl_mask,mixed,123,270920383,54,RIGHT,RIGHT,27.859374997206032,False,False,False,False,False,False,False
final_ruehl_mask,mixed,123,270920383,55,RIGHT,RIGHT,6.620915955863893,False,False,False,False,False,False,True
final_ruehl_mask,mixed,123,270920383,56,BOMB,BOMB,5.362582975067198,False,False,False,True,False,False,True
final_ruehl_mask,mixed,123,270920383,57,RIGHT,RIGHT,4.486958030611277,False,False,False,False,False,False,True
final_ruehl_mask,mixed,123,270920383,58,RIGHT,RIGHT,4.732958041131496,False,False,False,False,False,False,True
final_ruehl_mask,mixed,123,270920383,59,LEFT,LEFT,4.472916945815086,False,False,False,False,False,False,True
final_ruehl_mask,mixed,123,270920383,60,RIGHT,RIGHT,4.698541946709156,False,False,False,False,False,False,True
final_ruehl_mask,mixed,124,270920384,1,LEFT,LEFT,3.6970829823985696,False,True,False,False,False,False,True
final_ruehl_mask,mixed,124,270920384,2,BOMB,BOMB,3.5868750419467688,False,False,False,True,False,False,True
final_ruehl_mask,mixed,124,270920384,3,LEFT,LEFT,2.860125037841499,False,False,False,False,False,False,True
final_ruehl_mask,mixed,124,270920384,4,WAIT,WAIT,3.0656250892207026,False,False,False,False,False,False,True
final_ruehl_mask,mixed,124,270920384,5,WAIT,WAIT,3.8332499098032713,False,False,False,False,False,False,True
final_ruehl_mask,mixed,124,270920384,6,WAIT,WAIT,2.6137499371543527,False,False,False,False,False,False,True
final_ruehl_mask,mixed,125,270920385,1,RIGHT,RIGHT,4.518500063568354,False,True,False,False,False,False,False
final_ruehl_mask,mixed,125,270920385,2,BOMB,BOMB,3.7437089486047626,False,False,False,True,False,False,False
final_ruehl_mask,mixed,125,270920385,3,LEFT,LEFT,3.7546659586951137,False,False,False,False,False,False,False
final_ruehl_mask,mixed,125,270920385,4,UP,UP,4.473665961995721,False,False,False,False,False,False,False
final_ruehl_mask,mixed,125,270920385,5,WAIT,WAIT,4.6016250271350145,False,False,False,False,False,False,False
final_ruehl_mask,mixed,125,270920385,6,WAIT,WAIT,4.267791984602809,False,False,False,False,False,False,False
final_ruehl_mask,mixed,125,270920385,7,WAIT,WAIT,5.381665891036391,False,False,False,False,False,False,False
final_ruehl_mask,mixed,125,270920385,8,WAIT,WAIT,7.213542005047202,False,False,False,False,False,False,False
final_ruehl_mask,mixed,125,270920385,9,BOMB,BOMB,12.222249992191792,False,False,False,True,False,False,False
final_ruehl_mask,mixed,125,270920385,10,DOWN,DOWN,6.726042018271983,False,False,False,False,False,False,False
final_ruehl_mask,mixed,125,270920385,11,RIGHT,RIGHT,4.728125059045851,False,True,False,False,False,False,False
final_ruehl_mask,mixed,125,270920385,12,RIGHT,RIGHT,6.053666002117097,False,False,False,False,False,False,False
final_ruehl_mask,mixed,125,270920385,13,RIGHT,RIGHT,5.178250023163855,False,False,False,False,False,False,False
final_ruehl_mask,mixed,125,270920385,14,RIGHT,RIGHT,5.654999986290932,False,False,False,False,False,False,False
final_ruehl_mask,mixed,125,270920385,15,UP,UP,5.245667067356408,False,False,False,False,False,False,False
final_ruehl_mask,mixed,125,270920385,16,BOMB,BOMB,5.12195797637105,False,False,False,True,False,False,False
final_ruehl_mask,mixed,125,270920385,17,DOWN,DOWN,5.214499891735613,False,False,False,False,False,False,False
final_ruehl_mask,mixed,125,270920385,18,RIGHT,RIGHT,4.980458994396031,False,False,False,False,False,False,False
final_ruehl_mask,mixed,125,270920385,19,WAIT,WAIT,4.820417030714452,False,False,False,False,False,False,False
final_ruehl_mask,mixed,125,270920385,20,WAIT,WAIT,4.2660830076783895,False,False,False,False,False,False,False
final_ruehl_mask,mixed,125,270920385,21,WAIT,WAIT,3.4513750579208136,False,True,False,False,False,False,False
final_ruehl_mask,mixed,125,270920385,22,WAIT,WAIT,4.487582948058844,False,False,False,False,False,False,False
final_ruehl_mask,mixed,125,270920385,23,BOMB,BOMB,3.8288329960778356,False,False,False,True,False,False,False
final_ruehl_mask,mixed,125,270920385,24,LEFT,LEFT,3.8020829670131207,False,False,False,False,False,False,False
final_ruehl_mask,mixed,125,270920385,25,UP,UP,3.7802080623805523,False,False,False,False,False,False,False
final_ruehl_mask,mixed,125,270920385,26,UP,UP,4.016458056867123,False,False,False,False,False,False,False
final_ruehl_mask,mixed,125,270920385,27,UP,UP,3.8865000242367387,False,False,False,False,False,False,False
final_ruehl_mask,mixed,125,270920385,28,UP,UP,4.63300000410527,False,False,False,False,False,False,False
final_ruehl_mask,mixed,125,270920385,29,WAIT,WAIT,4.767666920088232,False,False,False,False,False,False,False
final_ruehl_mask,mixed,125,270920385,30,BOMB,BOMB,5.603916011750698,False,False,False,True,False,False,False
final_ruehl_mask,mixed,125,270920385,31,DOWN,DOWN,4.797625006176531,False,True,False,False,False,False,False
final_ruehl_mask,mixed,125,270920385,32,DOWN,DOWN,7.266375003382564,False,False,False,False,False,False,False
final_ruehl_mask,mixed,125,270920385,33,LEFT,LEFT,5.051292013376951,False,False,False,False,False,False,False
final_ruehl_mask,mixed,125,270920385,34,LEFT,LEFT,7.6437079114839435,False,False,False,False,False,False,False
final_ruehl_mask,mixed,125,270920385,35,RIGHT,RIGHT,8.390250033698976,False,False,False,False,False,False,False
final_ruehl_mask,mixed,125,270920385,36,RIGHT,RIGHT,5.852291011251509,False,False,False,False,False,False,False
final_ruehl_mask,mixed,125,270920385,37,BOMB,BOMB,5.891624954529107,False,False,False,True,False,False,False
final_ruehl_mask,mixed,125,270920385,38,UP,UP,6.1905840411782265,False,False,False,False,False,False,False
final_ruehl_mask,mixed,125,270920385,39,UP,UP,6.524834083393216,False,False,False,False,False,False,False
final_ruehl_mask,mixed,125,270920385,40,RIGHT,RIGHT,7.479082909412682,False,False,False,False,False,False,False
final_ruehl_mask,mixed,125,270920385,41,RIGHT,RIGHT,6.764999940060079,False,True,False,False,False,False,False
final_ruehl_mask,mixed,125,270920385,42,UP,UP,6.556625012308359,False,False,False,False,False,False,False
final_ruehl_mask,mixed,125,270920385,43,DOWN,DOWN,5.3397080628201365,False,False,False,False,False,False,False
final_ruehl_mask,mixed,125,270920385,44,BOMB,BOMB,6.410834030248225,False,False,False,True,False,False,False
final_ruehl_mask,mixed,125,270920385,45,LEFT,LEFT,4.639958031475544,False,False,False,False,False,False,False
final_ruehl_mask,mixed,125,270920385,46,LEFT,LEFT,5.187790957279503,False,False,False,False,False,False,False
final_ruehl_mask,mixed,125,270920385,47,UP,UP,4.921124898828566,False,False,False,False,False,False,False
final_ruehl_mask,mixed,125,270920385,48,UP,UP,5.430917022749782,False,False,False,False,False,False,False
final_ruehl_mask,mixed,125,270920385,49,UP,UP,5.23358304053545,False,False,False,False,False,False,False
final_ruehl_mask,mixed,125,270920385,50,DOWN,DOWN,6.9937920197844505,False,False,False,False,False,False,False
final_ruehl_mask,mixed,125,270920385,51,BOMB,BOMB,6.035541999153793,False,True,False,True,False,False,False
final_ruehl_mask,mixed,125,270920385,52,DOWN,DOWN,6.106916000135243,False,False,False,False,False,False,False
final_ruehl_mask,mixed,125,270920385,53,DOWN,DOWN,9.711374994367361,False,False,False,False,False,False,False
final_ruehl_mask,mixed,125,270920385,54,RIGHT,RIGHT,7.438082946464419,False,False,False,False,False,False,False
final_ruehl_mask,mixed,125,270920385,55,RIGHT,RIGHT,8.184292004443705,False,False,False,False,False,False,False
final_ruehl_mask,mixed,125,270920385,56,WAIT,WAIT,8.986125001683831,False,False,False,False,False,False,False
final_ruehl_mask,mixed,125,270920385,57,RIGHT,RIGHT,9.185333969071507,False,False,False,False,False,False,False
final_ruehl_mask,mixed,125,270920385,58,WAIT,WAIT,6.108624977059662,False,False,False,False,False,False,False
final_ruehl_mask,mixed,125,270920385,59,RIGHT,RIGHT,5.796666024252772,False,False,False,False,False,False,False
final_ruehl_mask,mixed,125,270920385,60,BOMB,BOMB,9.239000035449862,False,False,False,True,False,False,False
final_ruehl_mask,mixed,125,270920385,61,RIGHT,RIGHT,7.5309580424800515,False,True,False,False,False,False,False
final_ruehl_mask,mixed,125,270920385,62,RIGHT,RIGHT,7.238916936330497,False,False,False,False,False,False,False
final_ruehl_mask,mixed,125,270920385,63,UP,UP,6.620250060223043,False,False,False,False,False,False,False
final_ruehl_mask,mixed,125,270920385,64,UP,UP,6.491833017207682,False,False,False,False,False,False,False
final_ruehl_mask,mixed,125,270920385,65,LEFT,LEFT,8.128541987389326,False,False,False,False,False,False,False
final_ruehl_mask,mixed,125,270920385,66,LEFT,LEFT,6.127166911028326,False,False,False,False,False,False,True
final_ruehl_mask,mixed,125,270920385,67,BOMB,BOMB,16.512917005456984,False,False,False,True,False,False,True
final_ruehl_mask,mixed,125,270920385,68,UP,UP,11.996916960924864,False,False,False,False,False,False,True
final_ruehl_mask,mixed,125,270920385,69,WAIT,WAIT,7.392709027044475,False,False,False,False,False,False,True
final_ruehl_mask,mixed,125,270920385,70,WAIT,WAIT,5.836291005834937,False,False,False,False,False,False,True
final_ruehl_mask,mixed,125,270920385,71,WAIT,WAIT,5.827957997098565,False,False,False,False,False,False,True
final_ruehl_mask,mixed,126,270920386,1,UP,UP,4.630791954696178,False,True,False,False,False,False,False
final_ruehl_mask,mixed,126,270920386,2,BOMB,BOMB,3.427624935284257,False,False,False,True,False,False,False
final_ruehl_mask,mixed,126,270920386,3,DOWN,DOWN,3.2775000436231494,False,False,False,False,False,False,False
final_ruehl_mask,mixed,126,270920386,4,LEFT,LEFT,3.705875016748905,False,False,False,False,False,False,False
final_ruehl_mask,mixed,126,270920386,5,LEFT,LEFT,4.293459001928568,False,False,False,False,False,False,False
final_ruehl_mask,mixed,126,270920386,6,WAIT,WAIT,3.7262500263750553,False,False,False,False,False,False,False
final_ruehl_mask,mixed,126,270920386,7,WAIT,WAIT,4.358667065389454,False,False,False,False,False,False,False
final_ruehl_mask,mixed,126,270920386,8,WAIT,WAIT,4.062999971210957,False,False,False,False,False,False,False
final_ruehl_mask,mixed,126,270920386,9,BOMB,BOMB,5.361166899092495,False,False,False,True,False,False,False
final_ruehl_mask,mixed,126,270920386,10,RIGHT,RIGHT,4.623875021934509,False,False,False,False,False,False,False
final_ruehl_mask,mixed,126,270920386,11,RIGHT,RIGHT,4.024541936814785,False,True,False,False,False,False,False
final_ruehl_mask,mixed,126,270920386,12,UP,UP,4.967499990016222,False,False,False,False,False,False,False
final_ruehl_mask,mixed,126,270920386,13,UP,UP,6.346583948470652,False,False,False,False,False,False,False
final_ruehl_mask,mixed,126,270920386,14,UP,UP,9.085375000722706,False,False,False,False,False,False,False
final_ruehl_mask,mixed,126,270920386,15,UP,UP,5.563208018429577,False,False,False,False,False,False,True
final_ruehl_mask,mixed,126,270920386,16,BOMB,BOMB,5.087625002488494,False,False,False,True,False,False,True
final_ruehl_mask,mixed,126,270920386,17,LEFT,LEFT,5.03204099368304,False,False,False,False,False,False,True
final_ruehl_mask,mixed,126,270920386,18,WAIT,WAIT,6.389582995325327,False,False,False,False,False,False,True
final_ruehl_mask,mixed,126,270920386,19,WAIT,WAIT,10.330707998946309,False,False,False,False,False,False,True
final_ruehl_mask,mixed,126,270920386,20,WAIT,WAIT,18.647750024683774,False,False,False,False,False,False,True
final_ruehl_mask,mixed,127,270920387,1,LEFT,LEFT,3.13408300280571,False,True,False,False,False,False,False
final_ruehl_mask,mixed,127,270920387,2,BOMB,BOMB,2.9014169704169035,False,False,False,True,False,False,False
final_ruehl_mask,mixed,127,270920387,3,RIGHT,RIGHT,2.655374933965504,False,False,False,False,False,False,False
final_ruehl_mask,mixed,127,270920387,4,DOWN,DOWN,3.565541934221983,False,False,False,False,False,False,False
final_ruehl_mask,mixed,127,270920387,5,WAIT,WAIT,2.674915944226086,False,False,False,False,False,False,False
final_ruehl_mask,mixed,127,270920387,6,WAIT,WAIT,3.280875040218234,False,False,False,False,False,False,False
final_ruehl_mask,mixed,127,270920387,7,WAIT,WAIT,3.3774160547181964,False,False,False,False,False,False,False
final_ruehl_mask,mixed,127,270920387,8,WAIT,WAIT,2.8362080920487642,False,False,False,False,False,False,False
final_ruehl_mask,mixed,127,270920387,9,BOMB,BOMB,2.3770000552758574,False,False,False,True,False,False,False
final_ruehl_mask,mixed,127,270920387,10,UP,UP,3.2087909057736397,False,False,False,False,False,False,False
final_ruehl_mask,mixed,127,270920387,11,LEFT,LEFT,2.4865000741556287,False,True,False,False,False,False,False
final_ruehl_mask,mixed,127,270920387,12,LEFT,LEFT,3.6424159770831466,False,False,False,False,False,False,False
final_ruehl_mask,mixed,127,270920387,13,LEFT,LEFT,3.709541982971132,False,False,False,False,False,False,False
final_ruehl_mask,mixed,127,270920387,14,LEFT,LEFT,3.6377920769155025,False,False,False,False,False,False,False
final_ruehl_mask,mixed,127,270920387,15,DOWN,DOWN,3.669042023830116,False,False,False,False,False,False,False
final_ruehl_mask,mixed,127,270920387,16,DOWN,DOWN,3.520707949064672,False,False,False,False,False,False,True
final_ruehl_mask,mixed,127,270920387,17,BOMB,BOMB,2.7168330270797014,False,False,False,True,False,False,True
final_ruehl_mask,mixed,127,270920387,18,DOWN,DOWN,4.059041035361588,False,False,False,False,False,False,True
final_ruehl_mask,mixed,127,270920387,19,WAIT,WAIT,3.429291071370244,False,False,False,False,False,False,True
final_ruehl_mask,mixed,127,270920387,20,WAIT,WAIT,3.269916051067412,False,False,False,False,False,False,True
final_ruehl_mask,mixed,127,270920387,21,WAIT,WAIT,3.6300410283729434,False,False,False,False,False,False,True
final_ruehl_mask,mixed,128,270920388,1,UP,UP,2.4736670311540365,False,True,False,False,False,False,False
final_ruehl_mask,mixed,128,270920388,2,BOMB,BOMB,2.1672919392585754,False,False,False,True,False,False,False
final_ruehl_mask,mixed,128,270920388,3,DOWN,DOWN,2.3983330465853214,False,False,False,False,False,False,False
final_ruehl_mask,mixed,128,270920388,4,LEFT,LEFT,3.1232080655172467,False,False,False,False,False,False,False
final_ruehl_mask,mixed,128,270920388,5,WAIT,WAIT,2.808165969327092,False,False,False,False,False,False,False
final_ruehl_mask,mixed,128,270920388,6,WAIT,WAIT,2.716875053010881,False,False,False,False,False,False,False
final_ruehl_mask,mixed,128,270920388,7,WAIT,WAIT,3.1722079729661345,False,False,False,False,False,False,False
final_ruehl_mask,mixed,128,270920388,8,LEFT,LEFT,3.153666970320046,False,False,False,False,False,False,False
final_ruehl_mask,mixed,128,270920388,9,BOMB,BOMB,2.6934590423479676,False,False,False,True,False,False,False
final_ruehl_mask,mixed,128,270920388,10,RIGHT,RIGHT,2.2067499812692404,False,False,False,False,False,False,False
final_ruehl_mask,mixed,128,270920388,11,RIGHT,RIGHT,2.6765839429572225,False,True,False,False,False,False,False
final_ruehl_mask,mixed,128,270920388,12,UP,UP,2.968583954498172,False,False,False,False,False,False,False
final_ruehl_mask,mixed,128,270920388,13,UP,UP,3.4417080460116267,False,False,False,False,False,False,False
final_ruehl_mask,mixed,128,270920388,14,UP,UP,3.4890410024672747,False,False,False,False,False,False,False
final_ruehl_mask,mixed,128,270920388,15,UP,UP,3.2762079499661922,False,False,False,False,False,False,True
final_ruehl_mask,mixed,128,270920388,16,BOMB,BOMB,3.1138750491663814,False,False,False,True,False,False,True
final_ruehl_mask,mixed,128,270920388,17,DOWN,DOWN,3.0189160024747252,False,False,False,False,False,False,True
final_ruehl_mask,mixed,128,270920388,18,WAIT,WAIT,2.983874990604818,False,False,False,False,False,False,True
final_ruehl_mask,mixed,128,270920388,19,DOWN,DOWN,3.066584002226591,False,False,False,False,False,False,True
final_ruehl_mask,mixed,128,270920388,20,DOWN,DOWN,3.177833976224065,False,False,False,False,False,False,True
final_ruehl_mask,mixed,129,270920389,1,RIGHT,RIGHT,2.7950829826295376,False,True,False,False,False,False,False
final_ruehl_mask,mixed,129,270920389,2,BOMB,BOMB,2.834332990460098,False,False,False,True,False,False,False
final_ruehl_mask,mixed,129,270920389,3,LEFT,LEFT,2.76524992659688,False,False,False,False,False,False,False
final_ruehl_mask,mixed,129,270920389,4,UP,UP,2.6672499952837825,False,False,False,False,False,False,False
final_ruehl_mask,mixed,129,270920389,5,WAIT,WAIT,2.784708049148321,False,False,False,False,False,False,False
final_ruehl_mask,mixed,129,270920389,6,WAIT,WAIT,2.149416017346084,False,False,False,False,False,False,False
final_ruehl_mask,mixed,129,270920389,7,WAIT,WAIT,2.521374961361289,False,False,False,False,False,False,False
final_ruehl_mask,mixed,129,270920389,8,WAIT,WAIT,3.0934580136090517,False,False,False,False,False,False,False
final_ruehl_mask,mixed,129,270920389,9,BOMB,BOMB,3.1574589665979147,False,False,False,True,False,False,False
final_ruehl_mask,mixed,129,270920389,10,DOWN,DOWN,2.416208037175238,False,False,False,False,False,False,False
final_ruehl_mask,mixed,129,270920389,11,RIGHT,RIGHT,3.168917028233409,False,True,False,False,False,False,False
final_ruehl_mask,mixed,129,270920389,12,RIGHT,RIGHT,3.072249935939908,False,False,False,False,False,False,False
final_ruehl_mask,mixed,129,270920389,13,RIGHT,RIGHT,3.4282089909538627,False,False,False,False,False,False,False
final_ruehl_mask,mixed,129,270920389,14,RIGHT,RIGHT,3.555040922947228,False,False,False,False,False,False,False
final_ruehl_mask,mixed,129,270920389,15,WAIT,WAIT,3.243040991947055,False,False,False,False,False,False,False
final_ruehl_mask,mixed,129,270920389,16,BOMB,BOMB,2.8096670284867287,False,False,False,True,False,False,False
final_ruehl_mask,mixed,129,270920389,17,LEFT,LEFT,2.388124936260283,False,False,False,False,False,False,False
final_ruehl_mask,mixed,129,270920389,18,LEFT,LEFT,3.2282089814543724,False,False,False,False,False,False,False
final_ruehl_mask,mixed,129,270920389,19,UP,UP,2.7669579721987247,False,False,False,False,False,False,False
final_ruehl_mask,mixed,129,270920389,20,UP,UP,2.5046670343726873,False,False,False,False,False,False,False
final_ruehl_mask,mixed,129,270920389,21,DOWN,DOWN,3.6301249638199806,False,True,False,False,False,False,False
final_ruehl_mask,mixed,129,270920389,22,DOWN,DOWN,3.4095830051228404,False,False,False,False,False,False,False
final_ruehl_mask,mixed,129,270920389,23,RIGHT,RIGHT,3.6954580573365092,False,False,False,False,False,False,False
final_ruehl_mask,mixed,129,270920389,24,RIGHT,RIGHT,3.9154590340331197,False,False,False,False,False,False,False
final_ruehl_mask,mixed,129,270920389,25,RIGHT,RIGHT,3.1136670149862766,False,False,False,False,False,False,False
final_ruehl_mask,mixed,129,270920389,26,RIGHT,RIGHT,3.6905829329043627,False,False,False,False,False,False,False
final_ruehl_mask,mixed,129,270920389,27,BOMB,BOMB,2.918791025876999,False,False,False,True,False,False,False
final_ruehl_mask,mixed,129,270920389,28,RIGHT,RIGHT,2.794375061057508,False,False,False,False,False,False,False
final_ruehl_mask,mixed,129,270920389,29,RIGHT,RIGHT,3.627584083005786,False,False,False,False,False,False,False
final_ruehl_mask,mixed,129,270920389,30,RIGHT,RIGHT,3.6729169078171253,False,False,False,False,False,False,False
final_ruehl_mask,mixed,129,270920389,31,RIGHT,RIGHT,4.236875101923943,False,True,False,False,False,False,False
final_ruehl_mask,mixed,129,270920389,32,RIGHT,RIGHT,4.0557499742135406,False,False,False,False,False,False,False
final_ruehl_mask,mixed,129,270920389,33,RIGHT,RIGHT,3.6487500183284283,False,False,False,False,False,False,False
final_ruehl_mask,mixed,129,270920389,34,RIGHT,RIGHT,3.712959005497396,False,False,False,False,False,False,False
final_ruehl_mask,mixed,129,270920389,35,RIGHT,RIGHT,4.137667012400925,False,False,False,False,False,False,False
final_ruehl_mask,mixed,129,270920389,36,WAIT,WAIT,4.116083029657602,False,False,False,False,False,False,False
final_ruehl_mask,mixed,129,270920389,37,WAIT,WAIT,3.847291925922036,False,False,False,False,False,False,False
final_ruehl_mask,mixed,129,270920389,38,WAIT,WAIT,3.6122079472988844,False,False,False,False,False,False,False
final_ruehl_mask,mixed,129,270920389,39,WAIT,WAIT,4.600499989464879,False,False,False,False,False,False,False
final_ruehl_mask,mixed,129,270920389,40,WAIT,WAIT,4.39620902761817,False,False,False,False,False,False,False
final_ruehl_mask,mixed,129,270920389,41,WAIT,WAIT,4.252000013366342,False,True,False,False,False,False,False
final_ruehl_mask,mixed,129,270920389,42,UP,UP,4.904250032268465,False,False,False,False,False,False,False
final_ruehl_mask,mixed,129,270920389,43,UP,UP,4.823791910894215,False,False,False,False,False,False,True
final_ruehl_mask,mixed,129,270920389,44,BOMB,BOMB,4.450125037692487,False,False,False,True,False,False,True
final_ruehl_mask,mixed,129,270920389,45,UP,UP,4.237959044985473,False,False,False,False,False,False,True
final_ruehl_mask,mixed,129,270920389,46,UP,UP,3.086250042542815,False,False,False,False,False,False,True
final_ruehl_mask,mixed,129,270920389,47,WAIT,WAIT,4.467125050723553,False,False,False,False,False,False,True
final_ruehl_mask,mixed,129,270920389,48,UP,UP,3.1144169624894857,False,False,False,False,False,False,True
final_ruehl_mask,mixed,130,270920390,1,BOMB,BOMB,2.979708951897919,False,True,False,True,False,False,False
final_ruehl_mask,mixed,130,270920390,2,LEFT,LEFT,2.6834579184651375,False,False,False,False,False,False,False
final_ruehl_mask,mixed,130,270920390,3,LEFT,LEFT,2.817541011609137,False,False,False,False,False,False,False
final_ruehl_mask,mixed,130,270920390,4,DOWN,DOWN,2.7275829343125224,False,False,False,False,False,False,False
final_ruehl_mask,mixed,130,270920390,5,WAIT,WAIT,2.3968329187482595,False,False,False,False,False,False,False
final_ruehl_mask,mixed,130,270920390,6,WAIT,WAIT,2.9870839789509773,False,False,False,False,False,False,False
final_ruehl_mask,mixed,130,270920390,7,WAIT,WAIT,2.895541023463011,False,False,False,False,False,False,False
final_ruehl_mask,mixed,130,270920390,8,BOMB,BOMB,2.757166977971792,False,False,False,True,False,False,False
final_ruehl_mask,mixed,130,270920390,9,UP,UP,2.7686250396072865,False,False,False,False,False,False,False
final_ruehl_mask,mixed,130,270920390,10,LEFT,LEFT,2.38491699565202,False,False,False,False,False,False,False
final_ruehl_mask,mixed,130,270920390,11,WAIT,WAIT,2.6933340122923255,False,True,False,False,False,False,False
final_ruehl_mask,mixed,130,270920390,12,WAIT,WAIT,2.8523749206215143,False,False,False,False,False,False,False
final_ruehl_mask,mixed,130,270920390,13,WAIT,WAIT,3.052292042411864,False,False,False,False,False,False,False
final_ruehl_mask,mixed,130,270920390,14,WAIT,WAIT,3.3208749955520034,False,False,False,False,False,False,False
final_ruehl_mask,mixed,130,270920390,15,BOMB,BOMB,3.145792055875063,False,False,False,True,False,False,False
final_ruehl_mask,mixed,130,270920390,16,RIGHT,RIGHT,2.8674170607700944,False,False,False,False,False,False,False
final_ruehl_mask,mixed,130,270920390,17,RIGHT,RIGHT,3.242249949835241,False,False,False,False,False,False,False
final_ruehl_mask,mixed,130,270920390,18,RIGHT,RIGHT,2.9118750244379044,False,False,False,False,False,False,False
final_ruehl_mask,mixed,130,270920390,19,DOWN,DOWN,2.9949999880045652,False,False,False,False,False,False,False
final_ruehl_mask,mixed,130,270920390,20,DOWN,DOWN,3.426124923862517,False,False,False,False,False,False,False
final_ruehl_mask,mixed,130,270920390,21,DOWN,DOWN,2.972666989080608,False,True,False,False,False,False,False
final_ruehl_mask,mixed,130,270920390,22,BOMB,BOMB,3.159541985951364,False,False,False,True,False,False,False
final_ruehl_mask,mixed,130,270920390,23,UP,UP,2.9594169463962317,False,False,False,False,False,False,False
final_ruehl_mask,mixed,130,270920390,24,UP,UP,2.5610829470679164,False,False,False,False,False,False,False
final_ruehl_mask,mixed,130,270920390,25,UP,UP,2.4655000306665897,False,False,False,False,False,False,False
final_ruehl_mask,mixed,130,270920390,26,LEFT,LEFT,3.1892500119283795,False,False,False,False,False,False,False
final_ruehl_mask,mixed,130,270920390,27,LEFT,LEFT,3.8271249504759908,False,False,False,False,False,False,False
final_ruehl_mask,mixed,130,270920390,28,LEFT,LEFT,4.10775002092123,False,False,False,False,False,False,False
final_ruehl_mask,mixed,130,270920390,29,LEFT,LEFT,3.7480000173673034,False,False,False,False,False,False,False
final_ruehl_mask,mixed,130,270920390,30,BOMB,BOMB,3.587333019822836,False,False,False,True,False,False,False
final_ruehl_mask,mixed,130,270920390,31,LEFT,LEFT,3.7179160863161087,False,True,False,False,False,False,False
final_ruehl_mask,mixed,130,270920390,32,LEFT,LEFT,4.062792053446174,False,False,False,False,False,False,False
final_ruehl_mask,mixed,130,270920390,33,LEFT,LEFT,4.093749914318323,False,False,False,False,False,False,False
final_ruehl_mask,mixed,130,270920390,34,LEFT,LEFT,4.091624985449016,False,False,False,False,False,False,False
final_ruehl_mask,mixed,130,270920390,35,LEFT,LEFT,4.723667050711811,False,False,False,False,False,False,False
final_ruehl_mask,mixed,130,270920390,36,LEFT,LEFT,4.595333011820912,False,False,False,False,False,False,False
final_ruehl_mask,mixed,130,270920390,37,LEFT,LEFT,4.668166977353394,False,False,False,False,False,False,False
final_ruehl_mask,mixed,130,270920390,38,LEFT,LEFT,3.878750023432076,False,False,False,False,False,False,False
final_ruehl_mask,mixed,130,270920390,39,BOMB,BOMB,4.083083011209965,False,False,False,True,False,False,False
final_ruehl_mask,mixed,130,270920390,40,LEFT,LEFT,3.3731659641489387,False,False,False,False,False,False,False
final_ruehl_mask,mixed,130,270920390,41,LEFT,LEFT,4.030624986626208,False,True,False,False,False,False,False
final_ruehl_mask,mixed,130,270920390,42,DOWN,DOWN,3.991749952547252,False,False,False,False,False,False,False
final_ruehl_mask,mixed,130,270920390,43,DOWN,DOWN,3.885792102664709,False,False,False,False,False,False,False
final_ruehl_mask,mixed,130,270920390,44,DOWN,DOWN,4.298166953958571,False,False,False,False,False,False,False
final_ruehl_mask,mixed,130,270920390,45,DOWN,DOWN,3.1827089842408895,False,False,False,False,False,False,False
final_ruehl_mask,mixed,130,270920390,46,RIGHT,RIGHT,4.204709082841873,False,False,False,False,False,False,True
final_ruehl_mask,mixed,130,270920390,47,BOMB,BOMB,3.4214999759569764,False,False,False,True,False,False,True
final_ruehl_mask,mixed,130,270920390,48,RIGHT,RIGHT,3.240999998524785,False,False,False,False,False,False,True
final_ruehl_mask,mixed,130,270920390,49,RIGHT,RIGHT,4.091665963642299,False,False,False,False,False,False,True
final_ruehl_mask,mixed,130,270920390,50,WAIT,WAIT,4.140167031437159,False,False,False,False,False,False,True
final_ruehl_mask,mixed,130,270920390,51,WAIT,WAIT,3.1874580308794975,False,False,False,False,False,False,True
final_ruehl_mask,mixed,131,270920391,1,BOMB,BOMB,2.9525829013437033,False,True,False,True,False,False,True
final_ruehl_mask,mixed,131,270920391,2,RIGHT,RIGHT,2.3046249989420176,False,False,False,False,False,False,True
final_ruehl_mask,mixed,131,270920391,3,RIGHT,RIGHT,2.499875030480325,False,False,False,False,False,False,True
final_ruehl_mask,mixed,131,270920391,4,WAIT,WAIT,2.940292004495859,False,False,False,False,False,False,True
final_ruehl_mask,mixed,131,270920391,5,LEFT,LEFT,3.095208085142076,False,False,False,False,False,False,True
final_ruehl_mask,mixed,132,270920392,1,DOWN,DOWN,2.404583035968244,False,True,False,False,False,False,False
final_ruehl_mask,mixed,132,270920392,2,BOMB,BOMB,2.2825830383226275,False,False,False,True,False,False,False
final_ruehl_mask,mixed,132,270920392,3,UP,UP,2.1859590196982026,False,False,False,False,False,False,False
final_ruehl_mask,mixed,132,270920392,4,RIGHT,RIGHT,2.4736670311540365,False,False,False,False,False,False,False
final_ruehl_mask,mixed,132,270920392,5,WAIT,WAIT,2.753417007625103,False,False,False,False,False,False,False
final_ruehl_mask,mixed,132,270920392,6,WAIT,WAIT,2.6355410227552056,False,False,False,False,False,False,False
final_ruehl_mask,mixed,132,270920392,7,WAIT,WAIT,2.6616250397637486,False,False,False,False,False,False,False
final_ruehl_mask,mixed,132,270920392,8,LEFT,LEFT,2.73800001014024,False,False,False,False,False,False,False
final_ruehl_mask,mixed,132,270920392,9,DOWN,DOWN,2.7955409605056047,False,False,False,False,False,False,False
final_ruehl_mask,mixed,132,270920392,10,DOWN,DOWN,3.3241250785067677,False,False,False,False,False,False,False
final_ruehl_mask,mixed,132,270920392,11,DOWN,DOWN,3.161999979056418,False,True,False,False,False,False,False
final_ruehl_mask,mixed,132,270920392,12,DOWN,DOWN,2.521333983168006,False,False,False,False,False,False,False
final_ruehl_mask,mixed,132,270920392,13,BOMB,BOMB,3.3621250186115503,False,False,False,True,False,False,False
final_ruehl_mask,mixed,132,270920392,14,UP,UP,2.951500006020069,False,False,False,False,False,False,False
final_ruehl_mask,mixed,132,270920392,15,UP,UP,3.1413750257343054,False,False,False,False,False,False,False
final_ruehl_mask,mixed,132,270920392,16,UP,UP,2.356666955165565,False,False,False,False,False,False,False
final_ruehl_mask,mixed,132,270920392,17,UP,UP,3.0207079835236073,False,False,False,False,False,False,False
final_ruehl_mask,mixed,132,270920392,18,RIGHT,RIGHT,3.2346249790862203,False,False,False,False,False,False,False
final_ruehl_mask,mixed,132,270920392,19,WAIT,WAIT,3.3903750590980053,False,False,False,False,False,False,False
final_ruehl_mask,mixed,132,270920392,20,BOMB,BOMB,3.2407919643446803,False,False,False,True,False,False,False
final_ruehl_mask,mixed,132,270920392,21,LEFT,LEFT,2.713999943807721,False,True,False,False,False,False,False
final_ruehl_mask,mixed,132,270920392,22,DOWN,DOWN,2.596208010800183,False,False,False,False,False,False,False
final_ruehl_mask,mixed,132,270920392,23,DOWN,DOWN,2.812667051330209,False,False,False,False,False,False,False
final_ruehl_mask,mixed,132,270920392,24,DOWN,DOWN,2.733957953751087,False,False,False,False,False,False,False
final_ruehl_mask,mixed,132,270920392,25,DOWN,DOWN,4.065208020620048,False,False,False,False,False,False,False
final_ruehl_mask,mixed,132,270920392,26,DOWN,DOWN,3.402667003683746,False,False,False,False,False,False,False
final_ruehl_mask,mixed,132,270920392,27,DOWN,DOWN,3.785541979596019,False,False,False,False,False,False,False
final_ruehl_mask,mixed,132,270920392,28,BOMB,BOMB,4.0677920915186405,False,False,False,True,False,False,False
final_ruehl_mask,mixed,132,270920392,29,DOWN,DOWN,3.6527500487864017,False,False,False,False,False,False,False
final_ruehl_mask,mixed,132,270920392,30,DOWN,DOWN,3.820749931037426,False,False,False,False,False,False,False
final_ruehl_mask,mixed,132,270920392,31,DOWN,DOWN,3.5446250112727284,False,True,False,False,False,False,False
final_ruehl_mask,mixed,132,270920392,32,DOWN,DOWN,3.3099170541390777,False,False,False,False,False,False,False
final_ruehl_mask,mixed,132,270920392,33,DOWN,DOWN,4.160125041380525,False,False,False,False,False,False,False
final_ruehl_mask,mixed,132,270920392,34,UP,UP,3.322709002532065,False,False,False,False,False,False,False
final_ruehl_mask,mixed,132,270920392,35,UP,UP,3.6212089471518993,False,False,False,False,False,False,False
final_ruehl_mask,mixed,132,270920392,36,UP,UP,3.6696249153465033,False,False,False,False,False,False,False
final_ruehl_mask,mixed,132,270920392,37,BOMB,BOMB,3.710250020958483,False,False,False,True,False,False,False
final_ruehl_mask,mixed,132,270920392,38,UP,UP,4.0336670354008675,False,False,False,False,False,False,False
final_ruehl_mask,mixed,132,270920392,39,UP,UP,3.2572910422459245,False,False,False,False,False,False,False
final_ruehl_mask,mixed,132,270920392,40,RIGHT,RIGHT,4.569957964122295,False,False,False,False,False,False,False
final_ruehl_mask,mixed,132,270920392,41,RIGHT,RIGHT,3.434250014834106,False,True,False,False,False,False,False
final_ruehl_mask,mixed,132,270920392,42,RIGHT,RIGHT,3.827792010270059,False,False,False,False,False,False,False
final_ruehl_mask,mixed,132,270920392,43,LEFT,LEFT,3.4987919498234987,False,False,False,False,False,False,False
final_ruehl_mask,mixed,132,270920392,44,BOMB,BOMB,4.46854205802083,False,False,False,True,False,False,False
final_ruehl_mask,mixed,132,270920392,45,LEFT,LEFT,3.836291958577931,False,False,False,False,False,False,False
final_ruehl_mask,mixed,132,270920392,46,LEFT,LEFT,4.248374956659973,False,False,False,False,False,False,False
final_ruehl_mask,mixed,132,270920392,47,UP,UP,4.355833982117474,False,False,False,False,False,False,False
final_ruehl_mask,mixed,132,270920392,48,UP,UP,4.682749975472689,False,False,False,False,False,False,False
final_ruehl_mask,mixed,132,270920392,49,RIGHT,RIGHT,4.027916002087295,False,False,False,False,False,False,False
final_ruehl_mask,mixed,132,270920392,50,RIGHT,RIGHT,4.5965410536155105,False,False,False,False,False,False,False
final_ruehl_mask,mixed,132,270920392,51,BOMB,BOMB,4.851625068113208,False,True,False,True,False,False,False
final_ruehl_mask,mixed,132,270920392,52,DOWN,DOWN,3.634416963905096,False,False,False,False,False,False,False
final_ruehl_mask,mixed,132,270920392,53,DOWN,DOWN,4.267750075086951,False,False,False,False,False,False,False
final_ruehl_mask,mixed,132,270920392,54,LEFT,LEFT,3.6442920099943876,False,False,False,False,False,False,False
final_ruehl_mask,mixed,132,270920392,55,LEFT,LEFT,4.718541982583702,False,False,False,False,False,False,False
final_ruehl_mask,mixed,132,270920392,56,WAIT,WAIT,5.735750077292323,False,False,False,False,False,False,False
final_ruehl_mask,mixed,132,270920392,57,DOWN,DOWN,5.2183750085532665,False,False,False,False,False,False,False
final_ruehl_mask,mixed,132,270920392,58,DOWN,DOWN,4.781667026691139,False,False,False,False,False,False,False
final_ruehl_mask,mixed,132,270920392,59,BOMB,BOMB,4.9377079121768475,False,False,False,True,True,False,False
final_ruehl_mask,mixed,132,270920392,60,RIGHT,RIGHT,4.372167051769793,False,False,False,False,False,False,False
final_ruehl_mask,mixed,132,270920392,61,RIGHT,RIGHT,3.783165942877531,False,True,False,False,False,False,False
final_ruehl_mask,mixed,132,270920392,62,UP,UP,3.9232500130310655,False,False,False,False,False,False,False
final_ruehl_mask,mixed,132,270920392,63,WAIT,WAIT,3.637125017121434,False,False,False,False,False,False,False
final_ruehl_mask,mixed,132,270920392,64,UP,UP,4.939042031764984,False,False,False,False,False,False,False
final_ruehl_mask,mixed,132,270920392,65,RIGHT,RIGHT,4.855541978031397,False,False,False,False,False,False,True
final_ruehl_mask,mixed,132,270920392,66,BOMB,BOMB,4.370792070403695,False,False,False,True,False,False,True
final_ruehl_mask,mixed,132,270920392,67,RIGHT,RIGHT,4.354999982751906,False,False,False,False,False,False,True
final_ruehl_mask,mixed,132,270920392,68,RIGHT,RIGHT,4.321999964304268,False,False,False,False,False,False,True
final_ruehl_mask,mixed,132,270920392,69,LEFT,LEFT,3.932290943339467,False,False,False,False,False,False,True
final_ruehl_mask,mixed,132,270920392,70,DOWN,DOWN,3.604708006605506,False,False,False,False,False,False,True
final_ruehl_mask,mixed,133,270920393,1,RIGHT,RIGHT,2.9490418964996934,False,True,False,False,False,False,False
final_ruehl_mask,mixed,133,270920393,2,BOMB,BOMB,2.5735420640558004,False,False,False,True,False,False,False
final_ruehl_mask,mixed,133,270920393,3,LEFT,LEFT,2.4867920437827706,False,False,False,False,False,False,False
final_ruehl_mask,mixed,133,270920393,4,UP,UP,2.7324160328134894,False,False,False,False,False,False,False
final_ruehl_mask,mixed,133,270920393,5,WAIT,WAIT,2.7539170114323497,False,False,False,False,False,False,False
final_ruehl_mask,mixed,133,270920393,6,WAIT,WAIT,2.4552500108256936,False,False,False,False,False,False,False
final_ruehl_mask,mixed,133,270920393,7,WAIT,WAIT,2.800000016577542,False,False,False,False,False,False,False
final_ruehl_mask,mixed,133,270920393,8,WAIT,WAIT,2.6374580338597298,False,False,False,False,False,False,False
final_ruehl_mask,mixed,133,270920393,9,BOMB,BOMB,2.7278329944238067,False,False,False,True,False,False,False
final_ruehl_mask,mixed,133,270920393,10,DOWN,DOWN,2.3580000270158052,False,False,False,False,False,False,False
final_ruehl_mask,mixed,133,270920393,11,RIGHT,RIGHT,2.98866699449718,False,True,False,False,False,False,False
final_ruehl_mask,mixed,133,270920393,12,RIGHT,RIGHT,2.9872090090066195,False,False,False,False,False,False,False
final_ruehl_mask,mixed,133,270920393,13,RIGHT,RIGHT,3.175541991367936,False,False,False,False,False,False,False
final_ruehl_mask,mixed,133,270920393,14,RIGHT,RIGHT,2.8180000372231007,False,False,False,False,False,False,False
final_ruehl_mask,mixed,133,270920393,15,WAIT,WAIT,2.3605830501765013,False,False,False,False,False,False,False
final_ruehl_mask,mixed,133,270920393,16,WAIT,WAIT,2.430416992865503,False,False,False,False,False,False,False
final_ruehl_mask,mixed,133,270920393,17,WAIT,WAIT,2.1958330180495977,False,False,False,False,False,False,False
final_ruehl_mask,mixed,133,270920393,18,WAIT,WAIT,2.4877500254660845,False,False,False,False,False,False,False
final_ruehl_mask,mixed,133,270920393,19,BOMB,BOMB,2.51845910679549,False,False,False,True,False,False,False
final_ruehl_mask,mixed,133,270920393,20,LEFT,LEFT,2.3103749845176935,False,False,False,False,False,False,False
final_ruehl_mask,mixed,133,270920393,21,LEFT,LEFT,3.194708959199488,False,True,False,False,False,False,False
final_ruehl_mask,mixed,133,270920393,22,LEFT,LEFT,5.042083910666406,False,False,False,False,False,False,False
final_ruehl_mask,mixed,133,270920393,23,LEFT,LEFT,3.8855000166222453,False,False,False,False,False,False,False
final_ruehl_mask,mixed,133,270920393,24,UP,UP,3.8919580401852727,False,False,False,False,False,False,False
final_ruehl_mask,mixed,133,270920393,25,WAIT,WAIT,3.534250077791512,False,False,False,False,False,False,False
final_ruehl_mask,mixed,133,270920393,26,WAIT,WAIT,3.153165918774903,False,False,False,False,False,False,False
final_ruehl_mask,mixed,133,270920393,27,WAIT,WAIT,2.781374962069094,False,False,False,False,False,False,False
final_ruehl_mask,mixed,133,270920393,28,WAIT,WAIT,3.5025000106543303,False,False,False,False,False,False,False
final_ruehl_mask,mixed,133,270920393,29,WAIT,WAIT,3.5935830092057586,False,False,False,False,False,False,False
final_ruehl_mask,mixed,133,270920393,30,WAIT,WAIT,3.7256249925121665,False,False,False,False,False,False,False
final_ruehl_mask,mixed,133,270920393,31,WAIT,WAIT,3.4545420203357935,False,True,False,False,False,False,False
final_ruehl_mask,mixed,133,270920393,32,WAIT,WAIT,4.255458014085889,False,False,False,False,False,False,False
final_ruehl_mask,mixed,133,270920393,33,WAIT,WAIT,3.7989580305293202,False,False,False,False,False,False,False
final_ruehl_mask,mixed,133,270920393,34,WAIT,WAIT,3.7797499680891633,False,False,False,False,False,False,False
final_ruehl_mask,mixed,133,270920393,35,WAIT,WAIT,3.6813750630244613,False,False,False,False,False,False,False
final_ruehl_mask,mixed,133,270920393,36,WAIT,WAIT,3.611750085838139,False,False,False,False,False,False,False
final_ruehl_mask,mixed,133,270920393,37,WAIT,WAIT,3.9529590867459774,False,False,False,False,False,False,False
final_ruehl_mask,mixed,133,270920393,38,WAIT,WAIT,3.8380000041797757,False,False,False,False,False,False,False
final_ruehl_mask,mixed,133,270920393,39,WAIT,WAIT,3.6959589924663305,False,False,False,False,False,False,False
final_ruehl_mask,mixed,133,270920393,40,WAIT,WAIT,3.1062919879332185,False,False,False,False,False,False,False
final_ruehl_mask,mixed,133,270920393,41,WAIT,WAIT,3.6921249702572823,False,True,False,False,False,False,False
final_ruehl_mask,mixed,133,270920393,42,WAIT,WAIT,4.301292006857693,False,False,False,False,False,False,False
final_ruehl_mask,mixed,133,270920393,43,WAIT,WAIT,3.656374989077449,False,False,False,False,False,False,False
final_ruehl_mask,mixed,133,270920393,44,WAIT,WAIT,4.303791094571352,False,False,False,False,False,False,False
final_ruehl_mask,mixed,133,270920393,45,WAIT,WAIT,4.636583034880459,False,False,False,False,False,False,False
final_ruehl_mask,mixed,133,270920393,46,WAIT,WAIT,3.3250829437747598,False,False,False,False,False,False,False
final_ruehl_mask,mixed,133,270920393,47,WAIT,WAIT,3.9070829516276717,False,False,False,False,False,False,False
final_ruehl_mask,mixed,133,270920393,48,WAIT,WAIT,4.062665975652635,False,False,False,False,False,False,False
final_ruehl_mask,mixed,133,270920393,49,WAIT,WAIT,4.367207991890609,False,False,False,False,False,False,False
final_ruehl_mask,mixed,133,270920393,50,WAIT,WAIT,3.641167073510587,False,False,False,False,False,False,False
final_ruehl_mask,mixed,133,270920393,51,WAIT,WAIT,4.154667025431991,False,True,False,False,False,False,False
final_ruehl_mask,mixed,133,270920393,52,WAIT,WAIT,4.292999976314604,False,False,False,False,False,False,False
final_ruehl_mask,mixed,133,270920393,53,WAIT,WAIT,4.064916982315481,False,False,False,False,False,False,False
final_ruehl_mask,mixed,133,270920393,54,WAIT,WAIT,4.690708010457456,False,False,False,False,False,False,False
final_ruehl_mask,mixed,133,270920393,55,WAIT,WAIT,4.152333014644682,False,False,False,False,False,False,False
final_ruehl_mask,mixed,133,270920393,56,WAIT,WAIT,4.356666933745146,False,False,False,False,False,False,False
final_ruehl_mask,mixed,133,270920393,57,WAIT,WAIT,3.6979590076953173,False,False,False,False,False,False,False
final_ruehl_mask,mixed,133,270920393,58,WAIT,WAIT,3.8916670018807054,False,False,False,False,False,False,False
final_ruehl_mask,mixed,133,270920393,59,WAIT,WAIT,3.7830830551683903,False,False,False,False,False,False,False
final_ruehl_mask,mixed,133,270920393,60,WAIT,WAIT,3.1385000329464674,False,False,False,False,False,False,False
final_ruehl_mask,mixed,133,270920393,61,WAIT,WAIT,3.2780420733615756,False,True,False,False,False,False,False
final_ruehl_mask,mixed,133,270920393,62,WAIT,WAIT,2.9595420928671956,False,False,False,False,False,False,False
final_ruehl_mask,mixed,133,270920393,63,WAIT,WAIT,3.877041977830231,False,False,False,False,False,False,False
final_ruehl_mask,mixed,133,270920393,64,WAIT,WAIT,5.275625037029386,False,False,False,False,False,False,False
final_ruehl_mask,mixed,133,270920393,65,WAIT,WAIT,4.014375037513673,False,False,False,False,False,False,False
final_ruehl_mask,mixed,133,270920393,66,WAIT,WAIT,4.607834038324654,False,False,False,False,False,False,False
final_ruehl_mask,mixed,133,270920393,67,WAIT,WAIT,3.6570000229403377,False,False,False,False,False,False,False
final_ruehl_mask,mixed,133,270920393,68,WAIT,WAIT,4.170874948613346,False,False,False,False,False,False,False
final_ruehl_mask,mixed,133,270920393,69,WAIT,WAIT,9.857374941930175,False,False,False,False,False,False,False
final_ruehl_mask,mixed,133,270920393,70,WAIT,WAIT,11.744583025574684,False,False,False,False,False,False,False
final_ruehl_mask,mixed,133,270920393,71,WAIT,WAIT,16.534249996766448,False,True,False,False,False,False,False
final_ruehl_mask,mixed,133,270920393,72,WAIT,WAIT,9.471124969422817,False,False,False,False,False,False,False
final_ruehl_mask,mixed,133,270920393,73,WAIT,WAIT,5.105499993078411,False,False,False,False,False,False,False
final_ruehl_mask,mixed,133,270920393,74,WAIT,WAIT,5.7272500125691295,False,False,False,False,False,False,False
final_ruehl_mask,mixed,133,270920393,75,UP,UP,5.488249938935041,False,False,False,False,False,False,False
final_ruehl_mask,mixed,133,270920393,76,RIGHT,RIGHT,7.357041002251208,False,False,False,False,False,False,True
final_ruehl_mask,mixed,133,270920393,77,BOMB,BOMB,4.827084019780159,False,False,False,True,False,False,True
final_ruehl_mask,mixed,133,270920393,78,RIGHT,RIGHT,9.13633406162262,False,False,False,False,False,False,True
final_ruehl_mask,mixed,133,270920393,79,WAIT,WAIT,4.4270840007811785,False,False,False,False,False,False,True
final_ruehl_mask,mixed,133,270920393,80,WAIT,WAIT,9.617500007152557,False,False,False,False,False,False,True
final_ruehl_mask,mixed,133,270920393,81,WAIT,WAIT,4.359292099252343,False,False,False,False,False,False,True
final_ruehl_mask,mixed,134,270920394,1,DOWN,DOWN,3.1904580537229776,False,True,False,False,False,False,False
final_ruehl_mask,mixed,134,270920394,2,BOMB,BOMB,2.1962090395390987,False,False,False,True,False,False,False
final_ruehl_mask,mixed,134,270920394,3,UP,UP,2.7266659308224916,False,False,False,False,False,False,False
final_ruehl_mask,mixed,134,270920394,4,LEFT,LEFT,2.6904590195044875,False,False,False,False,False,False,False
final_ruehl_mask,mixed,134,270920394,5,WAIT,WAIT,2.509124926291406,False,False,False,False,False,False,False
final_ruehl_mask,mixed,134,270920394,6,WAIT,WAIT,2.3045840207487345,False,False,False,False,False,False,False
final_ruehl_mask,mixed,134,270920394,7,WAIT,WAIT,2.2179170046001673,False,False,False,False,False,False,False
final_ruehl_mask,mixed,134,270920394,8,RIGHT,RIGHT,3.1812090892344713,False,False,False,False,False,False,False
final_ruehl_mask,mixed,134,270920394,9,DOWN,DOWN,2.9052499448880553,False,False,False,False,False,False,False
final_ruehl_mask,mixed,134,270920394,10,DOWN,DOWN,2.8754589147865772,False,False,False,False,False,False,True
final_ruehl_mask,mixed,134,270920394,11,BOMB,BOMB,2.9265839839354157,False,True,False,True,False,False,True
final_ruehl_mask,mixed,134,270920394,12,DOWN,DOWN,3.005832899361849,False,False,False,False,False,False,True
final_ruehl_mask,mixed,134,270920394,13,DOWN,DOWN,2.907542046159506,False,False,False,False,False,False,True
final_ruehl_mask,mixed,134,270920394,14,UP,UP,2.8597499476745725,False,False,False,False,False,False,True
final_ruehl_mask,mixed,134,270920394,15,DOWN,DOWN,2.5025830836966634,False,False,False,False,False,False,True
final_ruehl_mask,mixed,135,270920395,1,DOWN,DOWN,2.431540982797742,False,True,False,False,False,False,False
final_ruehl_mask,mixed,135,270920395,2,BOMB,BOMB,2.2969580022618175,False,False,False,True,False,False,False
final_ruehl_mask,mixed,135,270920395,3,UP,UP,2.8317089891061187,False,False,False,False,False,False,False
final_ruehl_mask,mixed,135,270920395,4,WAIT,WAIT,2.7133330004289746,False,False,False,False,False,False,False
final_ruehl_mask,mixed,135,270920395,5,LEFT,LEFT,2.7813330525532365,False,False,False,False,False,False,False
final_ruehl_mask,mixed,135,270920395,6,WAIT,WAIT,2.8549579437822104,False,False,False,False,False,False,False
final_ruehl_mask,mixed,135,270920395,7,WAIT,WAIT,2.9299160232767463,False,False,False,False,False,False,False
final_ruehl_mask,mixed,135,270920395,8,RIGHT,RIGHT,2.7024169685319066,False,False,False,False,False,False,False
final_ruehl_mask,mixed,135,270920395,9,BOMB,BOMB,2.5512089487165213,False,False,False,True,False,False,False
final_ruehl_mask,mixed,135,270920395,10,DOWN,DOWN,2.2614579647779465,False,False,False,False,False,False,False
final_ruehl_mask,mixed,135,270920395,11,DOWN,DOWN,2.2062089992687106,False,True,False,False,False,False,False
final_ruehl_mask,mixed,135,270920395,12,DOWN,DOWN,2.622875035740435,False,False,False,False,False,False,False
final_ruehl_mask,mixed,135,270920395,13,DOWN,DOWN,2.97949998639524,False,False,False,False,False,False,False
final_ruehl_mask,mixed,135,270920395,14,DOWN,DOWN,3.220333019271493,False,False,False,False,False,False,False
final_ruehl_mask,mixed,135,270920395,15,UP,UP,3.1517090974375606,False,False,False,False,False,False,True
final_ruehl_mask,mixed,135,270920395,16,BOMB,BOMB,3.338624956086278,False,False,False,True,False,False,True
final_ruehl_mask,mixed,135,270920395,17,UP,UP,3.0878339894115925,False,False,False,False,False,False,True
final_ruehl_mask,mixed,135,270920395,18,UP,UP,3.0761660309508443,False,False,False,False,False,False,True
final_ruehl_mask,mixed,135,270920395,19,WAIT,WAIT,3.2950419699773192,False,False,False,False,False,False,True
final_ruehl_mask,mixed,135,270920395,20,DOWN,DOWN,3.364000003784895,False,False,False,False,False,False,True
final_ruehl_mask,mixed,136,270920396,1,LEFT,LEFT,2.8135000029578805,False,True,False,False,False,False,False
final_ruehl_mask,mixed,136,270920396,2,BOMB,BOMB,2.499665948562324,False,False,False,True,False,False,False
final_ruehl_mask,mixed,136,270920396,3,RIGHT,RIGHT,2.14245798997581,False,False,False,False,False,False,False
final_ruehl_mask,mixed,136,270920396,4,UP,UP,2.7782500255852938,False,False,False,False,False,False,False
final_ruehl_mask,mixed,136,270920396,5,WAIT,WAIT,2.1943330066278577,False,False,False,False,False,False,False
final_ruehl_mask,mixed,136,270920396,6,WAIT,WAIT,2.826458076015115,False,False,False,False,False,False,False
final_ruehl_mask,mixed,136,270920396,7,WAIT,WAIT,2.5339999701827765,False,False,False,False,False,False,False
final_ruehl_mask,mixed,136,270920396,8,DOWN,DOWN,2.91983294300735,False,False,False,False,False,False,False
final_ruehl_mask,mixed,136,270920396,9,LEFT,LEFT,3.1877500005066395,False,False,False,False,False,False,False
final_ruehl_mask,mixed,136,270920396,10,LEFT,LEFT,3.09466605540365,False,False,False,False,False,False,False
final_ruehl_mask,mixed,136,270920396,11,LEFT,LEFT,2.509124926291406,False,True,False,False,False,False,False
final_ruehl_mask,mixed,136,270920396,12,BOMB,BOMB,2.3212500382214785,False,False,False,True,False,False,False
final_ruehl_mask,mixed,136,270920396,13,RIGHT,RIGHT,2.902209060266614,False,False,False,False,False,False,False
final_ruehl_mask,mixed,136,270920396,14,RIGHT,RIGHT,2.8662079712376,False,False,False,False,False,False,False
final_ruehl_mask,mixed,136,270920396,15,RIGHT,RIGHT,2.494540996849537,False,False,False,False,False,False,False
final_ruehl_mask,mixed,136,270920396,16,UP,UP,2.7198330499231815,False,False,False,False,False,False,False
final_ruehl_mask,mixed,136,270920396,17,WAIT,WAIT,2.695250092074275,False,False,False,False,False,False,False
final_ruehl_mask,mixed,136,270920396,18,DOWN,DOWN,2.870041993446648,False,False,False,False,False,False,False
final_ruehl_mask,mixed,136,270920396,19,BOMB,BOMB,2.456583082675934,False,False,False,True,False,False,False
final_ruehl_mask,mixed,136,270920396,20,LEFT,LEFT,2.2887499071657658,False,False,False,False,False,False,False
final_ruehl_mask,mixed,136,270920396,21,LEFT,LEFT,3.1951669370755553,False,True,False,False,False,False,False
final_ruehl_mask,mixed,136,270920396,22,LEFT,LEFT,3.3374589402228594,False,False,False,False,False,False,False
final_ruehl_mask,mixed,136,270920396,23,LEFT,LEFT,3.4306669840589166,False,False,False,False,False,False,False
final_ruehl_mask,mixed,136,270920396,24,LEFT,LEFT,2.621792024001479,False,False,False,False,False,False,False
final_ruehl_mask,mixed,136,270920396,25,LEFT,LEFT,3.1572500010952353,False,False,False,False,False,False,False
final_ruehl_mask,mixed,136,270920396,26,BOMB,BOMB,3.236207994632423,False,False,False,True,False,False,False
final_ruehl_mask,mixed,136,270920396,27,RIGHT,RIGHT,3.4172500018030405,False,False,False,False,False,False,False
final_ruehl_mask,mixed,136,270920396,28,RIGHT,RIGHT,2.902999985963106,False,False,False,False,False,False,False
final_ruehl_mask,mixed,136,270920396,29,RIGHT,RIGHT,3.68050008546561,False,False,False,False,False,False,False
final_ruehl_mask,mixed,136,270920396,30,RIGHT,RIGHT,3.607708029448986,False,False,False,False,False,False,False
final_ruehl_mask,mixed,136,270920396,31,RIGHT,RIGHT,3.8862910587340593,False,True,False,False,False,False,False
final_ruehl_mask,mixed,136,270920396,32,RIGHT,RIGHT,3.1676250509917736,False,False,False,False,False,False,False
final_ruehl_mask,mixed,136,270920396,33,UP,UP,3.376249922439456,False,False,False,False,False,False,False
final_ruehl_mask,mixed,136,270920396,34,BOMB,BOMB,3.4418749855831265,False,False,False,True,False,False,False
final_ruehl_mask,mixed,136,270920396,35,UP,UP,3.0105001060292125,False,False,False,False,False,False,False
final_ruehl_mask,mixed,136,270920396,36,UP,UP,2.5072500575333834,False,False,False,False,False,False,False
final_ruehl_mask,mixed,136,270920396,37,DOWN,DOWN,3.09895898681134,False,False,False,False,False,False,False
final_ruehl_mask,mixed,136,270920396,38,LEFT,LEFT,3.1410420779138803,False,False,False,False,False,False,False
final_ruehl_mask,mixed,136,270920396,39,WAIT,WAIT,3.128957934677601,False,False,False,False,False,False,False
final_ruehl_mask,mixed,136,270920396,40,WAIT,WAIT,3.100000089034438,False,False,False,False,False,False,False
final_ruehl_mask,mixed,136,270920396,41,BOMB,BOMB,3.258374985307455,False,True,False,True,False,False,False
final_ruehl_mask,mixed,136,270920396,42,RIGHT,RIGHT,3.378499997779727,False,False,False,False,False,False,False
final_ruehl_mask,mixed,136,270920396,43,DOWN,DOWN,3.442749963141978,False,False,False,False,False,False,False
final_ruehl_mask,mixed,136,270920396,44,DOWN,DOWN,3.5159169929102063,False,False,False,False,False,False,False
final_ruehl_mask,mixed,136,270920396,45,LEFT,LEFT,3.5891670268028975,False,False,False,False,False,False,False
final_ruehl_mask,mixed,136,270920396,46,LEFT,LEFT,3.2167499884963036,False,False,False,False,False,False,False
final_ruehl_mask,mixed,136,270920396,47,LEFT,LEFT,3.1126250978559256,False,False,False,False,False,False,False
final_ruehl_mask,mixed,136,270920396,48,LEFT,LEFT,3.6306249676272273,False,False,False,False,False,False,False
final_ruehl_mask,mixed,136,270920396,49,BOMB,BOMB,3.5836660536006093,False,False,False,True,False,False,False
final_ruehl_mask,mixed,136,270920396,50,LEFT,LEFT,3.937874920666218,False,False,False,False,False,False,False
final_ruehl_mask,mixed,136,270920396,51,LEFT,LEFT,3.907207981683314,False,True,False,False,False,False,False
final_ruehl_mask,mixed,136,270920396,52,UP,UP,3.7931250408291817,False,False,False,False,False,False,False
final_ruehl_mask,mixed,136,270920396,53,UP,UP,3.8921659579500556,False,False,False,False,False,False,False
final_ruehl_mask,mixed,136,270920396,54,RIGHT,RIGHT,3.842000034637749,False,False,False,False,False,False,False
final_ruehl_mask,mixed,136,270920396,55,RIGHT,RIGHT,3.518249955959618,False,False,False,False,False,False,True
final_ruehl_mask,mixed,136,270920396,56,BOMB,BOMB,4.52425004914403,False,False,False,True,False,False,True
final_ruehl_mask,mixed,136,270920396,57,UP,UP,3.9866669103503227,False,False,False,False,False,False,True
final_ruehl_mask,mixed,136,270920396,58,WAIT,WAIT,3.766832989640534,False,False,False,False,False,False,True
final_ruehl_mask,mixed,136,270920396,59,WAIT,WAIT,2.912124968133867,False,False,False,False,False,False,True
final_ruehl_mask,mixed,136,270920396,60,WAIT,WAIT,3.7047500954940915,False,False,False,False,False,False,True
final_ruehl_mask,mixed,137,270920397,1,DOWN,DOWN,2.4399999529123306,False,True,False,False,False,False,False
final_ruehl_mask,mixed,137,270920397,2,DOWN,DOWN,2.597042010165751,False,False,False,False,False,False,False
final_ruehl_mask,mixed,137,270920397,3,DOWN,DOWN,3.1705000437796116,False,False,False,False,False,False,True
final_ruehl_mask,mixed,137,270920397,4,BOMB,BOMB,2.7762079844251275,False,False,False,True,False,False,True
final_ruehl_mask,mixed,137,270920397,5,UP,UP,2.43387499358505,False,False,False,False,False,False,True
final_ruehl_mask,mixed,137,270920397,6,UP,UP,2.0859159994870424,False,False,False,False,False,False,True
final_ruehl_mask,mixed,137,270920397,7,WAIT,WAIT,2.4279169738292694,False,False,False,False,False,False,True
final_ruehl_mask,mixed,137,270920397,8,UP,UP,1.9542500376701355,False,False,False,False,False,False,True
final_ruehl_mask,mixed,138,270920398,1,RIGHT,RIGHT,3.1042080372571945,False,True,False,False,False,False,False
final_ruehl_mask,mixed,138,270920398,2,BOMB,BOMB,2.888499991968274,False,False,False,True,False,False,False
final_ruehl_mask,mixed,138,270920398,3,LEFT,LEFT,2.837457926943898,False,False,False,False,False,False,False
final_ruehl_mask,mixed,138,270920398,4,UP,UP,2.6202909648418427,False,False,False,False,False,False,False
final_ruehl_mask,mixed,138,270920398,5,UP,UP,2.5787079939618707,False,False,False,False,False,False,False
final_ruehl_mask,mixed,138,270920398,6,UP,UP,2.3903329856693745,False,False,False,False,False,False,False
final_ruehl_mask,mixed,138,270920398,7,WAIT,WAIT,2.2669159807264805,False,False,False,False,False,False,False
final_ruehl_mask,mixed,138,270920398,8,WAIT,WAIT,2.9500419041141868,False,False,False,False,False,False,False
final_ruehl_mask,mixed,138,270920398,9,BOMB,BOMB,2.376749995164573,False,False,False,True,False,False,False
final_ruehl_mask,mixed,138,270920398,10,DOWN,DOWN,2.408041968010366,False,False,False,False,False,False,False
final_ruehl_mask,mixed,138,270920398,11,DOWN,DOWN,3.074290929362178,False,True,False,False,False,False,False
final_ruehl_mask,mixed,138,270920398,12,DOWN,DOWN,2.6605830062180758,False,False,False,False,False,False,False
final_ruehl_mask,mixed,138,270920398,13,RIGHT,RIGHT,2.305750036612153,False,False,False,False,False,False,False
final_ruehl_mask,mixed,138,270920398,14,RIGHT,RIGHT,3.068333026021719,False,False,False,False,False,False,False
final_ruehl_mask,mixed,138,270920398,15,RIGHT,RIGHT,3.48379195202142,False,False,False,False,False,False,True
final_ruehl_mask,mixed,138,270920398,16,BOMB,BOMB,3.402042086236179,False,False,False,True,False,False,True
final_ruehl_mask,mixed,138,270920398,17,RIGHT,RIGHT,3.1966660171747208,False,False,False,False,False,False,True
final_ruehl_mask,mixed,138,270920398,18,RIGHT,RIGHT,3.626416902989149,False,False,False,False,False,False,True
final_ruehl_mask,mixed,138,270920398,19,LEFT,LEFT,3.3007910242304206,False,False,False,False,False,False,True
final_ruehl_mask,mixed,138,270920398,20,RIGHT,RIGHT,3.9877500385046005,False,False,False,False,False,False,True
final_ruehl_mask,mixed,139,270920399,1,RIGHT,RIGHT,2.9606249881908298,False,True,False,False,False,False,False
final_ruehl_mask,mixed,139,270920399,2,BOMB,BOMB,2.6633329689502716,False,False,False,True,False,False,False
final_ruehl_mask,mixed,139,270920399,3,LEFT,LEFT,2.8686251025646925,False,False,False,False,False,False,False
final_ruehl_mask,mixed,139,270920399,4,DOWN,DOWN,2.7207500534132123,False,False,False,False,False,False,False
final_ruehl_mask,mixed,139,270920399,5,WAIT,WAIT,2.784417010843754,False,False,False,False,False,False,False
final_ruehl_mask,mixed,139,270920399,6,WAIT,WAIT,3.076958004385233,False,False,False,False,False,False,False
final_ruehl_mask,mixed,139,270920399,7,WAIT,WAIT,2.922042040154338,False,False,False,False,False,False,False
final_ruehl_mask,mixed,139,270920399,8,WAIT,WAIT,2.4021660210564733,False,False,False,False,False,False,False
final_ruehl_mask,mixed,139,270920399,9,BOMB,BOMB,2.1126249339431524,False,False,False,True,False,False,False
final_ruehl_mask,mixed,139,270920399,10,UP,UP,2.3581249406561255,False,False,False,False,False,False,False
final_ruehl_mask,mixed,139,270920399,11,RIGHT,RIGHT,2.907874993979931,False,True,False,False,False,False,False
final_ruehl_mask,mixed,139,270920399,12,RIGHT,RIGHT,3.372750012204051,False,False,False,False,False,False,False
final_ruehl_mask,mixed,139,270920399,13,RIGHT,RIGHT,2.686374937184155,False,False,False,False,False,False,False
final_ruehl_mask,mixed,139,270920399,14,RIGHT,RIGHT,2.9342499328777194,False,False,False,False,False,False,False
final_ruehl_mask,mixed,139,270920399,15,DOWN,DOWN,2.759665949270129,False,False,False,False,False,False,False
final_ruehl_mask,mixed,139,270920399,16,DOWN,DOWN,2.9257499845698476,False,False,False,False,False,False,False
final_ruehl_mask,mixed,139,270920399,17,RIGHT,RIGHT,2.8014580020681024,False,False,False,False,False,False,False
final_ruehl_mask,mixed,139,270920399,18,BOMB,BOMB,3.428041934967041,False,False,False,True,False,False,False
final_ruehl_mask,mixed,139,270920399,19,LEFT,LEFT,3.3009169856086373,False,False,False,False,False,False,False
final_ruehl_mask,mixed,139,270920399,20,UP,UP,3.3365829149261117,False,False,False,False,False,False,False
final_ruehl_mask,mixed,139,270920399,21,WAIT,WAIT,3.3982079476118088,False,True,False,False,False,False,False
final_ruehl_mask,mixed,139,270920399,22,UP,UP,2.7972080279141665,False,False,False,False,False,False,False
final_ruehl_mask,mixed,139,270920399,23,LEFT,LEFT,2.8879171004518867,False,False,False,False,False,False,False
final_ruehl_mask,mixed,139,270920399,24,LEFT,LEFT,3.1230830354616046,False,False,False,False,False,False,False
final_ruehl_mask,mixed,139,270920399,25,BOMB,BOMB,3.6824579583480954,False,False,False,True,False,False,False
final_ruehl_mask,mixed,139,270920399,26,LEFT,LEFT,2.988416003063321,False,False,False,False,False,False,False
final_ruehl_mask,mixed,139,270920399,27,LEFT,LEFT,2.6739590102806687,False,False,False,False,False,False,False
final_ruehl_mask,mixed,139,270920399,28,DOWN,DOWN,3.6202920600771904,False,False,False,False,False,False,False
final_ruehl_mask,mixed,139,270920399,29,DOWN,DOWN,3.6175419809296727,False,False,False,False,False,False,False
final_ruehl_mask,mixed,139,270920399,30,DOWN,DOWN,4.08720807172358,False,False,False,False,False,False,False
final_ruehl_mask,mixed,139,270920399,31,DOWN,DOWN,3.5580829717218876,False,True,False,False,False,False,True
final_ruehl_mask,mixed,139,270920399,32,BOMB,BOMB,3.287792089395225,False,False,False,True,False,False,True
final_ruehl_mask,mixed,139,270920399,33,DOWN,DOWN,3.2014589523896575,False,False,False,False,False,False,True
final_ruehl_mask,mixed,139,270920399,34,WAIT,WAIT,2.867499948479235,False,False,False,False,False,False,True
final_ruehl_mask,mixed,139,270920399,35,WAIT,WAIT,2.6937921065837145,False,False,False,False,False,False,True
final_ruehl_mask,mixed,139,270920399,36,WAIT,WAIT,2.798583940602839,False,False,False,False,False,False,True
final_ruehl_mask,mixed,140,270920400,1,RIGHT,RIGHT,2.3897909559309483,False,True,False,False,False,False,False
final_ruehl_mask,mixed,140,270920400,2,BOMB,BOMB,2.7066669426858425,False,False,False,True,False,False,False
final_ruehl_mask,mixed,140,270920400,3,LEFT,LEFT,2.2314999951049685,False,False,False,False,False,False,False
final_ruehl_mask,mixed,140,270920400,4,UP,UP,2.164458972401917,False,False,False,False,False,False,False
final_ruehl_mask,mixed,140,270920400,5,WAIT,WAIT,3.049875027500093,False,False,False,False,False,False,False
final_ruehl_mask,mixed,140,270920400,6,WAIT,WAIT,2.82024999614805,False,False,False,False,False,False,False
final_ruehl_mask,mixed,140,270920400,7,WAIT,WAIT,2.9670000076293945,False,False,False,False,False,False,False
final_ruehl_mask,mixed,140,270920400,8,WAIT,WAIT,2.75554193649441,False,False,False,False,False,False,False
final_ruehl_mask,mixed,140,270920400,9,BOMB,BOMB,3.0265420209616423,False,False,False,True,False,False,False
final_ruehl_mask,mixed,140,270920400,10,DOWN,DOWN,2.8539999620988965,False,False,False,False,False,False,False
final_ruehl_mask,mixed,140,270920400,11,RIGHT,RIGHT,2.9245419427752495,False,True,False,False,False,False,False
final_ruehl_mask,mixed,140,270920400,12,RIGHT,RIGHT,3.1040830072015524,False,False,False,False,False,False,False
final_ruehl_mask,mixed,140,270920400,13,RIGHT,RIGHT,3.1908750534057617,False,False,False,False,False,False,False
final_ruehl_mask,mixed,140,270920400,14,RIGHT,RIGHT,3.231000038795173,False,False,False,False,False,False,False
final_ruehl_mask,mixed,140,270920400,15,RIGHT,RIGHT,3.323333105072379,False,False,False,False,False,False,False
final_ruehl_mask,mixed,140,270920400,16,BOMB,BOMB,3.1482920749112964,False,False,False,True,False,False,False
final_ruehl_mask,mixed,140,270920400,17,LEFT,LEFT,2.5822079041972756,False,False,False,False,False,False,False
final_ruehl_mask,mixed,140,270920400,18,LEFT,LEFT,2.631958923302591,False,False,False,False,False,False,False
final_ruehl_mask,mixed,140,270920400,19,LEFT,LEFT,2.747792052105069,False,False,False,False,False,False,False
final_ruehl_mask,mixed,140,270920400,20,LEFT,LEFT,3.166249953210354,False,False,False,False,False,False,False
final_ruehl_mask,mixed,140,270920400,21,LEFT,LEFT,2.9446249827742577,False,True,False,False,False,False,False
final_ruehl_mask,mixed,140,270920400,22,RIGHT,RIGHT,4.055082914419472,False,False,False,False,False,False,False
final_ruehl_mask,mixed,140,270920400,23,WAIT,WAIT,4.091624985449016,False,False,False,False,False,False,False
final_ruehl_mask,mixed,140,270920400,24,WAIT,WAIT,3.794291988015175,False,False,False,False,False,False,False
final_ruehl_mask,mixed,140,270920400,25,WAIT,WAIT,3.0753749888390303,False,False,False,False,False,False,False
final_ruehl_mask,mixed,140,270920400,26,RIGHT,RIGHT,2.9456670163199306,False,False,False,False,False,False,False
final_ruehl_mask,mixed,140,270920400,27,BOMB,BOMB,3.2775410218164325,False,False,False,True,False,False,False
final_ruehl_mask,mixed,140,270920400,28,RIGHT,RIGHT,3.198375110514462,False,False,False,False,False,False,False
final_ruehl_mask,mixed,140,270920400,29,RIGHT,RIGHT,3.5036250483244658,False,False,False,False,False,False,False
final_ruehl_mask,mixed,140,270920400,30,RIGHT,RIGHT,3.4529169788584113,False,False,False,False,False,False,False
final_ruehl_mask,mixed,140,270920400,31,RIGHT,RIGHT,3.8119580131024122,False,True,False,False,False,False,False
final_ruehl_mask,mixed,140,270920400,32,WAIT,WAIT,4.225082928314805,False,False,False,False,False,False,False
final_ruehl_mask,mixed,140,270920400,33,RIGHT,RIGHT,3.7920830072835088,False,False,False,False,False,False,False
final_ruehl_mask,mixed,140,270920400,34,RIGHT,RIGHT,3.9749169955030084,False,False,False,False,False,False,True
final_ruehl_mask,mixed,140,270920400,35,BOMB,BOMB,4.046875052154064,False,False,False,True,False,False,True
final_ruehl_mask,mixed,140,270920400,36,RIGHT,RIGHT,4.790000035427511,False,False,False,False,False,False,True
final_ruehl_mask,mixed,140,270920400,37,RIGHT,RIGHT,3.9453330682590604,False,False,False,False,False,False,True
final_ruehl_mask,mixed,140,270920400,38,UP,UP,4.029958043247461,False,False,False,False,False,False,True
final_ruehl_mask,mixed,140,270920400,39,RIGHT,RIGHT,3.9502079598605633,False,False,False,False,False,False,True
final_ruehl_mask,mixed,141,270920401,1,DOWN,DOWN,2.339750062674284,False,True,False,False,False,False,False
final_ruehl_mask,mixed,141,270920401,2,BOMB,BOMB,1.9517920445650816,False,False,False,True,False,False,False
final_ruehl_mask,mixed,141,270920401,3,UP,UP,2.8342920122668147,False,False,False,False,False,False,False
final_ruehl_mask,mixed,141,270920401,4,RIGHT,RIGHT,2.2896670270711184,False,False,False,False,False,False,False
final_ruehl_mask,mixed,141,270920401,5,WAIT,WAIT,2.619417035020888,False,False,False,False,False,False,False
final_ruehl_mask,mixed,141,270920401,6,WAIT,WAIT,3.1865000491961837,False,False,False,False,False,False,False
final_ruehl_mask,mixed,141,270920401,7,WAIT,WAIT,2.1472080843523145,False,False,False,False,False,False,False
final_ruehl_mask,mixed,141,270920401,8,LEFT,LEFT,3.042917000129819,False,False,False,False,False,False,False
final_ruehl_mask,mixed,141,270920401,9,BOMB,BOMB,3.0195830622687936,False,False,False,True,False,False,False
final_ruehl_mask,mixed,141,270920401,10,DOWN,DOWN,3.180125029757619,False,False,False,False,False,False,False
final_ruehl_mask,mixed,141,270920401,11,DOWN,DOWN,2.9789579566568136,False,True,False,False,False,False,False
final_ruehl_mask,mixed,141,270920401,12,DOWN,DOWN,3.009999985806644,False,False,False,False,False,False,False
final_ruehl_mask,mixed,141,270920401,13,DOWN,DOWN,2.8268330497667193,False,False,False,False,False,False,False
final_ruehl_mask,mixed,141,270920401,14,WAIT,WAIT,3.044708981178701,False,False,False,False,False,False,False
final_ruehl_mask,mixed,141,270920401,15,WAIT,WAIT,3.3976659178733826,False,False,False,False,False,False,False
final_ruehl_mask,mixed,141,270920401,16,BOMB,BOMB,3.233666066080332,False,False,False,True,False,False,False
final_ruehl_mask,mixed,141,270920401,17,UP,UP,3.0217499006539583,False,False,False,False,False,False,False
final_ruehl_mask,mixed,141,270920401,18,UP,UP,3.1292911153286695,False,False,False,False,False,False,False
final_ruehl_mask,mixed,141,270920401,19,UP,UP,3.3335830084979534,False,False,False,False,False,False,False
final_ruehl_mask,mixed,141,270920401,20,UP,UP,3.293874906376004,False,False,False,False,False,False,False
final_ruehl_mask,mixed,141,270920401,21,RIGHT,RIGHT,3.05349996779114,False,True,False,False,False,False,False
final_ruehl_mask,mixed,141,270920401,22,RIGHT,RIGHT,3.5610829945653677,False,False,False,False,False,False,False
final_ruehl_mask,mixed,141,270920401,23,RIGHT,RIGHT,3.3437079982832074,False,False,False,False,False,False,False
final_ruehl_mask,mixed,141,270920401,24,BOMB,BOMB,3.4838339779525995,False,False,False,True,False,False,False
final_ruehl_mask,mixed,141,270920401,25,LEFT,LEFT,3.469125018455088,False,False,False,False,False,False,False
final_ruehl_mask,mixed,141,270920401,26,LEFT,LEFT,2.998833078891039,False,False,False,False,False,False,False
final_ruehl_mask,mixed,141,270920401,27,LEFT,LEFT,2.9763750499114394,False,False,False,False,False,False,False
final_ruehl_mask,mixed,141,270920401,28,DOWN,DOWN,3.199166967533529,False,False,False,False,False,False,False
final_ruehl_mask,mixed,141,270920401,29,DOWN,DOWN,3.61799995880574,False,False,False,False,False,False,False
final_ruehl_mask,mixed,141,270920401,30,DOWN,DOWN,3.61483299639076,False,False,False,False,False,False,False
final_ruehl_mask,mixed,141,270920401,31,DOWN,DOWN,3.6499580601230264,False,True,False,False,False,False,False
final_ruehl_mask,mixed,141,270920401,32,RIGHT,RIGHT,4.5523750595748425,False,False,False,False,False,False,False
final_ruehl_mask,mixed,141,270920401,33,RIGHT,RIGHT,4.201542004011571,False,False,False,False,False,False,False
final_ruehl_mask,mixed,141,270920401,34,RIGHT,RIGHT,3.8762919139117002,False,False,False,False,False,False,True
final_ruehl_mask,mixed,141,270920401,35,BOMB,BOMB,4.194917040877044,False,False,False,True,False,False,True
final_ruehl_mask,mixed,141,270920401,36,LEFT,LEFT,3.8001659559085965,False,False,False,False,False,False,True
final_ruehl_mask,mixed,141,270920401,37,LEFT,LEFT,3.968792036175728,False,False,False,False,False,False,True
final_ruehl_mask,mixed,141,270920401,38,WAIT,WAIT,3.9477499667555094,False,False,False,False,False,False,True
final_ruehl_mask,mixed,141,270920401,39,LEFT,LEFT,3.25870793312788,False,False,False,False,False,False,True
final_ruehl_mask,mixed,142,270920402,1,BOMB,BOMB,6.218124995939434,False,True,False,True,False,False,False
final_ruehl_mask,mixed,142,270920402,2,LEFT,LEFT,3.6292499862611294,False,False,False,False,False,False,False
final_ruehl_mask,mixed,142,270920402,3,LEFT,LEFT,6.8335410906001925,False,False,False,False,False,False,False
final_ruehl_mask,mixed,142,270920402,4,DOWN,DOWN,3.3444169675931334,False,False,False,False,False,False,False
final_ruehl_mask,mixed,142,270920402,5,WAIT,WAIT,3.1302920542657375,False,False,False,False,False,False,False
final_ruehl_mask,mixed,142,270920402,6,WAIT,WAIT,3.14325001090765,False,False,False,False,False,False,False
final_ruehl_mask,mixed,142,270920402,7,WAIT,WAIT,12.927041971124709,False,False,False,False,False,False,False
final_ruehl_mask,mixed,142,270920402,8,BOMB,BOMB,7.073584012687206,False,False,False,True,False,False,False
final_ruehl_mask,mixed,142,270920402,9,UP,UP,4.09408297855407,False,False,False,False,False,False,False
final_ruehl_mask,mixed,142,270920402,10,RIGHT,RIGHT,3.862041048705578,False,False,False,False,False,False,False
final_ruehl_mask,mixed,142,270920402,11,RIGHT,RIGHT,3.4224579576402903,False,True,False,False,False,False,False
final_ruehl_mask,mixed,142,270920402,12,DOWN,DOWN,3.367749974131584,False,False,False,False,False,False,False
final_ruehl_mask,mixed,142,270920402,13,DOWN,DOWN,2.9889169381931424,False,False,False,False,False,False,False
final_ruehl_mask,mixed,142,270920402,14,LEFT,LEFT,3.5010409774258733,False,False,False,False,False,False,False
final_ruehl_mask,mixed,142,270920402,15,BOMB,BOMB,3.434416023083031,False,False,False,True,False,False,False
final_ruehl_mask,mixed,142,270920402,16,LEFT,LEFT,3.2189590856432915,False,False,False,False,False,False,False
final_ruehl_mask,mixed,142,270920402,17,DOWN,DOWN,3.2476669875904918,False,False,False,False,False,False,False
final_ruehl_mask,mixed,142,270920402,18,WAIT,WAIT,3.1725000590085983,False,False,False,False,False,False,False
final_ruehl_mask,mixed,142,270920402,19,WAIT,WAIT,3.063791897147894,False,False,False,False,False,False,False
final_ruehl_mask,mixed,142,270920402,20,DOWN,DOWN,3.0994589906185865,False,False,False,False,False,False,False
final_ruehl_mask,mixed,142,270920402,21,LEFT,LEFT,3.244958003051579,False,True,False,False,False,False,False
final_ruehl_mask,mixed,142,270920402,22,BOMB,BOMB,3.3549589570611715,False,False,False,True,False,False,False
final_ruehl_mask,mixed,142,270920402,23,RIGHT,RIGHT,3.629542072303593,False,False,False,False,False,False,False
final_ruehl_mask,mixed,142,270920402,24,UP,UP,3.629125072620809,False,False,False,False,False,False,False
final_ruehl_mask,mixed,142,270920402,25,UP,UP,3.588708001188934,False,False,False,False,False,False,False
final_ruehl_mask,mixed,142,270920402,26,UP,UP,5.162833025678992,False,False,False,False,False,False,False
final_ruehl_mask,mixed,142,270920402,27,UP,UP,3.211542032659054,False,False,False,False,False,False,False
final_ruehl_mask,mixed,142,270920402,28,RIGHT,RIGHT,3.9912500651553273,False,False,False,False,False,False,False
final_ruehl_mask,mixed,142,270920402,29,BOMB,BOMB,3.9975830586627126,False,False,False,True,False,False,False
final_ruehl_mask,mixed,142,270920402,30,RIGHT,RIGHT,3.134791972115636,False,False,False,False,False,False,False
final_ruehl_mask,mixed,142,270920402,31,DOWN,DOWN,3.356916015036404,False,True,False,False,False,False,False
final_ruehl_mask,mixed,142,270920402,32,DOWN,DOWN,4.054042045027018,False,False,False,False,False,False,False
final_ruehl_mask,mixed,142,270920402,33,LEFT,LEFT,4.104207968339324,False,False,False,False,False,False,False
final_ruehl_mask,mixed,142,270920402,34,LEFT,LEFT,4.376915981993079,False,False,False,False,False,False,False
final_ruehl_mask,mixed,142,270920402,35,LEFT,LEFT,4.840000066906214,False,False,False,False,False,False,False
final_ruehl_mask,mixed,142,270920402,36,BOMB,BOMB,4.2417909717187285,False,False,False,True,False,False,False
final_ruehl_mask,mixed,142,270920402,37,LEFT,LEFT,4.2232919950038195,False,False,False,False,False,False,False
final_ruehl_mask,mixed,142,270920402,38,DOWN,DOWN,3.7651669699698687,False,False,False,False,False,False,False
final_ruehl_mask,mixed,142,270920402,39,DOWN,DOWN,3.7605409743264318,False,False,False,False,False,False,False
final_ruehl_mask,mixed,142,270920402,40,DOWN,DOWN,4.571749945171177,False,False,False,False,False,False,False
final_ruehl_mask,mixed,142,270920402,41,WAIT,WAIT,4.501249990426004,False,True,False,False,False,False,False
final_ruehl_mask,mixed,142,270920402,42,WAIT,WAIT,4.43445798009634,False,False,False,False,False,False,False
final_ruehl_mask,mixed,142,270920402,43,BOMB,BOMB,3.7936250446364284,False,False,False,True,False,False,False
final_ruehl_mask,mixed,142,270920402,44,UP,UP,3.2653750386089087,False,False,False,False,False,False,False
final_ruehl_mask,mixed,142,270920402,45,UP,UP,4.716666997410357,False,False,False,False,False,False,False
final_ruehl_mask,mixed,142,270920402,46,UP,UP,5.102999974042177,False,False,False,False,False,False,False
final_ruehl_mask,mixed,142,270920402,47,RIGHT,RIGHT,3.801041981205344,False,False,False,False,False,False,False
final_ruehl_mask,mixed,142,270920402,48,RIGHT,RIGHT,4.74179198499769,False,False,False,False,False,False,False
final_ruehl_mask,mixed,142,270920402,49,RIGHT,RIGHT,5.33616601023823,False,False,False,False,False,False,False
final_ruehl_mask,mixed,142,270920402,50,WAIT,WAIT,4.898542072623968,False,False,False,False,False,False,False
final_ruehl_mask,mixed,142,270920402,51,WAIT,WAIT,4.980333033017814,False,True,False,False,False,False,False
final_ruehl_mask,mixed,142,270920402,52,RIGHT,RIGHT,4.553375067189336,False,False,False,False,False,False,False
final_ruehl_mask,mixed,142,270920402,53,BOMB,BOMB,4.758374998345971,False,False,False,True,False,False,False
final_ruehl_mask,mixed,142,270920402,54,UP,UP,4.703124985098839,False,False,False,False,False,False,False
final_ruehl_mask,mixed,142,270920402,55,UP,UP,3.527499968186021,False,False,False,False,False,False,False
final_ruehl_mask,mixed,142,270920402,56,LEFT,LEFT,4.342874977737665,False,False,False,False,False,False,False
final_ruehl_mask,mixed,142,270920402,57,LEFT,LEFT,4.547375021502376,False,False,False,False,False,False,False
final_ruehl_mask,mixed,142,270920402,58,RIGHT,RIGHT,4.38699999358505,False,False,False,False,False,False,False
final_ruehl_mask,mixed,142,270920402,59,RIGHT,RIGHT,4.540457972325385,False,False,False,False,False,False,False
final_ruehl_mask,mixed,142,270920402,60,WAIT,WAIT,4.018999985419214,False,False,False,False,False,False,False
final_ruehl_mask,mixed,142,270920402,61,WAIT,WAIT,3.7463330663740635,False,True,False,False,False,False,False
final_ruehl_mask,mixed,142,270920402,62,WAIT,WAIT,4.323792061768472,False,False,False,False,False,False,False
final_ruehl_mask,mixed,142,270920402,63,WAIT,WAIT,4.483583034016192,False,False,False,False,False,False,False
final_ruehl_mask,mixed,142,270920402,64,WAIT,WAIT,3.6688329419121146,False,False,False,False,False,False,False
final_ruehl_mask,mixed,142,270920402,65,WAIT,WAIT,3.428374999202788,False,False,False,False,False,False,False
final_ruehl_mask,mixed,142,270920402,66,WAIT,WAIT,3.3138750586658716,False,False,False,False,False,False,False
final_ruehl_mask,mixed,142,270920402,67,WAIT,WAIT,4.580041044391692,False,False,False,False,False,False,False
final_ruehl_mask,mixed,142,270920402,68,WAIT,WAIT,4.559666966088116,False,False,False,False,False,False,False
final_ruehl_mask,mixed,142,270920402,69,WAIT,WAIT,4.220208036713302,False,False,False,False,False,False,False
final_ruehl_mask,mixed,142,270920402,70,WAIT,WAIT,4.3579579796642065,False,False,False,False,False,False,False
final_ruehl_mask,mixed,142,270920402,71,LEFT,LEFT,4.2793749598786235,False,True,False,False,False,False,False
final_ruehl_mask,mixed,142,270920402,72,LEFT,LEFT,4.497707937844098,False,False,False,False,False,False,True
final_ruehl_mask,mixed,142,270920402,73,BOMB,BOMB,4.520833026617765,False,False,False,True,False,False,True
final_ruehl_mask,mixed,142,270920402,74,LEFT,LEFT,4.345374996773899,False,False,False,False,False,False,True
final_ruehl_mask,mixed,142,270920402,75,LEFT,LEFT,3.4327079774811864,False,False,False,False,False,False,True
final_ruehl_mask,mixed,142,270920402,76,WAIT,WAIT,3.1190000008791685,False,False,False,False,False,False,True
final_ruehl_mask,mixed,142,270920402,77,WAIT,WAIT,3.3998750150203705,False,False,False,False,False,False,True
final_ruehl_mask,mixed,143,270920403,1,DOWN,DOWN,2.934874966740608,False,True,False,False,False,False,False
final_ruehl_mask,mixed,143,270920403,2,BOMB,BOMB,2.752167056314647,False,False,False,True,False,False,False
final_ruehl_mask,mixed,143,270920403,3,UP,UP,3.0109169892966747,False,False,False,False,False,False,False
final_ruehl_mask,mixed,143,270920403,4,LEFT,LEFT,2.793082967400551,False,False,False,False,False,False,False
final_ruehl_mask,mixed,143,270920403,5,WAIT,WAIT,3.0249999836087227,False,False,False,False,False,False,False
final_ruehl_mask,mixed,143,270920403,6,WAIT,WAIT,2.8526249807327986,False,False,False,False,False,False,False
final_ruehl_mask,mixed,143,270920403,7,WAIT,WAIT,3.0069591011852026,False,False,False,False,False,False,False
final_ruehl_mask,mixed,143,270920403,8,RIGHT,RIGHT,2.940707956440747,False,False,False,False,False,False,False
final_ruehl_mask,mixed,143,270920403,9,BOMB,BOMB,2.6557500241324306,False,False,False,True,False,False,False
final_ruehl_mask,mixed,143,270920403,10,DOWN,DOWN,2.938832971267402,False,False,False,False,False,False,False
final_ruehl_mask,mixed,143,270920403,11,DOWN,DOWN,3.0906670726835728,False,True,False,False,False,False,False
final_ruehl_mask,mixed,143,270920403,12,DOWN,DOWN,3.13354202080518,False,False,False,False,False,False,False
final_ruehl_mask,mixed,143,270920403,13,DOWN,DOWN,2.981708967126906,False,False,False,False,False,False,False
final_ruehl_mask,mixed,143,270920403,14,LEFT,LEFT,2.89424997754395,False,False,False,False,False,False,False
final_ruehl_mask,mixed,143,270920403,15,WAIT,WAIT,3.3659160835668445,False,False,False,False,False,False,False
final_ruehl_mask,mixed,143,270920403,16,BOMB,BOMB,3.2368749380111694,False,False,False,True,False,False,False
final_ruehl_mask,mixed,143,270920403,17,RIGHT,RIGHT,3.0285000102594495,False,False,False,False,False,False,False
final_ruehl_mask,mixed,143,270920403,18,UP,UP,3.60212498344481,False,False,False,False,False,False,False
final_ruehl_mask,mixed,143,270920403,19,UP,UP,3.5345000214874744,False,False,False,False,False,False,False
final_ruehl_mask,mixed,143,270920403,20,UP,UP,3.6973339738324285,False,False,False,False,False,False,False
final_ruehl_mask,mixed,143,270920403,21,UP,UP,4.024541936814785,False,True,False,False,False,False,False
final_ruehl_mask,mixed,143,270920403,22,LEFT,LEFT,3.306125057861209,False,False,False,False,False,False,False
final_ruehl_mask,mixed,143,270920403,23,LEFT,LEFT,3.657541936263442,False,False,False,False,False,False,True
final_ruehl_mask,mixed,143,270920403,24,BOMB,BOMB,3.8172919303178787,False,False,False,True,False,False,True
final_ruehl_mask,mixed,143,270920403,25,LEFT,LEFT,3.587125102058053,False,False,False,False,False,False,True
final_ruehl_mask,mixed,143,270920403,26,WAIT,WAIT,3.0813340563327074,False,False,False,False,False,False,True
final_ruehl_mask,mixed,143,270920403,27,WAIT,WAIT,3.1161250080913305,False,False,False,False,False,False,True
final_ruehl_mask,mixed,143,270920403,28,WAIT,WAIT,3.0891670612618327,False,False,False,False,False,False,True
final_ruehl_mask,mixed,144,270920404,1,UP,UP,2.409250009804964,False,True,False,False,False,False,False
final_ruehl_mask,mixed,144,270920404,2,BOMB,BOMB,2.700124983675778,False,False,False,True,False,False,False
final_ruehl_mask,mixed,144,270920404,3,DOWN,DOWN,2.664084080606699,False,False,False,False,False,False,False
final_ruehl_mask,mixed,144,270920404,4,LEFT,LEFT,2.8824160108342767,False,False,False,False,False,False,False
final_ruehl_mask,mixed,144,270920404,5,WAIT,WAIT,2.4158330634236336,False,False,False,False,False,False,False
final_ruehl_mask,mixed,144,270920404,6,WAIT,WAIT,2.394834067672491,False,False,False,False,False,False,False
final_ruehl_mask,mixed,144,270920404,7,WAIT,WAIT,2.9252920066937804,False,False,False,False,False,False,False
final_ruehl_mask,mixed,144,270920404,8,RIGHT,RIGHT,2.8452080441638827,False,False,False,False,False,False,False
final_ruehl_mask,mixed,144,270920404,9,BOMB,BOMB,2.9562501003965735,False,False,False,True,False,False,False
final_ruehl_mask,mixed,144,270920404,10,UP,UP,2.2161250235512853,False,False,False,False,False,False,False
final_ruehl_mask,mixed,144,270920404,11,UP,UP,3.0492079677060246,False,True,False,False,False,False,False
final_ruehl_mask,mixed,144,270920404,12,UP,UP,2.904167049564421,False,False,False,False,False,False,False
final_ruehl_mask,mixed,144,270920404,13,UP,UP,2.906374982558191,False,False,False,False,False,False,False
final_ruehl_mask,mixed,144,270920404,14,UP,UP,2.4434170918539166,False,False,False,False,False,False,False
final_ruehl_mask,mixed,144,270920404,15,WAIT,WAIT,2.5778330164030194,False,False,False,False,False,False,True
final_ruehl_mask,mixed,144,270920404,16,BOMB,BOMB,2.8621250530704856,False,False,False,True,False,False,True
final_ruehl_mask,mixed,144,270920404,17,DOWN,DOWN,2.9056669445708394,False,False,False,False,False,False,True
final_ruehl_mask,mixed,144,270920404,18,DOWN,DOWN,2.8166669653728604,False,False,False,False,False,False,True
final_ruehl_mask,mixed,144,270920404,19,UP,UP,2.5248340098187327,False,False,False,False,False,False,True
final_ruehl_mask,mixed,144,270920404,20,DOWN,DOWN,2.33429204672575,False,False,False,False,False,False,True
final_ruehl_mask,mixed,145,270920405,1,RIGHT,RIGHT,3.145792055875063,False,True,False,False,False,False,False
final_ruehl_mask,mixed,145,270920405,2,BOMB,BOMB,2.8639580123126507,False,False,False,True,False,False,False
final_ruehl_mask,mixed,145,270920405,3,RIGHT,RIGHT,2.5905410293489695,False,False,False,False,False,False,False
final_ruehl_mask,mixed,145,270920405,4,UP,UP,2.20224994700402,False,False,False,False,False,False,False
final_ruehl_mask,mixed,145,270920405,5,WAIT,WAIT,3.087709075771272,False,False,False,False,False,False,False
final_ruehl_mask,mixed,145,270920405,6,WAIT,WAIT,2.9178750701248646,False,False,False,False,False,False,False
final_ruehl_mask,mixed,145,270920405,7,WAIT,WAIT,3.0793750192970037,False,False,False,False,False,False,False
final_ruehl_mask,mixed,145,270920405,8,WAIT,WAIT,3.149084048345685,False,False,False,False,False,False,False
final_ruehl_mask,mixed,145,270920405,9,BOMB,BOMB,2.8039159951731563,False,False,False,True,False,False,False
final_ruehl_mask,mixed,145,270920405,10,UP,UP,2.3851250298321247,False,False,False,False,False,False,False
final_ruehl_mask,mixed,145,270920405,11,LEFT,LEFT,2.7044169837608933,False,True,False,False,False,False,False
final_ruehl_mask,mixed,145,270920405,12,WAIT,WAIT,3.1617500353604555,False,False,False,False,False,False,False
final_ruehl_mask,mixed,145,270920405,13,LEFT,LEFT,3.060000017285347,False,False,False,False,False,False,False
final_ruehl_mask,mixed,145,270920405,14,DOWN,DOWN,3.360082977451384,False,False,False,False,False,False,False
final_ruehl_mask,mixed,145,270920405,15,DOWN,DOWN,3.3048749901354313,False,False,False,False,False,False,False
final_ruehl_mask,mixed,145,270920405,16,BOMB,BOMB,2.8048750245943666,False,False,False,True,False,False,False
final_ruehl_mask,mixed,145,270920405,17,RIGHT,RIGHT,3.1357919797301292,False,False,False,False,False,False,False
final_ruehl_mask,mixed,145,270920405,18,RIGHT,RIGHT,3.1210420420393348,False,False,False,False,False,False,False
final_ruehl_mask,mixed,145,270920405,19,UP,UP,2.863332978449762,False,False,False,False,False,False,False
final_ruehl_mask,mixed,145,270920405,20,UP,UP,3.412832971662283,False,False,False,False,False,False,False
final_ruehl_mask,mixed,145,270920405,21,RIGHT,RIGHT,3.96125006955117,False,True,False,False,False,False,False
final_ruehl_mask,mixed,145,270920405,22,WAIT,WAIT,3.673249972052872,False,False,False,False,False,False,False
final_ruehl_mask,mixed,145,270920405,23,BOMB,BOMB,3.0246670357882977,False,False,False,True,False,False,False
final_ruehl_mask,mixed,145,270920405,24,LEFT,LEFT,3.5149159375578165,False,False,False,False,False,False,False
final_ruehl_mask,mixed,145,270920405,25,DOWN,DOWN,3.652416984550655,False,False,False,False,False,False,False
final_ruehl_mask,mixed,145,270920405,26,DOWN,DOWN,3.532624919898808,False,False,False,False,False,False,False
final_ruehl_mask,mixed,145,270920405,27,RIGHT,RIGHT,3.596374997869134,False,False,False,False,False,False,False
final_ruehl_mask,mixed,145,270920405,28,RIGHT,RIGHT,3.1582090305164456,False,False,False,False,False,False,False
final_ruehl_mask,mixed,145,270920405,29,WAIT,WAIT,3.424583002924919,False,False,False,False,False,False,False
final_ruehl_mask,mixed,145,270920405,30,BOMB,BOMB,3.9114579558372498,False,False,False,True,False,False,False
final_ruehl_mask,mixed,145,270920405,31,LEFT,LEFT,3.2012079609557986,False,True,False,False,False,False,False
final_ruehl_mask,mixed,145,270920405,32,LEFT,LEFT,4.184124991297722,False,False,False,False,False,False,False
final_ruehl_mask,mixed,145,270920405,33,UP,UP,3.279042080976069,False,False,False,False,False,False,False
final_ruehl_mask,mixed,145,270920405,34,UP,UP,4.048750037327409,False,False,False,False,False,False,False
final_ruehl_mask,mixed,145,270920405,35,RIGHT,RIGHT,4.264332936145365,False,False,False,False,False,False,False
final_ruehl_mask,mixed,145,270920405,36,RIGHT,RIGHT,4.177749971859157,False,False,False,False,False,False,False
final_ruehl_mask,mixed,145,270920405,37,RIGHT,RIGHT,4.672624985687435,False,False,False,False,False,False,False
final_ruehl_mask,mixed,145,270920405,38,RIGHT,RIGHT,3.9171669632196426,False,False,False,False,False,False,False
final_ruehl_mask,mixed,145,270920405,39,BOMB,BOMB,3.707416937686503,False,False,False,True,False,False,False
final_ruehl_mask,mixed,145,270920405,40,LEFT,LEFT,4.037917009554803,False,False,False,False,False,False,False
final_ruehl_mask,mixed,145,270920405,41,LEFT,LEFT,3.983665956184268,False,True,False,False,False,False,False
final_ruehl_mask,mixed,145,270920405,42,DOWN,DOWN,3.688374999910593,False,False,False,False,False,False,False
final_ruehl_mask,mixed,145,270920405,43,DOWN,DOWN,3.2544590067118406,False,False,False,False,False,False,False
final_ruehl_mask,mixed,145,270920405,44,RIGHT,RIGHT,5.119041074067354,False,False,False,False,False,False,False
final_ruehl_mask,mixed,145,270920405,45,RIGHT,RIGHT,4.302541026845574,False,False,False,False,False,False,True
final_ruehl_mask,mixed,145,270920405,46,BOMB,BOMB,4.467624938115478,False,False,False,True,False,False,True
final_ruehl_mask,mixed,145,270920405,47,RIGHT,RIGHT,3.466874943114817,False,False,False,False,False,False,True
final_ruehl_mask,mixed,145,270920405,48,WAIT,WAIT,3.952166996896267,False,False,False,False,False,False,True
final_ruehl_mask,mixed,145,270920405,49,WAIT,WAIT,4.201333038508892,False,False,False,False,False,False,True
final_ruehl_mask,mixed,145,270920405,50,WAIT,WAIT,4.8902080161497,False,False,False,False,False,False,True
final_ruehl_mask,mixed,146,270920406,1,RIGHT,RIGHT,3.139624954201281,False,True,False,False,False,False,False
final_ruehl_mask,mixed,146,270920406,2,BOMB,BOMB,2.3627090267837048,False,False,False,True,False,False,False
final_ruehl_mask,mixed,146,270920406,3,LEFT,LEFT,2.1382919512689114,False,False,False,False,False,False,False
final_ruehl_mask,mixed,146,270920406,4,UP,UP,2.8801250737160444,False,False,False,False,False,False,False
final_ruehl_mask,mixed,146,270920406,5,UP,UP,2.9532910557463765,False,False,False,False,False,False,False
final_ruehl_mask,mixed,146,270920406,6,WAIT,WAIT,3.0342090176418424,False,False,False,False,False,False,False
final_ruehl_mask,mixed,146,270920406,7,DOWN,DOWN,2.8380000730976462,False,False,False,False,False,False,False
final_ruehl_mask,mixed,146,270920406,8,DOWN,DOWN,2.959582954645157,False,False,False,False,False,False,False
final_ruehl_mask,mixed,146,270920406,9,RIGHT,RIGHT,3.207625006325543,False,False,False,False,False,False,False
final_ruehl_mask,mixed,146,270920406,10,RIGHT,RIGHT,2.567875082604587,False,False,False,False,False,False,True
final_ruehl_mask,mixed,146,270920406,11,BOMB,BOMB,3.2492909813299775,False,True,False,True,False,False,True
final_ruehl_mask,mixed,146,270920406,12,RIGHT,RIGHT,2.8123329393565655,False,False,False,False,False,False,True
final_ruehl_mask,mixed,146,270920406,13,RIGHT,RIGHT,2.936915960162878,False,False,False,False,False,False,True
final_ruehl_mask,mixed,146,270920406,14,LEFT,LEFT,3.150500007905066,False,False,False,False,False,False,True
final_ruehl_mask,mixed,146,270920406,15,WAIT,WAIT,3.6038749385625124,False,False,False,False,False,False,True
final_ruehl_mask,mixed,147,270920407,1,WAIT,WAIT,3.000207943841815,False,True,False,False,False,False,False
final_ruehl_mask,mixed,147,270920407,2,WAIT,WAIT,2.972249989397824,False,False,False,False,False,False,False
final_ruehl_mask,mixed,147,270920407,3,DOWN,DOWN,3.644666983745992,False,False,False,False,False,False,False
final_ruehl_mask,mixed,147,270920407,4,BOMB,BOMB,4.036957980133593,False,False,False,True,False,False,False
final_ruehl_mask,mixed,147,270920407,5,UP,UP,3.5446659894660115,False,False,False,False,False,False,False
final_ruehl_mask,mixed,147,270920407,6,LEFT,LEFT,3.0592920957133174,False,False,False,False,False,False,False
final_ruehl_mask,mixed,147,270920407,7,WAIT,WAIT,2.909415983594954,False,False,False,False,False,False,False
final_ruehl_mask,mixed,147,270920407,8,WAIT,WAIT,2.951167058199644,False,False,False,False,False,False,False
final_ruehl_mask,mixed,147,270920407,9,WAIT,WAIT,2.9578329995274544,False,False,False,False,False,False,False
final_ruehl_mask,mixed,147,270920407,10,WAIT,WAIT,7.7437920263037086,False,False,False,False,False,False,False
final_ruehl_mask,mixed,147,270920407,11,BOMB,BOMB,2.4645000230520964,False,True,False,True,False,False,False
final_ruehl_mask,mixed,147,270920407,12,RIGHT,RIGHT,6.168709020130336,False,False,False,False,False,False,False
final_ruehl_mask,mixed,147,270920407,13,DOWN,DOWN,2.7695830212906003,False,False,False,False,False,False,False
final_ruehl_mask,mixed,147,270920407,14,DOWN,DOWN,6.16516696754843,False,False,False,False,False,False,False
final_ruehl_mask,mixed,147,270920407,15,DOWN,DOWN,3.4077500458806753,False,False,False,False,False,False,False
final_ruehl_mask,mixed,147,270920407,16,DOWN,DOWN,2.5629999581724405,False,False,False,False,False,False,False
final_ruehl_mask,mixed,147,270920407,17,WAIT,WAIT,3.589999978430569,False,False,False,False,False,False,False
final_ruehl_mask,mixed,147,270920407,18,WAIT,WAIT,4.3084160424768925,False,False,False,False,False,False,False
final_ruehl_mask,mixed,147,270920407,19,WAIT,WAIT,2.88974994327873,False,False,False,False,False,False,True
final_ruehl_mask,mixed,147,270920407,20,BOMB,BOMB,3.2514589838683605,False,False,False,True,False,False,True
final_ruehl_mask,mixed,147,270920407,21,UP,UP,2.4372499901801348,False,True,False,False,False,False,True
final_ruehl_mask,mixed,147,270920407,22,UP,UP,3.3623339841142297,False,False,False,False,False,False,True
final_ruehl_mask,mixed,147,270920407,23,WAIT,WAIT,2.7894580271095037,False,False,False,False,False,False,True
final_ruehl_mask,mixed,147,270920407,24,DOWN,DOWN,3.7815000396221876,False,False,False,False,False,False,True
final_ruehl_mask,mixed,148,270920408,1,DOWN,DOWN,4.250667057931423,False,True,False,False,False,False,False
final_ruehl_mask,mixed,148,270920408,2,BOMB,BOMB,2.5682079140096903,False,False,False,True,False,False,False
final_ruehl_mask,mixed,148,270920408,3,UP,UP,3.6983750760555267,False,False,False,False,False,False,False
final_ruehl_mask,mixed,148,270920408,4,LEFT,LEFT,2.287917071953416,False,False,False,False,False,False,False
final_ruehl_mask,mixed,148,270920408,5,WAIT,WAIT,2.823707996867597,False,False,False,False,False,False,False
final_ruehl_mask,mixed,148,270920408,6,WAIT,WAIT,2.8375829569995403,False,False,False,False,False,False,False
final_ruehl_mask,mixed,148,270920408,7,WAIT,WAIT,3.082042094320059,False,False,False,False,False,False,False
final_ruehl_mask,mixed,148,270920408,8,WAIT,WAIT,2.813250059261918,False,False,False,False,False,False,False
final_ruehl_mask,mixed,148,270920408,9,BOMB,BOMB,2.7235409943386912,False,False,False,True,False,False,False
final_ruehl_mask,mixed,148,270920408,10,RIGHT,RIGHT,2.6477910578250885,False,False,False,False,False,False,False
final_ruehl_mask,mixed,148,270920408,11,DOWN,DOWN,3.2135420478880405,False,True,False,False,False,False,False
final_ruehl_mask,mixed,148,270920408,12,DOWN,DOWN,3.3591670216992497,False,False,False,False,False,False,False
final_ruehl_mask,mixed,148,270920408,13,DOWN,DOWN,4.365624976344407,False,False,False,False,False,False,False
final_ruehl_mask,mixed,148,270920408,14,DOWN,DOWN,2.5690420297905803,False,False,False,False,False,False,False
final_ruehl_mask,mixed,148,270920408,15,WAIT,WAIT,3.1406249618157744,False,False,False,False,False,False,False
final_ruehl_mask,mixed,148,270920408,16,BOMB,BOMB,3.8030409486964345,False,False,False,True,False,False,False
final_ruehl_mask,mixed,148,270920408,17,UP,UP,3.0479170382022858,False,False,False,False,False,False,False
final_ruehl_mask,mixed,148,270920408,18,UP,UP,3.0902910511940718,False,False,False,False,False,False,False
final_ruehl_mask,mixed,148,270920408,19,UP,UP,3.0561250168830156,False,False,False,False,False,False,False
final_ruehl_mask,mixed,148,270920408,20,UP,UP,3.2724590273573995,False,False,False,False,False,False,False
final_ruehl_mask,mixed,148,270920408,21,LEFT,LEFT,3.711957950145006,False,True,False,False,False,False,False
final_ruehl_mask,mixed,148,270920408,22,LEFT,LEFT,3.844749997369945,False,False,False,False,False,False,True
final_ruehl_mask,mixed,148,270920408,23,BOMB,BOMB,3.8702909369021654,False,False,False,True,False,False,True
final_ruehl_mask,mixed,148,270920408,24,LEFT,LEFT,3.6045419983565807,False,False,False,False,False,False,True
final_ruehl_mask,mixed,148,270920408,25,LEFT,LEFT,3.2231250079348683,False,False,False,False,False,False,True
final_ruehl_mask,mixed,148,270920408,26,RIGHT,RIGHT,3.3844580175355077,False,False,False,False,False,False,True
final_ruehl_mask,mixed,148,270920408,27,LEFT,LEFT,3.906999947503209,False,False,False,False,False,False,True
final_ruehl_mask,mixed,149,270920409,1,UP,UP,2.9520830139517784,False,True,False,False,False,False,False
final_ruehl_mask,mixed,149,270920409,2,BOMB,BOMB,2.5993329472839832,False,False,False,True,False,False,False
final_ruehl_mask,mixed,149,270920409,3,DOWN,DOWN,2.8959999326616526,False,False,False,False,False,False,False
final_ruehl_mask,mixed,149,270920409,4,LEFT,LEFT,3.102125017903745,False,False,False,False,False,False,False
final_ruehl_mask,mixed,149,270920409,5,WAIT,WAIT,2.897875034250319,False,False,False,False,False,False,False
final_ruehl_mask,mixed,149,270920409,6,WAIT,WAIT,3.442749963141978,False,False,False,False,False,False,False
final_ruehl_mask,mixed,149,270920409,7,WAIT,WAIT,2.995333052240312,False,False,False,False,False,False,False
final_ruehl_mask,mixed,149,270920409,8,RIGHT,RIGHT,3.101249923929572,False,False,False,False,False,False,False
final_ruehl_mask,mixed,149,270920409,9,UP,UP,3.7800410063937306,False,False,False,False,False,False,False
final_ruehl_mask,mixed,149,270920409,10,UP,UP,3.186083980835974,False,False,False,False,False,False,False
final_ruehl_mask,mixed,149,270920409,11,UP,UP,3.1182499369606376,False,True,False,False,False,False,False
final_ruehl_mask,mixed,149,270920409,12,UP,UP,2.624667016789317,False,False,False,False,False,False,True
final_ruehl_mask,mixed,149,270920409,13,BOMB,BOMB,3.1490420224145055,False,False,False,True,False,False,True
final_ruehl_mask,mixed,149,270920409,14,UP,UP,2.906291978433728,False,False,False,False,False,False,True
final_ruehl_mask,mixed,149,270920409,15,WAIT,WAIT,3.049458027817309,False,False,False,False,False,False,True
final_ruehl_mask,mixed,149,270920409,16,WAIT,WAIT,3.1425830675289035,False,False,False,False,False,False,True
final_ruehl_mask,mixed,149,270920409,17,WAIT,WAIT,3.0551248928532004,False,False,False,False,False,False,True
final_ruehl_mask,mixed,150,270920410,1,BOMB,BOMB,2.856540959328413,False,True,False,True,False,False,True
final_ruehl_mask,mixed,150,270920410,2,RIGHT,RIGHT,2.813250059261918,False,False,False,False,False,False,True
final_ruehl_mask,mixed,150,270920410,3,WAIT,WAIT,2.659000107087195,False,False,False,False,False,False,True
final_ruehl_mask,mixed,150,270920410,4,WAIT,WAIT,3.0489590717479587,False,False,False,False,False,False,True
final_ruehl_mask,mixed,150,270920410,5,WAIT,WAIT,2.803417039103806,False,False,False,False,False,False,True
final_ruehl_mask,mixed,151,270920411,1,LEFT,LEFT,3.0770829180255532,False,True,False,False,False,False,False
final_ruehl_mask,mixed,151,270920411,2,BOMB,BOMB,3.5285409539937973,False,False,False,True,False,False,False
final_ruehl_mask,mixed,151,270920411,3,RIGHT,RIGHT,2.9227080522105098,False,False,False,False,False,False,False
final_ruehl_mask,mixed,151,270920411,4,UP,UP,3.1046250369399786,False,False,False,False,False,False,False
final_ruehl_mask,mixed,151,270920411,5,WAIT,WAIT,3.3867090241983533,False,False,False,False,False,False,False
final_ruehl_mask,mixed,151,270920411,6,UP,UP,2.863624948076904,False,False,False,False,False,False,False
final_ruehl_mask,mixed,151,270920411,7,UP,UP,2.944291918538511,False,False,False,False,False,False,False
final_ruehl_mask,mixed,151,270920411,8,WAIT,WAIT,4.768999991938472,False,False,False,False,False,False,True
final_ruehl_mask,mixed,151,270920411,9,BOMB,BOMB,3.0970840016379952,False,False,False,True,False,False,True
final_ruehl_mask,mixed,151,270920411,10,DOWN,DOWN,3.1051250407472253,False,False,False,False,False,False,True
final_ruehl_mask,mixed,151,270920411,11,WAIT,WAIT,3.6524159368127584,False,True,True,False,False,False,True
final_ruehl_mask,mixed,151,270920411,12,WAIT,WAIT,2.9669589130207896,False,False,False,False,False,False,True
final_ruehl_mask,mixed,151,270920411,13,WAIT,WAIT,3.0627090018242598,False,False,False,False,False,False,True
final_ruehl_mask,mixed,152,270920412,1,RIGHT,RIGHT,2.9368330724537373,False,True,False,False,False,False,False
final_ruehl_mask,mixed,152,270920412,2,BOMB,BOMB,2.5980419013649225,False,False,False,True,False,False,False
final_ruehl_mask,mixed,152,270920412,3,LEFT,LEFT,2.89712508674711,False,False,False,False,False,False,False
final_ruehl_mask,mixed,152,270920412,4,WAIT,WAIT,2.9704170301556587,False,False,False,False,False,False,False
final_ruehl_mask,mixed,152,270920412,5,UP,UP,2.720916992984712,False,False,False,False,False,False,False
final_ruehl_mask,mixed,152,270920412,6,WAIT,WAIT,2.8325000312179327,False,False,False,False,False,False,False
final_ruehl_mask,mixed,152,270920412,7,WAIT,WAIT,2.8084999648854136,False,False,False,False,False,False,False
final_ruehl_mask,mixed,152,270920412,8,DOWN,DOWN,2.7630410622805357,False,False,False,False,False,False,False
final_ruehl_mask,mixed,152,270920412,9,BOMB,BOMB,2.3926669964566827,False,False,False,True,False,False,False
final_ruehl_mask,mixed,152,270920412,10,RIGHT,RIGHT,2.897457918152213,False,False,False,False,False,False,False
final_ruehl_mask,mixed,152,270920412,11,RIGHT,RIGHT,3.1086249509826303,False,True,False,False,False,False,False
final_ruehl_mask,mixed,152,270920412,12,RIGHT,RIGHT,3.4174160100519657,False,False,False,False,False,False,False
final_ruehl_mask,mixed,152,270920412,13,RIGHT,RIGHT,3.3001250121742487,False,False,False,False,False,False,False
final_ruehl_mask,mixed,152,270920412,14,UP,UP,3.1770829809829593,False,False,False,False,False,False,False
final_ruehl_mask,mixed,152,270920412,15,DOWN,DOWN,3.943916060961783,False,False,False,False,False,False,False
final_ruehl_mask,mixed,152,270920412,16,BOMB,BOMB,3.3049590419977903,False,False,False,True,False,False,False
final_ruehl_mask,mixed,152,270920412,17,LEFT,LEFT,3.085582982748747,False,False,False,False,False,False,False
final_ruehl_mask,mixed,152,270920412,18,LEFT,LEFT,3.2728329533711076,False,False,False,False,False,False,False
final_ruehl_mask,mixed,152,270920412,19,LEFT,LEFT,3.2002910738810897,False,False,False,False,False,False,False
final_ruehl_mask,mixed,152,270920412,20,LEFT,LEFT,3.011374967172742,False,False,False,False,False,False,False
final_ruehl_mask,mixed,152,270920412,21,UP,UP,3.270875080488622,False,True,False,False,False,False,False
final_ruehl_mask,mixed,152,270920412,22,DOWN,DOWN,3.5777920857071877,False,False,False,False,False,False,False
final_ruehl_mask,mixed,152,270920412,23,RIGHT,RIGHT,4.228124977089465,False,False,False,False,False,False,False
final_ruehl_mask,mixed,152,270920412,24,WAIT,WAIT,2.9109170427545905,False,False,False,False,False,False,False
final_ruehl_mask,mixed,152,270920412,25,WAIT,WAIT,3.8850000128149986,False,False,False,False,False,False,False
final_ruehl_mask,mixed,152,270920412,26,RIGHT,RIGHT,4.510917002335191,False,False,False,False,False,False,False
final_ruehl_mask,mixed,152,270920412,27,BOMB,BOMB,3.5105410497635603,False,False,False,True,False,False,False
final_ruehl_mask,mixed,152,270920412,28,RIGHT,RIGHT,4.604290938004851,False,False,False,False,False,False,False
final_ruehl_mask,mixed,152,270920412,29,RIGHT,RIGHT,3.9208329981192946,False,False,False,False,False,False,False
final_ruehl_mask,mixed,152,270920412,30,UP,UP,3.6275830352678895,False,False,False,False,False,False,False
final_ruehl_mask,mixed,152,270920412,31,WAIT,WAIT,3.5698339343070984,False,True,False,False,False,False,False
final_ruehl_mask,mixed,152,270920412,32,UP,UP,3.623249940574169,False,False,False,False,False,False,False
final_ruehl_mask,mixed,152,270920412,33,UP,UP,4.1791669791564345,False,False,False,False,False,False,False
final_ruehl_mask,mixed,152,270920412,34,BOMB,BOMB,3.7399170687422156,False,False,False,True,False,False,False
final_ruehl_mask,mixed,152,270920412,35,DOWN,DOWN,3.9524580352008343,False,False,False,False,False,False,False
final_ruehl_mask,mixed,152,270920412,36,DOWN,DOWN,8.675624965690076,False,False,False,False,False,False,False
final_ruehl_mask,mixed,152,270920412,37,DOWN,DOWN,6.753917085006833,False,False,False,False,False,False,False
final_ruehl_mask,mixed,152,270920412,38,RIGHT,RIGHT,6.096958066336811,False,False,False,False,False,False,False
final_ruehl_mask,mixed,152,270920412,39,RIGHT,RIGHT,3.64491599611938,False,False,False,False,False,False,False
final_ruehl_mask,mixed,152,270920412,40,RIGHT,RIGHT,9.050915949046612,False,False,False,False,False,False,True
final_ruehl_mask,mixed,152,270920412,41,BOMB,BOMB,6.532749976031482,False,True,False,True,False,False,True
final_ruehl_mask,mixed,152,270920412,42,RIGHT,RIGHT,4.166250000707805,False,False,False,False,False,False,True
final_ruehl_mask,mixed,152,270920412,43,WAIT,WAIT,3.702874993905425,False,False,False,False,False,False,True
final_ruehl_mask,mixed,152,270920412,44,WAIT,WAIT,4.106875043362379,False,False,False,False,False,False,True
final_ruehl_mask,mixed,152,270920412,45,WAIT,WAIT,3.4503749338909984,False,False,False,False,False,False,True
final_ruehl_mask,mixed,153,270920413,1,DOWN,DOWN,2.3685829946771264,False,True,False,False,False,False,False
final_ruehl_mask,mixed,153,270920413,2,BOMB,BOMB,2.1245829993858933,False,False,False,True,False,False,False
final_ruehl_mask,mixed,153,270920413,3,UP,UP,2.0603749435395002,False,False,False,False,False,False,False
final_ruehl_mask,mixed,153,270920413,4,WAIT,WAIT,2.8431660030037165,False,False,False,False,False,False,False
final_ruehl_mask,mixed,153,270920413,5,LEFT,LEFT,2.1876669488847256,False,False,False,False,False,False,False
final_ruehl_mask,mixed,153,270920413,6,WAIT,WAIT,2.866292023099959,False,False,False,False,False,False,False
final_ruehl_mask,mixed,153,270920413,7,WAIT,WAIT,2.984916907735169,False,False,False,False,False,False,False
final_ruehl_mask,mixed,153,270920413,8,RIGHT,RIGHT,3.138875006698072,False,False,False,False,False,False,False
final_ruehl_mask,mixed,153,270920413,9,BOMB,BOMB,3.0065829632803798,False,False,False,True,False,False,False
final_ruehl_mask,mixed,153,270920413,10,DOWN,DOWN,3.151417011395097,False,False,False,False,False,False,False
final_ruehl_mask,mixed,153,270920413,11,DOWN,DOWN,2.4143329355865717,False,True,False,False,False,False,False
final_ruehl_mask,mixed,153,270920413,12,DOWN,DOWN,3.6358340876176953,False,False,False,False,False,False,False
final_ruehl_mask,mixed,153,270920413,13,DOWN,DOWN,3.3398339292034507,False,False,False,False,False,False,False
final_ruehl_mask,mixed,153,270920413,14,DOWN,DOWN,3.962625050917268,False,False,False,False,False,False,False
final_ruehl_mask,mixed,153,270920413,15,UP,UP,2.9687080532312393,False,False,False,False,False,False,False
final_ruehl_mask,mixed,153,270920413,16,BOMB,BOMB,2.5981670478358865,False,False,False,True,False,False,False
final_ruehl_mask,mixed,153,270920413,17,UP,UP,3.305374993942678,False,False,False,False,False,False,False
final_ruehl_mask,mixed,153,270920413,18,UP,UP,2.9950420139357448,False,False,False,False,False,False,False
final_ruehl_mask,mixed,153,270920413,19,UP,UP,3.0430409824475646,False,False,False,False,False,False,False
final_ruehl_mask,mixed,153,270920413,20,UP,UP,3.2041670056059957,False,False,False,False,False,False,False
final_ruehl_mask,mixed,153,270920413,21,WAIT,WAIT,3.5464579705148935,False,True,False,False,False,False,False
final_ruehl_mask,mixed,153,270920413,22,WAIT,WAIT,3.9194580167531967,False,False,False,False,False,False,False
final_ruehl_mask,mixed,153,270920413,23,WAIT,WAIT,3.7609999999403954,False,False,False,False,False,False,False
final_ruehl_mask,mixed,153,270920413,24,WAIT,WAIT,3.496792051009834,False,False,False,False,False,False,False
final_ruehl_mask,mixed,153,270920413,25,WAIT,WAIT,3.6691660061478615,False,False,False,False,False,False,False
final_ruehl_mask,mixed,153,270920413,26,WAIT,WAIT,3.0079580610617995,False,False,False,False,False,False,False
final_ruehl_mask,mixed,153,270920413,27,WAIT,WAIT,3.3382080728188157,False,False,False,False,False,False,False
final_ruehl_mask,mixed,153,270920413,28,WAIT,WAIT,3.442833083681762,False,False,False,False,False,False,False
final_ruehl_mask,mixed,153,270920413,29,WAIT,WAIT,3.379834000952542,False,False,False,False,False,False,False
final_ruehl_mask,mixed,153,270920413,30,WAIT,WAIT,3.2882920932024717,False,False,False,False,False,False,False
final_ruehl_mask,mixed,153,270920413,31,WAIT,WAIT,3.421416971832514,False,True,False,False,False,False,False
final_ruehl_mask,mixed,153,270920413,32,LEFT,LEFT,3.269332926720381,False,False,False,False,False,False,True
final_ruehl_mask,mixed,153,270920413,33,BOMB,BOMB,2.821124973706901,False,False,False,True,False,False,True
final_ruehl_mask,mixed,153,270920413,34,LEFT,LEFT,2.485166070982814,False,False,False,False,False,False,True
final_ruehl_mask,mixed,153,270920413,35,LEFT,LEFT,2.966458909213543,False,False,False,False,False,False,True
final_ruehl_mask,mixed,153,270920413,36,RIGHT,RIGHT,3.740832908079028,False,False,False,False,False,False,True
final_ruehl_mask,mixed,153,270920413,37,LEFT,LEFT,3.1948749674484134,False,False,False,False,False,False,True
final_ruehl_mask,mixed,154,270920414,1,LEFT,LEFT,2.5602499954402447,False,True,False,False,False,False,False
final_ruehl_mask,mixed,154,270920414,2,BOMB,BOMB,2.784291049465537,False,False,False,True,False,False,False
final_ruehl_mask,mixed,154,270920414,3,RIGHT,RIGHT,2.825375064276159,False,False,False,False,False,False,False
final_ruehl_mask,mixed,154,270920414,4,WAIT,WAIT,3.0446250457316637,False,False,False,False,False,False,False
final_ruehl_mask,mixed,154,270920414,5,DOWN,DOWN,2.658208948560059,False,False,False,False,False,False,False
final_ruehl_mask,mixed,154,270920414,6,WAIT,WAIT,2.7133330004289746,False,False,False,False,False,False,False
final_ruehl_mask,mixed,154,270920414,7,WAIT,WAIT,3.4095830051228404,False,False,False,False,False,False,False
final_ruehl_mask,mixed,154,270920414,8,WAIT,WAIT,2.8754170052707195,False,False,False,False,False,False,False
final_ruehl_mask,mixed,154,270920414,9,BOMB,BOMB,2.7705419342964888,False,False,False,True,False,False,False
final_ruehl_mask,mixed,154,270920414,10,UP,UP,3.050958039239049,False,False,False,False,False,False,False
final_ruehl_mask,mixed,154,270920414,11,LEFT,LEFT,3.0175000429153442,False,True,False,False,False,False,False
final_ruehl_mask,mixed,154,270920414,12,LEFT,LEFT,3.4750000340864062,False,False,False,False,False,False,False
final_ruehl_mask,mixed,154,270920414,13,LEFT,LEFT,3.2427910482510924,False,False,False,False,False,False,False
final_ruehl_mask,mixed,154,270920414,14,LEFT,LEFT,3.227042034268379,False,False,False,False,False,False,False
final_ruehl_mask,mixed,154,270920414,15,LEFT,LEFT,3.4597920021042228,False,False,False,False,False,False,True
final_ruehl_mask,mixed,154,270920414,16,BOMB,BOMB,3.1796670518815517,False,False,False,True,False,False,True
final_ruehl_mask,mixed,154,270920414,17,LEFT,LEFT,2.8919170144945383,False,False,False,False,False,False,True
final_ruehl_mask,mixed,154,270920414,18,WAIT,WAIT,2.8484169160947204,False,False,False,False,False,False,True
final_ruehl_mask,mixed,154,270920414,19,WAIT,WAIT,3.0906250467523932,False,False,False,False,False,False,True
final_ruehl_mask,mixed,154,270920414,20,WAIT,WAIT,2.99933401402086,False,False,False,False,False,False,True
final_ruehl_mask,mixed,155,270920415,1,UP,UP,3.269790904596448,False,True,False,False,False,False,False
final_ruehl_mask,mixed,155,270920415,2,BOMB,BOMB,3.017415991052985,False,False,False,True,False,False,False
final_ruehl_mask,mixed,155,270920415,3,DOWN,DOWN,2.814041916280985,False,False,False,False,False,False,False
final_ruehl_mask,mixed,155,270920415,4,LEFT,LEFT,2.737000002525747,False,False,False,False,False,False,False
final_ruehl_mask,mixed,155,270920415,5,WAIT,WAIT,4.095167038030922,False,False,False,False,False,False,False
final_ruehl_mask,mixed,155,270920415,6,WAIT,WAIT,3.0426669400185347,False,False,False,False,False,False,False
final_ruehl_mask,mixed,155,270920415,7,WAIT,WAIT,5.373290972784162,False,False,False,False,False,False,False
final_ruehl_mask,mixed,155,270920415,8,WAIT,WAIT,2.77345790527761,False,False,False,False,False,False,False
final_ruehl_mask,mixed,155,270920415,9,BOMB,BOMB,3.2410830026492476,False,False,False,True,False,False,False
final_ruehl_mask,mixed,155,270920415,10,RIGHT,RIGHT,3.2681250013411045,False,False,False,False,False,False,False
final_ruehl_mask,mixed,155,270920415,11,UP,UP,3.145791939459741,False,True,False,False,False,False,False
final_ruehl_mask,mixed,155,270920415,12,UP,UP,3.2619580160826445,False,False,False,False,False,False,False
final_ruehl_mask,mixed,155,270920415,13,UP,UP,3.220417071133852,False,False,False,False,False,False,False
final_ruehl_mask,mixed,155,270920415,14,UP,UP,3.205500077456236,False,False,False,False,False,False,False
final_ruehl_mask,mixed,155,270920415,15,WAIT,WAIT,3.487874986603856,False,False,False,False,False,False,False
final_ruehl_mask,mixed,155,270920415,16,BOMB,BOMB,4.200582974590361,False,False,False,True,False,False,False
final_ruehl_mask,mixed,155,270920415,17,DOWN,DOWN,3.526334068737924,False,False,False,False,False,False,False
final_ruehl_mask,mixed,155,270920415,18,DOWN,DOWN,7.718625012785196,False,False,False,False,False,False,False
final_ruehl_mask,mixed,155,270920415,19,DOWN,DOWN,3.2914169132709503,False,False,False,False,False,False,False
final_ruehl_mask,mixed,155,270920415,20,DOWN,DOWN,3.386833006516099,False,False,False,False,False,False,False
final_ruehl_mask,mixed,155,270920415,21,LEFT,LEFT,3.9437079103663564,False,True,False,False,False,False,False
final_ruehl_mask,mixed,155,270920415,22,LEFT,LEFT,4.160249955020845,False,False,False,False,False,False,False
final_ruehl_mask,mixed,155,270920415,23,UP,UP,3.9625830249860883,False,False,False,False,False,False,False
final_ruehl_mask,mixed,155,270920415,24,UP,UP,7.153999991714954,False,False,False,False,False,False,False
final_ruehl_mask,mixed,155,270920415,25,BOMB,BOMB,3.272750065661967,False,False,False,True,False,False,False
final_ruehl_mask,mixed,155,270920415,26,DOWN,DOWN,5.6940000504255295,False,False,False,False,False,False,False
final_ruehl_mask,mixed,155,270920415,27,DOWN,DOWN,3.6452499916777015,False,False,False,False,False,False,False
final_ruehl_mask,mixed,155,270920415,28,RIGHT,RIGHT,4.3482090113684535,False,False,False,False,False,False,False
final_ruehl_mask,mixed,155,270920415,29,WAIT,WAIT,4.972208058461547,False,False,False,False,False,False,False
final_ruehl_mask,mixed,155,270920415,30,RIGHT,RIGHT,6.799749913625419,False,False,False,False,False,False,False
final_ruehl_mask,mixed,155,270920415,31,WAIT,WAIT,4.983374965377152,False,True,False,False,False,False,False
final_ruehl_mask,mixed,155,270920415,32,WAIT,WAIT,4.633208038285375,False,False,False,False,False,False,False
final_ruehl_mask,mixed,155,270920415,33,WAIT,WAIT,3.9313749875873327,False,False,False,False,False,False,False
final_ruehl_mask,mixed,155,270920415,34,WAIT,WAIT,6.498874980024993,False,False,False,False,False,False,False
final_ruehl_mask,mixed,155,270920415,35,WAIT,WAIT,5.266749998554587,False,False,False,False,False,False,False
final_ruehl_mask,mixed,155,270920415,36,WAIT,WAIT,5.0033340230584145,False,False,False,False,False,False,False
final_ruehl_mask,mixed,155,270920415,37,WAIT,WAIT,4.7149170422926545,False,False,False,False,False,False,False
final_ruehl_mask,mixed,155,270920415,38,WAIT,WAIT,5.874374997802079,False,False,False,False,False,False,False
final_ruehl_mask,mixed,155,270920415,39,WAIT,WAIT,4.2681669583544135,False,False,False,False,False,False,False
final_ruehl_mask,mixed,155,270920415,40,UP,UP,4.787834011949599,False,False,False,False,False,False,False
final_ruehl_mask,mixed,155,270920415,41,UP,UP,5.024334066547453,False,True,False,False,False,False,False
final_ruehl_mask,mixed,155,270920415,42,UP,UP,4.9316249787807465,False,False,False,False,False,False,False
final_ruehl_mask,mixed,155,270920415,43,UP,UP,4.60125005338341,False,False,False,False,False,False,False
final_ruehl_mask,mixed,155,270920415,44,UP,UP,4.592625075019896,False,False,False,False,False,False,False
final_ruehl_mask,mixed,155,270920415,45,UP,UP,4.633042030036449,False,False,False,False,False,False,False
final_ruehl_mask,mixed,155,270920415,46,BOMB,BOMB,6.356291938573122,False,False,False,True,False,False,False
final_ruehl_mask,mixed,155,270920415,47,UP,UP,4.731083055958152,False,False,False,False,False,False,False
final_ruehl_mask,mixed,155,270920415,48,UP,UP,5.289875087328255,False,False,False,False,False,False,False
final_ruehl_mask,mixed,155,270920415,49,UP,UP,4.830542020499706,False,False,False,False,False,False,False
final_ruehl_mask,mixed,155,270920415,50,UP,UP,6.157209048978984,False,False,False,False,False,False,False
final_ruehl_mask,mixed,155,270920415,51,UP,UP,9.854374919086695,False,True,False,False,False,False,False
final_ruehl_mask,mixed,155,270920415,52,DOWN,DOWN,5.0844160141423345,False,False,False,False,False,False,True
final_ruehl_mask,mixed,155,270920415,53,BOMB,BOMB,5.213917000219226,False,False,False,True,False,False,True
final_ruehl_mask,mixed,155,270920415,54,DOWN,DOWN,5.446208990179002,False,False,False,False,False,False,True
final_ruehl_mask,mixed,155,270920415,55,DOWN,DOWN,5.771499942056835,False,False,False,False,False,False,True
final_ruehl_mask,mixed,155,270920415,56,WAIT,WAIT,7.697499939240515,False,False,False,False,False,False,True
final_ruehl_mask,mixed,155,270920415,57,UP,UP,4.377666977234185,False,False,False,False,False,False,True
final_ruehl_mask,mixed,156,270920416,1,LEFT,LEFT,2.5691669434309006,False,True,False,False,False,False,False
final_ruehl_mask,mixed,156,270920416,2,BOMB,BOMB,2.3594170343130827,False,False,False,True,False,False,False
final_ruehl_mask,mixed,156,270920416,3,RIGHT,RIGHT,2.3225839249789715,False,False,False,False,False,False,False
final_ruehl_mask,mixed,156,270920416,4,UP,UP,3.0720410868525505,False,False,False,False,False,False,False
final_ruehl_mask,mixed,156,270920416,5,UP,UP,2.8633750043809414,False,False,False,False,False,False,False
final_ruehl_mask,mixed,156,270920416,6,WAIT,WAIT,3.2224579481408,False,False,False,False,False,False,False
final_ruehl_mask,mixed,156,270920416,7,WAIT,WAIT,3.2567500602453947,False,False,False,False,False,False,False
final_ruehl_mask,mixed,156,270920416,8,WAIT,WAIT,2.538749948143959,False,False,False,False,False,False,False
final_ruehl_mask,mixed,156,270920416,9,BOMB,BOMB,2.229333040304482,False,False,False,True,False,False,False
final_ruehl_mask,mixed,156,270920416,10,DOWN,DOWN,2.265000017359853,False,False,False,False,False,False,False
final_ruehl_mask,mixed,156,270920416,11,DOWN,DOWN,2.2716670064255595,False,True,False,False,False,False,False
final_ruehl_mask,mixed,156,270920416,12,LEFT,LEFT,3.7815410178154707,False,False,False,False,False,False,False
final_ruehl_mask,mixed,156,270920416,13,LEFT,LEFT,6.631167023442686,False,False,False,False,False,False,False
final_ruehl_mask,mixed,156,270920416,14,LEFT,LEFT,4.370542010292411,False,False,False,False,False,False,False
final_ruehl_mask,mixed,156,270920416,15,LEFT,LEFT,3.9453330682590604,False,False,False,False,False,False,False
final_ruehl_mask,mixed,156,270920416,16,BOMB,BOMB,4.843874950893223,False,False,False,True,False,False,False
final_ruehl_mask,mixed,156,270920416,17,RIGHT,RIGHT,3.2948750304058194,False,False,False,False,False,False,False
final_ruehl_mask,mixed,156,270920416,18,RIGHT,RIGHT,10.680874926038086,False,False,False,False,False,False,False
final_ruehl_mask,mixed,156,270920416,19,UP,UP,3.8975829957053065,False,False,False,False,False,False,False
final_ruehl_mask,mixed,156,270920416,20,UP,UP,4.378957906737924,False,False,False,False,False,False,False
final_ruehl_mask,mixed,156,270920416,21,UP,UP,5.546209053136408,False,True,False,False,False,False,False
final_ruehl_mask,mixed,156,270920416,22,DOWN,DOWN,5.312290973961353,False,False,False,False,False,False,False
final_ruehl_mask,mixed,156,270920416,23,DOWN,DOWN,6.587542011402547,False,False,False,False,False,False,False
final_ruehl_mask,mixed,156,270920416,24,DOWN,DOWN,4.36741707380861,False,False,False,False,False,False,False
final_ruehl_mask,mixed,156,270920416,25,LEFT,LEFT,4.717750009149313,False,False,False,False,False,False,False
final_ruehl_mask,mixed,156,270920416,26,LEFT,LEFT,5.7604999747127295,False,False,False,False,False,False,False
final_ruehl_mask,mixed,156,270920416,27,LEFT,LEFT,3.150500007905066,False,False,False,False,False,False,False
final_ruehl_mask,mixed,156,270920416,28,LEFT,LEFT,7.810125011019409,False,False,False,False,False,False,True
final_ruehl_mask,mixed,156,270920416,29,BOMB,BOMB,3.1091669807210565,False,False,False,True,False,False,True
final_ruehl_mask,mixed,156,270920416,30,LEFT,LEFT,3.840500023216009,False,False,False,False,False,False,True
final_ruehl_mask,mixed,156,270920416,31,LEFT,LEFT,8.39899992570281,False,False,False,False,False,False,True
final_ruehl_mask,mixed,156,270920416,32,RIGHT,RIGHT,3.547249943949282,False,False,False,False,False,False,True
final_ruehl_mask,mixed,156,270920416,33,LEFT,LEFT,3.7432500394061208,False,False,False,False,False,False,True
final_ruehl_mask,mixed,157,270920417,1,UP,UP,3.930457984097302,False,True,False,False,False,False,False
final_ruehl_mask,mixed,157,270920417,2,BOMB,BOMB,2.8507920214906335,False,False,False,True,False,False,False
final_ruehl_mask,mixed,157,270920417,3,DOWN,DOWN,5.7353751035407186,False,False,False,False,False,False,False
final_ruehl_mask,mixed,157,270920417,4,LEFT,LEFT,3.003791905939579,False,False,False,False,False,False,False
final_ruehl_mask,mixed,157,270920417,5,WAIT,WAIT,3.104915958829224,False,False,False,False,False,False,False
final_ruehl_mask,mixed,157,270920417,6,WAIT,WAIT,3.051375038921833,False,False,False,False,False,False,False
final_ruehl_mask,mixed,157,270920417,7,WAIT,WAIT,3.138834028504789,False,False,False,False,False,False,False
final_ruehl_mask,mixed,157,270920417,8,WAIT,WAIT,2.434624941088259,False,False,False,False,False,False,False
final_ruehl_mask,mixed,157,270920417,9,BOMB,BOMB,3.8451249711215496,False,False,False,True,False,False,False
final_ruehl_mask,mixed,157,270920417,10,RIGHT,RIGHT,11.753374943509698,False,False,False,False,False,False,False
final_ruehl_mask,mixed,157,270920417,11,UP,UP,3.2924169208854437,False,True,False,False,False,False,False
final_ruehl_mask,mixed,157,270920417,12,UP,UP,2.8025000356137753,False,False,False,False,False,False,False
final_ruehl_mask,mixed,157,270920417,13,UP,UP,4.184999968856573,False,False,False,False,False,False,False
final_ruehl_mask,mixed,157,270920417,14,UP,UP,3.293124958872795,False,False,False,False,False,False,False
final_ruehl_mask,mixed,157,270920417,15,WAIT,WAIT,2.6906669372692704,False,False,False,False,False,False,True
final_ruehl_mask,mixed,157,270920417,16,BOMB,BOMB,8.448125096037984,False,False,False,True,False,False,True
final_ruehl_mask,mixed,157,270920417,17,DOWN,DOWN,3.1932919519022107,False,False,False,False,False,False,True
final_ruehl_mask,mixed,157,270920417,18,DOWN,DOWN,3.919165930710733,False,False,False,False,False,False,True
final_ruehl_mask,mixed,157,270920417,19,WAIT,WAIT,3.259040997363627,False,False,False,False,False,False,True
final_ruehl_mask,mixed,157,270920417,20,DOWN,DOWN,3.272166009992361,False,False,False,False,False,False,True
final_ruehl_mask,mixed,158,270920418,1,DOWN,DOWN,5.084042088128626,False,True,False,False,False,False,True
final_ruehl_mask,mixed,158,270920418,2,BOMB,BOMB,3.9983330061659217,False,False,False,True,False,False,True
final_ruehl_mask,mixed,158,270920418,3,DOWN,DOWN,3.0348330037668347,False,False,False,False,False,False,True
final_ruehl_mask,mixed,158,270920418,4,WAIT,WAIT,3.077500034123659,False,False,False,False,False,False,True
final_ruehl_mask,mixed,158,270920418,5,WAIT,WAIT,3.434416023083031,False,False,False,False,False,False,True
final_ruehl_mask,mixed,158,270920418,6,WAIT,WAIT,4.073916003108025,False,False,False,False,False,False,True
final_ruehl_mask,mixed,159,270920419,1,DOWN,DOWN,2.9386659152805805,False,True,False,False,False,False,False
final_ruehl_mask,mixed,159,270920419,2,BOMB,BOMB,2.6939999079331756,False,False,False,True,False,False,False
final_ruehl_mask,mixed,159,270920419,3,UP,UP,2.166084013879299,False,False,False,False,False,False,False
final_ruehl_mask,mixed,159,270920419,4,LEFT,LEFT,2.344041015021503,False,False,False,False,False,False,False
final_ruehl_mask,mixed,159,270920419,5,WAIT,WAIT,2.8077909955754876,False,False,False,False,False,False,False
final_ruehl_mask,mixed,159,270920419,6,WAIT,WAIT,2.7615419821813703,False,False,False,False,False,False,False
final_ruehl_mask,mixed,159,270920419,7,WAIT,WAIT,2.7800409588962793,False,False,False,False,False,False,False
final_ruehl_mask,mixed,159,270920419,8,WAIT,WAIT,2.677790937013924,False,False,False,False,False,False,False
final_ruehl_mask,mixed,159,270920419,9,BOMB,BOMB,2.829874982126057,False,False,False,True,False,False,False
final_ruehl_mask,mixed,159,270920419,10,RIGHT,RIGHT,2.6862910017371178,False,False,False,False,False,False,False
final_ruehl_mask,mixed,159,270920419,11,DOWN,DOWN,2.968124928884208,False,True,False,False,False,False,False
final_ruehl_mask,mixed,159,270920419,12,DOWN,DOWN,3.2563330605626106,False,False,False,False,False,False,False
final_ruehl_mask,mixed,159,270920419,13,DOWN,DOWN,3.2191670034080744,False,False,False,False,False,False,False
final_ruehl_mask,mixed,159,270920419,14,DOWN,DOWN,3.094709012657404,False,False,False,False,False,False,False
final_ruehl_mask,mixed,159,270920419,15,WAIT,WAIT,3.4157501067966223,False,False,False,False,False,False,False
final_ruehl_mask,mixed,159,270920419,16,BOMB,BOMB,2.9613750521093607,False,False,False,True,False,False,False
final_ruehl_mask,mixed,159,270920419,17,UP,UP,3.0529999639838934,False,False,False,False,False,False,False
final_ruehl_mask,mixed,159,270920419,18,UP,UP,3.146667033433914,False,False,False,False,False,False,False
final_ruehl_mask,mixed,159,270920419,19,UP,UP,3.1456249998882413,False,False,False,False,False,False,False
final_ruehl_mask,mixed,159,270920419,20,UP,UP,3.1235000351443887,False,False,False,False,False,False,False
final_ruehl_mask,mixed,159,270920419,21,LEFT,LEFT,3.152166958898306,False,True,False,False,False,False,False
final_ruehl_mask,mixed,159,270920419,22,LEFT,LEFT,3.6438750103116035,False,False,False,False,False,False,False
final_ruehl_mask,mixed,159,270920419,23,BOMB,BOMB,3.9690829580649734,False,False,False,True,False,False,False
final_ruehl_mask,mixed,159,270920419,24,RIGHT,RIGHT,3.463459084741771,False,False,False,False,False,False,False
final_ruehl_mask,mixed,159,270920419,25,RIGHT,RIGHT,2.728792023845017,False,False,False,False,False,False,False
final_ruehl_mask,mixed,159,270920419,26,DOWN,DOWN,3.8194169756025076,False,False,False,False,False,False,False
final_ruehl_mask,mixed,159,270920419,27,DOWN,DOWN,3.7620830116793513,False,False,False,False,False,False,False
final_ruehl_mask,mixed,159,270920419,28,DOWN,DOWN,4.057750105857849,False,False,False,False,False,False,False
final_ruehl_mask,mixed,159,270920419,29,DOWN,DOWN,3.2082500401884317,False,False,False,False,False,False,False
final_ruehl_mask,mixed,159,270920419,30,LEFT,LEFT,4.32737497612834,False,False,False,False,False,False,True
final_ruehl_mask,mixed,159,270920419,31,BOMB,BOMB,3.9157080464065075,False,True,False,True,False,False,True
final_ruehl_mask,mixed,159,270920419,32,LEFT,LEFT,3.7697500083595514,False,False,False,False,False,False,True
final_ruehl_mask,mixed,159,270920419,33,LEFT,LEFT,3.6352919414639473,False,False,False,False,False,False,True
final_ruehl_mask,mixed,159,270920419,34,WAIT,WAIT,3.653166932053864,False,False,False,False,False,False,True
final_ruehl_mask,mixed,159,270920419,35,RIGHT,RIGHT,3.5271659726276994,False,False,False,False,False,False,True
final_ruehl_mask,mixed,160,270920420,1,DOWN,DOWN,2.9479999793693423,False,True,False,False,False,False,False
final_ruehl_mask,mixed,160,270920420,2,BOMB,BOMB,2.774125081487,False,False,False,True,False,False,False
final_ruehl_mask,mixed,160,270920420,3,UP,UP,3.289166954346001,False,False,False,False,False,False,False
final_ruehl_mask,mixed,160,270920420,4,RIGHT,RIGHT,2.7417909586802125,False,False,False,False,False,False,False
final_ruehl_mask,mixed,160,270920420,5,WAIT,WAIT,2.5069579714909196,False,False,False,False,False,False,False
final_ruehl_mask,mixed,160,270920420,6,WAIT,WAIT,2.162792021408677,False,False,False,False,False,False,False
final_ruehl_mask,mixed,160,270920420,7,WAIT,WAIT,3.1268339371308684,False,False,False,False,False,False,False
final_ruehl_mask,mixed,160,270920420,8,WAIT,WAIT,4.905249923467636,False,False,False,False,False,False,False
final_ruehl_mask,mixed,160,270920420,9,BOMB,BOMB,4.296291037462652,False,False,False,True,False,False,False
final_ruehl_mask,mixed,160,270920420,10,LEFT,LEFT,8.316540974192321,False,False,False,False,False,False,False
final_ruehl_mask,mixed,160,270920420,11,WAIT,WAIT,3.8055420154705644,False,True,False,False,False,False,False
final_ruehl_mask,mixed,160,270920420,12,DOWN,DOWN,3.6180000752210617,False,False,False,False,False,False,False
final_ruehl_mask,mixed,160,270920420,13,DOWN,DOWN,4.167375038377941,False,False,False,False,False,False,False
final_ruehl_mask,mixed,160,270920420,14,UP,UP,13.31433397717774,False,False,False,False,False,False,False
final_ruehl_mask,mixed,160,270920420,15,UP,UP,10.033459053374827,False,False,False,False,False,False,False
final_ruehl_mask,mixed,160,270920420,16,RIGHT,RIGHT,3.5662499722093344,False,False,False,False,False,False,False
final_ruehl_mask,mixed,160,270920420,17,RIGHT,RIGHT,2.878874889574945,False,False,False,False,False,False,False
final_ruehl_mask,mixed,160,270920420,18,RIGHT,RIGHT,2.45274999178946,False,False,False,False,False,False,True
final_ruehl_mask,mixed,160,270920420,19,BOMB,BOMB,3.681250032968819,False,False,False,True,False,False,True
final_ruehl_mask,mixed,160,270920420,20,RIGHT,RIGHT,3.4048749366775155,False,False,False,False,False,False,True
final_ruehl_mask,mixed,160,270920420,21,WAIT,WAIT,3.295541973784566,False,False,False,False,False,False,True
final_ruehl_mask,mixed,160,270920420,22,WAIT,WAIT,3.277457901276648,False,False,False,False,False,False,True
final_ruehl_mask,mixed,160,270920420,23,WAIT,WAIT,2.7817920781672,False,False,False,False,False,False,True
final_ruehl_mask,mixed,161,270920421,1,RIGHT,RIGHT,3.594874986447394,False,True,False,False,False,False,False
final_ruehl_mask,mixed,161,270920421,2,BOMB,BOMB,3.458457998931408,False,False,False,True,False,False,False
final_ruehl_mask,mixed,161,270920421,3,LEFT,LEFT,2.879041014239192,False,False,False,False,False,False,False
final_ruehl_mask,mixed,161,270920421,4,DOWN,DOWN,2.616125042550266,False,False,False,False,False,False,False
final_ruehl_mask,mixed,161,270920421,5,DOWN,DOWN,4.528249963186681,False,False,False,False,False,False,False
final_ruehl_mask,mixed,161,270920421,6,WAIT,WAIT,2.934457967057824,False,False,False,False,False,False,False
final_ruehl_mask,mixed,161,270920421,7,RIGHT,RIGHT,2.610333962365985,False,False,False,False,False,False,False
final_ruehl_mask,mixed,161,270920421,8,RIGHT,RIGHT,3.2434590393677354,False,False,False,False,False,False,False
final_ruehl_mask,mixed,161,270920421,9,BOMB,BOMB,3.389874938875437,False,False,False,True,False,False,False
final_ruehl_mask,mixed,161,270920421,10,UP,UP,3.1322080176323652,False,False,False,False,False,False,False
final_ruehl_mask,mixed,161,270920421,11,UP,UP,2.6566670276224613,False,True,False,False,False,False,False
final_ruehl_mask,mixed,161,270920421,12,LEFT,LEFT,3.392249927856028,False,False,False,False,False,False,False
final_ruehl_mask,mixed,161,270920421,13,LEFT,LEFT,5.467458977364004,False,False,False,False,False,False,False
final_ruehl_mask,mixed,161,270920421,14,DOWN,DOWN,3.7420829758048058,False,False,False,False,False,False,False
final_ruehl_mask,mixed,161,270920421,15,DOWN,DOWN,5.530250025913119,False,False,False,False,False,False,False
final_ruehl_mask,mixed,161,270920421,16,BOMB,BOMB,6.410166039131582,False,False,False,True,False,False,False
final_ruehl_mask,mixed,161,270920421,17,UP,UP,4.159625037573278,False,False,False,False,False,False,False
final_ruehl_mask,mixed,161,270920421,18,UP,UP,7.152459002099931,False,False,False,False,False,False,False
final_ruehl_mask,mixed,161,270920421,19,RIGHT,RIGHT,2.695458009839058,False,False,False,False,False,False,False
final_ruehl_mask,mixed,161,270920421,20,RIGHT,RIGHT,4.849042044952512,False,False,False,False,False,False,False
final_ruehl_mask,mixed,161,270920421,21,RIGHT,RIGHT,5.666750017553568,False,True,False,False,False,False,False
final_ruehl_mask,mixed,161,270920421,22,RIGHT,RIGHT,4.825167008675635,False,False,False,False,False,False,False
final_ruehl_mask,mixed,161,270920421,23,BOMB,BOMB,4.470166051760316,False,False,False,True,False,False,False
final_ruehl_mask,mixed,161,270920421,24,LEFT,LEFT,6.56070897821337,False,False,False,False,False,False,False
final_ruehl_mask,mixed,161,270920421,25,LEFT,LEFT,3.6969169741496444,False,False,False,False,False,False,False
final_ruehl_mask,mixed,161,270920421,26,DOWN,DOWN,3.1918749446049333,False,False,False,False,False,False,False
final_ruehl_mask,mixed,161,270920421,27,DOWN,DOWN,8.107999921776354,False,False,False,False,False,False,False
final_ruehl_mask,mixed,161,270920421,28,LEFT,LEFT,11.491416022181511,False,False,False,False,False,False,False
final_ruehl_mask,mixed,161,270920421,29,LEFT,LEFT,6.2225410947576165,False,False,False,False,False,False,False
final_ruehl_mask,mixed,161,270920421,30,UP,UP,8.30079207662493,False,False,False,False,False,False,False
final_ruehl_mask,mixed,161,270920421,31,UP,UP,4.246000084094703,False,True,False,False,False,False,False
final_ruehl_mask,mixed,161,270920421,32,RIGHT,RIGHT,12.737083015963435,False,False,False,False,False,False,False
final_ruehl_mask,mixed,161,270920421,33,RIGHT,RIGHT,4.368709051050246,False,False,False,False,False,False,False
final_ruehl_mask,mixed,161,270920421,34,RIGHT,RIGHT,5.41649991646409,False,False,False,False,False,False,False
final_ruehl_mask,mixed,161,270920421,35,RIGHT,RIGHT,3.614624962210655,False,False,False,False,False,False,False
final_ruehl_mask,mixed,161,270920421,36,RIGHT,RIGHT,4.308708012104034,False,False,False,False,False,False,False
final_ruehl_mask,mixed,161,270920421,37,RIGHT,RIGHT,4.089957918040454,False,False,False,False,False,False,False
final_ruehl_mask,mixed,161,270920421,38,RIGHT,RIGHT,3.7420830922201276,False,False,False,False,False,False,False
final_ruehl_mask,mixed,161,270920421,39,RIGHT,RIGHT,3.4433749970048666,False,False,False,False,False,False,True
final_ruehl_mask,mixed,161,270920421,40,BOMB,BOMB,2.8148749843239784,False,False,False,True,False,False,True
final_ruehl_mask,mixed,161,270920421,41,RIGHT,RIGHT,2.4387079756706953,False,True,False,False,False,False,True
final_ruehl_mask,mixed,161,270920421,42,RIGHT,RIGHT,2.5898749008774757,False,False,False,False,False,False,True
final_ruehl_mask,mixed,161,270920421,43,WAIT,WAIT,3.4282089909538627,False,False,False,False,False,False,True
final_ruehl_mask,mixed,161,270920421,44,RIGHT,RIGHT,2.693457994610071,False,False,False,False,False,False,True
final_ruehl_mask,mixed,162,270920422,1,LEFT,LEFT,2.36120808403939,False,True,False,False,False,False,False
final_ruehl_mask,mixed,162,270920422,2,BOMB,BOMB,2.9212089721113443,False,False,False,True,False,False,False
final_ruehl_mask,mixed,162,270920422,3,RIGHT,RIGHT,2.1947500063106418,False,False,False,False,False,False,False
final_ruehl_mask,mixed,162,270920422,4,UP,UP,3.2234579557552934,False,False,False,False,False,False,False
final_ruehl_mask,mixed,162,270920422,5,WAIT,WAIT,3.226584056392312,False,False,False,False,False,False,False
final_ruehl_mask,mixed,162,270920422,6,WAIT,WAIT,2.492625033482909,False,False,False,False,False,False,False
final_ruehl_mask,mixed,162,270920422,7,WAIT,WAIT,3.053541062399745,False,False,False,False,False,False,False
final_ruehl_mask,mixed,162,270920422,8,DOWN,DOWN,3.1523749930784106,False,False,False,False,False,False,False
final_ruehl_mask,mixed,162,270920422,9,LEFT,LEFT,3.3830830361694098,False,False,False,False,False,False,False
final_ruehl_mask,mixed,162,270920422,10,LEFT,LEFT,3.1976669561117887,False,False,False,False,False,False,False
final_ruehl_mask,mixed,162,270920422,11,LEFT,LEFT,3.5285420017316937,False,True,False,False,False,False,False
final_ruehl_mask,mixed,162,270920422,12,LEFT,LEFT,3.284708014689386,False,False,False,False,False,False,False
final_ruehl_mask,mixed,162,270920422,13,BOMB,BOMB,2.567125018686056,False,False,False,True,False,False,False
final_ruehl_mask,mixed,162,270920422,14,RIGHT,RIGHT,2.991124987602234,False,False,False,False,False,False,False
final_ruehl_mask,mixed,162,270920422,15,RIGHT,RIGHT,5.950874998234212,False,False,False,False,False,False,False
final_ruehl_mask,mixed,162,270920422,16,UP,UP,7.038666983135045,False,False,False,False,False,False,False
final_ruehl_mask,mixed,162,270920422,17,WAIT,WAIT,3.0580409802496433,False,False,False,False,False,False,False
final_ruehl_mask,mixed,162,270920422,18,WAIT,WAIT,3.618124988861382,False,False,False,False,False,False,False
final_ruehl_mask,mixed,162,270920422,19,WAIT,WAIT,3.4056250005960464,False,False,False,False,False,False,False
final_ruehl_mask,mixed,162,270920422,20,BOMB,BOMB,5.396832944825292,False,False,False,True,False,False,False
final_ruehl_mask,mixed,162,270920422,21,DOWN,DOWN,3.4534999867901206,False,True,False,False,False,False,False
final_ruehl_mask,mixed,162,270920422,22,RIGHT,RIGHT,4.314332967624068,False,False,False,False,False,False,False
final_ruehl_mask,mixed,162,270920422,23,RIGHT,RIGHT,4.073082935065031,False,False,False,False,False,False,False
final_ruehl_mask,mixed,162,270920422,24,UP,UP,8.857417036779225,False,False,False,False,False,False,False
final_ruehl_mask,mixed,162,270920422,25,DOWN,DOWN,3.840290941298008,False,False,False,False,False,False,False
final_ruehl_mask,mixed,162,270920422,26,LEFT,LEFT,6.575625040568411,False,False,False,False,False,False,False
final_ruehl_mask,mixed,162,270920422,27,LEFT,LEFT,8.557374938391149,False,False,False,False,False,False,False
final_ruehl_mask,mixed,162,270920422,28,LEFT,LEFT,5.228457972407341,False,False,False,False,False,False,False
final_ruehl_mask,mixed,162,270920422,29,LEFT,LEFT,5.1267079543322325,False,False,False,False,False,False,False
final_ruehl_mask,mixed,162,270920422,30,LEFT,LEFT,5.196499987505376,False,False,False,False,False,False,False
final_ruehl_mask,mixed,162,270920422,31,LEFT,LEFT,16.809375025331974,False,True,False,False,False,False,True
final_ruehl_mask,mixed,162,270920422,32,BOMB,BOMB,4.24458400812,False,False,False,True,False,False,True
final_ruehl_mask,mixed,162,270920422,33,LEFT,LEFT,3.2516670180484653,False,False,False,False,False,False,True
final_ruehl_mask,mixed,162,270920422,34,LEFT,LEFT,39.87550002057105,False,False,False,False,False,False,True
final_ruehl_mask,mixed,162,270920422,35,LEFT,LEFT,16.48674998432398,False,False,False,False,False,False,True
final_ruehl_mask,mixed,162,270920422,36,RIGHT,RIGHT,5.593208014033735,False,False,False,False,False,False,True
final_ruehl_mask,mixed,163,270920423,1,DOWN,DOWN,3.0286669498309493,False,True,False,False,False,False,True
final_ruehl_mask,mixed,163,270920423,2,BOMB,BOMB,2.5155419716611505,False,False,False,True,False,False,True
final_ruehl_mask,mixed,163,270920423,3,DOWN,DOWN,2.1721250377595425,False,False,False,False,False,False,True
final_ruehl_mask,mixed,163,270920423,4,DOWN,DOWN,3.299292060546577,False,False,False,False,False,False,True
final_ruehl_mask,mixed,163,270920423,5,UP,UP,2.089999965392053,False,False,False,False,False,False,True
final_ruehl_mask,mixed,163,270920423,6,DOWN,DOWN,3.251958987675607,False,False,False,False,False,False,True
final_ruehl_mask,mixed,164,270920424,1,UP,UP,4.507416975684464,False,True,False,False,False,False,False
final_ruehl_mask,mixed,164,270920424,2,BOMB,BOMB,2.984417020343244,False,False,False,True,False,False,False
final_ruehl_mask,mixed,164,270920424,3,DOWN,DOWN,2.8734999941661954,False,False,False,False,False,False,False
final_ruehl_mask,mixed,164,270920424,4,LEFT,LEFT,3.2776249572634697,False,False,False,False,False,False,False
final_ruehl_mask,mixed,164,270920424,5,WAIT,WAIT,2.996166003867984,False,False,False,False,False,False,False
final_ruehl_mask,mixed,164,270920424,6,WAIT,WAIT,4.640750004909933,False,False,False,False,False,False,False
final_ruehl_mask,mixed,164,270920424,7,WAIT,WAIT,3.36883298587054,False,False,False,False,False,False,False
final_ruehl_mask,mixed,164,270920424,8,WAIT,WAIT,3.880457952618599,False,False,False,False,False,False,False
final_ruehl_mask,mixed,164,270920424,9,BOMB,BOMB,3.048375016078353,False,False,False,True,False,False,False
final_ruehl_mask,mixed,164,270920424,10,RIGHT,RIGHT,3.0707080150023103,False,False,False,False,False,False,False
final_ruehl_mask,mixed,164,270920424,11,UP,UP,2.981542027555406,False,True,False,False,False,False,False
final_ruehl_mask,mixed,164,270920424,12,UP,UP,2.9414589516818523,False,False,False,False,False,False,False
final_ruehl_mask,mixed,164,270920424,13,UP,UP,3.242374979890883,False,False,False,False,False,False,False
final_ruehl_mask,mixed,164,270920424,14,UP,UP,3.177500097081065,False,False,False,False,False,False,False
final_ruehl_mask,mixed,164,270920424,15,UP,UP,3.244750085286796,False,False,False,False,False,False,False
final_ruehl_mask,mixed,164,270920424,16,BOMB,BOMB,2.9009999707341194,False,False,False,True,False,False,False
final_ruehl_mask,mixed,164,270920424,17,DOWN,DOWN,2.9257499845698476,False,False,False,False,False,False,False
final_ruehl_mask,mixed,164,270920424,18,LEFT,LEFT,3.1082089990377426,False,False,False,False,False,False,False
final_ruehl_mask,mixed,164,270920424,19,WAIT,WAIT,2.8727499302476645,False,False,False,False,False,False,False
final_ruehl_mask,mixed,164,270920424,20,WAIT,WAIT,2.930458984337747,False,False,False,False,False,False,False
final_ruehl_mask,mixed,164,270920424,21,WAIT,WAIT,3.2145410077646375,False,True,False,False,False,False,False
final_ruehl_mask,mixed,164,270920424,22,WAIT,WAIT,3.3391660545021296,False,False,False,False,False,False,False
final_ruehl_mask,mixed,164,270920424,23,BOMB,BOMB,3.030791995115578,False,False,False,True,False,False,False
final_ruehl_mask,mixed,164,270920424,24,RIGHT,RIGHT,2.722207922488451,False,False,False,False,False,False,False
final_ruehl_mask,mixed,164,270920424,25,UP,UP,3.423208021558821,False,False,False,False,False,False,False
final_ruehl_mask,mixed,164,270920424,26,UP,UP,2.6454580947756767,False,False,False,False,False,False,False
final_ruehl_mask,mixed,164,270920424,27,UP,UP,4.833750077523291,False,False,False,False,False,False,False
final_ruehl_mask,mixed,164,270920424,28,UP,UP,3.5359159810468554,False,False,False,False,False,False,False
final_ruehl_mask,mixed,164,270920424,29,WAIT,WAIT,3.459207946434617,False,False,False,False,False,False,True
final_ruehl_mask,mixed,164,270920424,30,BOMB,BOMB,3.6324579268693924,False,False,False,True,False,False,True
final_ruehl_mask,mixed,164,270920424,31,DOWN,DOWN,2.656332915648818,False,True,False,False,False,False,True
final_ruehl_mask,mixed,164,270920424,32,DOWN,DOWN,3.5523329861462116,False,False,False,False,False,False,True
final_ruehl_mask,mixed,164,270920424,33,UP,UP,3.584875026717782,False,False,False,False,False,False,True
final_ruehl_mask,mixed,164,270920424,34,DOWN,DOWN,3.3710000570863485,False,False,False,False,False,False,True
final_ruehl_mask,mixed,165,270920425,1,UP,UP,2.465332974679768,False,True,False,False,False,False,False
final_ruehl_mask,mixed,165,270920425,2,BOMB,BOMB,2.3347079986706376,False,False,False,True,False,False,False
final_ruehl_mask,mixed,165,270920425,3,DOWN,DOWN,2.923291060142219,False,False,False,False,False,False,False
final_ruehl_mask,mixed,165,270920425,4,RIGHT,RIGHT,2.8497499879449606,False,False,False,False,False,False,False
final_ruehl_mask,mixed,165,270920425,5,RIGHT,RIGHT,3.5526250721886754,False,False,False,False,False,False,False
final_ruehl_mask,mixed,165,270920425,6,WAIT,WAIT,2.9001670191064477,False,False,False,False,False,False,False
final_ruehl_mask,mixed,165,270920425,7,WAIT,WAIT,3.8436249596998096,False,False,False,False,False,False,False
final_ruehl_mask,mixed,165,270920425,8,WAIT,WAIT,3.1020420137792826,False,False,False,False,False,False,False
final_ruehl_mask,mixed,165,270920425,9,BOMB,BOMB,4.115000017918646,False,False,False,True,False,False,False
final_ruehl_mask,mixed,165,270920425,10,LEFT,LEFT,3.2973330235108733,False,False,False,False,False,False,False
final_ruehl_mask,mixed,165,270920425,11,LEFT,LEFT,3.3469999907538295,False,True,False,False,False,False,False
final_ruehl_mask,mixed,165,270920425,12,UP,UP,5.807124893181026,False,False,False,False,False,False,False
final_ruehl_mask,mixed,165,270920425,13,UP,UP,3.2875409815460443,False,False,False,False,False,False,False
final_ruehl_mask,mixed,165,270920425,14,UP,UP,3.6526250187307596,False,False,False,False,False,False,False
final_ruehl_mask,mixed,165,270920425,15,UP,UP,3.6545840557664633,False,False,False,False,False,False,False
final_ruehl_mask,mixed,165,270920425,16,BOMB,BOMB,2.6178749976679683,False,False,False,True,False,False,False
final_ruehl_mask,mixed,165,270920425,17,DOWN,DOWN,3.046458004973829,False,False,False,False,False,False,False
final_ruehl_mask,mixed,165,270920425,18,DOWN,DOWN,3.2525419956073165,False,False,False,False,False,False,False
final_ruehl_mask,mixed,165,270920425,19,DOWN,DOWN,3.1463330378755927,False,False,False,False,False,False,False
final_ruehl_mask,mixed,165,270920425,20,DOWN,DOWN,3.594542038626969,False,False,False,False,False,False,False
final_ruehl_mask,mixed,165,270920425,21,WAIT,WAIT,3.5113750491291285,False,True,False,False,False,False,False
final_ruehl_mask,mixed,165,270920425,22,UP,UP,3.734332975000143,False,False,False,False,False,False,False
final_ruehl_mask,mixed,165,270920425,23,UP,UP,3.977250074967742,False,False,False,False,False,False,False
final_ruehl_mask,mixed,165,270920425,24,BOMB,BOMB,4.396082949824631,False,False,False,True,False,False,False
final_ruehl_mask,mixed,165,270920425,25,UP,UP,4.074999946169555,False,False,False,False,False,False,False
final_ruehl_mask,mixed,165,270920425,26,UP,UP,4.047791939228773,False,False,False,False,False,False,False
final_ruehl_mask,mixed,165,270920425,27,RIGHT,RIGHT,4.720250028185546,False,False,False,False,False,False,False
final_ruehl_mask,mixed,165,270920425,28,WAIT,WAIT,4.376374999992549,False,False,False,False,False,False,False
final_ruehl_mask,mixed,165,270920425,29,WAIT,WAIT,3.855459042824805,False,False,False,False,False,False,False
final_ruehl_mask,mixed,165,270920425,30,WAIT,WAIT,4.1117919608950615,False,False,False,False,False,False,False
final_ruehl_mask,mixed,165,270920425,31,BOMB,BOMB,3.3982499735429883,False,True,False,True,False,False,False
final_ruehl_mask,mixed,165,270920425,32,LEFT,LEFT,4.06099995598197,False,False,False,False,False,False,False
final_ruehl_mask,mixed,165,270920425,33,UP,UP,4.249749938026071,False,False,False,False,False,False,False
final_ruehl_mask,mixed,165,270920425,34,UP,UP,3.387250006198883,False,False,False,False,False,False,False
final_ruehl_mask,mixed,165,270920425,35,UP,UP,4.023708985187113,False,False,False,False,False,False,False
final_ruehl_mask,mixed,165,270920425,36,UP,UP,2.92954093310982,False,False,False,False,False,False,False
final_ruehl_mask,mixed,165,270920425,37,UP,UP,4.276249906979501,False,False,False,False,False,False,False
final_ruehl_mask,mixed,165,270920425,38,UP,UP,3.7747080205008388,False,False,False,False,False,False,False
final_ruehl_mask,mixed,165,270920425,39,UP,UP,4.531792015768588,False,False,False,False,False,False,False
final_ruehl_mask,mixed,165,270920425,40,UP,UP,4.201999981887639,False,False,False,False,False,False,False
final_ruehl_mask,mixed,165,270920425,41,UP,UP,4.294791957363486,False,True,False,False,False,False,False
final_ruehl_mask,mixed,165,270920425,42,UP,UP,4.670000053010881,False,False,False,False,False,False,False
final_ruehl_mask,mixed,165,270920425,43,BOMB,BOMB,4.433833062648773,False,False,False,True,False,False,False
final_ruehl_mask,mixed,165,270920425,44,RIGHT,RIGHT,3.032083041034639,False,False,False,False,False,False,False
final_ruehl_mask,mixed,165,270920425,45,WAIT,WAIT,5.045625031925738,False,False,False,False,False,False,False
final_ruehl_mask,mixed,165,270920425,46,RIGHT,RIGHT,4.562249989248812,False,False,False,False,False,False,False
final_ruehl_mask,mixed,165,270920425,47,DOWN,DOWN,4.347416921518743,False,False,False,False,False,False,False
final_ruehl_mask,mixed,165,270920425,48,DOWN,DOWN,5.202958011068404,False,False,False,False,False,False,False
final_ruehl_mask,mixed,165,270920425,49,LEFT,LEFT,5.595583003014326,False,False,False,False,False,False,False
final_ruehl_mask,mixed,165,270920425,50,LEFT,LEFT,4.626583075150847,False,False,False,False,False,False,False
final_ruehl_mask,mixed,165,270920425,51,UP,UP,5.621124990284443,False,True,False,False,False,False,False
final_ruehl_mask,mixed,165,270920425,52,UP,UP,6.454249960370362,False,False,False,False,False,False,False
final_ruehl_mask,mixed,165,270920425,53,RIGHT,RIGHT,4.750999971292913,False,False,False,False,False,False,False
final_ruehl_mask,mixed,165,270920425,54,BOMB,BOMB,4.314791993238032,False,False,False,True,False,False,False
final_ruehl_mask,mixed,165,270920425,55,LEFT,LEFT,4.41408297047019,False,False,False,False,False,False,False
final_ruehl_mask,mixed,165,270920425,56,DOWN,DOWN,4.2337499326094985,False,False,False,False,False,False,False
final_ruehl_mask,mixed,165,270920425,57,DOWN,DOWN,3.839291981421411,False,False,False,False,False,False,False
final_ruehl_mask,mixed,165,270920425,58,DOWN,DOWN,5.238709039986134,False,False,False,False,False,False,False
final_ruehl_mask,mixed,165,270920425,59,DOWN,DOWN,5.60370902530849,False,False,False,False,False,False,False
final_ruehl_mask,mixed,165,270920425,60,WAIT,WAIT,5.223458050750196,False,False,False,False,False,False,False
final_ruehl_mask,mixed,165,270920425,61,RIGHT,RIGHT,5.213083000853658,False,True,False,False,False,False,False
final_ruehl_mask,mixed,165,270920425,62,WAIT,WAIT,5.537666962482035,False,False,False,False,False,False,False
final_ruehl_mask,mixed,165,270920425,63,WAIT,WAIT,6.748625077307224,False,False,False,False,False,False,False
final_ruehl_mask,mixed,165,270920425,64,WAIT,WAIT,5.02183404751122,False,False,False,False,False,False,False
final_ruehl_mask,mixed,165,270920425,65,LEFT,LEFT,18.928290926851332,False,False,False,False,False,False,False
final_ruehl_mask,mixed,165,270920425,66,UP,UP,12.842749943956733,False,False,False,False,False,False,False
final_ruehl_mask,mixed,165,270920425,67,UP,UP,20.408208947628736,False,False,False,False,False,False,False
final_ruehl_mask,mixed,165,270920425,68,UP,UP,22.93124992866069,False,False,False,False,False,False,False
final_ruehl_mask,mixed,165,270920425,69,UP,UP,7.557166973128915,False,False,False,False,False,False,False
final_ruehl_mask,mixed,165,270920425,70,RIGHT,RIGHT,5.06612507160753,False,False,False,False,False,False,False
final_ruehl_mask,mixed,165,270920425,71,BOMB,BOMB,4.504000069573522,False,True,False,True,True,False,False
final_ruehl_mask,mixed,165,270920425,72,LEFT,LEFT,4.798999987542629,False,False,False,False,False,False,False
final_ruehl_mask,mixed,165,270920425,73,DOWN,DOWN,4.187083919532597,False,False,False,False,False,False,False
final_ruehl_mask,mixed,165,270920425,74,DOWN,DOWN,4.170874948613346,False,False,False,False,False,False,False
final_ruehl_mask,mixed,165,270920425,75,DOWN,DOWN,4.547415999695659,False,False,False,False,False,False,False
final_ruehl_mask,mixed,165,270920425,76,WAIT,WAIT,3.9997079875320196,False,False,False,False,False,False,False
final_ruehl_mask,mixed,165,270920425,77,WAIT,WAIT,4.413667018525302,False,False,False,False,False,False,False
final_ruehl_mask,mixed,165,270920425,78,WAIT,WAIT,5.117209046147764,False,False,False,False,False,False,False
final_ruehl_mask,mixed,165,270920425,79,DOWN,DOWN,5.3830420365557075,False,False,False,False,False,False,False
final_ruehl_mask,mixed,165,270920425,80,DOWN,DOWN,4.832916078157723,False,False,False,False,False,False,False
final_ruehl_mask,mixed,165,270920425,81,DOWN,DOWN,4.712958005256951,False,True,False,False,False,False,False
final_ruehl_mask,mixed,165,270920425,82,BOMB,BOMB,4.64216701220721,False,False,False,True,False,False,False
final_ruehl_mask,mixed,165,270920425,83,DOWN,DOWN,5.006166989915073,False,False,False,False,False,False,False
final_ruehl_mask,mixed,165,270920425,84,WAIT,WAIT,3.8143330020830035,False,False,False,False,False,False,False
final_ruehl_mask,mixed,165,270920425,85,DOWN,DOWN,4.508915939368308,False,False,False,False,False,False,False
final_ruehl_mask,mixed,165,270920425,86,RIGHT,RIGHT,4.631249932572246,False,False,False,False,False,False,False
final_ruehl_mask,mixed,165,270920425,87,RIGHT,RIGHT,5.286040948703885,False,False,False,False,False,False,False
final_ruehl_mask,mixed,165,270920425,88,UP,UP,5.173166049644351,False,False,False,False,False,False,False
final_ruehl_mask,mixed,165,270920425,89,UP,UP,5.479582934640348,False,False,False,False,False,False,False
final_ruehl_mask,mixed,165,270920425,90,LEFT,LEFT,4.199292045086622,False,False,False,False,False,False,False
final_ruehl_mask,mixed,165,270920425,91,WAIT,WAIT,5.106250056996942,False,True,False,False,False,False,False
final_ruehl_mask,mixed,165,270920425,92,BOMB,BOMB,5.177541053853929,False,False,False,True,False,False,False
final_ruehl_mask,mixed,165,270920425,93,LEFT,LEFT,5.032665911130607,False,False,False,False,False,False,False
final_ruehl_mask,mixed,165,270920425,94,UP,UP,4.044667002744973,False,False,False,False,False,False,False
final_ruehl_mask,mixed,165,270920425,95,UP,UP,4.257917054928839,False,False,False,False,False,False,False
final_ruehl_mask,mixed,165,270920425,96,UP,UP,5.66141598392278,False,False,False,False,False,False,False
final_ruehl_mask,mixed,165,270920425,97,UP,UP,5.146041978150606,False,False,False,False,False,False,False
final_ruehl_mask,mixed,165,270920425,98,UP,UP,4.234250052832067,False,False,False,False,False,False,False
final_ruehl_mask,mixed,165,270920425,99,UP,UP,4.723500111140311,False,False,False,False,False,False,False
final_ruehl_mask,mixed,165,270920425,100,WAIT,WAIT,4.822209011763334,False,False,False,False,False,False,False
final_ruehl_mask,mixed,165,270920425,101,RIGHT,RIGHT,4.810207989066839,False,True,False,False,False,False,False
final_ruehl_mask,mixed,165,270920425,102,RIGHT,RIGHT,4.936667042784393,False,False,False,False,False,False,False
final_ruehl_mask,mixed,165,270920425,103,RIGHT,RIGHT,4.270334029570222,False,False,False,False,False,False,False
final_ruehl_mask,mixed,165,270920425,104,RIGHT,RIGHT,4.703416023403406,False,False,False,False,False,False,False
final_ruehl_mask,mixed,165,270920425,105,RIGHT,RIGHT,5.110249971039593,False,False,False,False,False,False,False
final_ruehl_mask,mixed,165,270920425,106,RIGHT,RIGHT,4.375750082544982,False,False,False,False,False,False,False
final_ruehl_mask,mixed,165,270920425,107,RIGHT,RIGHT,4.6783750876784325,False,False,False,False,False,False,False
final_ruehl_mask,mixed,165,270920425,108,RIGHT,RIGHT,5.101041053421795,False,False,False,False,False,False,False
final_ruehl_mask,mixed,165,270920425,109,RIGHT,RIGHT,5.812874995172024,False,False,False,False,False,False,False
final_ruehl_mask,mixed,165,270920425,110,RIGHT,RIGHT,5.8174170553684235,False,False,False,False,False,False,False
final_ruehl_mask,mixed,165,270920425,111,RIGHT,RIGHT,4.92454192135483,False,True,False,False,False,False,False
final_ruehl_mask,mixed,165,270920425,112,RIGHT,RIGHT,4.689250024966896,False,False,False,False,False,False,False
final_ruehl_mask,mixed,165,270920425,113,BOMB,BOMB,5.171915981918573,False,False,False,True,False,False,False
final_ruehl_mask,mixed,165,270920425,114,RIGHT,RIGHT,5.827500019222498,False,False,False,False,False,False,False
final_ruehl_mask,mixed,165,270920425,115,RIGHT,RIGHT,5.519583937712014,False,False,False,False,False,False,False
final_ruehl_mask,mixed,165,270920425,116,DOWN,DOWN,5.387875018641353,False,False,False,False,False,False,False
final_ruehl_mask,mixed,165,270920425,117,DOWN,DOWN,5.194249912165105,False,False,False,False,False,False,False
final_ruehl_mask,mixed,165,270920425,118,DOWN,DOWN,5.592125002294779,False,False,False,False,False,False,False
final_ruehl_mask,mixed,165,270920425,119,DOWN,DOWN,4.778875038027763,False,False,False,False,False,False,False
final_ruehl_mask,mixed,165,270920425,120,BOMB,BOMB,5.182291963137686,False,False,False,True,False,False,False
final_ruehl_mask,mixed,165,270920425,121,DOWN,DOWN,4.17262502014637,False,True,False,False,False,False,False
final_ruehl_mask,mixed,165,270920425,122,DOWN,DOWN,4.861250054091215,False,False,False,False,False,False,False
final_ruehl_mask,mixed,165,270920425,123,LEFT,LEFT,4.440958960913122,False,False,False,False,False,False,False
final_ruehl_mask,mixed,165,270920425,124,LEFT,LEFT,4.87900001462549,False,False,False,False,False,False,False
final_ruehl_mask,mixed,165,270920425,125,LEFT,LEFT,5.767250084318221,False,False,False,False,False,False,False
final_ruehl_mask,mixed,165,270920425,126,LEFT,LEFT,5.24783309083432,False,False,False,False,False,False,False
final_ruehl_mask,mixed,165,270920425,127,DOWN,DOWN,5.71616692468524,False,False,False,False,False,False,False
final_ruehl_mask,mixed,165,270920425,128,DOWN,DOWN,4.298459040001035,False,False,False,False,False,False,False
final_ruehl_mask,mixed,165,270920425,129,DOWN,DOWN,6.150334025733173,False,False,False,False,False,False,False
final_ruehl_mask,mixed,165,270920425,130,BOMB,BOMB,8.76574998255819,False,False,False,True,True,False,False
final_ruehl_mask,mixed,165,270920425,131,DOWN,DOWN,6.44741696305573,False,True,False,False,False,False,False
final_ruehl_mask,mixed,165,270920425,132,DOWN,DOWN,6.9456660421565175,False,False,False,False,False,False,False
final_ruehl_mask,mixed,165,270920425,133,UP,UP,7.9801250249147415,False,False,False,False,False,False,False
final_ruehl_mask,mixed,165,270920425,134,RIGHT,RIGHT,7.73695798125118,False,False,False,False,False,False,False
final_ruehl_mask,mixed,165,270920425,135,RIGHT,RIGHT,7.237041951157153,False,False,False,False,False,False,False
final_ruehl_mask,mixed,165,270920425,136,UP,UP,7.209708099253476,False,False,False,False,False,False,False
final_ruehl_mask,mixed,165,270920425,137,BOMB,BOMB,5.9967499691993,False,False,False,True,True,False,False
final_ruehl_mask,mixed,165,270920425,138,DOWN,DOWN,6.617499981075525,False,False,False,False,False,False,False
final_ruehl_mask,mixed,165,270920425,139,LEFT,LEFT,6.694457959383726,False,False,False,False,False,False,False
final_ruehl_mask,mixed,165,270920425,140,LEFT,LEFT,6.710125016979873,False,False,False,False,False,False,False
final_ruehl_mask,mixed,165,270920425,141,DOWN,DOWN,8.03654093760997,False,True,False,False,False,False,False
final_ruehl_mask,mixed,165,270920425,142,DOWN,DOWN,7.638165960088372,False,False,False,False,False,False,False
final_ruehl_mask,mixed,165,270920425,143,DOWN,DOWN,6.81583397090435,False,False,False,False,False,False,False
final_ruehl_mask,mixed,165,270920425,144,WAIT,WAIT,4.8790829023346305,False,False,False,False,False,False,False
final_ruehl_mask,mixed,165,270920425,145,WAIT,WAIT,4.723125020973384,False,False,False,False,False,False,False
final_ruehl_mask,mixed,165,270920425,146,WAIT,WAIT,4.971833899617195,False,False,False,False,False,False,False
final_ruehl_mask,mixed,165,270920425,147,WAIT,WAIT,4.551291931420565,False,False,False,False,False,False,False
final_ruehl_mask,mixed,165,270920425,148,BOMB,BOMB,5.178833031095564,False,False,False,True,True,False,False
final_ruehl_mask,mixed,165,270920425,149,DOWN,DOWN,5.87920902762562,False,False,False,False,False,False,False
final_ruehl_mask,mixed,165,270920425,150,RIGHT,RIGHT,5.4166249465197325,False,False,False,False,False,False,False
final_ruehl_mask,mixed,165,270920425,151,RIGHT,RIGHT,7.769416086375713,False,True,False,False,False,False,False
final_ruehl_mask,mixed,165,270920425,152,UP,UP,5.775499972514808,False,False,False,False,False,False,False
final_ruehl_mask,mixed,165,270920425,153,UP,UP,5.9382079634815454,False,False,False,False,False,False,False
final_ruehl_mask,mixed,165,270920425,154,WAIT,WAIT,5.395250045694411,False,False,False,False,False,False,False
final_ruehl_mask,mixed,165,270920425,155,BOMB,BOMB,6.175959017127752,False,False,False,True,True,False,False
final_ruehl_mask,mixed,165,270920425,156,DOWN,DOWN,4.604750080034137,False,False,False,False,False,False,False
final_ruehl_mask,mixed,165,270920425,157,LEFT,LEFT,4.636500030755997,False,False,False,False,False,False,False
final_ruehl_mask,mixed,165,270920425,158,LEFT,LEFT,4.946916946209967,False,False,False,False,False,False,False
final_ruehl_mask,mixed,165,270920425,159,LEFT,LEFT,6.337290978990495,False,False,False,False,False,False,False
final_ruehl_mask,mixed,165,270920425,160,LEFT,LEFT,5.659415968693793,False,False,False,False,False,False,False
final_ruehl_mask,mixed,165,270920425,161,LEFT,LEFT,6.105125066824257,False,True,False,False,False,False,False
final_ruehl_mask,mixed,165,270920425,162,LEFT,LEFT,4.708249936811626,False,False,False,False,False,False,False
final_ruehl_mask,mixed,165,270920425,163,LEFT,LEFT,5.207875045016408,False,False,False,False,False,False,False
final_ruehl_mask,mixed,165,270920425,164,WAIT,WAIT,5.205917055718601,False,False,False,False,False,False,False
final_ruehl_mask,mixed,165,270920425,165,WAIT,WAIT,7.581290905363858,False,False,False,False,False,False,False
final_ruehl_mask,mixed,165,270920425,166,BOMB,BOMB,10.002917028032243,False,False,False,True,True,False,False
final_ruehl_mask,mixed,165,270920425,167,LEFT,LEFT,7.148250006139278,False,False,False,False,False,False,False
final_ruehl_mask,mixed,165,270920425,168,UP,UP,12.05837493762374,False,False,False,False,False,False,False
final_ruehl_mask,mixed,165,270920425,169,UP,UP,8.227832964621484,False,False,False,False,False,False,False
final_ruehl_mask,mixed,165,270920425,170,UP,UP,6.07991695869714,False,False,False,False,False,False,False
final_ruehl_mask,mixed,165,270920425,171,UP,UP,6.170833017677069,False,True,False,False,False,False,False
final_ruehl_mask,mixed,165,270920425,172,LEFT,LEFT,6.740457960404456,False,False,False,False,False,False,False
final_ruehl_mask,mixed,165,270920425,173,LEFT,LEFT,5.123750073835254,False,False,False,False,False,False,False
final_ruehl_mask,mixed,165,270920425,174,BOMB,BOMB,6.594165926799178,False,False,False,True,True,False,False
final_ruehl_mask,mixed,165,270920425,175,UP,UP,5.545709049329162,False,False,False,False,False,False,False
final_ruehl_mask,mixed,165,270920425,176,UP,UP,5.344458972103894,False,False,False,False,False,False,False
final_ruehl_mask,mixed,165,270920425,177,LEFT,LEFT,5.683791008777916,False,False,False,False,False,False,False
final_ruehl_mask,mixed,165,270920425,178,LEFT,LEFT,5.398250068537891,False,False,False,False,False,False,False
final_ruehl_mask,mixed,165,270920425,179,WAIT,WAIT,6.128208013251424,False,False,False,False,False,False,False
final_ruehl_mask,mixed,165,270920425,180,DOWN,DOWN,6.328791962005198,False,False,False,False,False,False,False
final_ruehl_mask,mixed,165,270920425,181,WAIT,WAIT,5.8784999419003725,False,True,False,False,False,False,False
final_ruehl_mask,mixed,165,270920425,182,WAIT,WAIT,5.72104100137949,False,False,False,False,False,False,False
final_ruehl_mask,mixed,165,270920425,183,WAIT,WAIT,6.190499989315867,False,False,False,False,False,False,False
final_ruehl_mask,mixed,165,270920425,184,WAIT,WAIT,6.879750057123601,False,False,False,False,False,False,False
final_ruehl_mask,mixed,165,270920425,185,WAIT,WAIT,7.946500089019537,False,False,False,False,False,False,False
final_ruehl_mask,mixed,165,270920425,186,WAIT,WAIT,7.596959010697901,False,False,False,False,False,False,False
final_ruehl_mask,mixed,165,270920425,187,WAIT,WAIT,7.21041695214808,False,False,False,False,False,False,False
final_ruehl_mask,mixed,165,270920425,188,WAIT,WAIT,7.2786250384524465,False,False,False,False,False,False,False
final_ruehl_mask,mixed,165,270920425,189,WAIT,WAIT,7.5378750916570425,False,False,False,False,False,False,False
final_ruehl_mask,mixed,165,270920425,190,WAIT,WAIT,8.179166004993021,False,False,False,False,False,False,False
final_ruehl_mask,mixed,165,270920425,191,WAIT,WAIT,7.395999971777201,False,True,False,False,False,False,False
final_ruehl_mask,mixed,165,270920425,192,WAIT,WAIT,7.388749974779785,False,False,False,False,False,False,False
final_ruehl_mask,mixed,165,270920425,193,WAIT,WAIT,7.298041018657386,False,False,False,False,False,False,False
final_ruehl_mask,mixed,165,270920425,194,WAIT,WAIT,6.930583040229976,False,False,False,False,False,False,False
final_ruehl_mask,mixed,165,270920425,195,WAIT,WAIT,6.4193329308182,False,False,False,False,False,False,False
final_ruehl_mask,mixed,165,270920425,196,DOWN,DOWN,6.63208297919482,False,False,False,False,False,False,False
final_ruehl_mask,mixed,165,270920425,197,RIGHT,RIGHT,7.075208937749267,False,False,False,False,False,False,False
final_ruehl_mask,mixed,165,270920425,198,RIGHT,RIGHT,7.467332994565368,False,False,False,False,False,False,False
final_ruehl_mask,mixed,165,270920425,199,UP,UP,8.37087503168732,False,False,False,False,False,False,False
final_ruehl_mask,mixed,165,270920425,200,UP,UP,7.752166944555938,False,False,False,False,False,False,False
final_ruehl_mask,mixed,165,270920425,201,UP,UP,8.787499973550439,False,True,False,False,False,False,False
final_ruehl_mask,mixed,165,270920425,202,UP,UP,6.241790950298309,False,False,False,False,False,False,False
final_ruehl_mask,mixed,165,270920425,203,UP,UP,7.74654105771333,False,False,False,False,False,False,False
final_ruehl_mask,mixed,165,270920425,204,UP,UP,6.866457988508046,False,False,False,False,False,False,False
final_ruehl_mask,mixed,165,270920425,205,UP,UP,7.40220898296684,False,False,False,False,False,False,False
final_ruehl_mask,mixed,165,270920425,206,UP,UP,6.554165971465409,False,False,False,False,False,False,False
final_ruehl_mask,mixed,165,270920425,207,RIGHT,RIGHT,7.171249948441982,False,False,False,False,False,False,False
final_ruehl_mask,mixed,165,270920425,208,WAIT,WAIT,5.661958013661206,False,False,False,False,False,False,False
final_ruehl_mask,mixed,165,270920425,209,WAIT,WAIT,5.242749932222068,False,False,False,False,False,False,False
final_ruehl_mask,mixed,165,270920425,210,WAIT,WAIT,5.29187498614192,False,False,False,False,False,False,False
final_ruehl_mask,mixed,165,270920425,211,WAIT,WAIT,5.139625049196184,False,True,False,False,False,False,False
final_ruehl_mask,mixed,165,270920425,212,WAIT,WAIT,5.491124931722879,False,False,False,False,False,False,False
final_ruehl_mask,mixed,165,270920425,213,WAIT,WAIT,5.403959075920284,False,False,False,False,False,False,False
final_ruehl_mask,mixed,165,270920425,214,WAIT,WAIT,5.710125085897744,False,False,False,False,False,False,False
final_ruehl_mask,mixed,165,270920425,215,WAIT,WAIT,5.515750031918287,False,False,False,False,False,False,False
final_ruehl_mask,mixed,165,270920425,216,WAIT,WAIT,5.961625021882355,False,False,False,False,False,False,False
final_ruehl_mask,mixed,165,270920425,217,RIGHT,RIGHT,5.54591603577137,False,False,False,False,False,False,False
final_ruehl_mask,mixed,165,270920425,218,UP,UP,6.546208984218538,False,False,False,False,False,False,False
final_ruehl_mask,mixed,165,270920425,219,UP,UP,5.433875019662082,False,False,False,False,False,False,False
final_ruehl_mask,mixed,165,270920425,220,WAIT,WAIT,4.582207999192178,False,False,False,False,False,False,False
final_ruehl_mask,mixed,165,270920425,221,LEFT,LEFT,5.418667104095221,False,True,False,False,False,False,False
final_ruehl_mask,mixed,165,270920425,222,LEFT,LEFT,4.516583983786404,False,False,False,False,False,False,False
final_ruehl_mask,mixed,165,270920425,223,DOWN,DOWN,5.7039998937398195,False,False,False,False,False,False,False
final_ruehl_mask,mixed,165,270920425,224,DOWN,DOWN,5.603333003818989,False,False,False,False,False,False,False
final_ruehl_mask,mixed,165,270920425,225,WAIT,WAIT,4.929958027787507,False,False,False,False,False,False,False
final_ruehl_mask,mixed,165,270920425,226,WAIT,WAIT,6.063624983653426,False,False,False,False,False,False,False
final_ruehl_mask,mixed,165,270920425,227,RIGHT,RIGHT,5.885625025257468,False,False,False,False,False,False,False
final_ruehl_mask,mixed,165,270920425,228,WAIT,WAIT,5.527833942323923,False,False,False,False,False,False,False
final_ruehl_mask,mixed,165,270920425,229,RIGHT,RIGHT,5.520083010196686,False,False,False,False,False,False,False
final_ruehl_mask,mixed,165,270920425,230,UP,UP,6.24704104848206,False,False,False,False,False,False,False
final_ruehl_mask,mixed,165,270920425,231,UP,UP,5.476541933603585,False,True,False,False,False,False,False
final_ruehl_mask,mixed,165,270920425,232,LEFT,LEFT,5.739249987527728,False,False,False,False,False,False,False
final_ruehl_mask,mixed,165,270920425,233,LEFT,LEFT,5.714625003747642,False,False,False,False,False,False,False
final_ruehl_mask,mixed,165,270920425,234,DOWN,DOWN,5.691792001016438,False,False,False,False,False,False,False
final_ruehl_mask,mixed,165,270920425,235,DOWN,DOWN,5.466500064358115,False,False,False,False,False,False,False
final_ruehl_mask,mixed,165,270920425,236,DOWN,DOWN,7.632624940015376,False,False,False,False,False,False,False
final_ruehl_mask,mixed,165,270920425,237,DOWN,DOWN,6.794707966037095,False,False,False,False,False,False,False
final_ruehl_mask,mixed,165,270920425,238,WAIT,WAIT,6.428083055652678,False,False,False,False,False,False,False
final_ruehl_mask,mixed,165,270920425,239,WAIT,WAIT,6.510374951176345,False,False,False,False,False,False,False
final_ruehl_mask,mixed,165,270920425,240,WAIT,WAIT,6.209916085936129,False,False,False,False,False,False,False
final_ruehl_mask,mixed,165,270920425,241,LEFT,LEFT,5.2524160128086805,False,True,False,False,False,False,False
final_ruehl_mask,mixed,165,270920425,242,LEFT,LEFT,5.715332925319672,False,False,False,False,False,False,False
final_ruehl_mask,mixed,165,270920425,243,WAIT,WAIT,10.630958015099168,False,False,False,False,False,False,False
final_ruehl_mask,mixed,165,270920425,244,WAIT,WAIT,5.789041984826326,False,False,False,False,False,False,False
final_ruehl_mask,mixed,165,270920425,245,DOWN,DOWN,4.955457989126444,False,False,False,False,False,False,False
final_ruehl_mask,mixed,165,270920425,246,DOWN,DOWN,5.623667035251856,False,False,False,False,False,False,False
final_ruehl_mask,mixed,165,270920425,247,DOWN,DOWN,6.179334013722837,False,False,False,False,False,False,False
final_ruehl_mask,mixed,165,270920425,248,DOWN,DOWN,6.312916986644268,False,False,False,False,False,False,False
final_ruehl_mask,mixed,165,270920425,249,DOWN,DOWN,5.2241249941289425,False,False,False,False,False,False,False
final_ruehl_mask,mixed,165,270920425,250,DOWN,DOWN,6.325124995782971,False,False,False,False,False,False,False
final_ruehl_mask,mixed,165,270920425,251,WAIT,WAIT,6.92033302038908,False,True,False,False,False,False,False
final_ruehl_mask,mixed,165,270920425,252,WAIT,WAIT,6.818540976382792,False,False,False,False,False,False,False
final_ruehl_mask,mixed,165,270920425,253,WAIT,WAIT,6.716832984238863,False,False,False,False,False,False,False
final_ruehl_mask,mixed,165,270920425,254,RIGHT,RIGHT,6.0924169374629855,False,False,False,False,False,False,False
final_ruehl_mask,mixed,165,270920425,255,WAIT,WAIT,6.861542002297938,False,False,False,False,False,False,False
final_ruehl_mask,mixed,165,270920425,256,RIGHT,RIGHT,6.757832947187126,False,False,False,False,False,False,False
final_ruehl_mask,mixed,165,270920425,257,UP,UP,6.632957956753671,False,False,False,False,False,False,False
final_ruehl_mask,mixed,165,270920425,258,UP,UP,8.704209001734853,False,False,False,False,False,False,False
final_ruehl_mask,mixed,165,270920425,259,RIGHT,RIGHT,7.026792038232088,False,False,False,False,False,False,False
final_ruehl_mask,mixed,165,270920425,260,WAIT,WAIT,7.835291908122599,False,False,False,False,False,False,False
final_ruehl_mask,mixed,165,270920425,261,WAIT,WAIT,6.230667000636458,False,True,False,False,False,False,False
final_ruehl_mask,mixed,165,270920425,262,WAIT,WAIT,6.295957951806486,False,False,False,False,False,False,False
final_ruehl_mask,mixed,165,270920425,263,RIGHT,RIGHT,5.9209170285612345,False,False,False,False,False,False,False
final_ruehl_mask,mixed,165,270920425,264,BOMB,BOMB,7.110457983799279,False,False,False,True,True,False,False
final_ruehl_mask,mixed,165,270920425,265,LEFT,LEFT,6.649125018157065,False,False,False,False,False,False,False
final_ruehl_mask,mixed,165,270920425,266,LEFT,LEFT,5.477625061757863,False,False,False,False,False,False,False
final_ruehl_mask,mixed,165,270920425,267,DOWN,DOWN,5.404666997492313,False,False,False,False,False,False,False
final_ruehl_mask,mixed,165,270920425,268,DOWN,DOWN,4.704124992713332,False,False,False,False,False,False,False
final_ruehl_mask,mixed,165,270920425,269,LEFT,LEFT,6.138541968539357,False,False,False,False,False,False,False
final_ruehl_mask,mixed,165,270920425,270,LEFT,LEFT,6.549667101353407,False,False,False,False,False,False,False
final_ruehl_mask,mixed,165,270920425,271,UP,UP,6.994624971412122,False,True,False,False,False,False,False
final_ruehl_mask,mixed,165,270920425,272,UP,UP,5.312958033755422,False,False,False,False,False,False,False
final_ruehl_mask,mixed,165,270920425,273,RIGHT,RIGHT,5.981249967589974,False,False,False,False,False,False,False
final_ruehl_mask,mixed,165,270920425,274,RIGHT,RIGHT,10.322540998458862,False,False,False,False,False,False,False
final_ruehl_mask,mixed,165,270920425,275,BOMB,BOMB,10.62245899811387,False,False,False,True,True,False,False
final_ruehl_mask,mixed,165,270920425,276,RIGHT,RIGHT,6.418750039301813,False,False,False,False,False,False,False
final_ruehl_mask,mixed,165,270920425,277,RIGHT,RIGHT,6.289707962423563,False,False,False,False,False,False,False
final_ruehl_mask,mixed,165,270920425,278,DOWN,DOWN,5.714708939194679,False,False,False,False,False,False,False
final_ruehl_mask,mixed,165,270920425,279,WAIT,WAIT,5.0099160289391875,False,False,False,False,False,False,False
final_ruehl_mask,mixed,165,270920425,280,DOWN,DOWN,4.902250017039478,False,False,False,False,False,False,False
final_ruehl_mask,mixed,165,270920425,281,LEFT,LEFT,4.892333061434329,False,True,False,False,False,False,False
final_ruehl_mask,mixed,165,270920425,282,LEFT,LEFT,4.861916997469962,False,False,False,False,False,False,False
final_ruehl_mask,mixed,165,270920425,283,LEFT,LEFT,5.1028329180553555,False,False,False,False,False,False,False
final_ruehl_mask,mixed,165,270920425,284,BOMB,BOMB,5.642790929414332,False,False,False,True,True,False,False
final_ruehl_mask,mixed,165,270920425,285,LEFT,LEFT,4.283416899852455,False,False,False,False,False,False,False
final_ruehl_mask,mixed,165,270920425,286,DOWN,DOWN,4.603292094543576,False,False,False,False,False,False,False
final_ruehl_mask,mixed,165,270920425,287,DOWN,DOWN,5.351125029847026,False,False,False,False,False,False,False
final_ruehl_mask,mixed,165,270920425,288,RIGHT,RIGHT,5.283125094138086,False,False,False,False,False,False,False
final_ruehl_mask,mixed,165,270920425,289,RIGHT,RIGHT,5.803209031000733,False,False,False,False,False,False,False
final_ruehl_mask,mixed,165,270920425,290,DOWN,DOWN,5.830249981954694,False,False,False,False,False,False,False
final_ruehl_mask,mixed,165,270920425,291,DOWN,DOWN,4.932292038574815,False,True,False,False,False,False,False
final_ruehl_mask,mixed,165,270920425,292,BOMB,BOMB,10.029874974861741,False,False,False,True,True,False,False
final_ruehl_mask,mixed,165,270920425,293,LEFT,LEFT,5.132958060130477,False,False,False,False,False,False,False
final_ruehl_mask,mixed,165,270920425,294,LEFT,LEFT,4.972708062268794,False,False,False,False,False,False,False
final_ruehl_mask,mixed,165,270920425,295,UP,UP,4.90837509278208,False,False,False,False,False,False,False
final_ruehl_mask,mixed,165,270920425,296,UP,UP,8.32037499640137,False,False,False,False,False,False,False
final_ruehl_mask,mixed,165,270920425,297,WAIT,WAIT,5.421375040896237,False,False,False,False,False,False,False
final_ruehl_mask,mixed,165,270920425,298,UP,UP,6.297833984717727,False,False,False,False,False,False,False
final_ruehl_mask,mixed,165,270920425,299,UP,UP,4.61412500590086,False,False,False,False,False,False,False
final_ruehl_mask,mixed,165,270920425,300,RIGHT,RIGHT,5.677583045326173,False,False,False,False,False,False,False
final_ruehl_mask,mixed,165,270920425,301,RIGHT,RIGHT,5.272084032185376,False,True,False,False,False,False,False
final_ruehl_mask,mixed,165,270920425,302,RIGHT,RIGHT,5.211292067542672,False,False,False,False,False,False,False
final_ruehl_mask,mixed,165,270920425,303,RIGHT,RIGHT,4.572000005282462,False,False,False,False,False,False,False
final_ruehl_mask,mixed,165,270920425,304,DOWN,DOWN,8.276083040982485,False,False,False,False,False,False,False
final_ruehl_mask,mixed,165,270920425,305,DOWN,DOWN,6.60279206931591,False,False,False,False,False,False,False
final_ruehl_mask,mixed,165,270920425,306,BOMB,BOMB,6.6209170036017895,False,False,False,True,True,False,False
final_ruehl_mask,mixed,165,270920425,307,DOWN,DOWN,5.1032910123467445,False,False,False,False,False,False,False
final_ruehl_mask,mixed,165,270920425,308,DOWN,DOWN,4.989917040802538,False,False,False,False,False,False,False
final_ruehl_mask,mixed,165,270920425,309,LEFT,LEFT,4.801166942343116,False,False,False,False,False,False,False
final_ruehl_mask,mixed,165,270920425,310,LEFT,LEFT,4.843125003390014,False,False,False,False,False,False,False
final_ruehl_mask,mixed,165,270920425,311,LEFT,LEFT,4.8060419503599405,False,True,False,False,False,False,False
final_ruehl_mask,mixed,165,270920425,312,LEFT,LEFT,5.443040980026126,False,False,False,False,False,False,False
final_ruehl_mask,mixed,165,270920425,313,UP,UP,4.970207926817238,False,False,False,False,False,False,False
final_ruehl_mask,mixed,165,270920425,314,UP,UP,5.155082908459008,False,False,False,False,False,False,False
final_ruehl_mask,mixed,165,270920425,315,RIGHT,RIGHT,5.078624933958054,False,False,False,False,False,False,False
final_ruehl_mask,mixed,165,270920425,316,RIGHT,RIGHT,5.3898339392617345,False,False,False,False,False,False,False
final_ruehl_mask,mixed,165,270920425,317,DOWN,DOWN,5.369042046368122,False,False,False,False,False,False,False
final_ruehl_mask,mixed,165,270920425,318,DOWN,DOWN,4.893083008937538,False,False,False,False,False,False,False
final_ruehl_mask,mixed,165,270920425,319,LEFT,LEFT,4.840792040340602,False,False,False,False,False,False,False
final_ruehl_mask,mixed,165,270920425,320,LEFT,LEFT,4.620457999408245,False,False,False,False,False,False,False
final_ruehl_mask,mixed,165,270920425,321,UP,UP,4.732374916784465,False,True,False,False,False,False,False
final_ruehl_mask,mixed,165,270920425,322,UP,UP,4.6340839471668005,False,False,False,False,False,False,False
final_ruehl_mask,mixed,165,270920425,323,RIGHT,RIGHT,4.46104200091213,False,False,False,False,False,False,False
final_ruehl_mask,mixed,165,270920425,324,RIGHT,RIGHT,3.9909170009195805,False,False,False,False,False,False,False
final_ruehl_mask,mixed,165,270920425,325,DOWN,DOWN,5.8584160869941115,False,False,False,False,False,False,False
final_ruehl_mask,mixed,165,270920425,326,DOWN,DOWN,5.052917054854333,False,False,False,False,False,False,False
final_ruehl_mask,mixed,165,270920425,327,LEFT,LEFT,4.995583090931177,False,False,False,False,False,False,False
final_ruehl_mask,mixed,165,270920425,328,LEFT,LEFT,4.81112499255687,False,False,False,False,False,False,False
final_ruehl_mask,mixed,165,270920425,329,UP,UP,3.8130830507725477,False,False,False,False,False,False,False
final_ruehl_mask,mixed,165,270920425,330,UP,UP,4.877542029134929,False,False,False,False,False,False,False
final_ruehl_mask,mixed,165,270920425,331,RIGHT,RIGHT,4.106750013306737,False,True,False,False,False,False,False
final_ruehl_mask,mixed,165,270920425,332,RIGHT,RIGHT,4.3716669315472245,False,False,False,False,False,False,False
final_ruehl_mask,mixed,165,270920425,333,DOWN,DOWN,5.066583049483597,False,False,False,False,False,False,False
final_ruehl_mask,mixed,165,270920425,334,DOWN,DOWN,4.7680840361863375,False,False,False,False,False,False,False
final_ruehl_mask,mixed,165,270920425,335,LEFT,LEFT,4.907124908640981,False,False,False,False,False,False,False
final_ruehl_mask,mixed,165,270920425,336,LEFT,LEFT,4.82099992223084,False,False,False,False,False,False,False
final_ruehl_mask,mixed,165,270920425,337,UP,UP,4.544500028714538,False,False,False,False,False,False,False
final_ruehl_mask,mixed,165,270920425,338,UP,UP,4.614375066012144,False,False,False,False,False,False,False
final_ruehl_mask,mixed,165,270920425,339,RIGHT,RIGHT,5.040459102019668,False,False,False,False,False,False,False
final_ruehl_mask,mixed,165,270920425,340,RIGHT,RIGHT,4.015749902464449,False,False,False,False,False,False,False
final_ruehl_mask,mixed,165,270920425,341,DOWN,DOWN,5.5434160167351365,False,True,False,False,False,False,False
final_ruehl_mask,mixed,165,270920425,342,DOWN,DOWN,4.298042040318251,False,False,False,False,False,False,False
final_ruehl_mask,mixed,165,270920425,343,LEFT,LEFT,4.08066704403609,False,False,False,False,False,False,False
final_ruehl_mask,mixed,165,270920425,344,LEFT,LEFT,4.599999985657632,False,False,False,False,False,False,False
final_ruehl_mask,mixed,165,270920425,345,UP,UP,4.650249960832298,False,False,False,False,False,False,False
final_ruehl_mask,mixed,165,270920425,346,UP,UP,4.578999942168593,False,False,False,False,False,False,False
final_ruehl_mask,mixed,165,270920425,347,RIGHT,RIGHT,4.864584072493017,False,False,False,False,False,False,False
final_ruehl_mask,mixed,165,270920425,348,RIGHT,RIGHT,4.908457980491221,False,False,False,False,False,False,False
final_ruehl_mask,mixed,165,270920425,349,DOWN,DOWN,4.606332979165018,False,False,False,False,False,False,False
final_ruehl_mask,mixed,165,270920425,350,DOWN,DOWN,4.882874898612499,False,False,False,False,False,False,False
final_ruehl_mask,mixed,165,270920425,351,LEFT,LEFT,5.045791971497238,False,True,False,False,False,False,False
final_ruehl_mask,mixed,165,270920425,352,LEFT,LEFT,4.713292000815272,False,False,False,False,False,False,False
final_ruehl_mask,mixed,165,270920425,353,UP,UP,4.0166249964386225,False,False,False,False,False,False,False
final_ruehl_mask,mixed,165,270920425,354,UP,UP,4.635832970961928,False,False,False,False,False,False,False
final_ruehl_mask,mixed,165,270920425,355,RIGHT,RIGHT,4.955083015374839,False,False,False,False,False,False,False
final_ruehl_mask,mixed,165,270920425,356,RIGHT,RIGHT,4.809499951079488,False,False,False,False,False,False,False
final_ruehl_mask,mixed,165,270920425,357,DOWN,DOWN,5.5885829497128725,False,False,False,False,False,False,False
final_ruehl_mask,mixed,165,270920425,358,DOWN,DOWN,4.927207948639989,False,False,False,False,False,False,False
final_ruehl_mask,mixed,165,270920425,359,LEFT,LEFT,4.0929579408839345,False,False,False,False,False,False,False
final_ruehl_mask,mixed,165,270920425,360,LEFT,LEFT,4.356541903689504,False,False,False,False,False,False,False
final_ruehl_mask,mixed,165,270920425,361,UP,UP,4.531624959781766,False,True,False,False,False,False,False
final_ruehl_mask,mixed,165,270920425,362,UP,UP,4.6819580020383,False,False,False,False,False,False,False
final_ruehl_mask,mixed,165,270920425,363,RIGHT,RIGHT,5.010541062802076,False,False,False,False,False,False,False
final_ruehl_mask,mixed,165,270920425,364,RIGHT,RIGHT,4.416375071741641,False,False,False,False,False,False,False
final_ruehl_mask,mixed,165,270920425,365,DOWN,DOWN,6.881041917949915,False,False,False,False,False,False,False
final_ruehl_mask,mixed,165,270920425,366,DOWN,DOWN,4.130415967665613,False,False,False,False,False,False,False
final_ruehl_mask,mixed,165,270920425,367,LEFT,LEFT,5.150041077286005,False,False,False,False,False,False,False
final_ruehl_mask,mixed,165,270920425,368,LEFT,LEFT,5.336667061783373,False,False,False,False,False,False,False
final_ruehl_mask,mixed,165,270920425,369,UP,UP,4.728375002741814,False,False,False,False,False,False,False
final_ruehl_mask,mixed,165,270920425,370,UP,UP,4.073458025231957,False,False,False,False,False,False,False
final_ruehl_mask,mixed,165,270920425,371,RIGHT,RIGHT,4.867750103585422,False,True,False,False,False,False,False
final_ruehl_mask,mixed,165,270920425,372,RIGHT,RIGHT,5.063625052571297,False,False,False,False,False,False,False
final_ruehl_mask,mixed,165,270920425,373,DOWN,DOWN,5.324708065018058,False,False,False,False,False,False,False
final_ruehl_mask,mixed,165,270920425,374,DOWN,DOWN,4.974458017386496,False,False,False,False,False,False,False
final_ruehl_mask,mixed,165,270920425,375,LEFT,LEFT,4.87900001462549,False,False,False,False,False,False,False
final_ruehl_mask,mixed,165,270920425,376,LEFT,LEFT,4.71616699360311,False,False,False,False,False,False,False
final_ruehl_mask,mixed,165,270920425,377,UP,UP,4.683665931224823,False,False,False,False,False,False,False
final_ruehl_mask,mixed,165,270920425,378,DOWN,DOWN,5.0437909085303545,False,False,False,False,False,False,False
final_ruehl_mask,mixed,165,270920425,379,BOMB,BOMB,4.214250016957521,False,False,False,True,True,False,False
final_ruehl_mask,mixed,165,270920425,380,UP,UP,4.163292003795505,False,False,False,False,False,False,False
final_ruehl_mask,mixed,165,270920425,381,UP,UP,3.7217079661786556,False,True,False,False,False,False,False
final_ruehl_mask,mixed,165,270920425,382,RIGHT,RIGHT,4.766457946971059,False,False,False,False,False,False,False
final_ruehl_mask,mixed,165,270920425,383,WAIT,WAIT,3.9426248986274004,False,False,False,False,False,False,False
final_ruehl_mask,mixed,165,270920425,384,RIGHT,RIGHT,4.308084025979042,False,False,False,False,False,False,False
final_ruehl_mask,mixed,165,270920425,385,RIGHT,RIGHT,5.308250081725419,False,False,False,False,False,False,False
final_ruehl_mask,mixed,165,270920425,386,RIGHT,RIGHT,5.197791033424437,False,False,False,False,False,False,False
final_ruehl_mask,mixed,165,270920425,387,DOWN,DOWN,6.316666025668383,False,False,False,False,False,False,False
final_ruehl_mask,mixed,165,270920425,388,DOWN,DOWN,4.486916004680097,False,False,False,False,False,False,False
final_ruehl_mask,mixed,165,270920425,389,LEFT,LEFT,5.173082929104567,False,False,False,False,False,False,False
final_ruehl_mask,mixed,165,270920425,390,LEFT,LEFT,5.0629168981686234,False,False,False,False,False,False,False
final_ruehl_mask,mixed,165,270920425,391,LEFT,LEFT,5.31212508212775,False,True,False,False,False,False,False
final_ruehl_mask,mixed,165,270920425,392,LEFT,LEFT,4.486292018555105,False,False,False,False,False,False,False
final_ruehl_mask,mixed,165,270920425,393,UP,UP,5.249666981399059,False,False,False,False,False,False,False
final_ruehl_mask,mixed,165,270920425,394,DOWN,DOWN,4.725000006146729,False,False,False,False,False,False,False
final_ruehl_mask,mixed,165,270920425,395,BOMB,BOMB,4.790542065165937,False,False,False,True,True,False,False
final_ruehl_mask,mixed,165,270920425,396,RIGHT,RIGHT,4.313457990065217,False,False,False,False,False,False,False
final_ruehl_mask,mixed,165,270920425,397,RIGHT,RIGHT,8.494499954394996,False,False,False,False,False,False,False
final_ruehl_mask,mixed,165,270920425,398,RIGHT,RIGHT,4.909666022285819,False,False,False,False,False,False,False
final_ruehl_mask,mixed,165,270920425,399,RIGHT,RIGHT,4.9012500094249845,False,False,False,False,False,False,False
final_ruehl_mask,mixed,165,270920425,400,UP,UP,5.086792050860822,False,False,False,False,False,False,False
final_ruehl_mask,mixed,166,270920426,1,UP,UP,3.0306250555440784,False,True,False,False,False,False,False
final_ruehl_mask,mixed,166,270920426,2,BOMB,BOMB,2.549458062276244,False,False,False,True,False,False,False
final_ruehl_mask,mixed,166,270920426,3,DOWN,DOWN,3.885250072926283,False,False,False,False,False,False,False
final_ruehl_mask,mixed,166,270920426,4,LEFT,LEFT,2.3768749088048935,False,False,False,False,False,False,False
final_ruehl_mask,mixed,166,270920426,5,WAIT,WAIT,2.8068749234080315,False,False,False,False,False,False,False
final_ruehl_mask,mixed,166,270920426,6,WAIT,WAIT,2.934708958491683,False,False,False,False,False,False,False
final_ruehl_mask,mixed,166,270920426,7,WAIT,WAIT,3.1324169831350446,False,False,False,False,False,False,False
final_ruehl_mask,mixed,166,270920426,8,RIGHT,RIGHT,2.9150419868528843,False,False,False,False,False,False,False
final_ruehl_mask,mixed,166,270920426,9,BOMB,BOMB,3.026916994713247,False,False,False,True,False,False,False
final_ruehl_mask,mixed,166,270920426,10,UP,UP,3.2112080371007323,False,False,False,False,False,False,False
final_ruehl_mask,mixed,166,270920426,11,UP,UP,4.722625017166138,False,True,False,False,False,False,False
final_ruehl_mask,mixed,166,270920426,12,UP,UP,2.726415987126529,False,False,False,False,False,False,False
final_ruehl_mask,mixed,166,270920426,13,UP,UP,3.2196249812841415,False,False,False,False,False,False,False
final_ruehl_mask,mixed,166,270920426,14,LEFT,LEFT,4.314166028052568,False,False,False,False,False,False,False
final_ruehl_mask,mixed,166,270920426,15,LEFT,LEFT,8.133540977723897,False,False,False,False,False,False,False
final_ruehl_mask,mixed,166,270920426,16,BOMB,BOMB,3.5697909770533442,False,False,False,True,False,False,False
final_ruehl_mask,mixed,166,270920426,17,RIGHT,RIGHT,2.6320000179111958,False,False,False,False,False,False,False
final_ruehl_mask,mixed,166,270920426,18,RIGHT,RIGHT,2.3888329742476344,False,False,False,False,False,False,False
final_ruehl_mask,mixed,166,270920426,19,DOWN,DOWN,3.7780830170959234,False,False,False,False,False,False,False
final_ruehl_mask,mixed,166,270920426,20,DOWN,DOWN,4.124957951717079,False,False,False,False,False,False,False
final_ruehl_mask,mixed,166,270920426,21,DOWN,DOWN,4.5189999509602785,False,True,False,False,False,False,False
final_ruehl_mask,mixed,166,270920426,22,DOWN,DOWN,4.980167024768889,False,False,False,False,False,False,False
final_ruehl_mask,mixed,166,270920426,23,LEFT,LEFT,8.373041986487806,False,False,False,False,False,False,False
final_ruehl_mask,mixed,166,270920426,24,LEFT,LEFT,3.1592920422554016,False,False,False,False,False,False,False
final_ruehl_mask,mixed,166,270920426,25,UP,UP,5.3366669453680515,False,False,False,False,False,False,False
final_ruehl_mask,mixed,166,270920426,26,WAIT,WAIT,5.48941595479846,False,False,False,False,False,False,False
final_ruehl_mask,mixed,166,270920426,27,UP,UP,3.4457920119166374,False,False,False,False,False,False,False
final_ruehl_mask,mixed,166,270920426,28,BOMB,BOMB,4.507708945311606,False,False,False,True,False,False,False
final_ruehl_mask,mixed,166,270920426,29,UP,UP,3.9436660008504987,False,False,False,False,False,False,False
final_ruehl_mask,mixed,166,270920426,30,UP,UP,4.403792088851333,False,False,False,False,False,False,False
final_ruehl_mask,mixed,166,270920426,31,LEFT,LEFT,4.089000052772462,False,True,False,False,False,False,False
final_ruehl_mask,mixed,166,270920426,32,LEFT,LEFT,3.7153749726712704,False,False,False,False,False,False,False
final_ruehl_mask,mixed,166,270920426,33,LEFT,LEFT,4.155708011239767,False,False,False,False,False,False,False
final_ruehl_mask,mixed,166,270920426,34,WAIT,WAIT,3.5426249960437417,False,False,False,False,False,False,False
final_ruehl_mask,mixed,166,270920426,35,BOMB,BOMB,4.025208996608853,False,False,False,True,False,False,False
final_ruehl_mask,mixed,166,270920426,36,RIGHT,RIGHT,3.494083066470921,False,False,False,False,False,False,False
final_ruehl_mask,mixed,166,270920426,37,RIGHT,RIGHT,3.9616660214960575,False,False,False,False,False,False,False
final_ruehl_mask,mixed,166,270920426,38,RIGHT,RIGHT,3.921791911125183,False,False,False,False,False,False,False
final_ruehl_mask,mixed,166,270920426,39,DOWN,DOWN,4.0388330817222595,False,False,False,False,False,False,False
final_ruehl_mask,mixed,166,270920426,40,DOWN,DOWN,3.805208019912243,False,False,False,False,False,False,False
final_ruehl_mask,mixed,166,270920426,41,LEFT,LEFT,5.216166959144175,False,True,False,False,False,False,False
final_ruehl_mask,mixed,166,270920426,42,BOMB,BOMB,4.488792037591338,False,False,False,True,False,False,False
final_ruehl_mask,mixed,166,270920426,43,LEFT,LEFT,4.4582500122487545,False,False,False,False,False,False,False
final_ruehl_mask,mixed,166,270920426,44,UP,UP,3.9415420033037663,False,False,False,False,False,False,False
final_ruehl_mask,mixed,166,270920426,45,UP,UP,3.9614170091226697,False,False,False,False,False,False,False
final_ruehl_mask,mixed,166,270920426,46,LEFT,LEFT,4.226749995723367,False,False,False,False,False,False,False
final_ruehl_mask,mixed,166,270920426,47,WAIT,WAIT,4.108750028535724,False,False,False,False,False,False,False
final_ruehl_mask,mixed,166,270920426,48,LEFT,LEFT,3.439042018726468,False,False,False,False,False,False,False
final_ruehl_mask,mixed,166,270920426,49,LEFT,LEFT,3.4844159381464124,False,False,False,False,False,False,False
final_ruehl_mask,mixed,166,270920426,50,LEFT,LEFT,3.2222920563071966,False,False,False,False,False,False,False
final_ruehl_mask,mixed,166,270920426,51,BOMB,BOMB,3.8573750061914325,False,True,False,True,False,False,False
final_ruehl_mask,mixed,166,270920426,52,LEFT,LEFT,3.6927079781889915,False,False,False,False,False,False,False
final_ruehl_mask,mixed,166,270920426,53,LEFT,LEFT,4.076541983522475,False,False,False,False,False,False,False
final_ruehl_mask,mixed,166,270920426,54,UP,UP,3.810958005487919,False,False,False,False,False,False,False
final_ruehl_mask,mixed,166,270920426,55,WAIT,WAIT,3.722333931364119,False,False,False,False,False,False,False
final_ruehl_mask,mixed,166,270920426,56,WAIT,WAIT,4.241541959345341,False,False,False,False,False,False,False
final_ruehl_mask,mixed,166,270920426,57,DOWN,DOWN,4.1545419953763485,False,False,False,False,False,False,False
final_ruehl_mask,mixed,166,270920426,58,BOMB,BOMB,5.05204196088016,False,False,False,True,False,False,False
final_ruehl_mask,mixed,166,270920426,59,LEFT,LEFT,4.48329106438905,False,False,False,False,False,False,False
final_ruehl_mask,mixed,166,270920426,60,LEFT,LEFT,3.43316700309515,False,False,False,False,False,False,False
final_ruehl_mask,mixed,166,270920426,61,UP,UP,4.754708963446319,False,True,False,False,False,False,False
final_ruehl_mask,mixed,166,270920426,62,UP,UP,4.528042045421898,False,False,False,False,False,False,False
final_ruehl_mask,mixed,166,270920426,63,LEFT,LEFT,5.75062504503876,False,False,False,False,False,False,False
final_ruehl_mask,mixed,166,270920426,64,LEFT,LEFT,4.818749963305891,False,False,False,False,False,False,False
final_ruehl_mask,mixed,166,270920426,65,UP,UP,4.689082968980074,False,False,False,False,False,False,False
final_ruehl_mask,mixed,166,270920426,66,BOMB,BOMB,4.290124983526766,False,False,False,True,False,False,False
final_ruehl_mask,mixed,166,270920426,67,DOWN,DOWN,4.031874937936664,False,False,False,False,False,False,False
final_ruehl_mask,mixed,166,270920426,68,RIGHT,RIGHT,4.196958034299314,False,False,False,False,False,False,False
final_ruehl_mask,mixed,166,270920426,69,RIGHT,RIGHT,4.998249933123589,False,False,False,False,False,False,False
final_ruehl_mask,mixed,166,270920426,70,RIGHT,RIGHT,4.99445793684572,False,False,False,False,False,False,False
final_ruehl_mask,mixed,166,270920426,71,RIGHT,RIGHT,4.7192920465022326,False,True,False,False,False,False,False
final_ruehl_mask,mixed,166,270920426,72,LEFT,LEFT,4.811541992239654,False,False,False,False,False,False,False
final_ruehl_mask,mixed,166,270920426,73,BOMB,BOMB,4.638084094040096,False,False,False,True,False,False,False
final_ruehl_mask,mixed,166,270920426,74,LEFT,LEFT,4.288500058464706,False,False,False,False,False,False,False
final_ruehl_mask,mixed,166,270920426,75,LEFT,LEFT,4.624499939382076,False,False,False,False,False,False,False
final_ruehl_mask,mixed,166,270920426,76,LEFT,LEFT,4.587791976518929,False,False,False,False,False,False,False
final_ruehl_mask,mixed,166,270920426,77,DOWN,DOWN,3.952292026951909,False,False,False,False,False,False,False
final_ruehl_mask,mixed,166,270920426,78,DOWN,DOWN,4.597124992869794,False,False,False,False,False,False,False
final_ruehl_mask,mixed,166,270920426,79,DOWN,DOWN,4.8582080053165555,False,False,False,False,False,False,False
final_ruehl_mask,mixed,166,270920426,80,WAIT,WAIT,5.3862499771639705,False,False,False,False,False,False,False
final_ruehl_mask,mixed,166,270920426,81,WAIT,WAIT,5.885041900910437,False,True,False,False,False,False,False
final_ruehl_mask,mixed,166,270920426,82,WAIT,WAIT,5.603499943390489,False,False,False,False,False,False,False
final_ruehl_mask,mixed,166,270920426,83,WAIT,WAIT,4.694417002610862,False,False,False,False,False,False,False
final_ruehl_mask,mixed,166,270920426,84,WAIT,WAIT,5.281125078909099,False,False,False,False,False,False,False
final_ruehl_mask,mixed,166,270920426,85,WAIT,WAIT,5.052375025115907,False,False,False,False,False,False,False
final_ruehl_mask,mixed,166,270920426,86,WAIT,WAIT,4.305999958887696,False,False,False,False,False,False,False
final_ruehl_mask,mixed,166,270920426,87,WAIT,WAIT,5.022958037443459,False,False,False,False,False,False,False
final_ruehl_mask,mixed,166,270920426,88,WAIT,WAIT,5.454208003357053,False,False,False,False,False,False,False
final_ruehl_mask,mixed,166,270920426,89,WAIT,WAIT,5.098500056192279,False,False,False,False,False,False,False
final_ruehl_mask,mixed,166,270920426,90,WAIT,WAIT,5.193250020965934,False,False,False,False,False,False,False
final_ruehl_mask,mixed,166,270920426,91,WAIT,WAIT,5.409334087744355,False,True,False,False,False,False,False
final_ruehl_mask,mixed,166,270920426,92,WAIT,WAIT,5.165957962162793,False,False,False,False,False,False,False
final_ruehl_mask,mixed,166,270920426,93,WAIT,WAIT,5.126082920469344,False,False,False,False,False,False,False
final_ruehl_mask,mixed,166,270920426,94,WAIT,WAIT,5.225582979619503,False,False,False,False,False,False,False
final_ruehl_mask,mixed,166,270920426,95,WAIT,WAIT,4.245042102411389,False,False,False,False,False,False,False
final_ruehl_mask,mixed,166,270920426,96,WAIT,WAIT,5.19133300986141,False,False,False,False,False,False,False
final_ruehl_mask,mixed,166,270920426,97,DOWN,DOWN,5.622333032079041,False,False,False,False,False,False,False
final_ruehl_mask,mixed,166,270920426,98,DOWN,DOWN,5.478334031067789,False,False,False,False,False,False,False
final_ruehl_mask,mixed,166,270920426,99,DOWN,DOWN,5.595082999207079,False,False,False,False,False,False,False
final_ruehl_mask,mixed,166,270920426,100,RIGHT,RIGHT,6.079250015318394,False,False,False,False,False,False,False
final_ruehl_mask,mixed,166,270920426,101,RIGHT,RIGHT,6.07524998486042,False,True,False,False,False,False,False
final_ruehl_mask,mixed,166,270920426,102,RIGHT,RIGHT,5.743833025917411,False,False,False,False,False,False,False
final_ruehl_mask,mixed,166,270920426,103,RIGHT,RIGHT,6.606957991607487,False,False,False,False,False,False,False
final_ruehl_mask,mixed,166,270920426,104,RIGHT,RIGHT,6.4483750611543655,False,False,False,False,False,False,False
final_ruehl_mask,mixed,166,270920426,105,WAIT,WAIT,6.301500019617379,False,False,False,False,False,False,False
final_ruehl_mask,mixed,166,270920426,106,WAIT,WAIT,6.419832934625447,False,False,False,False,False,False,False
final_ruehl_mask,mixed,166,270920426,107,WAIT,WAIT,6.457749987021089,False,False,False,False,False,False,False
final_ruehl_mask,mixed,166,270920426,108,RIGHT,RIGHT,4.779374925419688,False,False,False,False,False,False,False
final_ruehl_mask,mixed,166,270920426,109,RIGHT,RIGHT,5.791791947558522,False,False,False,False,False,False,False
final_ruehl_mask,mixed,166,270920426,110,RIGHT,RIGHT,5.408375058323145,False,False,False,False,False,False,False
final_ruehl_mask,mixed,166,270920426,111,RIGHT,RIGHT,5.610082997009158,False,True,False,False,False,False,False
final_ruehl_mask,mixed,166,270920426,112,RIGHT,RIGHT,5.574833950959146,False,False,False,False,False,False,False
final_ruehl_mask,mixed,166,270920426,113,BOMB,BOMB,5.009708926081657,False,False,False,True,False,False,False
final_ruehl_mask,mixed,166,270920426,114,RIGHT,RIGHT,4.88595908973366,False,False,False,False,False,False,False
final_ruehl_mask,mixed,166,270920426,115,RIGHT,RIGHT,4.432042012922466,False,False,False,False,False,False,False
final_ruehl_mask,mixed,166,270920426,116,UP,UP,5.670459009706974,False,False,False,False,False,False,False
final_ruehl_mask,mixed,166,270920426,117,UP,UP,5.488957976922393,False,False,False,False,False,False,False
final_ruehl_mask,mixed,166,270920426,118,LEFT,LEFT,6.620542029850185,False,False,False,False,False,False,False
final_ruehl_mask,mixed,166,270920426,119,LEFT,LEFT,6.089709000661969,False,False,False,False,False,False,False
final_ruehl_mask,mixed,166,270920426,120,BOMB,BOMB,6.629333016462624,False,False,False,True,False,False,False
final_ruehl_mask,mixed,166,270920426,121,DOWN,DOWN,6.139750010333955,False,True,False,False,False,False,False
final_ruehl_mask,mixed,166,270920426,122,DOWN,DOWN,5.749124917201698,False,False,False,False,False,False,False
final_ruehl_mask,mixed,166,270920426,123,LEFT,LEFT,6.124334060586989,False,False,False,False,False,False,False
final_ruehl_mask,mixed,166,270920426,124,LEFT,LEFT,5.860666977241635,False,False,False,False,False,False,False
final_ruehl_mask,mixed,166,270920426,125,UP,UP,5.82408404443413,False,False,False,False,False,False,False
final_ruehl_mask,mixed,166,270920426,126,UP,UP,4.639790975488722,False,False,False,False,False,False,False
final_ruehl_mask,mixed,166,270920426,127,BOMB,BOMB,7.97174999024719,False,False,False,True,False,False,False
final_ruehl_mask,mixed,166,270920426,128,UP,UP,7.545999949797988,False,False,False,False,False,False,False
final_ruehl_mask,mixed,166,270920426,129,UP,UP,7.475165999494493,False,False,False,False,False,False,False
final_ruehl_mask,mixed,166,270920426,130,LEFT,LEFT,7.916916045360267,False,False,False,False,False,False,False
final_ruehl_mask,mixed,166,270920426,131,LEFT,LEFT,7.565041072666645,False,True,False,False,False,False,False
final_ruehl_mask,mixed,166,270920426,132,LEFT,LEFT,7.662832969799638,False,False,False,False,False,False,False
final_ruehl_mask,mixed,166,270920426,133,LEFT,LEFT,6.820249953307211,False,False,False,False,False,False,False
final_ruehl_mask,mixed,166,270920426,134,LEFT,LEFT,7.246833061799407,False,False,False,False,False,False,False
final_ruehl_mask,mixed,166,270920426,135,WAIT,WAIT,6.354624987579882,False,False,False,False,False,False,False
final_ruehl_mask,mixed,166,270920426,136,WAIT,WAIT,5.758374929428101,False,False,False,False,False,False,False
final_ruehl_mask,mixed,166,270920426,137,WAIT,WAIT,6.427958025597036,False,False,False,False,False,False,False
final_ruehl_mask,mixed,166,270920426,138,WAIT,WAIT,7.710875011980534,False,False,False,False,False,False,False
final_ruehl_mask,mixed,166,270920426,139,WAIT,WAIT,5.578957963734865,False,False,False,False,False,False,False
final_ruehl_mask,mixed,166,270920426,140,WAIT,WAIT,5.280792014673352,False,False,False,False,False,False,False
final_ruehl_mask,mixed,166,270920426,141,WAIT,WAIT,5.896374932490289,False,True,False,False,False,False,False
final_ruehl_mask,mixed,166,270920426,142,WAIT,WAIT,5.970083060674369,False,False,False,False,False,False,False
final_ruehl_mask,mixed,166,270920426,143,WAIT,WAIT,5.58779202401638,False,False,False,False,False,False,False
final_ruehl_mask,mixed,166,270920426,144,WAIT,WAIT,5.93995803501457,False,False,False,False,False,False,False
final_ruehl_mask,mixed,166,270920426,145,LEFT,LEFT,5.527625093236566,False,False,False,False,False,False,False
final_ruehl_mask,mixed,166,270920426,146,LEFT,LEFT,5.9118339559063315,False,False,False,False,False,False,False
final_ruehl_mask,mixed,166,270920426,147,LEFT,LEFT,5.603166995570064,False,False,False,False,False,False,False
final_ruehl_mask,mixed,166,270920426,148,WAIT,WAIT,4.816709086298943,False,False,False,False,False,False,False
final_ruehl_mask,mixed,166,270920426,149,WAIT,WAIT,4.751209053210914,False,False,False,False,False,False,False
final_ruehl_mask,mixed,166,270920426,150,WAIT,WAIT,5.200583022087812,False,False,False,False,False,False,False
final_ruehl_mask,mixed,166,270920426,151,WAIT,WAIT,5.0333329709246755,False,True,False,False,False,False,False
final_ruehl_mask,mixed,166,270920426,152,WAIT,WAIT,5.112290964461863,False,False,False,False,False,False,False
final_ruehl_mask,mixed,166,270920426,153,WAIT,WAIT,5.782459047622979,False,False,False,False,False,False,False
final_ruehl_mask,mixed,166,270920426,154,WAIT,WAIT,5.500958999618888,False,False,False,False,False,False,False
final_ruehl_mask,mixed,166,270920426,155,WAIT,WAIT,5.460625048726797,False,False,False,False,False,False,True
final_ruehl_mask,mixed,166,270920426,156,BOMB,BOMB,5.600915988907218,False,False,False,True,True,False,True
final_ruehl_mask,mixed,166,270920426,157,UP,UP,4.764124983921647,False,False,False,False,False,False,True
final_ruehl_mask,mixed,166,270920426,158,UP,UP,3.8524579722434282,False,False,False,False,False,False,True
final_ruehl_mask,mixed,166,270920426,159,WAIT,WAIT,5.773333017714322,False,False,False,False,False,False,True
final_ruehl_mask,mixed,166,270920426,160,UP,UP,4.687000066041946,False,False,False,False,False,False,True
final_ruehl_mask,mixed,167,270920427,1,RIGHT,RIGHT,3.0001670820638537,False,True,False,False,False,False,False
final_ruehl_mask,mixed,167,270920427,2,BOMB,BOMB,5.202916916459799,False,False,False,True,False,False,False
final_ruehl_mask,mixed,167,270920427,3,LEFT,LEFT,2.2349589271470904,False,False,False,False,False,False,False
final_ruehl_mask,mixed,167,270920427,4,UP,UP,15.207541990093887,False,False,False,False,False,False,False
final_ruehl_mask,mixed,167,270920427,5,WAIT,WAIT,2.363624982535839,False,False,False,False,False,False,False
final_ruehl_mask,mixed,167,270920427,6,WAIT,WAIT,6.643707980401814,False,False,False,False,False,False,False
final_ruehl_mask,mixed,167,270920427,7,WAIT,WAIT,2.379082958213985,False,False,False,False,False,False,False
final_ruehl_mask,mixed,167,270920427,8,WAIT,WAIT,4.484624951146543,False,False,False,False,False,False,False
final_ruehl_mask,mixed,167,270920427,9,BOMB,BOMB,7.114999927580357,False,False,False,True,False,False,False
final_ruehl_mask,mixed,167,270920427,10,DOWN,DOWN,6.727749947458506,False,False,False,False,False,False,False
final_ruehl_mask,mixed,167,270920427,11,WAIT,WAIT,3.4513339633122087,False,True,False,False,False,False,False
final_ruehl_mask,mixed,167,270920427,12,RIGHT,RIGHT,3.2972500193864107,False,False,False,False,False,False,False
final_ruehl_mask,mixed,167,270920427,13,RIGHT,RIGHT,3.171792021021247,False,False,False,False,False,False,False
final_ruehl_mask,mixed,167,270920427,14,LEFT,LEFT,2.8713750652968884,False,False,False,False,False,False,False
final_ruehl_mask,mixed,167,270920427,15,LEFT,LEFT,3.443624940700829,False,False,False,False,False,False,False
final_ruehl_mask,mixed,167,270920427,16,UP,UP,3.383957897312939,False,False,False,False,False,False,False
final_ruehl_mask,mixed,167,270920427,17,UP,UP,3.1885000644251704,False,False,False,False,False,False,True
final_ruehl_mask,mixed,167,270920427,18,BOMB,BOMB,3.405667026527226,False,False,False,True,False,False,True
final_ruehl_mask,mixed,167,270920427,19,UP,UP,3.1745419837534428,False,False,False,False,False,False,True
final_ruehl_mask,mixed,167,270920427,20,UP,UP,2.738832961767912,False,False,False,False,False,False,True
final_ruehl_mask,mixed,167,270920427,21,UP,UP,2.442791941575706,False,False,False,False,False,False,True
final_ruehl_mask,mixed,167,270920427,22,UP,UP,3.7133749574422836,False,False,False,False,False,False,True
final_ruehl_mask,mixed,168,270920428,1,LEFT,LEFT,2.9461249941959977,False,True,False,False,False,False,False
final_ruehl_mask,mixed,168,270920428,2,BOMB,BOMB,2.6025830302387476,False,False,False,True,False,False,False
final_ruehl_mask,mixed,168,270920428,3,RIGHT,RIGHT,2.7729159919545054,False,False,False,False,False,False,False
final_ruehl_mask,mixed,168,270920428,4,DOWN,DOWN,2.7414580108597875,False,False,False,False,False,False,False
final_ruehl_mask,mixed,168,270920428,5,WAIT,WAIT,2.6190830394625664,False,False,False,False,False,False,False
final_ruehl_mask,mixed,168,270920428,6,WAIT,WAIT,2.2286250023171306,False,False,False,False,False,False,False
final_ruehl_mask,mixed,168,270920428,7,WAIT,WAIT,3.0313750030472875,False,False,False,False,False,False,False
final_ruehl_mask,mixed,168,270920428,8,UP,UP,2.204374992288649,False,False,False,False,False,False,False
final_ruehl_mask,mixed,168,270920428,9,BOMB,BOMB,3.840707940980792,False,False,False,True,False,False,False
final_ruehl_mask,mixed,168,270920428,10,LEFT,LEFT,3.0305000254884362,False,False,False,False,False,False,False
final_ruehl_mask,mixed,168,270920428,11,LEFT,LEFT,4.167875042185187,False,True,False,False,False,False,False
final_ruehl_mask,mixed,168,270920428,12,LEFT,LEFT,3.2234169775620103,False,False,False,False,False,False,False
final_ruehl_mask,mixed,168,270920428,13,LEFT,LEFT,3.08974995277822,False,False,False,False,False,False,False
final_ruehl_mask,mixed,168,270920428,14,WAIT,WAIT,3.146165981888771,False,False,False,False,False,False,False
final_ruehl_mask,mixed,168,270920428,15,WAIT,WAIT,3.2678749412298203,False,False,False,False,False,False,False
final_ruehl_mask,mixed,168,270920428,16,BOMB,BOMB,3.4024170599877834,False,False,False,True,False,False,False
final_ruehl_mask,mixed,168,270920428,17,RIGHT,RIGHT,3.3727079862728715,False,False,False,False,False,False,False
final_ruehl_mask,mixed,168,270920428,18,RIGHT,RIGHT,4.333334043622017,False,False,False,False,False,False,False
final_ruehl_mask,mixed,168,270920428,19,RIGHT,RIGHT,3.028708044439554,False,False,False,False,False,False,False
final_ruehl_mask,mixed,168,270920428,20,RIGHT,RIGHT,3.620375064201653,False,False,False,False,False,False,False
final_ruehl_mask,mixed,168,270920428,21,DOWN,DOWN,3.578333999030292,False,True,False,False,False,False,False
final_ruehl_mask,mixed,168,270920428,22,WAIT,WAIT,3.1432079849764705,False,False,False,False,False,False,True
final_ruehl_mask,mixed,168,270920428,23,BOMB,BOMB,2.7962499298155308,False,False,False,True,False,False,True
final_ruehl_mask,mixed,168,270920428,24,DOWN,DOWN,3.486374975182116,False,False,False,False,False,False,True
final_ruehl_mask,mixed,168,270920428,25,DOWN,DOWN,3.2036250922828913,False,False,False,False,False,False,True
final_ruehl_mask,mixed,168,270920428,26,UP,UP,5.2010000217705965,False,False,False,False,False,False,True
final_ruehl_mask,mixed,168,270920428,27,DOWN,DOWN,14.458875055424869,False,False,False,False,False,False,True
final_ruehl_mask,mixed,169,270920429,1,DOWN,DOWN,3.090042038820684,False,True,False,False,False,False,False
final_ruehl_mask,mixed,169,270920429,2,BOMB,BOMB,2.1790419705212116,False,False,False,True,False,False,False
final_ruehl_mask,mixed,169,270920429,3,UP,UP,2.792874933220446,False,False,False,False,False,False,False
final_ruehl_mask,mixed,169,270920429,4,LEFT,LEFT,2.6963750133290887,False,False,False,False,False,False,False
final_ruehl_mask,mixed,169,270920429,5,WAIT,WAIT,2.694500028155744,False,False,False,False,False,False,False
final_ruehl_mask,mixed,169,270920429,6,WAIT,WAIT,2.618375001475215,False,False,False,False,False,False,False
final_ruehl_mask,mixed,169,270920429,7,WAIT,WAIT,2.975124982185662,False,False,False,False,False,False,False
final_ruehl_mask,mixed,169,270920429,8,WAIT,WAIT,2.7936670230701566,False,False,False,False,False,False,False
final_ruehl_mask,mixed,169,270920429,9,BOMB,BOMB,2.4596250150352716,False,False,False,True,False,False,False
final_ruehl_mask,mixed,169,270920429,10,RIGHT,RIGHT,2.8827080968767405,False,False,False,False,False,False,False
final_ruehl_mask,mixed,169,270920429,11,DOWN,DOWN,3.1428749207407236,False,True,False,False,False,False,False
final_ruehl_mask,mixed,169,270920429,12,DOWN,DOWN,3.0595000134781003,False,False,False,False,False,False,False
final_ruehl_mask,mixed,169,270920429,13,WAIT,WAIT,3.108999924734235,False,False,False,False,False,False,False
final_ruehl_mask,mixed,169,270920429,14,DOWN,DOWN,3.443125053308904,False,False,False,False,False,False,False
final_ruehl_mask,mixed,169,270920429,15,DOWN,DOWN,3.3207921078428626,False,False,False,False,False,False,False
final_ruehl_mask,mixed,169,270920429,16,BOMB,BOMB,3.0221249908208847,False,False,False,True,False,False,False
final_ruehl_mask,mixed,169,270920429,17,UP,UP,3.5979169188067317,False,False,False,False,False,False,False
final_ruehl_mask,mixed,169,270920429,18,UP,UP,3.078749985434115,False,False,False,False,False,False,False
final_ruehl_mask,mixed,169,270920429,19,UP,UP,2.862584078684449,False,False,False,False,False,False,False
final_ruehl_mask,mixed,169,270920429,20,UP,UP,3.6928330082446337,False,False,False,False,False,False,False
final_ruehl_mask,mixed,169,270920429,21,LEFT,LEFT,3.8916670018807054,False,True,False,False,False,False,False
final_ruehl_mask,mixed,169,270920429,22,LEFT,LEFT,3.855708986520767,False,False,False,False,False,False,True
final_ruehl_mask,mixed,169,270920429,23,BOMB,BOMB,4.356125020422041,False,False,False,True,False,False,True
final_ruehl_mask,mixed,169,270920429,24,LEFT,LEFT,3.4229590091854334,False,False,False,False,False,False,True
final_ruehl_mask,mixed,169,270920429,25,LEFT,LEFT,3.4912920091301203,False,False,False,False,False,False,True
final_ruehl_mask,mixed,169,270920429,26,LEFT,LEFT,2.9066669521853328,False,False,False,False,False,False,True
final_ruehl_mask,mixed,169,270920429,27,RIGHT,RIGHT,3.6800000816583633,False,False,False,False,False,False,True
final_ruehl_mask,mixed,170,270920430,1,DOWN,DOWN,2.456250018440187,False,True,False,False,False,False,False
final_ruehl_mask,mixed,170,270920430,2,BOMB,BOMB,2.5178330251947045,False,False,False,True,False,False,False
final_ruehl_mask,mixed,170,270920430,3,UP,UP,2.2192500764504075,False,False,False,False,False,False,False
final_ruehl_mask,mixed,170,270920430,4,RIGHT,RIGHT,2.749459003098309,False,False,False,False,False,False,False
final_ruehl_mask,mixed,170,270920430,5,RIGHT,RIGHT,2.281915978528559,False,False,False,False,False,False,False
final_ruehl_mask,mixed,170,270920430,6,WAIT,WAIT,2.72062502335757,False,False,False,False,False,False,False
final_ruehl_mask,mixed,170,270920430,7,LEFT,LEFT,3.1482920749112964,False,False,False,False,False,False,False
final_ruehl_mask,mixed,170,270920430,8,LEFT,LEFT,2.944708103314042,False,False,False,False,False,False,False
final_ruehl_mask,mixed,170,270920430,9,BOMB,BOMB,2.4239160120487213,False,False,False,True,False,False,False
final_ruehl_mask,mixed,170,270920430,10,DOWN,DOWN,2.0859159994870424,False,False,False,False,False,False,False
final_ruehl_mask,mixed,170,270920430,11,DOWN,DOWN,3.023084020242095,False,True,False,False,False,False,False
final_ruehl_mask,mixed,170,270920430,12,RIGHT,RIGHT,2.911417046561837,False,False,False,False,False,False,False
final_ruehl_mask,mixed,170,270920430,13,WAIT,WAIT,2.805666998028755,False,False,False,False,False,False,False
final_ruehl_mask,mixed,170,270920430,14,WAIT,WAIT,3.0421250266954303,False,False,False,False,False,False,False
final_ruehl_mask,mixed,170,270920430,15,WAIT,WAIT,2.5021249894052744,False,False,False,False,False,False,False
final_ruehl_mask,mixed,170,270920430,16,BOMB,BOMB,3.05033300537616,False,False,False,True,False,False,False
final_ruehl_mask,mixed,170,270920430,17,LEFT,LEFT,2.5074590230360627,False,False,False,False,False,False,False
final_ruehl_mask,mixed,170,270920430,18,UP,UP,2.634999924339354,False,False,False,False,False,False,False
final_ruehl_mask,mixed,170,270920430,19,UP,UP,3.4617079654708505,False,False,False,False,False,False,False
final_ruehl_mask,mixed,170,270920430,20,RIGHT,RIGHT,3.255292074754834,False,False,False,False,False,False,False
final_ruehl_mask,mixed,170,270920430,21,RIGHT,RIGHT,3.4968339605256915,False,True,False,False,False,False,False
final_ruehl_mask,mixed,170,270920430,22,RIGHT,RIGHT,3.405874944292009,False,False,False,False,False,False,False
final_ruehl_mask,mixed,170,270920430,23,BOMB,BOMB,3.0403330456465483,False,False,False,True,False,False,False
final_ruehl_mask,mixed,170,270920430,24,LEFT,LEFT,2.9856669716537,False,False,False,False,False,False,False
final_ruehl_mask,mixed,170,270920430,25,LEFT,LEFT,2.980333985760808,False,False,False,False,False,False,False
final_ruehl_mask,mixed,170,270920430,26,LEFT,LEFT,3.142624977044761,False,False,False,False,False,False,False
final_ruehl_mask,mixed,170,270920430,27,DOWN,DOWN,3.4861250314861536,False,False,False,False,False,False,False
final_ruehl_mask,mixed,170,270920430,28,DOWN,DOWN,3.6053330404683948,False,False,False,False,False,False,False
final_ruehl_mask,mixed,170,270920430,29,DOWN,DOWN,2.9835409950464964,False,False,False,False,False,False,False
final_ruehl_mask,mixed,170,270920430,30,DOWN,DOWN,3.8620419800281525,False,False,False,False,False,False,False
final_ruehl_mask,mixed,170,270920430,31,BOMB,BOMB,4.100874997675419,False,True,False,True,False,False,False
final_ruehl_mask,mixed,170,270920430,32,UP,UP,3.8265419425442815,False,False,False,False,False,False,False
final_ruehl_mask,mixed,170,270920430,33,UP,UP,4.583375062793493,False,False,False,False,False,False,False
final_ruehl_mask,mixed,170,270920430,34,RIGHT,RIGHT,3.6457079695537686,False,False,False,False,False,False,False
final_ruehl_mask,mixed,170,270920430,35,RIGHT,RIGHT,2.989292028360069,False,False,False,False,False,False,False
final_ruehl_mask,mixed,170,270920430,36,RIGHT,RIGHT,3.979375003837049,False,False,False,False,False,False,False
final_ruehl_mask,mixed,170,270920430,37,RIGHT,RIGHT,4.052290925756097,False,False,False,False,False,False,False
final_ruehl_mask,mixed,170,270920430,38,BOMB,BOMB,4.15987498126924,False,False,False,True,False,False,False
final_ruehl_mask,mixed,170,270920430,39,LEFT,LEFT,3.9281670469790697,False,False,False,False,False,False,False
final_ruehl_mask,mixed,170,270920430,40,LEFT,LEFT,3.960458911024034,False,False,False,False,False,False,False
final_ruehl_mask,mixed,170,270920430,41,LEFT,LEFT,4.108209046535194,False,True,False,False,False,False,False
final_ruehl_mask,mixed,170,270920430,42,LEFT,LEFT,4.037666949443519,False,False,False,False,False,False,False
final_ruehl_mask,mixed,170,270920430,43,DOWN,DOWN,4.611667012795806,False,False,False,False,False,False,False
final_ruehl_mask,mixed,170,270920430,44,DOWN,DOWN,4.6425830805674195,False,False,False,False,False,False,False
final_ruehl_mask,mixed,170,270920430,45,DOWN,DOWN,4.630374955013394,False,False,False,False,False,False,False
final_ruehl_mask,mixed,170,270920430,46,DOWN,DOWN,4.4155840296298265,False,False,False,False,False,False,False
final_ruehl_mask,mixed,170,270920430,47,BOMB,BOMB,4.470542073249817,False,False,False,True,False,False,False
final_ruehl_mask,mixed,170,270920430,48,DOWN,DOWN,3.996416926383972,False,False,False,False,False,False,False
final_ruehl_mask,mixed,170,270920430,49,DOWN,DOWN,3.917583031579852,False,False,False,False,False,False,False
final_ruehl_mask,mixed,170,270920430,50,RIGHT,RIGHT,3.8522500544786453,False,False,False,False,False,False,False
final_ruehl_mask,mixed,170,270920430,51,RIGHT,RIGHT,4.041041946038604,False,True,False,False,False,False,False
final_ruehl_mask,mixed,170,270920430,52,WAIT,WAIT,4.548207973130047,False,False,False,False,False,False,False
final_ruehl_mask,mixed,170,270920430,53,WAIT,WAIT,4.290291923098266,False,False,False,False,False,False,False
final_ruehl_mask,mixed,170,270920430,54,BOMB,BOMB,4.435083013959229,False,False,False,True,False,False,False
final_ruehl_mask,mixed,170,270920430,55,DOWN,DOWN,4.375500022433698,False,False,False,False,False,False,False
final_ruehl_mask,mixed,170,270920430,56,DOWN,DOWN,3.8328749360516667,False,False,False,False,False,False,False
final_ruehl_mask,mixed,170,270920430,57,RIGHT,RIGHT,4.069666960276663,False,False,False,False,False,False,False
final_ruehl_mask,mixed,170,270920430,58,RIGHT,RIGHT,3.336374997161329,False,False,False,False,False,False,False
final_ruehl_mask,mixed,170,270920430,59,DOWN,DOWN,5.088249919936061,False,False,False,False,False,False,False
final_ruehl_mask,mixed,170,270920430,60,DOWN,DOWN,4.660833044908941,False,False,False,False,False,False,False
final_ruehl_mask,mixed,170,270920430,61,DOWN,DOWN,4.207083955407143,False,True,False,False,False,False,False
final_ruehl_mask,mixed,170,270920430,62,DOWN,DOWN,5.072083091363311,False,False,False,False,False,False,False
final_ruehl_mask,mixed,170,270920430,63,RIGHT,RIGHT,4.6877500135451555,False,False,False,False,False,False,False
final_ruehl_mask,mixed,170,270920430,64,RIGHT,RIGHT,5.289916065521538,False,False,False,False,False,False,False
final_ruehl_mask,mixed,170,270920430,65,RIGHT,RIGHT,5.514667020179331,False,False,False,False,False,False,False
final_ruehl_mask,mixed,170,270920430,66,RIGHT,RIGHT,4.146500024944544,False,False,False,False,False,False,False
final_ruehl_mask,mixed,170,270920430,67,RIGHT,RIGHT,5.206250003539026,False,False,False,False,False,False,False
final_ruehl_mask,mixed,170,270920430,68,RIGHT,RIGHT,6.050167023204267,False,False,False,False,False,False,False
final_ruehl_mask,mixed,170,270920430,69,BOMB,BOMB,5.244791973382235,False,False,False,True,False,False,False
final_ruehl_mask,mixed,170,270920430,70,RIGHT,RIGHT,4.790541948750615,False,False,False,False,False,False,False
final_ruehl_mask,mixed,170,270920430,71,RIGHT,RIGHT,8.35449993610382,False,True,False,False,False,False,False
final_ruehl_mask,mixed,170,270920430,72,UP,UP,10.071041993796825,False,False,False,False,False,False,False
final_ruehl_mask,mixed,170,270920430,73,UP,UP,8.41254205442965,False,False,False,False,False,False,False
final_ruehl_mask,mixed,170,270920430,74,RIGHT,RIGHT,10.778459021821618,False,False,False,False,False,False,False
final_ruehl_mask,mixed,170,270920430,75,RIGHT,RIGHT,14.152750023640692,False,False,False,False,False,False,False
final_ruehl_mask,mixed,170,270920430,76,UP,UP,6.646250025369227,False,False,False,False,False,False,False
final_ruehl_mask,mixed,170,270920430,77,UP,UP,5.963083007372916,False,False,False,False,False,False,False
final_ruehl_mask,mixed,170,270920430,78,UP,UP,6.032082950696349,False,False,False,False,False,False,False
final_ruehl_mask,mixed,170,270920430,79,UP,UP,5.4431670578196645,False,False,False,False,False,False,False
final_ruehl_mask,mixed,170,270920430,80,UP,UP,5.155708058737218,False,False,False,False,False,False,False
final_ruehl_mask,mixed,170,270920430,81,UP,UP,5.3012080024927855,False,True,False,False,False,False,False
final_ruehl_mask,mixed,170,270920430,82,BOMB,BOMB,5.236333003267646,False,False,False,True,True,False,False
final_ruehl_mask,mixed,170,270920430,83,LEFT,LEFT,4.4044170062989,False,False,False,False,False,False,False
final_ruehl_mask,mixed,170,270920430,84,LEFT,LEFT,4.683832987211645,False,False,False,False,False,False,False
final_ruehl_mask,mixed,170,270920430,85,DOWN,DOWN,5.368624930270016,False,False,False,False,False,False,False
final_ruehl_mask,mixed,170,270920430,86,DOWN,DOWN,5.090749938972294,False,False,False,False,False,False,False
final_ruehl_mask,mixed,170,270920430,87,DOWN,DOWN,6.935332901775837,False,False,False,False,False,False,False
final_ruehl_mask,mixed,170,270920430,88,DOWN,DOWN,5.842791986651719,False,False,False,False,False,False,False
final_ruehl_mask,mixed,170,270920430,89,RIGHT,RIGHT,6.413041963241994,False,False,False,False,False,False,False
final_ruehl_mask,mixed,170,270920430,90,RIGHT,RIGHT,6.314833997748792,False,False,False,False,False,False,False
final_ruehl_mask,mixed,170,270920430,91,UP,UP,6.342542008496821,False,True,False,False,False,False,False
final_ruehl_mask,mixed,170,270920430,92,UP,UP,5.716499988920987,False,False,False,False,False,False,False
final_ruehl_mask,mixed,170,270920430,93,BOMB,BOMB,4.988041939213872,False,False,False,True,False,False,False
final_ruehl_mask,mixed,170,270920430,94,UP,UP,5.077249952591956,False,False,False,False,False,False,False
final_ruehl_mask,mixed,170,270920430,95,WAIT,WAIT,5.1750000566244125,False,False,False,False,False,False,False
final_ruehl_mask,mixed,170,270920430,96,UP,UP,5.236208904534578,False,False,False,False,False,False,False
final_ruehl_mask,mixed,170,270920430,97,LEFT,LEFT,4.687082953751087,False,False,False,False,False,False,False
final_ruehl_mask,mixed,170,270920430,98,LEFT,LEFT,4.411624977365136,False,False,False,False,False,False,False
final_ruehl_mask,mixed,170,270920430,99,DOWN,DOWN,5.738166975788772,False,False,False,False,False,False,False
final_ruehl_mask,mixed,170,270920430,100,DOWN,DOWN,5.886332946829498,False,False,False,False,False,False,False
final_ruehl_mask,mixed,170,270920430,101,RIGHT,RIGHT,5.788833019323647,False,True,False,False,False,False,False
final_ruehl_mask,mixed,170,270920430,102,RIGHT,RIGHT,4.976750002242625,False,False,False,False,False,False,False
final_ruehl_mask,mixed,170,270920430,103,UP,UP,4.956958000548184,False,False,False,False,False,False,False
final_ruehl_mask,mixed,170,270920430,104,WAIT,WAIT,5.791416973806918,False,False,False,False,False,False,False
final_ruehl_mask,mixed,170,270920430,105,BOMB,BOMB,5.699833040125668,False,False,False,True,True,False,False
final_ruehl_mask,mixed,170,270920430,106,DOWN,DOWN,5.506915971636772,False,False,False,False,False,False,False
final_ruehl_mask,mixed,170,270920430,107,DOWN,DOWN,5.804500076919794,False,False,False,False,False,False,False
final_ruehl_mask,mixed,170,270920430,108,UP,UP,6.340250023640692,False,False,False,False,False,False,False
final_ruehl_mask,mixed,170,270920430,109,LEFT,LEFT,5.764208966866136,False,False,False,False,False,False,False
final_ruehl_mask,mixed,170,270920430,110,WAIT,WAIT,6.04370899964124,False,False,False,False,False,False,False
final_ruehl_mask,mixed,170,270920430,111,LEFT,LEFT,5.774041987024248,False,True,False,False,False,False,False
final_ruehl_mask,mixed,170,270920430,112,BOMB,BOMB,6.188250030390918,False,False,False,True,True,False,False
final_ruehl_mask,mixed,170,270920430,113,DOWN,DOWN,5.818457924760878,False,False,False,False,False,False,False
final_ruehl_mask,mixed,170,270920430,114,DOWN,DOWN,5.888541927561164,False,False,False,False,False,False,False
final_ruehl_mask,mixed,170,270920430,115,RIGHT,RIGHT,6.134707946330309,False,False,False,False,False,False,False
final_ruehl_mask,mixed,170,270920430,116,RIGHT,RIGHT,6.162874982692301,False,False,False,False,False,False,False
final_ruehl_mask,mixed,170,270920430,117,UP,UP,6.180916912853718,False,False,False,False,False,False,False
final_ruehl_mask,mixed,170,270920430,118,UP,UP,5.824167048558593,False,False,False,False,False,False,False
final_ruehl_mask,mixed,170,270920430,119,UP,UP,6.037250044755638,False,False,False,False,False,False,False
final_ruehl_mask,mixed,170,270920430,120,UP,UP,4.621499916538596,False,False,False,False,False,False,False
final_ruehl_mask,mixed,170,270920430,121,BOMB,BOMB,5.08362497203052,False,True,False,True,True,False,False
final_ruehl_mask,mixed,170,270920430,122,UP,UP,3.877582959830761,False,False,False,False,False,False,False
final_ruehl_mask,mixed,170,270920430,123,WAIT,WAIT,4.577915999107063,False,False,False,False,False,False,False
final_ruehl_mask,mixed,170,270920430,124,UP,UP,4.210999934002757,False,False,False,False,False,False,False
final_ruehl_mask,mixed,170,270920430,125,LEFT,LEFT,4.129875102080405,False,False,False,False,False,False,False
final_ruehl_mask,mixed,170,270920430,126,LEFT,LEFT,4.773083026520908,False,False,False,False,False,False,False
final_ruehl_mask,mixed,170,270920430,127,DOWN,DOWN,4.668417037464678,False,False,False,False,False,False,False
final_ruehl_mask,mixed,170,270920430,128,DOWN,DOWN,5.185000016354024,False,False,False,False,False,False,False
final_ruehl_mask,mixed,170,270920430,129,DOWN,DOWN,5.66383299883455,False,False,False,False,False,False,False
final_ruehl_mask,mixed,170,270920430,130,DOWN,DOWN,5.837832926772535,False,False,False,False,False,False,False
final_ruehl_mask,mixed,170,270920430,131,DOWN,DOWN,5.66554197575897,False,True,False,False,False,False,False
final_ruehl_mask,mixed,170,270920430,132,DOWN,DOWN,5.401417030952871,False,False,False,False,False,False,False
final_ruehl_mask,mixed,170,270920430,133,DOWN,DOWN,5.662832991220057,False,False,False,False,False,False,False
final_ruehl_mask,mixed,170,270920430,134,DOWN,DOWN,5.4318750044330955,False,False,False,False,False,False,False
final_ruehl_mask,mixed,170,270920430,135,LEFT,LEFT,6.095707998611033,False,False,False,False,False,False,False
final_ruehl_mask,mixed,170,270920430,136,LEFT,LEFT,5.5962910410016775,False,False,False,False,False,False,False
final_ruehl_mask,mixed,170,270920430,137,BOMB,BOMB,5.393625004217029,False,False,False,True,False,False,False
final_ruehl_mask,mixed,170,270920430,138,LEFT,LEFT,5.479082930833101,False,False,False,False,False,False,False
final_ruehl_mask,mixed,170,270920430,139,LEFT,LEFT,5.494249984622002,False,False,False,False,False,False,False
final_ruehl_mask,mixed,170,270920430,140,DOWN,DOWN,4.878708044998348,False,False,False,False,False,False,False
final_ruehl_mask,mixed,170,270920430,141,DOWN,DOWN,4.419083008542657,False,True,False,False,False,False,False
final_ruehl_mask,mixed,170,270920430,142,LEFT,LEFT,5.901416996493936,False,False,False,False,False,False,False
final_ruehl_mask,mixed,170,270920430,143,LEFT,LEFT,4.41558298189193,False,False,False,False,False,False,False
final_ruehl_mask,mixed,170,270920430,144,BOMB,BOMB,5.8337920345366,False,False,False,True,False,False,False
final_ruehl_mask,mixed,170,270920430,145,LEFT,LEFT,4.556791973300278,False,False,False,False,False,False,False
final_ruehl_mask,mixed,170,270920430,146,LEFT,LEFT,5.831415997818112,False,False,False,False,False,False,False
final_ruehl_mask,mixed,170,270920430,147,UP,UP,6.010457989759743,False,False,False,False,False,False,False
final_ruehl_mask,mixed,170,270920430,148,UP,UP,5.8901660377159715,False,False,False,False,False,False,False
final_ruehl_mask,mixed,170,270920430,149,RIGHT,RIGHT,6.1471660155802965,False,False,False,False,False,False,False
final_ruehl_mask,mixed,170,270920430,150,RIGHT,RIGHT,5.295292008668184,False,False,False,False,False,False,False
final_ruehl_mask,mixed,170,270920430,151,BOMB,BOMB,6.628750008530915,False,True,False,True,False,False,False
final_ruehl_mask,mixed,170,270920430,152,RIGHT,RIGHT,5.536792101338506,False,False,False,False,False,False,False
final_ruehl_mask,mixed,170,270920430,153,RIGHT,RIGHT,5.4435000056400895,False,False,False,False,False,False,False
final_ruehl_mask,mixed,170,270920430,154,UP,UP,4.702124977484345,False,False,False,False,False,False,False
final_ruehl_mask,mixed,170,270920430,155,UP,UP,5.091250059194863,False,False,False,False,False,False,False
final_ruehl_mask,mixed,170,270920430,156,LEFT,LEFT,6.637291982769966,False,False,False,False,False,False,False
final_ruehl_mask,mixed,170,270920430,157,RIGHT,RIGHT,5.698499968275428,False,False,False,False,False,False,False
final_ruehl_mask,mixed,170,270920430,158,UP,UP,6.205499987117946,False,False,False,False,False,False,False
final_ruehl_mask,mixed,170,270920430,159,WAIT,WAIT,4.300417029298842,False,False,False,False,False,False,False
final_ruehl_mask,mixed,170,270920430,160,DOWN,DOWN,4.397916025482118,False,False,False,False,False,False,False
final_ruehl_mask,mixed,170,270920430,161,DOWN,DOWN,6.5159579971805215,False,True,False,False,False,False,False
final_ruehl_mask,mixed,170,270920430,162,DOWN,DOWN,6.964290980249643,False,False,False,False,False,False,False
final_ruehl_mask,mixed,170,270920430,163,DOWN,DOWN,6.759457988664508,False,False,False,False,False,False,False
final_ruehl_mask,mixed,170,270920430,164,DOWN,DOWN,5.345707992091775,False,False,False,False,False,False,False
final_ruehl_mask,mixed,170,270920430,165,WAIT,WAIT,6.3871670281514525,False,False,False,False,False,False,False
final_ruehl_mask,mixed,170,270920430,166,WAIT,WAIT,6.246250006370246,False,False,False,False,False,False,False
final_ruehl_mask,mixed,170,270920430,167,WAIT,WAIT,6.24258304014802,False,False,False,False,False,False,False
final_ruehl_mask,mixed,170,270920430,168,WAIT,WAIT,4.998125019483268,False,False,False,False,False,False,False
final_ruehl_mask,mixed,170,270920430,169,WAIT,WAIT,5.8594170259311795,False,False,False,False,False,False,False
final_ruehl_mask,mixed,170,270920430,170,WAIT,WAIT,6.329790921881795,False,False,False,False,False,False,False
final_ruehl_mask,mixed,170,270920430,171,WAIT,WAIT,6.38404197525233,False,True,False,False,False,False,False
final_ruehl_mask,mixed,170,270920430,172,LEFT,LEFT,6.236999994143844,False,False,False,False,False,False,False
final_ruehl_mask,mixed,170,270920430,173,LEFT,LEFT,6.7336250795051455,False,False,False,False,False,False,False
final_ruehl_mask,mixed,170,270920430,174,UP,UP,7.19216710422188,False,False,False,False,False,False,False
final_ruehl_mask,mixed,170,270920430,175,UP,UP,6.889667012728751,False,False,False,False,False,False,False
final_ruehl_mask,mixed,170,270920430,176,LEFT,LEFT,7.129916921257973,False,False,False,False,False,False,False
final_ruehl_mask,mixed,170,270920430,177,LEFT,LEFT,6.421833066269755,False,False,False,False,False,False,False
final_ruehl_mask,mixed,170,270920430,178,BOMB,BOMB,7.407916011288762,False,False,False,True,False,False,False
final_ruehl_mask,mixed,170,270920430,179,LEFT,LEFT,6.8927910178899765,False,False,False,False,False,False,False
final_ruehl_mask,mixed,170,270920430,180,LEFT,LEFT,6.613416015170515,False,False,False,False,False,False,False
final_ruehl_mask,mixed,170,270920430,181,DOWN,DOWN,5.808290909044445,False,True,False,False,False,False,False
final_ruehl_mask,mixed,170,270920430,182,WAIT,WAIT,5.872625042684376,False,False,False,False,False,False,False
final_ruehl_mask,mixed,170,270920430,183,DOWN,DOWN,5.870875087566674,False,False,False,False,False,False,False
final_ruehl_mask,mixed,170,270920430,184,LEFT,LEFT,7.18537496868521,False,False,False,False,False,False,False
final_ruehl_mask,mixed,170,270920430,185,LEFT,LEFT,6.581375026144087,False,False,False,False,False,False,False
final_ruehl_mask,mixed,170,270920430,186,UP,UP,7.189833908341825,False,False,False,False,False,False,False
final_ruehl_mask,mixed,170,270920430,187,UP,UP,5.901917000301182,False,False,False,False,False,False,False
final_ruehl_mask,mixed,170,270920430,188,RIGHT,RIGHT,6.3712080009281635,False,False,False,False,False,False,False
final_ruehl_mask,mixed,170,270920430,189,RIGHT,RIGHT,6.1677079647779465,False,False,False,False,False,False,False
final_ruehl_mask,mixed,170,270920430,190,RIGHT,RIGHT,5.707083968445659,False,False,False,False,False,False,False
final_ruehl_mask,mixed,170,270920430,191,RIGHT,RIGHT,6.510250037536025,False,True,False,False,False,False,False
final_ruehl_mask,mixed,170,270920430,192,RIGHT,RIGHT,6.549457903020084,False,False,False,False,False,False,False
final_ruehl_mask,mixed,170,270920430,193,RIGHT,RIGHT,7.117625093087554,False,False,False,False,False,False,False
final_ruehl_mask,mixed,170,270920430,194,UP,UP,6.477207993157208,False,False,False,False,False,False,False
final_ruehl_mask,mixed,170,270920430,195,WAIT,WAIT,4.609416937455535,False,False,False,False,False,False,False
final_ruehl_mask,mixed,170,270920430,196,WAIT,WAIT,4.838665947318077,False,False,False,False,False,False,False
final_ruehl_mask,mixed,170,270920430,197,WAIT,WAIT,5.168875097297132,False,False,False,False,False,False,False
final_ruehl_mask,mixed,170,270920430,198,WAIT,WAIT,5.066458019427955,False,False,False,False,False,False,False
final_ruehl_mask,mixed,170,270920430,199,WAIT,WAIT,5.097457906231284,False,False,False,False,False,False,False
final_ruehl_mask,mixed,170,270920430,200,BOMB,BOMB,5.1709170220419765,False,False,False,True,True,False,False
final_ruehl_mask,mixed,170,270920430,201,DOWN,DOWN,5.164625006727874,False,True,False,False,False,False,False
final_ruehl_mask,mixed,170,270920430,202,DOWN,DOWN,4.635665914975107,False,False,False,False,False,False,False
final_ruehl_mask,mixed,170,270920430,203,DOWN,DOWN,3.9746249094605446,False,False,False,False,False,False,False
final_ruehl_mask,mixed,170,270920430,204,LEFT,LEFT,4.919541999697685,False,False,False,False,False,False,False
final_ruehl_mask,mixed,170,270920430,205,LEFT,LEFT,5.147665971890092,False,False,False,False,False,False,False
final_ruehl_mask,mixed,170,270920430,206,WAIT,WAIT,5.258540972135961,False,False,False,False,False,False,False
final_ruehl_mask,mixed,170,270920430,207,UP,UP,5.544667015783489,False,False,False,False,False,False,False
final_ruehl_mask,mixed,170,270920430,208,WAIT,WAIT,5.17408293671906,False,False,False,False,False,False,False
final_ruehl_mask,mixed,170,270920430,209,UP,UP,5.0282079027965665,False,False,False,False,False,False,False
final_ruehl_mask,mixed,170,270920430,210,RIGHT,RIGHT,5.824790918268263,False,False,False,False,False,False,False
final_ruehl_mask,mixed,170,270920430,211,RIGHT,RIGHT,5.389666999690235,False,True,False,False,False,False,False
final_ruehl_mask,mixed,170,270920430,212,DOWN,DOWN,5.460042040795088,False,False,False,False,False,False,False
final_ruehl_mask,mixed,170,270920430,213,DOWN,DOWN,4.5052909990772605,False,False,False,False,False,False,False
final_ruehl_mask,mixed,170,270920430,214,RIGHT,RIGHT,7.203874993138015,False,False,False,False,False,False,False
final_ruehl_mask,mixed,170,270920430,215,WAIT,WAIT,4.868459072895348,False,False,False,False,False,False,False
final_ruehl_mask,mixed,170,270920430,216,RIGHT,RIGHT,4.891250049695373,False,False,False,False,False,False,False
final_ruehl_mask,mixed,170,270920430,217,BOMB,BOMB,5.625916994176805,False,False,False,True,True,False,False
final_ruehl_mask,mixed,170,270920430,218,UP,UP,4.849917022511363,False,False,False,False,False,False,False
final_ruehl_mask,mixed,170,270920430,219,UP,UP,4.768208949826658,False,False,False,False,False,False,False
final_ruehl_mask,mixed,170,270920430,220,RIGHT,RIGHT,6.820084061473608,False,False,False,False,False,False,False
final_ruehl_mask,mixed,170,270920430,221,WAIT,WAIT,7.466625072993338,False,True,False,False,False,False,False
final_ruehl_mask,mixed,170,270920430,222,RIGHT,RIGHT,7.925624959170818,False,False,False,False,False,False,False
final_ruehl_mask,mixed,170,270920430,223,DOWN,DOWN,5.727790994569659,False,False,False,False,False,False,False
final_ruehl_mask,mixed,170,270920430,224,DOWN,DOWN,7.262709084898233,False,False,False,False,False,False,False
final_ruehl_mask,mixed,170,270920430,225,WAIT,WAIT,13.109417050145566,False,False,False,False,False,False,False
final_ruehl_mask,mixed,170,270920430,226,LEFT,LEFT,17.34870800282806,False,False,False,False,False,False,False
final_ruehl_mask,mixed,170,270920430,227,LEFT,LEFT,4.879958927631378,False,False,False,False,False,False,False
final_ruehl_mask,mixed,170,270920430,228,UP,UP,5.258374963887036,False,False,False,False,False,False,False
final_ruehl_mask,mixed,170,270920430,229,UP,UP,4.272749996744096,False,False,False,False,False,False,False
final_ruehl_mask,mixed,170,270920430,230,WAIT,WAIT,5.651333020068705,False,False,False,False,False,False,False
final_ruehl_mask,mixed,170,270920430,231,BOMB,BOMB,5.753875011578202,False,True,False,True,True,False,False
final_ruehl_mask,mixed,170,270920430,232,LEFT,LEFT,4.837291082367301,False,False,False,False,False,False,False
final_ruehl_mask,mixed,170,270920430,233,LEFT,LEFT,4.522084025666118,False,False,False,False,False,False,False
final_ruehl_mask,mixed,170,270920430,234,DOWN,DOWN,5.099209025502205,False,False,False,False,False,False,False
final_ruehl_mask,mixed,170,270920430,235,DOWN,DOWN,4.519667010754347,False,False,False,False,False,False,False
final_ruehl_mask,mixed,170,270920430,236,RIGHT,RIGHT,5.555375013500452,False,False,False,False,False,False,False
final_ruehl_mask,mixed,170,270920430,237,WAIT,WAIT,4.973707953467965,False,False,False,False,False,False,False
final_ruehl_mask,mixed,170,270920430,238,BOMB,BOMB,5.359290982596576,False,False,False,True,True,False,False
final_ruehl_mask,mixed,170,270920430,239,LEFT,LEFT,4.591583041474223,False,False,False,False,False,False,False
final_ruehl_mask,mixed,170,270920430,240,UP,UP,4.51600004453212,False,False,False,False,False,False,False
final_ruehl_mask,mixed,170,270920430,241,UP,UP,5.026791011914611,False,True,False,False,False,False,False
final_ruehl_mask,mixed,170,270920430,242,LEFT,LEFT,6.008374970406294,False,False,False,False,False,False,False
final_ruehl_mask,mixed,170,270920430,243,LEFT,LEFT,5.586499930359423,False,False,False,False,False,False,False
final_ruehl_mask,mixed,170,270920430,244,DOWN,DOWN,6.196125061251223,False,False,False,False,False,False,False
final_ruehl_mask,mixed,170,270920430,245,DOWN,DOWN,4.902833024971187,False,False,False,False,False,False,False
final_ruehl_mask,mixed,170,270920430,246,RIGHT,RIGHT,5.0836659502238035,False,False,False,False,False,False,False
final_ruehl_mask,mixed,170,270920430,247,RIGHT,RIGHT,4.884916008450091,False,False,False,False,False,False,False
final_ruehl_mask,mixed,170,270920430,248,RIGHT,RIGHT,4.939583013765514,False,False,False,False,False,False,False
final_ruehl_mask,mixed,170,270920430,249,BOMB,BOMB,4.262708011083305,False,False,False,True,True,False,False
final_ruehl_mask,mixed,170,270920430,250,RIGHT,RIGHT,4.947707988321781,False,False,False,False,False,False,False
final_ruehl_mask,mixed,170,270920430,251,UP,UP,4.726583021692932,False,True,False,False,False,False,False
final_ruehl_mask,mixed,170,270920430,252,UP,UP,4.2393330950289965,False,False,False,False,False,False,False
final_ruehl_mask,mixed,170,270920430,253,RIGHT,RIGHT,6.099250051192939,False,False,False,False,False,False,False
final_ruehl_mask,mixed,170,270920430,254,RIGHT,RIGHT,5.567790940403938,False,False,False,False,False,False,False
final_ruehl_mask,mixed,170,270920430,255,RIGHT,RIGHT,5.933874985203147,False,False,False,False,False,False,False
final_ruehl_mask,mixed,170,270920430,256,RIGHT,RIGHT,4.837249987758696,False,False,False,False,False,False,False
final_ruehl_mask,mixed,170,270920430,257,UP,UP,5.938332993537188,False,False,False,False,False,False,False
final_ruehl_mask,mixed,170,270920430,258,UP,UP,5.197999998927116,False,False,False,False,False,False,False
final_ruehl_mask,mixed,170,270920430,259,LEFT,LEFT,6.222624913789332,False,False,False,False,False,False,False
final_ruehl_mask,mixed,170,270920430,260,LEFT,LEFT,5.432458012364805,False,False,False,False,False,False,False
final_ruehl_mask,mixed,170,270920430,261,BOMB,BOMB,5.062791984528303,False,True,False,True,True,False,False
final_ruehl_mask,mixed,170,270920430,262,UP,UP,5.239499965682626,False,False,False,False,False,False,False
final_ruehl_mask,mixed,170,270920430,263,UP,UP,4.637917038053274,False,False,False,False,False,False,False
final_ruehl_mask,mixed,170,270920430,264,LEFT,LEFT,4.33116708882153,False,False,False,False,False,False,False
final_ruehl_mask,mixed,170,270920430,265,LEFT,LEFT,5.278208060190082,False,False,False,False,False,False,False
final_ruehl_mask,mixed,170,270920430,266,DOWN,DOWN,5.978290922939777,False,False,False,False,False,False,False
final_ruehl_mask,mixed,170,270920430,267,WAIT,WAIT,4.732166999019682,False,False,False,False,False,False,False
final_ruehl_mask,mixed,170,270920430,268,DOWN,DOWN,5.769000039435923,False,False,False,False,False,False,False
final_ruehl_mask,mixed,170,270920430,269,WAIT,WAIT,5.6237500393763185,False,False,False,False,False,False,False
final_ruehl_mask,mixed,170,270920430,270,BOMB,BOMB,5.1916660740971565,False,False,False,True,True,False,False
final_ruehl_mask,mixed,170,270920430,271,LEFT,LEFT,5.325292004272342,False,True,False,False,False,False,False
final_ruehl_mask,mixed,170,270920430,272,LEFT,LEFT,4.696457996033132,False,False,False,False,False,False,False
final_ruehl_mask,mixed,170,270920430,273,UP,UP,5.693709012120962,False,False,False,False,False,False,False
final_ruehl_mask,mixed,170,270920430,274,UP,UP,4.830292076803744,False,False,False,False,False,False,False
final_ruehl_mask,mixed,170,270920430,275,RIGHT,RIGHT,7.196250022388995,False,False,False,False,False,False,False
final_ruehl_mask,mixed,170,270920430,276,RIGHT,RIGHT,5.847166990861297,False,False,False,False,False,False,False
final_ruehl_mask,mixed,170,270920430,277,DOWN,DOWN,7.086375029757619,False,False,False,False,False,False,False
final_ruehl_mask,mixed,170,270920430,278,BOMB,BOMB,6.275958032347262,False,False,False,True,True,False,False
final_ruehl_mask,mixed,170,270920430,279,UP,UP,5.055750021710992,False,False,False,False,False,False,False
final_ruehl_mask,mixed,170,270920430,280,RIGHT,RIGHT,5.219541024416685,False,False,False,False,False,False,False
final_ruehl_mask,mixed,170,270920430,281,RIGHT,RIGHT,4.326457972638309,False,True,False,False,False,False,False
final_ruehl_mask,mixed,170,270920430,282,RIGHT,RIGHT,5.85316598881036,False,False,False,False,False,False,False
final_ruehl_mask,mixed,170,270920430,283,WAIT,WAIT,5.1929999608546495,False,False,False,False,False,False,False
final_ruehl_mask,mixed,170,270920430,284,WAIT,WAIT,4.911832977086306,False,False,False,False,False,False,False
final_ruehl_mask,mixed,170,270920430,285,BOMB,BOMB,5.182916997000575,False,False,False,True,True,False,False
final_ruehl_mask,mixed,170,270920430,286,RIGHT,RIGHT,4.084542044438422,False,False,False,False,False,False,False
final_ruehl_mask,mixed,170,270920430,287,DOWN,DOWN,4.867042065598071,False,False,False,False,False,False,False
final_ruehl_mask,mixed,170,270920430,288,DOWN,DOWN,5.075959023088217,False,False,False,False,False,False,False
final_ruehl_mask,mixed,170,270920430,289,DOWN,DOWN,5.373124964535236,False,False,False,False,False,False,False
final_ruehl_mask,mixed,170,270920430,290,WAIT,WAIT,5.130292032845318,False,False,False,False,False,False,False
final_ruehl_mask,mixed,170,270920430,291,DOWN,DOWN,5.306749953888357,False,True,False,False,False,False,False
final_ruehl_mask,mixed,170,270920430,292,BOMB,BOMB,5.972458049654961,False,False,False,True,True,False,False
final_ruehl_mask,mixed,170,270920430,293,LEFT,LEFT,5.31691696960479,False,False,False,False,False,False,False
final_ruehl_mask,mixed,170,270920430,294,LEFT,LEFT,4.4496250338852406,False,False,False,False,False,False,False
final_ruehl_mask,mixed,170,270920430,295,UP,UP,5.248666973784566,False,False,False,False,False,False,False
final_ruehl_mask,mixed,170,270920430,296,UP,UP,5.141541012562811,False,False,False,False,False,False,False
final_ruehl_mask,mixed,170,270920430,297,WAIT,WAIT,6.101084058173001,False,False,False,False,False,False,False
final_ruehl_mask,mixed,170,270920430,298,RIGHT,RIGHT,5.993542028591037,False,False,False,False,False,False,False
final_ruehl_mask,mixed,170,270920430,299,BOMB,BOMB,5.06529095582664,False,False,False,True,True,False,False
final_ruehl_mask,mixed,170,270920430,300,LEFT,LEFT,4.8895839136093855,False,False,False,False,False,False,False
final_ruehl_mask,mixed,170,270920430,301,UP,UP,5.203249980695546,False,True,False,False,False,False,False
final_ruehl_mask,mixed,170,270920430,302,UP,UP,4.0698329685255885,False,False,False,False,False,False,False
final_ruehl_mask,mixed,170,270920430,303,UP,UP,6.247416022233665,False,False,False,False,False,False,False
final_ruehl_mask,mixed,170,270920430,304,WAIT,WAIT,5.704291979782283,False,False,False,False,False,False,False
final_ruehl_mask,mixed,170,270920430,305,UP,UP,4.906749934889376,False,False,False,False,False,False,False
final_ruehl_mask,mixed,170,270920430,306,LEFT,LEFT,5.714291008189321,False,False,False,False,False,False,False
final_ruehl_mask,mixed,170,270920430,307,LEFT,LEFT,5.200749961659312,False,False,False,False,False,False,False
final_ruehl_mask,mixed,170,270920430,308,UP,UP,5.93995803501457,False,False,False,False,False,False,False
final_ruehl_mask,mixed,170,270920430,309,WAIT,WAIT,5.016916897147894,False,False,False,False,False,False,False
final_ruehl_mask,mixed,170,270920430,310,WAIT,WAIT,5.147167015820742,False,False,False,False,False,False,False
final_ruehl_mask,mixed,170,270920430,311,WAIT,WAIT,5.025458987802267,False,True,False,False,False,False,False
final_ruehl_mask,mixed,170,270920430,312,BOMB,BOMB,5.040874937549233,False,False,False,True,True,False,False
final_ruehl_mask,mixed,170,270920430,313,UP,UP,4.865041933953762,False,False,False,False,False,False,False
final_ruehl_mask,mixed,170,270920430,314,UP,UP,5.012040957808495,False,False,False,False,False,False,False
final_ruehl_mask,mixed,170,270920430,315,UP,UP,4.687582957558334,False,False,False,False,False,False,False
final_ruehl_mask,mixed,170,270920430,316,UP,UP,5.631875013932586,False,False,False,False,False,False,False
final_ruehl_mask,mixed,170,270920430,317,WAIT,WAIT,5.897292052395642,False,False,False,False,False,False,False
final_ruehl_mask,mixed,170,270920430,318,WAIT,WAIT,5.60200004838407,False,False,False,False,False,False,False
final_ruehl_mask,mixed,170,270920430,319,WAIT,WAIT,4.46566694881767,False,False,False,False,False,False,False
final_ruehl_mask,mixed,170,270920430,320,WAIT,WAIT,5.201625055633485,False,False,False,False,False,False,False
final_ruehl_mask,mixed,170,270920430,321,WAIT,WAIT,5.2173330914229155,False,True,False,False,False,False,False
final_ruehl_mask,mixed,170,270920430,322,WAIT,WAIT,5.314874928444624,False,False,False,False,False,False,False
final_ruehl_mask,mixed,170,270920430,323,BOMB,BOMB,5.531041999347508,False,False,False,True,True,False,False
final_ruehl_mask,mixed,170,270920430,324,UP,UP,4.935042001307011,False,False,False,False,False,False,False
final_ruehl_mask,mixed,170,270920430,325,LEFT,LEFT,3.9183750050142407,False,False,False,False,False,False,False
final_ruehl_mask,mixed,170,270920430,326,LEFT,LEFT,4.4639999978244305,False,False,False,False,False,False,False
final_ruehl_mask,mixed,170,270920430,327,LEFT,LEFT,4.910040996037424,False,False,False,False,False,False,False
final_ruehl_mask,mixed,170,270920430,328,LEFT,LEFT,5.380540969781578,False,False,False,False,False,False,False
final_ruehl_mask,mixed,170,270920430,329,DOWN,DOWN,5.693458020687103,False,False,False,False,False,False,False
final_ruehl_mask,mixed,170,270920430,330,DOWN,DOWN,5.421292036771774,False,False,False,False,False,False,False
final_ruehl_mask,mixed,170,270920430,331,LEFT,LEFT,5.926292040385306,False,True,False,False,False,False,False
final_ruehl_mask,mixed,170,270920430,332,LEFT,LEFT,4.4390830444172025,False,False,False,False,False,False,False
final_ruehl_mask,mixed,170,270920430,333,UP,UP,5.3189999889582396,False,False,False,False,False,False,False
final_ruehl_mask,mixed,170,270920430,334,UP,UP,5.207291920669377,False,False,False,False,False,False,False
final_ruehl_mask,mixed,170,270920430,335,WAIT,WAIT,5.108499899506569,False,False,False,False,False,False,False
final_ruehl_mask,mixed,170,270920430,336,RIGHT,RIGHT,4.956749966368079,False,False,False,False,False,False,False
final_ruehl_mask,mixed,170,270920430,337,RIGHT,RIGHT,4.682792001403868,False,False,False,False,False,False,False
final_ruehl_mask,mixed,170,270920430,338,RIGHT,RIGHT,4.541249945759773,False,False,False,False,False,False,False
final_ruehl_mask,mixed,170,270920430,339,WAIT,WAIT,3.7280829856172204,False,False,False,False,False,False,False
final_ruehl_mask,mixed,170,270920430,340,WAIT,WAIT,4.784125019796193,False,False,False,False,False,False,False
final_ruehl_mask,mixed,170,270920430,341,WAIT,WAIT,4.779333947226405,False,True,False,False,False,False,False
final_ruehl_mask,mixed,170,270920430,342,WAIT,WAIT,4.536874941550195,False,False,False,False,False,False,False
final_ruehl_mask,mixed,170,270920430,343,WAIT,WAIT,4.56983398180455,False,False,False,False,False,False,False
final_ruehl_mask,mixed,170,270920430,344,WAIT,WAIT,4.9614590825513005,False,False,False,False,False,False,False
final_ruehl_mask,mixed,170,270920430,345,WAIT,WAIT,4.857375053688884,False,False,False,False,False,False,False
final_ruehl_mask,mixed,170,270920430,346,BOMB,BOMB,4.714707960374653,False,False,False,True,True,False,False
final_ruehl_mask,mixed,170,270920430,347,LEFT,LEFT,4.518750007264316,False,False,False,False,False,False,False
final_ruehl_mask,mixed,170,270920430,348,LEFT,LEFT,4.882542067207396,False,False,False,False,False,False,False
final_ruehl_mask,mixed,170,270920430,349,LEFT,LEFT,5.148500087670982,False,False,False,False,False,False,False
final_ruehl_mask,mixed,170,270920430,350,DOWN,DOWN,4.910040996037424,False,False,False,False,False,False,False
final_ruehl_mask,mixed,170,270920430,351,DOWN,DOWN,5.1126249600201845,False,True,False,False,False,False,False
final_ruehl_mask,mixed,170,270920430,352,LEFT,LEFT,5.7399159995839,False,False,False,False,False,False,False
final_ruehl_mask,mixed,170,270920430,353,LEFT,LEFT,5.010958993807435,False,False,False,False,False,False,False
final_ruehl_mask,mixed,170,270920430,354,DOWN,DOWN,5.0278749549761415,False,False,False,False,False,False,False
final_ruehl_mask,mixed,170,270920430,355,DOWN,DOWN,5.0779159646481276,False,False,False,False,False,False,False
final_ruehl_mask,mixed,170,270920430,356,RIGHT,RIGHT,4.8184170154854655,False,False,False,False,False,False,False
final_ruehl_mask,mixed,170,270920430,357,RIGHT,RIGHT,4.850000026635826,False,False,False,False,False,False,False
final_ruehl_mask,mixed,170,270920430,358,DOWN,DOWN,5.349124898202717,False,False,False,False,False,False,False
final_ruehl_mask,mixed,170,270920430,359,BOMB,BOMB,5.2330840844661,False,False,False,True,True,False,False
final_ruehl_mask,mixed,170,270920430,360,DOWN,DOWN,4.775374894961715,False,False,False,False,False,False,False
final_ruehl_mask,mixed,170,270920430,361,DOWN,DOWN,4.7528339782729745,False,True,False,False,False,False,False
final_ruehl_mask,mixed,170,270920430,362,DOWN,DOWN,5.373834050260484,False,False,False,False,False,False,False
final_ruehl_mask,mixed,170,270920430,363,DOWN,DOWN,5.287709063850343,False,False,False,False,False,False,False
final_ruehl_mask,mixed,170,270920430,364,WAIT,WAIT,4.544417024590075,False,False,False,False,False,False,False
final_ruehl_mask,mixed,170,270920430,365,DOWN,DOWN,5.156500032171607,False,False,False,False,False,False,False
final_ruehl_mask,mixed,170,270920430,366,RIGHT,RIGHT,5.900750053115189,False,False,False,False,False,False,False
final_ruehl_mask,mixed,170,270920430,367,RIGHT,RIGHT,5.017166957259178,False,False,False,False,False,False,False
final_ruehl_mask,mixed,170,270920430,368,BOMB,BOMB,5.88275003246963,False,False,False,True,True,False,False
final_ruehl_mask,mixed,170,270920430,369,DOWN,DOWN,4.9006250919774175,False,False,False,False,False,False,False
final_ruehl_mask,mixed,170,270920430,370,DOWN,DOWN,4.9639580538496375,False,False,False,False,False,False,False
final_ruehl_mask,mixed,170,270920430,371,RIGHT,RIGHT,5.158209009096026,False,True,False,False,False,False,False
final_ruehl_mask,mixed,170,270920430,372,RIGHT,RIGHT,5.114916944876313,False,False,False,False,False,False,False
final_ruehl_mask,mixed,170,270920430,373,UP,UP,6.129582994617522,False,False,False,False,False,False,False
final_ruehl_mask,mixed,170,270920430,374,WAIT,WAIT,5.567874992266297,False,False,False,False,False,False,False
final_ruehl_mask,mixed,170,270920430,375,BOMB,BOMB,5.524624953977764,False,False,False,True,True,False,False
final_ruehl_mask,mixed,170,270920430,376,DOWN,DOWN,4.922082996927202,False,False,False,False,False,False,False
final_ruehl_mask,mixed,170,270920430,377,DOWN,DOWN,4.55558393150568,False,False,False,False,False,False,False
final_ruehl_mask,mixed,170,270920430,378,DOWN,DOWN,5.0163749838247895,False,False,False,False,False,False,False
final_ruehl_mask,mixed,170,270920430,379,LEFT,LEFT,4.460542113520205,False,False,False,False,False,False,False
final_ruehl_mask,mixed,170,270920430,380,LEFT,LEFT,5.021082935854793,False,False,False,False,False,False,False
final_ruehl_mask,mixed,170,270920430,381,UP,UP,5.514375050552189,False,True,False,False,False,False,False
final_ruehl_mask,mixed,170,270920430,382,WAIT,WAIT,4.542625043541193,False,False,False,False,False,False,False
final_ruehl_mask,mixed,170,270920430,383,WAIT,WAIT,4.624666995368898,False,False,False,False,False,False,False
final_ruehl_mask,mixed,170,270920430,384,WAIT,WAIT,4.99241694342345,False,False,False,False,False,False,False
final_ruehl_mask,mixed,170,270920430,385,WAIT,WAIT,7.328791078180075,False,False,False,False,False,False,False
final_ruehl_mask,mixed,170,270920430,386,BOMB,BOMB,5.244584055617452,False,False,False,True,True,False,False
final_ruehl_mask,mixed,170,270920430,387,DOWN,DOWN,5.199916893616319,False,False,False,False,False,False,False
final_ruehl_mask,mixed,170,270920430,388,LEFT,LEFT,5.238082958385348,False,False,False,False,False,False,False
final_ruehl_mask,mixed,170,270920430,389,LEFT,LEFT,5.301333032548428,False,False,False,False,False,False,False
final_ruehl_mask,mixed,170,270920430,390,LEFT,LEFT,5.417958018369973,False,False,False,False,False,False,False
final_ruehl_mask,mixed,170,270920430,391,LEFT,LEFT,7.157833082601428,False,True,False,False,False,False,False
final_ruehl_mask,mixed,170,270920430,392,UP,UP,5.839624907821417,False,False,False,False,False,False,False
final_ruehl_mask,mixed,170,270920430,393,UP,UP,4.318999941460788,False,False,False,False,False,False,False
final_ruehl_mask,mixed,170,270920430,394,UP,UP,5.358124966733158,False,False,False,False,False,False,False
final_ruehl_mask,mixed,170,270920430,395,UP,UP,4.459667019546032,False,False,False,False,False,False,False
final_ruehl_mask,mixed,170,270920430,396,UP,UP,5.250541027635336,False,False,False,False,False,False,False
final_ruehl_mask,mixed,170,270920430,397,UP,UP,5.564707913435996,False,False,False,False,False,False,False
final_ruehl_mask,mixed,170,270920430,398,UP,UP,4.73245803732425,False,False,False,False,False,False,False
final_ruehl_mask,mixed,170,270920430,399,UP,UP,4.820041009224951,False,False,False,False,False,False,False
final_ruehl_mask,mixed,170,270920430,400,UP,UP,5.165665992535651,False,False,False,False,False,False,False
final_ruehl_mask,mixed,171,270920431,1,LEFT,LEFT,2.7967500500380993,False,True,False,False,False,False,False
final_ruehl_mask,mixed,171,270920431,2,BOMB,BOMB,2.73487507365644,False,False,False,True,False,False,False
final_ruehl_mask,mixed,171,270920431,3,RIGHT,RIGHT,2.67316703684628,False,False,False,False,False,False,False
final_ruehl_mask,mixed,171,270920431,4,DOWN,DOWN,2.7814588975161314,False,False,False,False,False,False,False
final_ruehl_mask,mixed,171,270920431,5,WAIT,WAIT,2.7512499364092946,False,False,False,False,False,False,False
final_ruehl_mask,mixed,171,270920431,6,WAIT,WAIT,2.3417919874191284,False,False,False,False,False,False,False
final_ruehl_mask,mixed,171,270920431,7,WAIT,WAIT,2.207875018939376,False,False,False,False,False,False,False
final_ruehl_mask,mixed,171,270920431,8,WAIT,WAIT,3.2880828948691487,False,False,False,False,False,False,False
final_ruehl_mask,mixed,171,270920431,9,BOMB,BOMB,2.995291957631707,False,False,False,True,False,False,False
final_ruehl_mask,mixed,171,270920431,10,UP,UP,2.9429590795189142,False,False,False,False,False,False,False
final_ruehl_mask,mixed,171,270920431,11,LEFT,LEFT,3.1690410105511546,False,True,False,False,False,False,False
final_ruehl_mask,mixed,171,270920431,12,LEFT,LEFT,3.5022080410271883,False,False,False,False,False,False,False
final_ruehl_mask,mixed,171,270920431,13,LEFT,LEFT,2.7409159811213613,False,False,False,False,False,False,False
final_ruehl_mask,mixed,171,270920431,14,LEFT,LEFT,3.0935839749872684,False,False,False,False,False,False,False
final_ruehl_mask,mixed,171,270920431,15,LEFT,LEFT,3.92212497536093,False,False,False,False,False,False,False
final_ruehl_mask,mixed,171,270920431,16,BOMB,BOMB,4.269625060260296,False,False,False,True,False,False,False
final_ruehl_mask,mixed,171,270920431,17,RIGHT,RIGHT,3.074999898672104,False,False,False,False,False,False,False
final_ruehl_mask,mixed,171,270920431,18,RIGHT,RIGHT,3.190165967680514,False,False,False,False,False,False,False
final_ruehl_mask,mixed,171,270920431,19,RIGHT,RIGHT,3.209084039554,False,False,False,False,False,False,False
final_ruehl_mask,mixed,171,270920431,20,RIGHT,RIGHT,3.2977910013869405,False,False,False,False,False,False,False
final_ruehl_mask,mixed,171,270920431,21,RIGHT,RIGHT,5.68945799022913,False,True,False,False,False,False,False
final_ruehl_mask,mixed,171,270920431,22,DOWN,DOWN,3.5683750174939632,False,False,False,False,False,False,False
final_ruehl_mask,mixed,171,270920431,23,DOWN,DOWN,3.7736670346930623,False,False,False,False,False,False,False
final_ruehl_mask,mixed,171,270920431,24,BOMB,BOMB,3.4486670047044754,False,False,False,True,False,False,False
final_ruehl_mask,mixed,171,270920431,25,DOWN,DOWN,3.608416998758912,False,False,False,False,False,False,False
final_ruehl_mask,mixed,171,270920431,26,DOWN,DOWN,3.1673749908804893,False,False,False,False,False,False,False
final_ruehl_mask,mixed,171,270920431,27,LEFT,LEFT,3.726333030499518,False,False,False,False,False,False,False
final_ruehl_mask,mixed,171,270920431,28,WAIT,WAIT,2.491625025868416,False,False,False,False,False,False,False
final_ruehl_mask,mixed,171,270920431,29,WAIT,WAIT,3.7343750009313226,False,False,False,False,False,False,False
final_ruehl_mask,mixed,171,270920431,30,WAIT,WAIT,3.532291972078383,False,False,False,False,False,False,False
final_ruehl_mask,mixed,171,270920431,31,BOMB,BOMB,3.4348330227658153,False,True,False,True,False,False,False
final_ruehl_mask,mixed,171,270920431,32,RIGHT,RIGHT,3.725582966580987,False,False,False,False,False,False,False
final_ruehl_mask,mixed,171,270920431,33,DOWN,DOWN,5.07695903070271,False,False,False,False,False,False,False
final_ruehl_mask,mixed,171,270920431,34,WAIT,WAIT,3.59391700476408,False,False,False,False,False,False,False
final_ruehl_mask,mixed,171,270920431,35,WAIT,WAIT,4.45183296687901,False,False,False,False,False,False,False
final_ruehl_mask,mixed,171,270920431,36,WAIT,WAIT,10.470125009305775,False,False,False,False,False,False,False
final_ruehl_mask,mixed,171,270920431,37,WAIT,WAIT,4.071792005561292,False,False,False,False,False,False,False
final_ruehl_mask,mixed,171,270920431,38,BOMB,BOMB,4.248499986715615,False,False,False,True,True,False,False
final_ruehl_mask,mixed,171,270920431,39,UP,UP,20.398874999955297,False,False,False,False,False,False,False
final_ruehl_mask,mixed,171,270920431,40,LEFT,LEFT,4.168250015936792,False,False,False,False,False,False,False
final_ruehl_mask,mixed,171,270920431,41,LEFT,LEFT,4.751709057018161,False,True,False,False,False,False,False
final_ruehl_mask,mixed,171,270920431,42,LEFT,LEFT,6.573750055395067,False,False,False,False,False,False,False
final_ruehl_mask,mixed,171,270920431,43,LEFT,LEFT,4.085208987817168,False,False,False,False,False,False,False
final_ruehl_mask,mixed,171,270920431,44,LEFT,LEFT,3.7985839881002903,False,False,False,False,False,False,False
final_ruehl_mask,mixed,171,270920431,45,BOMB,BOMB,3.5805829102173448,False,False,False,True,False,False,False
final_ruehl_mask,mixed,171,270920431,46,RIGHT,RIGHT,3.14791698474437,False,False,False,False,False,False,False
final_ruehl_mask,mixed,171,270920431,47,RIGHT,RIGHT,3.833291935734451,False,False,False,False,False,False,False
final_ruehl_mask,mixed,171,270920431,48,RIGHT,RIGHT,3.5984170390293,False,False,False,False,False,False,False
final_ruehl_mask,mixed,171,270920431,49,RIGHT,RIGHT,3.684749943204224,False,False,False,False,False,False,False
final_ruehl_mask,mixed,171,270920431,50,RIGHT,RIGHT,3.9459579857066274,False,False,False,False,False,False,False
final_ruehl_mask,mixed,171,270920431,51,DOWN,DOWN,3.6741249496117234,False,True,False,False,False,False,False
final_ruehl_mask,mixed,171,270920431,52,DOWN,DOWN,4.002584028057754,False,False,False,False,False,False,False
final_ruehl_mask,mixed,171,270920431,53,BOMB,BOMB,4.091667011380196,False,False,False,True,False,False,False
final_ruehl_mask,mixed,171,270920431,54,DOWN,DOWN,3.6447079619392753,False,False,False,False,False,False,False
final_ruehl_mask,mixed,171,270920431,55,DOWN,DOWN,6.636791978962719,False,False,False,False,False,False,False
final_ruehl_mask,mixed,171,270920431,56,DOWN,DOWN,3.606499987654388,False,False,False,False,False,False,False
final_ruehl_mask,mixed,171,270920431,57,DOWN,DOWN,4.166250000707805,False,False,False,False,False,False,False
final_ruehl_mask,mixed,171,270920431,58,DOWN,DOWN,4.817500011995435,False,False,False,False,False,False,False
final_ruehl_mask,mixed,171,270920431,59,DOWN,DOWN,4.315582918934524,False,False,False,False,False,False,False
final_ruehl_mask,mixed,171,270920431,60,BOMB,BOMB,3.60979198012501,False,False,False,True,False,False,False
final_ruehl_mask,mixed,171,270920431,61,DOWN,DOWN,4.32216702029109,False,True,False,False,False,False,False
final_ruehl_mask,mixed,171,270920431,62,WAIT,WAIT,3.565374994650483,False,False,False,False,False,False,False
final_ruehl_mask,mixed,171,270920431,63,DOWN,DOWN,3.557250020094216,False,False,False,False,False,False,False
final_ruehl_mask,mixed,171,270920431,64,LEFT,LEFT,3.650208003818989,False,False,False,False,False,False,False
final_ruehl_mask,mixed,171,270920431,65,LEFT,LEFT,3.323375014588237,False,False,False,False,False,False,False
final_ruehl_mask,mixed,171,270920431,66,LEFT,LEFT,3.8006670074537396,False,False,False,False,False,False,False
final_ruehl_mask,mixed,171,270920431,67,LEFT,LEFT,3.7460000021383166,False,False,False,False,False,False,False
final_ruehl_mask,mixed,171,270920431,68,LEFT,LEFT,4.14120894856751,False,False,False,False,False,False,False
final_ruehl_mask,mixed,171,270920431,69,LEFT,LEFT,4.245333024300635,False,False,False,False,False,False,True
final_ruehl_mask,mixed,171,270920431,70,BOMB,BOMB,3.9074160158634186,False,False,False,True,True,False,True
final_ruehl_mask,mixed,171,270920431,71,LEFT,LEFT,3.692417056299746,False,True,False,False,False,False,True
final_ruehl_mask,mixed,171,270920431,72,LEFT,LEFT,3.5750000970438123,False,False,False,False,False,False,True
final_ruehl_mask,mixed,171,270920431,73,RIGHT,RIGHT,3.6142499884590507,False,False,False,False,False,False,True
final_ruehl_mask,mixed,171,270920431,74,LEFT,LEFT,3.338875016197562,False,False,False,False,False,False,True
final_ruehl_mask,mixed,172,270920432,1,RIGHT,RIGHT,2.8834999538958073,False,True,False,False,False,False,False
final_ruehl_mask,mixed,172,270920432,2,BOMB,BOMB,2.6334159774705768,False,False,False,True,False,False,False
final_ruehl_mask,mixed,172,270920432,3,LEFT,LEFT,2.850834047421813,False,False,False,False,False,False,False
final_ruehl_mask,mixed,172,270920432,4,UP,UP,2.737375092692673,False,False,False,False,False,False,False
final_ruehl_mask,mixed,172,270920432,5,WAIT,WAIT,2.9523749835789204,False,False,False,False,False,False,False
final_ruehl_mask,mixed,172,270920432,6,WAIT,WAIT,2.6186660397797823,False,False,False,False,False,False,False
final_ruehl_mask,mixed,172,270920432,7,WAIT,WAIT,2.85183300729841,False,False,False,False,False,False,False
final_ruehl_mask,mixed,172,270920432,8,WAIT,WAIT,2.872333978302777,False,False,False,False,False,False,False
final_ruehl_mask,mixed,172,270920432,9,BOMB,BOMB,4.529500030912459,False,False,False,True,False,False,False
final_ruehl_mask,mixed,172,270920432,10,DOWN,DOWN,3.16529197152704,False,False,False,False,False,False,False
final_ruehl_mask,mixed,172,270920432,11,RIGHT,RIGHT,3.8327500224113464,False,True,False,False,False,False,False
final_ruehl_mask,mixed,172,270920432,12,RIGHT,RIGHT,3.348833997733891,False,False,False,False,False,False,False
final_ruehl_mask,mixed,172,270920432,13,RIGHT,RIGHT,6.582500063814223,False,False,False,False,False,False,False
final_ruehl_mask,mixed,172,270920432,14,RIGHT,RIGHT,7.894125068560243,False,False,False,False,False,False,False
final_ruehl_mask,mixed,172,270920432,15,WAIT,WAIT,3.0290420399978757,False,False,False,False,False,False,False
final_ruehl_mask,mixed,172,270920432,16,BOMB,BOMB,4.724625032395124,False,False,False,True,False,False,False
final_ruehl_mask,mixed,172,270920432,17,LEFT,LEFT,2.382832928560674,False,False,False,False,False,False,False
final_ruehl_mask,mixed,172,270920432,18,LEFT,LEFT,3.2269159564748406,False,False,False,False,False,False,False
final_ruehl_mask,mixed,172,270920432,19,LEFT,LEFT,2.8535829624161124,False,False,False,False,False,False,False
final_ruehl_mask,mixed,172,270920432,20,LEFT,LEFT,3.1456249998882413,False,False,False,False,False,False,False
final_ruehl_mask,mixed,172,270920432,21,UP,UP,3.533833078108728,False,True,False,False,False,False,False
final_ruehl_mask,mixed,172,270920432,22,UP,UP,3.529416979290545,False,False,False,False,False,False,False
final_ruehl_mask,mixed,172,270920432,23,UP,UP,3.425957984291017,False,False,False,False,False,False,False
final_ruehl_mask,mixed,172,270920432,24,UP,UP,3.257832955569029,False,False,False,False,False,False,True
final_ruehl_mask,mixed,172,270920432,25,BOMB,BOMB,3.285667044110596,False,False,False,True,False,False,True
final_ruehl_mask,mixed,172,270920432,26,RIGHT,RIGHT,3.2790000550448895,False,False,False,False,False,False,True
final_ruehl_mask,mixed,172,270920432,27,WAIT,WAIT,3.1962080392986536,False,False,False,False,False,False,True
final_ruehl_mask,mixed,172,270920432,28,WAIT,WAIT,2.7333750622346997,False,False,False,False,False,False,True
final_ruehl_mask,mixed,172,270920432,29,WAIT,WAIT,3.2591670751571655,False,False,False,False,False,False,True
final_ruehl_mask,mixed,173,270920433,1,WAIT,WAIT,2.8925000224262476,False,True,False,False,False,False,False
final_ruehl_mask,mixed,173,270920433,2,WAIT,WAIT,2.7159579331055284,False,False,False,False,False,False,False
final_ruehl_mask,mixed,173,270920433,3,WAIT,WAIT,2.801625058054924,False,False,False,False,False,False,False
final_ruehl_mask,mixed,173,270920433,4,WAIT,WAIT,2.720499993301928,False,False,False,False,False,False,False
final_ruehl_mask,mixed,173,270920433,5,WAIT,WAIT,2.8354580281302333,False,False,False,False,False,False,False
final_ruehl_mask,mixed,173,270920433,6,DOWN,DOWN,2.789124962873757,False,False,False,False,False,False,False
final_ruehl_mask,mixed,173,270920433,7,BOMB,BOMB,3.078583045862615,False,False,False,True,False,False,False
final_ruehl_mask,mixed,173,270920433,8,UP,UP,2.3430410074070096,False,False,False,False,False,False,False
final_ruehl_mask,mixed,173,270920433,9,WAIT,WAIT,2.6419999776408076,False,False,False,False,False,False,False
final_ruehl_mask,mixed,173,270920433,10,LEFT,LEFT,2.5865420466288924,False,False,False,False,False,False,False
final_ruehl_mask,mixed,173,270920433,11,WAIT,WAIT,2.6421670336276293,False,True,False,False,False,False,False
final_ruehl_mask,mixed,173,270920433,12,WAIT,WAIT,2.737457980401814,False,False,False,False,False,False,False
final_ruehl_mask,mixed,173,270920433,13,RIGHT,RIGHT,2.7372080367058516,False,False,False,False,False,False,False
final_ruehl_mask,mixed,173,270920433,14,BOMB,BOMB,2.91216594632715,False,False,False,True,False,False,False
final_ruehl_mask,mixed,173,270920433,15,DOWN,DOWN,2.959667006507516,False,False,False,False,False,False,False
final_ruehl_mask,mixed,173,270920433,16,DOWN,DOWN,2.836833009496331,False,False,False,False,False,False,False
final_ruehl_mask,mixed,173,270920433,17,DOWN,DOWN,2.701584016904235,False,False,False,False,False,False,False
final_ruehl_mask,mixed,173,270920433,18,DOWN,DOWN,2.9502500547096133,False,False,False,False,False,False,False
final_ruehl_mask,mixed,173,270920433,19,DOWN,DOWN,3.106999909505248,False,False,False,False,False,False,False
final_ruehl_mask,mixed,173,270920433,20,UP,UP,2.9782080091536045,False,False,False,False,False,False,False
final_ruehl_mask,mixed,173,270920433,21,BOMB,BOMB,3.0950409127399325,False,True,False,True,False,False,False
final_ruehl_mask,mixed,173,270920433,22,UP,UP,3.1235419446602464,False,False,False,False,False,False,False
final_ruehl_mask,mixed,173,270920433,23,UP,UP,3.137374995276332,False,False,False,False,False,False,False
final_ruehl_mask,mixed,173,270920433,24,UP,UP,3.143209032714367,False,False,False,False,False,False,False
final_ruehl_mask,mixed,173,270920433,25,UP,UP,3.1143330270424485,False,False,False,False,False,False,False
final_ruehl_mask,mixed,173,270920433,26,WAIT,WAIT,3.2426250400021672,False,False,False,False,False,False,False
final_ruehl_mask,mixed,173,270920433,27,LEFT,LEFT,3.259332966990769,False,False,False,False,False,False,False
final_ruehl_mask,mixed,173,270920433,28,LEFT,LEFT,3.468416049145162,False,False,False,False,False,False,False
final_ruehl_mask,mixed,173,270920433,29,LEFT,LEFT,3.4757499815896153,False,False,False,False,False,False,False
final_ruehl_mask,mixed,173,270920433,30,BOMB,BOMB,2.8336249524727464,False,False,False,True,False,False,False
final_ruehl_mask,mixed,173,270920433,31,RIGHT,RIGHT,2.902582986280322,False,True,False,False,False,False,False
final_ruehl_mask,mixed,173,270920433,32,RIGHT,RIGHT,2.917333971709013,False,False,False,False,False,False,False
final_ruehl_mask,mixed,173,270920433,33,RIGHT,RIGHT,3.5392079735174775,False,False,False,False,False,False,False
final_ruehl_mask,mixed,173,270920433,34,DOWN,DOWN,3.2880420330911875,False,False,False,False,False,False,False
final_ruehl_mask,mixed,173,270920433,35,WAIT,WAIT,3.6493749357759953,False,False,False,False,False,False,False
final_ruehl_mask,mixed,173,270920433,36,WAIT,WAIT,3.66779207251966,False,False,False,False,False,False,False
final_ruehl_mask,mixed,173,270920433,37,WAIT,WAIT,3.961790935136378,False,False,False,False,False,False,False
final_ruehl_mask,mixed,173,270920433,38,DOWN,DOWN,3.895999980159104,False,False,False,False,False,False,False
final_ruehl_mask,mixed,173,270920433,39,BOMB,BOMB,3.56133293826133,False,False,False,True,False,False,False
final_ruehl_mask,mixed,173,270920433,40,DOWN,DOWN,3.240833058953285,False,False,False,False,False,False,False
final_ruehl_mask,mixed,173,270920433,41,DOWN,DOWN,3.934415988624096,False,True,False,False,False,False,False
final_ruehl_mask,mixed,173,270920433,42,LEFT,LEFT,4.030999960377812,False,False,False,False,False,False,False
final_ruehl_mask,mixed,173,270920433,43,LEFT,LEFT,3.90625,False,False,False,False,False,False,False
final_ruehl_mask,mixed,173,270920433,44,LEFT,LEFT,5.160958040505648,False,False,False,False,False,False,False
final_ruehl_mask,mixed,173,270920433,45,LEFT,LEFT,4.960249993018806,False,False,False,False,False,False,True
final_ruehl_mask,mixed,173,270920433,46,BOMB,BOMB,4.711084067821503,False,False,False,True,False,False,True
final_ruehl_mask,mixed,173,270920433,47,RIGHT,RIGHT,4.712167079560459,False,False,False,False,False,False,True
final_ruehl_mask,mixed,173,270920433,48,WAIT,WAIT,5.982041009701788,False,False,False,False,False,False,True
final_ruehl_mask,mixed,173,270920433,49,RIGHT,RIGHT,5.399791989475489,False,False,False,False,False,False,True
final_ruehl_mask,mixed,173,270920433,50,RIGHT,RIGHT,4.6840839786455035,False,False,False,False,False,False,True
final_ruehl_mask,mixed,174,270920434,1,UP,UP,2.9131670016795397,False,True,False,False,False,False,False
final_ruehl_mask,mixed,174,270920434,2,BOMB,BOMB,2.73199996445328,False,False,False,True,False,False,False
final_ruehl_mask,mixed,174,270920434,3,DOWN,DOWN,2.8455830179154873,False,False,False,False,False,False,False
final_ruehl_mask,mixed,174,270920434,4,RIGHT,RIGHT,2.745250007137656,False,False,False,False,False,False,False
final_ruehl_mask,mixed,174,270920434,5,RIGHT,RIGHT,2.782625029794872,False,False,False,False,False,False,False
final_ruehl_mask,mixed,174,270920434,6,LEFT,LEFT,2.450459054671228,False,False,False,False,False,False,False
final_ruehl_mask,mixed,174,270920434,7,RIGHT,RIGHT,3.1137920450419188,False,False,False,False,False,False,False
final_ruehl_mask,mixed,174,270920434,8,WAIT,WAIT,2.855457947589457,False,False,False,False,False,False,False
final_ruehl_mask,mixed,174,270920434,9,BOMB,BOMB,2.989209024235606,False,False,False,True,False,False,False
final_ruehl_mask,mixed,174,270920434,10,LEFT,LEFT,2.81570793595165,False,False,False,False,False,False,False
final_ruehl_mask,mixed,174,270920434,11,LEFT,LEFT,2.4942499585449696,False,True,False,False,False,False,False
final_ruehl_mask,mixed,174,270920434,12,UP,UP,3.118084045127034,False,False,False,False,False,False,False
final_ruehl_mask,mixed,174,270920434,13,UP,UP,3.272749949246645,False,False,False,False,False,False,False
final_ruehl_mask,mixed,174,270920434,14,DOWN,DOWN,3.9668340468779206,False,False,False,False,False,False,False
final_ruehl_mask,mixed,174,270920434,15,DOWN,DOWN,3.0395420035347342,False,False,False,False,False,False,False
final_ruehl_mask,mixed,174,270920434,16,RIGHT,RIGHT,4.5588749926537275,False,False,False,False,False,False,False
final_ruehl_mask,mixed,174,270920434,17,RIGHT,RIGHT,3.5818329779431224,False,False,False,False,False,False,False
final_ruehl_mask,mixed,174,270920434,18,RIGHT,RIGHT,3.9975829422473907,False,False,False,False,False,False,False
final_ruehl_mask,mixed,174,270920434,19,BOMB,BOMB,3.5242500016465783,False,False,False,True,False,False,False
final_ruehl_mask,mixed,174,270920434,20,RIGHT,RIGHT,3.5443329252302647,False,False,False,False,False,False,False
final_ruehl_mask,mixed,174,270920434,21,UP,UP,3.297290997579694,False,True,False,False,False,False,False
final_ruehl_mask,mixed,174,270920434,22,WAIT,WAIT,3.278207965195179,False,False,False,False,False,False,False
final_ruehl_mask,mixed,174,270920434,23,WAIT,WAIT,2.7568750083446503,False,False,False,False,False,False,False
final_ruehl_mask,mixed,174,270920434,24,WAIT,WAIT,3.335000015795231,False,False,False,False,False,False,False
final_ruehl_mask,mixed,174,270920434,25,WAIT,WAIT,2.652290975674987,False,False,False,False,False,False,False
final_ruehl_mask,mixed,174,270920434,26,BOMB,BOMB,3.431458957493305,False,False,False,True,False,False,False
final_ruehl_mask,mixed,174,270920434,27,DOWN,DOWN,2.9155000811442733,False,False,False,False,False,False,False
final_ruehl_mask,mixed,174,270920434,28,RIGHT,RIGHT,2.7410839684307575,False,False,False,False,False,False,False
final_ruehl_mask,mixed,174,270920434,29,RIGHT,RIGHT,3.913584048859775,False,False,False,False,False,False,False
final_ruehl_mask,mixed,174,270920434,30,WAIT,WAIT,3.2273749820888042,False,False,False,False,False,False,False
final_ruehl_mask,mixed,174,270920434,31,WAIT,WAIT,3.878457937389612,False,True,False,False,False,False,False
final_ruehl_mask,mixed,174,270920434,32,WAIT,WAIT,2.934957970865071,False,False,False,False,False,False,False
final_ruehl_mask,mixed,174,270920434,33,BOMB,BOMB,3.91075003426522,False,False,False,True,False,False,False
final_ruehl_mask,mixed,174,270920434,34,LEFT,LEFT,3.7157500628381968,False,False,False,False,False,False,False
final_ruehl_mask,mixed,174,270920434,35,LEFT,LEFT,3.5494579933583736,False,False,False,False,False,False,False
final_ruehl_mask,mixed,174,270920434,36,UP,UP,4.061041050590575,False,False,False,False,False,False,False
final_ruehl_mask,mixed,174,270920434,37,UP,UP,3.9972499944269657,False,False,False,False,False,False,False
final_ruehl_mask,mixed,174,270920434,38,UP,UP,4.8238750314339995,False,False,False,False,False,False,False
final_ruehl_mask,mixed,174,270920434,39,UP,UP,4.327457980252802,False,False,False,False,False,False,True
final_ruehl_mask,mixed,174,270920434,40,BOMB,BOMB,3.839708981104195,False,False,False,True,False,False,True
final_ruehl_mask,mixed,174,270920434,41,DOWN,DOWN,3.921666997484863,False,True,False,False,False,False,True
final_ruehl_mask,mixed,174,270920434,42,WAIT,WAIT,4.729875014163554,False,False,False,False,False,False,True
final_ruehl_mask,mixed,174,270920434,43,WAIT,WAIT,5.193958058953285,False,False,False,False,False,False,True
final_ruehl_mask,mixed,174,270920434,44,DOWN,DOWN,3.709541051648557,False,False,False,False,False,False,True
final_ruehl_mask,mixed,175,270920435,1,DOWN,DOWN,3.0672079883515835,False,True,False,False,False,False,False
final_ruehl_mask,mixed,175,270920435,2,DOWN,DOWN,2.9012500308454037,False,False,False,False,False,False,False
final_ruehl_mask,mixed,175,270920435,3,BOMB,BOMB,2.9627089388668537,False,False,False,True,False,False,False
final_ruehl_mask,mixed,175,270920435,4,RIGHT,RIGHT,2.80587503220886,False,False,False,False,False,False,False
final_ruehl_mask,mixed,175,270920435,5,RIGHT,RIGHT,2.7964169858023524,False,False,False,False,False,False,False
final_ruehl_mask,mixed,175,270920435,6,DOWN,DOWN,2.5132918963208795,False,False,False,False,False,False,False
final_ruehl_mask,mixed,175,270920435,7,WAIT,WAIT,3.0015410156920552,False,False,False,False,False,False,False
final_ruehl_mask,mixed,175,270920435,8,WAIT,WAIT,2.902874955907464,False,False,False,False,False,False,False
final_ruehl_mask,mixed,175,270920435,9,UP,UP,3.0807500006631017,False,False,False,False,False,False,False
final_ruehl_mask,mixed,175,270920435,10,BOMB,BOMB,3.3294580643996596,False,False,False,True,False,False,False
final_ruehl_mask,mixed,175,270920435,11,LEFT,LEFT,3.1550410203635693,False,True,False,False,False,False,False
final_ruehl_mask,mixed,175,270920435,12,LEFT,LEFT,3.172875032760203,False,False,False,False,False,False,False
final_ruehl_mask,mixed,175,270920435,13,DOWN,DOWN,3.3747500274330378,False,False,False,False,False,False,False
final_ruehl_mask,mixed,175,270920435,14,DOWN,DOWN,2.867833012714982,False,False,False,False,False,False,False
final_ruehl_mask,mixed,175,270920435,15,DOWN,DOWN,3.6386249121278524,False,False,False,False,False,False,False
final_ruehl_mask,mixed,175,270920435,16,UP,UP,3.4566669492051005,False,False,False,False,False,False,False
final_ruehl_mask,mixed,175,270920435,17,BOMB,BOMB,3.744582994841039,False,False,False,True,False,False,False
final_ruehl_mask,mixed,175,270920435,18,UP,UP,3.527624998241663,False,False,False,False,False,False,False
final_ruehl_mask,mixed,175,270920435,19,UP,UP,3.570082946680486,False,False,False,False,False,False,False
final_ruehl_mask,mixed,175,270920435,20,RIGHT,RIGHT,4.011124954558909,False,False,False,False,False,False,False
final_ruehl_mask,mixed,175,270920435,21,RIGHT,RIGHT,3.9978339336812496,False,True,False,False,False,False,False
final_ruehl_mask,mixed,175,270920435,22,DOWN,DOWN,4.072417039424181,False,False,False,False,False,False,False
final_ruehl_mask,mixed,175,270920435,23,DOWN,DOWN,4.659915925003588,False,False,False,False,False,False,False
final_ruehl_mask,mixed,175,270920435,24,DOWN,DOWN,4.476458067074418,False,False,False,False,False,False,False
final_ruehl_mask,mixed,175,270920435,25,BOMB,BOMB,3.7877080030739307,False,False,False,True,False,False,False
final_ruehl_mask,mixed,175,270920435,26,UP,UP,3.214959055185318,False,False,False,False,False,False,False
final_ruehl_mask,mixed,175,270920435,27,RIGHT,RIGHT,2.9582499992102385,False,False,False,False,False,False,False
final_ruehl_mask,mixed,175,270920435,28,RIGHT,RIGHT,2.7977090794593096,False,False,False,False,False,False,False
final_ruehl_mask,mixed,175,270920435,29,WAIT,WAIT,3.619082970544696,False,False,False,False,False,False,False
final_ruehl_mask,mixed,175,270920435,30,WAIT,WAIT,4.163791891187429,False,False,False,False,False,False,False
final_ruehl_mask,mixed,175,270920435,31,WAIT,WAIT,4.0137500036507845,False,True,False,False,False,False,False
final_ruehl_mask,mixed,175,270920435,32,BOMB,BOMB,4.018500098027289,False,False,False,True,True,False,False
final_ruehl_mask,mixed,175,270920435,33,LEFT,LEFT,3.8334170822054148,False,False,False,False,False,False,False
final_ruehl_mask,mixed,175,270920435,34,LEFT,LEFT,3.7569160340353847,False,False,False,False,False,False,False
final_ruehl_mask,mixed,175,270920435,35,DOWN,DOWN,3.5154169891029596,False,False,False,False,False,False,False
final_ruehl_mask,mixed,175,270920435,36,DOWN,DOWN,3.721292014233768,False,False,False,False,False,False,False
final_ruehl_mask,mixed,175,270920435,37,DOWN,DOWN,4.167875042185187,False,False,False,False,False,False,False
final_ruehl_mask,mixed,175,270920435,38,DOWN,DOWN,4.15520800743252,False,False,False,False,False,False,False
final_ruehl_mask,mixed,175,270920435,39,BOMB,BOMB,3.8595839869230986,False,False,False,True,False,False,False
final_ruehl_mask,mixed,175,270920435,40,UP,UP,3.788667032495141,False,False,False,False,False,False,False
final_ruehl_mask,mixed,175,270920435,41,UP,UP,3.002709010615945,False,True,False,False,False,False,False
final_ruehl_mask,mixed,175,270920435,42,UP,UP,3.993749967776239,False,False,False,False,False,False,False
final_ruehl_mask,mixed,175,270920435,43,UP,UP,4.235540982335806,False,False,False,False,False,False,False
final_ruehl_mask,mixed,175,270920435,44,LEFT,LEFT,5.58820809237659,False,False,False,False,False,False,False
final_ruehl_mask,mixed,175,270920435,45,LEFT,LEFT,4.679291043430567,False,False,False,False,False,False,False
final_ruehl_mask,mixed,175,270920435,46,DOWN,DOWN,4.690833040513098,False,False,False,False,False,False,False
final_ruehl_mask,mixed,175,270920435,47,DOWN,DOWN,5.434500053524971,False,False,False,False,False,False,False
final_ruehl_mask,mixed,175,270920435,48,BOMB,BOMB,4.7409170074388385,False,False,False,True,False,False,False
final_ruehl_mask,mixed,175,270920435,49,UP,UP,4.632916999980807,False,False,False,False,False,False,False
final_ruehl_mask,mixed,175,270920435,50,UP,UP,4.638958023861051,False,False,False,False,False,False,False
final_ruehl_mask,mixed,175,270920435,51,RIGHT,RIGHT,5.360416951589286,False,True,False,False,False,False,False
final_ruehl_mask,mixed,175,270920435,52,WAIT,WAIT,4.944166983477771,False,False,False,False,False,False,False
final_ruehl_mask,mixed,175,270920435,53,RIGHT,RIGHT,6.818916997872293,False,False,False,False,False,False,False
final_ruehl_mask,mixed,175,270920435,54,UP,UP,7.485833019018173,False,False,False,False,False,False,False
final_ruehl_mask,mixed,175,270920435,55,UP,UP,6.367999943904579,False,False,False,False,False,False,False
final_ruehl_mask,mixed,175,270920435,56,UP,UP,6.504375021904707,False,False,False,False,False,False,False
final_ruehl_mask,mixed,175,270920435,57,UP,UP,5.174999940209091,False,False,False,False,False,False,False
final_ruehl_mask,mixed,175,270920435,58,BOMB,BOMB,5.344207980670035,False,False,False,True,False,False,False
final_ruehl_mask,mixed,175,270920435,59,LEFT,LEFT,5.227124900557101,False,False,False,False,False,False,False
final_ruehl_mask,mixed,175,270920435,60,LEFT,LEFT,4.438124946318567,False,False,False,False,False,False,False
final_ruehl_mask,mixed,175,270920435,61,DOWN,DOWN,5.8336659567430615,False,True,False,False,False,False,False
final_ruehl_mask,mixed,175,270920435,62,DOWN,DOWN,5.58820809237659,False,False,False,False,False,False,False
final_ruehl_mask,mixed,175,270920435,63,RIGHT,RIGHT,6.498792092315853,False,False,False,False,False,False,False
final_ruehl_mask,mixed,175,270920435,64,RIGHT,RIGHT,5.925000063143671,False,False,False,False,False,False,False
final_ruehl_mask,mixed,175,270920435,65,RIGHT,RIGHT,6.450499990023673,False,False,False,False,False,False,False
final_ruehl_mask,mixed,175,270920435,66,RIGHT,RIGHT,6.015209015458822,False,False,False,False,False,False,False
final_ruehl_mask,mixed,175,270920435,67,BOMB,BOMB,7.407583063468337,False,False,False,True,False,False,False
final_ruehl_mask,mixed,175,270920435,68,DOWN,DOWN,6.496666930615902,False,False,False,False,False,False,False
final_ruehl_mask,mixed,175,270920435,69,DOWN,DOWN,6.014375016093254,False,False,False,False,False,False,False
final_ruehl_mask,mixed,175,270920435,70,LEFT,LEFT,5.522332969121635,False,False,False,False,False,False,False
final_ruehl_mask,mixed,175,270920435,71,LEFT,LEFT,5.752750090323389,False,True,False,False,False,False,False
final_ruehl_mask,mixed,175,270920435,72,DOWN,DOWN,7.117667002603412,False,False,False,False,False,False,False
final_ruehl_mask,mixed,175,270920435,73,DOWN,DOWN,6.444958038628101,False,False,False,False,False,False,False
final_ruehl_mask,mixed,175,270920435,74,DOWN,DOWN,6.630791001953185,False,False,False,False,False,False,False
final_ruehl_mask,mixed,175,270920435,75,DOWN,DOWN,6.8197500659152865,False,False,False,False,False,False,False
final_ruehl_mask,mixed,175,270920435,76,BOMB,BOMB,5.17654197756201,False,False,False,True,True,False,False
final_ruehl_mask,mixed,175,270920435,77,LEFT,LEFT,4.760292009450495,False,False,False,False,False,False,False
final_ruehl_mask,mixed,175,270920435,78,LEFT,LEFT,8.22054105810821,False,False,False,False,False,False,False
final_ruehl_mask,mixed,175,270920435,79,DOWN,DOWN,4.466540995053947,False,False,False,False,False,False,False
final_ruehl_mask,mixed,175,270920435,80,DOWN,DOWN,4.145457991398871,False,False,False,False,False,False,False
final_ruehl_mask,mixed,175,270920435,81,UP,UP,4.560041008517146,False,True,False,False,False,False,False
final_ruehl_mask,mixed,175,270920435,82,WAIT,WAIT,4.47525002527982,False,False,False,False,False,False,False
final_ruehl_mask,mixed,175,270920435,83,UP,UP,4.385833046399057,False,False,False,False,False,False,False
final_ruehl_mask,mixed,175,270920435,84,UP,UP,6.0874170158058405,False,False,False,False,False,False,False
final_ruehl_mask,mixed,175,270920435,85,WAIT,WAIT,5.713750026188791,False,False,False,False,False,False,False
final_ruehl_mask,mixed,175,270920435,86,UP,UP,4.989624954760075,False,False,False,False,False,False,True
final_ruehl_mask,mixed,175,270920435,87,BOMB,BOMB,6.410958943888545,False,False,False,True,True,False,True
final_ruehl_mask,mixed,175,270920435,88,UP,UP,4.563374910503626,False,False,False,False,False,False,True
final_ruehl_mask,mixed,175,270920435,89,WAIT,WAIT,4.4271249789744616,False,False,False,False,False,False,True
final_ruehl_mask,mixed,175,270920435,90,WAIT,WAIT,4.490541061386466,False,False,False,False,False,False,True
final_ruehl_mask,mixed,175,270920435,91,UP,UP,6.917583057656884,False,False,False,False,False,False,True
final_ruehl_mask,mixed,176,270920436,1,UP,UP,2.407542080618441,False,True,False,False,False,False,False
final_ruehl_mask,mixed,176,270920436,2,BOMB,BOMB,2.1713749738410115,False,False,False,True,False,False,False
final_ruehl_mask,mixed,176,270920436,3,DOWN,DOWN,2.0148330368101597,False,False,False,False,False,False,False
final_ruehl_mask,mixed,176,270920436,4,LEFT,LEFT,2.5215409696102142,False,False,False,False,False,False,False
final_ruehl_mask,mixed,176,270920436,5,WAIT,WAIT,2.718416042625904,False,False,False,False,False,False,False
final_ruehl_mask,mixed,176,270920436,6,WAIT,WAIT,2.6497909566387534,False,False,False,False,False,False,False
final_ruehl_mask,mixed,176,270920436,7,WAIT,WAIT,2.8216249775141478,False,False,False,False,False,False,False
final_ruehl_mask,mixed,176,270920436,8,RIGHT,RIGHT,2.685749903321266,False,False,False,False,False,False,False
final_ruehl_mask,mixed,176,270920436,9,BOMB,BOMB,2.499583992175758,False,False,False,True,False,False,False
final_ruehl_mask,mixed,176,270920436,10,UP,UP,2.892624936066568,False,False,False,False,False,False,False
final_ruehl_mask,mixed,176,270920436,11,UP,UP,2.973125083371997,False,True,False,False,False,False,False
final_ruehl_mask,mixed,176,270920436,12,LEFT,LEFT,3.1886250944808125,False,False,False,False,False,False,False
final_ruehl_mask,mixed,176,270920436,13,LEFT,LEFT,3.104250063188374,False,False,False,False,False,False,False
final_ruehl_mask,mixed,176,270920436,14,WAIT,WAIT,3.1572909792885184,False,False,False,False,False,False,False
final_ruehl_mask,mixed,176,270920436,15,WAIT,WAIT,3.2135830260813236,False,False,False,False,False,False,False
final_ruehl_mask,mixed,176,270920436,16,BOMB,BOMB,3.0364589765667915,False,False,False,True,False,False,False
final_ruehl_mask,mixed,176,270920436,17,RIGHT,RIGHT,2.380999969318509,False,False,False,False,False,False,False
final_ruehl_mask,mixed,176,270920436,18,RIGHT,RIGHT,2.376665943302214,False,False,False,False,False,False,False
final_ruehl_mask,mixed,176,270920436,19,UP,UP,3.373207990080118,False,False,False,False,False,False,False
final_ruehl_mask,mixed,176,270920436,20,UP,UP,3.3293330343440175,False,False,False,False,False,False,False
final_ruehl_mask,mixed,176,270920436,21,DOWN,DOWN,3.453457960858941,False,True,False,False,False,False,False
final_ruehl_mask,mixed,176,270920436,22,DOWN,DOWN,3.9200829342007637,False,False,False,False,False,False,False
final_ruehl_mask,mixed,176,270920436,23,BOMB,BOMB,3.1678329687565565,False,False,False,True,False,False,False
final_ruehl_mask,mixed,176,270920436,24,DOWN,DOWN,3.534166025929153,False,False,False,False,False,False,False
final_ruehl_mask,mixed,176,270920436,25,DOWN,DOWN,3.4649999579414725,False,False,False,False,False,False,False
final_ruehl_mask,mixed,176,270920436,26,LEFT,LEFT,3.4397910349071026,False,False,False,False,False,False,False
final_ruehl_mask,mixed,176,270920436,27,LEFT,LEFT,3.499999991618097,False,False,False,False,False,False,False
final_ruehl_mask,mixed,176,270920436,28,LEFT,LEFT,3.972416976466775,False,False,False,False,False,False,False
final_ruehl_mask,mixed,176,270920436,29,RIGHT,RIGHT,3.7576669128611684,False,False,False,False,False,False,False
final_ruehl_mask,mixed,176,270920436,30,UP,UP,4.2131670052185655,False,False,False,False,False,False,False
final_ruehl_mask,mixed,176,270920436,31,UP,UP,4.551875055767596,False,True,False,False,False,False,False
final_ruehl_mask,mixed,176,270920436,32,UP,UP,4.8223750200122595,False,False,False,False,False,False,False
final_ruehl_mask,mixed,176,270920436,33,UP,UP,3.3844999270513654,False,False,False,False,False,False,False
final_ruehl_mask,mixed,176,270920436,34,UP,UP,4.20575006864965,False,False,False,False,False,False,False
final_ruehl_mask,mixed,176,270920436,35,DOWN,DOWN,3.872583038173616,False,False,False,False,False,False,False
final_ruehl_mask,mixed,176,270920436,36,BOMB,BOMB,4.512666026130319,False,False,False,True,False,False,False
final_ruehl_mask,mixed,176,270920436,37,DOWN,DOWN,4.051625030115247,False,False,False,False,False,False,False
final_ruehl_mask,mixed,176,270920436,38,DOWN,DOWN,4.268708056770265,False,False,False,False,False,False,False
final_ruehl_mask,mixed,176,270920436,39,LEFT,LEFT,4.230207996442914,False,False,False,False,False,False,False
final_ruehl_mask,mixed,176,270920436,40,LEFT,LEFT,5.319458898156881,False,False,False,False,False,False,False
final_ruehl_mask,mixed,176,270920436,41,LEFT,LEFT,4.431916982866824,False,True,False,False,False,False,False
final_ruehl_mask,mixed,176,270920436,42,RIGHT,RIGHT,3.8263340247794986,False,False,False,False,False,False,False
final_ruehl_mask,mixed,176,270920436,43,BOMB,BOMB,4.3857499258592725,False,False,False,True,False,False,False
final_ruehl_mask,mixed,176,270920436,44,RIGHT,RIGHT,3.9909170009195805,False,False,False,False,False,False,False
final_ruehl_mask,mixed,176,270920436,45,RIGHT,RIGHT,3.9392500184476376,False,False,False,False,False,False,False
final_ruehl_mask,mixed,176,270920436,46,UP,UP,4.399082972668111,False,False,False,False,False,False,False
final_ruehl_mask,mixed,176,270920436,47,UP,UP,4.128917003981769,False,False,False,False,False,False,False
final_ruehl_mask,mixed,176,270920436,48,UP,UP,5.5925409542396665,False,False,False,False,False,False,False
final_ruehl_mask,mixed,176,270920436,49,LEFT,LEFT,5.377165973186493,False,False,False,False,False,False,False
final_ruehl_mask,mixed,176,270920436,50,LEFT,LEFT,4.367333021946251,False,False,False,False,False,False,False
final_ruehl_mask,mixed,176,270920436,51,BOMB,BOMB,4.666707944124937,False,True,False,True,False,False,False
final_ruehl_mask,mixed,176,270920436,52,LEFT,LEFT,4.2689170222729445,False,False,False,False,False,False,False
final_ruehl_mask,mixed,176,270920436,53,LEFT,LEFT,3.848541062325239,False,False,False,False,False,False,False
final_ruehl_mask,mixed,176,270920436,54,LEFT,LEFT,4.602250060997903,False,False,False,False,False,False,False
final_ruehl_mask,mixed,176,270920436,55,LEFT,LEFT,6.542416987940669,False,False,False,False,False,False,False
final_ruehl_mask,mixed,176,270920436,56,DOWN,DOWN,5.191458039917052,False,False,False,False,False,False,False
final_ruehl_mask,mixed,176,270920436,57,DOWN,DOWN,3.5972920013591647,False,False,False,False,False,False,True
final_ruehl_mask,mixed,176,270920436,58,BOMB,BOMB,5.232541938312352,False,False,False,True,False,False,True
final_ruehl_mask,mixed,176,270920436,59,DOWN,DOWN,4.310666001401842,False,False,False,False,False,False,True
final_ruehl_mask,mixed,176,270920436,60,WAIT,WAIT,4.021040978841484,False,False,False,False,False,False,True
final_ruehl_mask,mixed,176,270920436,61,WAIT,WAIT,3.7696659564971924,False,False,False,False,False,False,True
final_ruehl_mask,mixed,176,270920436,62,WAIT,WAIT,5.393125000409782,False,False,False,False,False,False,True
final_ruehl_mask,mixed,177,270920437,1,UP,UP,2.8051669942215085,False,True,False,False,False,False,False
final_ruehl_mask,mixed,177,270920437,2,BOMB,BOMB,2.6392911095172167,False,False,False,True,False,False,False
final_ruehl_mask,mixed,177,270920437,3,DOWN,DOWN,2.4062920128926635,False,False,False,False,False,False,False
final_ruehl_mask,mixed,177,270920437,4,LEFT,LEFT,2.7080000145360827,False,False,False,False,False,False,False
final_ruehl_mask,mixed,177,270920437,5,WAIT,WAIT,2.693583955988288,False,False,False,False,False,False,False
final_ruehl_mask,mixed,177,270920437,6,WAIT,WAIT,2.763375057838857,False,False,False,False,False,False,False
final_ruehl_mask,mixed,177,270920437,7,WAIT,WAIT,2.909792005084455,False,False,False,False,False,False,False
final_ruehl_mask,mixed,177,270920437,8,RIGHT,RIGHT,2.7447500033304095,False,False,False,False,False,False,False
final_ruehl_mask,mixed,177,270920437,9,BOMB,BOMB,3.1188330613076687,False,False,False,True,False,False,False
final_ruehl_mask,mixed,177,270920437,10,UP,UP,2.9200830031186342,False,False,False,False,False,False,False
final_ruehl_mask,mixed,177,270920437,11,UP,UP,3.081499948166311,False,True,False,False,False,False,False
final_ruehl_mask,mixed,177,270920437,12,LEFT,LEFT,3.1986249377951026,False,False,False,False,False,False,False
final_ruehl_mask,mixed,177,270920437,13,WAIT,WAIT,3.3916670363396406,False,False,False,False,False,False,False
final_ruehl_mask,mixed,177,270920437,14,WAIT,WAIT,3.3961250446736813,False,False,False,False,False,False,False
final_ruehl_mask,mixed,177,270920437,15,RIGHT,RIGHT,2.915958990342915,False,False,False,False,False,False,False
final_ruehl_mask,mixed,177,270920437,16,UP,UP,3.4866249188780785,False,False,False,False,False,False,False
final_ruehl_mask,mixed,177,270920437,17,UP,UP,3.135374980047345,False,False,False,False,False,False,True
final_ruehl_mask,mixed,177,270920437,18,BOMB,BOMB,3.179249935783446,False,False,False,True,False,False,True
final_ruehl_mask,mixed,177,270920437,19,UP,UP,3.0807909788563848,False,False,False,False,False,False,True
final_ruehl_mask,mixed,177,270920437,20,UP,UP,3.153208992443979,False,False,False,False,False,False,True
final_ruehl_mask,mixed,177,270920437,21,WAIT,WAIT,2.9683330794796348,False,False,False,False,False,False,True
final_ruehl_mask,mixed,177,270920437,22,WAIT,WAIT,2.942332997918129,False,False,False,False,False,False,True
final_ruehl_mask,mixed,178,270920438,1,UP,UP,2.905125031247735,False,True,False,False,False,False,False
final_ruehl_mask,mixed,178,270920438,2,BOMB,BOMB,2.7135000564157963,False,False,False,True,False,False,False
final_ruehl_mask,mixed,178,270920438,3,DOWN,DOWN,2.93804204557091,False,False,False,False,False,False,False
final_ruehl_mask,mixed,178,270920438,4,LEFT,LEFT,2.9344590147957206,False,False,False,False,False,False,False
final_ruehl_mask,mixed,178,270920438,5,LEFT,LEFT,2.8026249492540956,False,False,False,False,False,False,False
final_ruehl_mask,mixed,178,270920438,6,LEFT,LEFT,2.8024999191984534,False,False,False,False,False,False,False
final_ruehl_mask,mixed,178,270920438,7,RIGHT,RIGHT,2.8207499999552965,False,False,False,False,False,False,False
final_ruehl_mask,mixed,178,270920438,8,RIGHT,RIGHT,2.6975410291925073,False,False,False,False,False,False,False
final_ruehl_mask,mixed,178,270920438,9,RIGHT,RIGHT,2.8509589610621333,False,False,False,False,False,False,False
final_ruehl_mask,mixed,178,270920438,10,UP,UP,2.712584100663662,False,False,False,False,False,False,False
final_ruehl_mask,mixed,178,270920438,11,UP,UP,2.925792010501027,False,True,False,False,False,False,False
final_ruehl_mask,mixed,178,270920438,12,UP,UP,3.1535420566797256,False,False,False,False,False,False,False
final_ruehl_mask,mixed,178,270920438,13,UP,UP,2.954124938696623,False,False,False,False,False,False,False
final_ruehl_mask,mixed,178,270920438,14,LEFT,LEFT,3.0510829528793693,False,False,False,False,False,False,False
final_ruehl_mask,mixed,178,270920438,15,BOMB,BOMB,2.9239170253276825,False,False,False,True,False,False,False
final_ruehl_mask,mixed,178,270920438,16,RIGHT,RIGHT,2.902084030210972,False,False,False,False,False,False,False
final_ruehl_mask,mixed,178,270920438,17,WAIT,WAIT,2.512749982997775,False,False,False,False,False,False,False
final_ruehl_mask,mixed,178,270920438,18,DOWN,DOWN,2.898041973821819,False,False,False,False,False,False,False
final_ruehl_mask,mixed,178,270920438,19,DOWN,DOWN,3.0532090459018946,False,False,False,False,False,False,False
final_ruehl_mask,mixed,178,270920438,20,DOWN,DOWN,3.3738340716809034,False,False,False,False,False,False,False
final_ruehl_mask,mixed,178,270920438,21,DOWN,DOWN,3.3041660208255053,False,True,False,False,False,False,False
final_ruehl_mask,mixed,178,270920438,22,LEFT,LEFT,3.3617919543758035,False,False,False,False,False,False,True
final_ruehl_mask,mixed,178,270920438,23,BOMB,BOMB,2.6664159959182143,False,False,False,True,False,False,True
final_ruehl_mask,mixed,178,270920438,24,LEFT,LEFT,3.4260409884154797,False,False,False,False,False,False,True
final_ruehl_mask,mixed,178,270920438,25,LEFT,LEFT,3.1262499978765845,False,False,False,False,False,False,True
final_ruehl_mask,mixed,178,270920438,26,RIGHT,RIGHT,2.519542002119124,False,False,False,False,False,False,True
final_ruehl_mask,mixed,178,270920438,27,LEFT,LEFT,3.2948750304058194,False,False,False,False,False,False,True
final_ruehl_mask,mixed,179,270920439,1,RIGHT,RIGHT,2.8040839824825525,False,True,False,False,False,False,False
final_ruehl_mask,mixed,179,270920439,2,BOMB,BOMB,2.522124908864498,False,False,False,True,False,False,False
final_ruehl_mask,mixed,179,270920439,3,LEFT,LEFT,2.587083028629422,False,False,False,False,False,False,False
final_ruehl_mask,mixed,179,270920439,4,DOWN,DOWN,2.783584059216082,False,False,False,False,False,False,False
final_ruehl_mask,mixed,179,270920439,5,WAIT,WAIT,2.738750074058771,False,False,False,False,False,False,False
final_ruehl_mask,mixed,179,270920439,6,WAIT,WAIT,2.6890840381383896,False,False,False,False,False,False,False
final_ruehl_mask,mixed,179,270920439,7,WAIT,WAIT,2.8675830690190196,False,False,False,False,False,False,False
final_ruehl_mask,mixed,179,270920439,8,UP,UP,2.62187491171062,False,False,False,False,False,False,False
final_ruehl_mask,mixed,179,270920439,9,RIGHT,RIGHT,2.8542079962790012,False,False,False,False,False,False,False
final_ruehl_mask,mixed,179,270920439,10,RIGHT,RIGHT,3.0439170077443123,False,False,False,False,False,False,False
final_ruehl_mask,mixed,179,270920439,11,RIGHT,RIGHT,3.0451250495389104,False,True,False,False,False,False,False
final_ruehl_mask,mixed,179,270920439,12,RIGHT,RIGHT,2.6592089561745524,False,False,False,False,False,False,False
final_ruehl_mask,mixed,179,270920439,13,BOMB,BOMB,2.39966600202024,False,False,False,True,False,False,False
final_ruehl_mask,mixed,179,270920439,14,LEFT,LEFT,3.044874989427626,False,False,False,False,False,False,False
final_ruehl_mask,mixed,179,270920439,15,LEFT,LEFT,2.574166050180793,False,False,False,False,False,False,False
final_ruehl_mask,mixed,179,270920439,16,LEFT,LEFT,2.9732079710811377,False,False,False,False,False,False,False
final_ruehl_mask,mixed,179,270920439,17,LEFT,LEFT,3.0558330472558737,False,False,False,False,False,False,False
final_ruehl_mask,mixed,179,270920439,18,DOWN,DOWN,3.239791956730187,False,False,False,False,False,False,False
final_ruehl_mask,mixed,179,270920439,19,WAIT,WAIT,3.1250419560819864,False,False,False,False,False,False,False
final_ruehl_mask,mixed,179,270920439,20,BOMB,BOMB,2.6508329901844263,False,False,False,True,False,False,False
final_ruehl_mask,mixed,179,270920439,21,UP,UP,3.358333953656256,False,True,False,False,False,False,False
final_ruehl_mask,mixed,179,270920439,22,RIGHT,RIGHT,3.2714169938117266,False,False,False,False,False,False,False
final_ruehl_mask,mixed,179,270920439,23,RIGHT,RIGHT,3.460042062215507,False,False,False,False,False,False,False
final_ruehl_mask,mixed,179,270920439,24,RIGHT,RIGHT,3.282416961155832,False,False,False,False,False,False,False
final_ruehl_mask,mixed,179,270920439,25,LEFT,LEFT,4.08137496560812,False,False,False,False,False,False,False
final_ruehl_mask,mixed,179,270920439,26,LEFT,LEFT,4.0400829166173935,False,False,False,False,False,False,False
final_ruehl_mask,mixed,179,270920439,27,LEFT,LEFT,3.4695829963311553,False,False,False,False,False,False,False
final_ruehl_mask,mixed,179,270920439,28,DOWN,DOWN,3.171666990965605,False,False,False,False,False,False,False
final_ruehl_mask,mixed,179,270920439,29,DOWN,DOWN,3.641042043454945,False,False,False,False,False,False,False
final_ruehl_mask,mixed,179,270920439,30,DOWN,DOWN,3.604791942052543,False,False,False,False,False,False,False
final_ruehl_mask,mixed,179,270920439,31,DOWN,DOWN,3.0816670041531324,False,True,False,False,False,False,False
final_ruehl_mask,mixed,179,270920439,32,BOMB,BOMB,3.3055830281227827,False,False,False,True,False,False,False
final_ruehl_mask,mixed,179,270920439,33,DOWN,DOWN,4.0227919816970825,False,False,False,False,False,False,False
final_ruehl_mask,mixed,179,270920439,34,DOWN,DOWN,3.8849159609526396,False,False,False,False,False,False,False
final_ruehl_mask,mixed,179,270920439,35,DOWN,DOWN,3.598832990974188,False,False,False,False,False,False,False
final_ruehl_mask,mixed,179,270920439,36,DOWN,DOWN,3.1592079903930426,False,False,False,False,False,False,False
final_ruehl_mask,mixed,179,270920439,37,DOWN,DOWN,3.073416999541223,False,False,False,False,False,False,False
final_ruehl_mask,mixed,179,270920439,38,DOWN,DOWN,3.956291009671986,False,False,False,False,False,False,False
final_ruehl_mask,mixed,179,270920439,39,RIGHT,RIGHT,4.099125042557716,False,False,False,False,False,False,True
final_ruehl_mask,mixed,179,270920439,40,BOMB,BOMB,3.970000077970326,False,False,False,True,False,False,True
final_ruehl_mask,mixed,179,270920439,41,RIGHT,RIGHT,4.192000022158027,False,True,False,False,False,False,True
final_ruehl_mask,mixed,179,270920439,42,RIGHT,RIGHT,2.8182079549878836,False,False,False,False,False,False,True
final_ruehl_mask,mixed,179,270920439,43,WAIT,WAIT,3.9080000715330243,False,False,False,False,False,False,True
final_ruehl_mask,mixed,179,270920439,44,LEFT,LEFT,4.224290954880416,False,False,False,False,False,False,True
final_ruehl_mask,mixed,180,270920440,1,UP,UP,2.983166021294892,False,True,False,False,False,False,False
final_ruehl_mask,mixed,180,270920440,2,BOMB,BOMB,2.7897919062525034,False,False,False,True,False,False,False
final_ruehl_mask,mixed,180,270920440,3,DOWN,DOWN,2.8535410529002547,False,False,False,False,False,False,False
final_ruehl_mask,mixed,180,270920440,4,RIGHT,RIGHT,2.9849170241504908,False,False,False,False,False,False,False
final_ruehl_mask,mixed,180,270920440,5,RIGHT,RIGHT,3.0647919047623873,False,False,False,False,False,False,False
final_ruehl_mask,mixed,180,270920440,6,WAIT,WAIT,3.16512503195554,False,False,False,False,False,False,False
final_ruehl_mask,mixed,180,270920440,7,WAIT,WAIT,3.072082996368408,False,False,False,False,False,False,False
final_ruehl_mask,mixed,180,270920440,8,WAIT,WAIT,3.30266694072634,False,False,False,False,False,False,False
final_ruehl_mask,mixed,180,270920440,9,BOMB,BOMB,3.3249170519411564,False,False,False,True,False,False,False
final_ruehl_mask,mixed,180,270920440,10,LEFT,LEFT,3.1561250798404217,False,False,False,False,False,False,False
final_ruehl_mask,mixed,180,270920440,11,LEFT,LEFT,3.28212499152869,False,True,False,False,False,False,False
final_ruehl_mask,mixed,180,270920440,12,UP,UP,2.960250014439225,False,False,False,False,False,False,False
final_ruehl_mask,mixed,180,270920440,13,UP,UP,3.5014579771086574,False,False,False,False,False,False,False
final_ruehl_mask,mixed,180,270920440,14,WAIT,WAIT,3.727375064045191,False,False,False,False,False,False,False
final_ruehl_mask,mixed,180,270920440,15,WAIT,WAIT,3.759374958463013,False,False,False,False,False,False,True
final_ruehl_mask,mixed,180,270920440,16,BOMB,BOMB,4.00366703979671,False,False,False,True,False,False,True
final_ruehl_mask,mixed,180,270920440,17,UP,UP,4.369082977063954,False,False,False,False,False,False,True
final_ruehl_mask,mixed,180,270920440,18,UP,UP,6.525208009406924,False,False,False,False,False,False,True
final_ruehl_mask,mixed,180,270920440,19,UP,UP,3.4354999661445618,False,False,False,False,False,False,True
final_ruehl_mask,mixed,180,270920440,20,DOWN,DOWN,7.751333061605692,False,False,False,False,False,False,True
final_ruehl_mask,mixed,181,270920441,1,BOMB,BOMB,2.9974590288475156,False,True,False,True,False,False,True
final_ruehl_mask,mixed,181,270920441,2,DOWN,DOWN,4.959292011335492,False,False,False,False,False,False,True
final_ruehl_mask,mixed,181,270920441,3,WAIT,WAIT,2.370834001339972,False,False,False,False,False,False,True
final_ruehl_mask,mixed,181,270920441,4,WAIT,WAIT,2.7824589051306248,False,False,False,False,False,False,True
final_ruehl_mask,mixed,181,270920441,5,WAIT,WAIT,2.1324579138308764,False,False,False,False,False,False,True
final_ruehl_mask,mixed,182,270920442,1,RIGHT,RIGHT,2.9126249719411135,False,True,False,False,False,False,False
final_ruehl_mask,mixed,182,270920442,2,BOMB,BOMB,2.578000072389841,False,False,False,True,False,False,False
final_ruehl_mask,mixed,182,270920442,3,LEFT,LEFT,2.6605420280247927,False,False,False,False,False,False,False
final_ruehl_mask,mixed,182,270920442,4,WAIT,WAIT,2.7216660091653466,False,False,False,False,False,False,False
final_ruehl_mask,mixed,182,270920442,5,UP,UP,2.3204999743029475,False,False,False,False,False,False,False
final_ruehl_mask,mixed,182,270920442,6,WAIT,WAIT,2.4814170319586992,False,False,False,False,False,False,False
final_ruehl_mask,mixed,182,270920442,7,WAIT,WAIT,2.89124995470047,False,False,False,False,False,False,False
final_ruehl_mask,mixed,182,270920442,8,DOWN,DOWN,2.7846669545397162,False,False,False,False,False,False,False
final_ruehl_mask,mixed,182,270920442,9,BOMB,BOMB,2.999416086822748,False,False,False,True,False,False,False
final_ruehl_mask,mixed,182,270920442,10,RIGHT,RIGHT,2.893832977861166,False,False,False,False,False,False,False
final_ruehl_mask,mixed,182,270920442,11,RIGHT,RIGHT,2.878583036363125,False,True,False,False,False,False,False
final_ruehl_mask,mixed,182,270920442,12,RIGHT,RIGHT,2.932625007815659,False,False,False,False,False,False,False
final_ruehl_mask,mixed,182,270920442,13,RIGHT,RIGHT,2.5825001066550612,False,False,False,False,False,False,False
final_ruehl_mask,mixed,182,270920442,14,WAIT,WAIT,3.132999991066754,False,False,False,False,False,False,False
final_ruehl_mask,mixed,182,270920442,15,LEFT,LEFT,3.0378749361261725,False,False,False,False,False,False,True
final_ruehl_mask,mixed,182,270920442,16,BOMB,BOMB,3.0020419508218765,False,False,False,True,False,False,True
final_ruehl_mask,mixed,182,270920442,17,LEFT,LEFT,2.87520803976804,False,False,False,False,False,False,True
final_ruehl_mask,mixed,182,270920442,18,WAIT,WAIT,3.010209067724645,False,False,False,False,False,False,True
final_ruehl_mask,mixed,182,270920442,19,LEFT,LEFT,2.5112919975072145,False,False,False,False,False,False,True
final_ruehl_mask,mixed,182,270920442,20,LEFT,LEFT,2.8644170379266143,False,False,False,False,False,False,True
final_ruehl_mask,mixed,183,270920443,1,RIGHT,RIGHT,2.5709589244797826,False,True,False,False,False,False,False
final_ruehl_mask,mixed,183,270920443,2,BOMB,BOMB,2.628333051688969,False,False,False,True,False,False,False
final_ruehl_mask,mixed,183,270920443,3,LEFT,LEFT,2.843292080797255,False,False,False,False,False,False,False
final_ruehl_mask,mixed,183,270920443,4,WAIT,WAIT,2.448915969580412,False,False,False,False,False,False,False
final_ruehl_mask,mixed,183,270920443,5,DOWN,DOWN,2.6374589651823044,False,False,False,False,False,False,False
final_ruehl_mask,mixed,183,270920443,6,WAIT,WAIT,2.7127910871058702,False,False,False,False,False,False,False
final_ruehl_mask,mixed,183,270920443,7,WAIT,WAIT,2.869458054192364,False,False,False,False,False,False,False
final_ruehl_mask,mixed,183,270920443,8,UP,UP,2.663959050551057,False,False,False,False,False,False,False
final_ruehl_mask,mixed,183,270920443,9,BOMB,BOMB,2.3627079790458083,False,False,False,True,False,False,False
final_ruehl_mask,mixed,183,270920443,10,RIGHT,RIGHT,2.787083969451487,False,False,False,False,False,False,False
final_ruehl_mask,mixed,183,270920443,11,RIGHT,RIGHT,2.834583050571382,False,True,False,False,False,False,False
final_ruehl_mask,mixed,183,270920443,12,RIGHT,RIGHT,2.8161669615656137,False,False,False,False,False,False,False
final_ruehl_mask,mixed,183,270920443,13,RIGHT,RIGHT,2.8332910733297467,False,False,False,False,False,False,False
final_ruehl_mask,mixed,183,270920443,14,WAIT,WAIT,3.0307499691843987,False,False,False,False,False,False,False
final_ruehl_mask,mixed,183,270920443,15,DOWN,DOWN,3.089041099883616,False,False,False,False,False,False,False
final_ruehl_mask,mixed,183,270920443,16,BOMB,BOMB,2.926124958321452,False,False,False,True,False,False,False
final_ruehl_mask,mixed,183,270920443,17,UP,UP,2.9381669592112303,False,False,False,False,False,False,False
final_ruehl_mask,mixed,183,270920443,18,LEFT,LEFT,3.2902919920161366,False,False,False,False,False,False,False
final_ruehl_mask,mixed,183,270920443,19,LEFT,LEFT,2.569457981735468,False,False,False,False,False,False,False
final_ruehl_mask,mixed,183,270920443,20,LEFT,LEFT,3.3375840866938233,False,False,False,False,False,False,False
final_ruehl_mask,mixed,183,270920443,21,LEFT,LEFT,3.371250000782311,False,True,False,False,False,False,False
final_ruehl_mask,mixed,183,270920443,22,DOWN,DOWN,3.310500062070787,False,False,False,False,False,False,False
final_ruehl_mask,mixed,183,270920443,23,DOWN,DOWN,3.3700410276651382,False,False,False,False,False,False,False
final_ruehl_mask,mixed,183,270920443,24,BOMB,BOMB,2.668375032953918,False,False,False,True,False,False,False
final_ruehl_mask,mixed,183,270920443,25,UP,UP,3.3084580209106207,False,False,False,False,False,False,False
final_ruehl_mask,mixed,183,270920443,26,UP,UP,2.5725000305101275,False,False,False,False,False,False,False
final_ruehl_mask,mixed,183,270920443,27,RIGHT,RIGHT,3.2601249404251575,False,False,False,False,False,False,False
final_ruehl_mask,mixed,183,270920443,28,RIGHT,RIGHT,3.488625050522387,False,False,False,False,False,False,False
final_ruehl_mask,mixed,183,270920443,29,RIGHT,RIGHT,3.8076250348240137,False,False,False,False,False,False,False
final_ruehl_mask,mixed,183,270920443,30,RIGHT,RIGHT,3.652250044979155,False,False,False,False,False,False,False
final_ruehl_mask,mixed,183,270920443,31,BOMB,BOMB,3.473042044788599,False,True,False,True,False,False,False
final_ruehl_mask,mixed,183,270920443,32,DOWN,DOWN,3.6689999978989363,False,False,False,False,False,False,False
final_ruehl_mask,mixed,183,270920443,33,WAIT,WAIT,3.8098329678177834,False,False,False,False,False,False,False
final_ruehl_mask,mixed,183,270920443,34,DOWN,DOWN,3.508249996230006,False,False,False,False,False,False,False
final_ruehl_mask,mixed,183,270920443,35,LEFT,LEFT,3.605041070841253,False,False,False,False,False,False,False
final_ruehl_mask,mixed,183,270920443,36,WAIT,WAIT,3.6241250345483422,False,False,False,False,False,False,False
final_ruehl_mask,mixed,183,270920443,37,LEFT,LEFT,4.3665829580277205,False,False,False,False,False,False,True
final_ruehl_mask,mixed,183,270920443,38,BOMB,BOMB,4.07166697550565,False,False,False,True,False,False,True
final_ruehl_mask,mixed,183,270920443,39,LEFT,LEFT,4.107167012989521,False,False,False,False,False,False,True
final_ruehl_mask,mixed,183,270920443,40,WAIT,WAIT,3.8811250124126673,False,False,False,False,False,False,True
final_ruehl_mask,mixed,183,270920443,41,WAIT,WAIT,3.708292031660676,False,True,True,False,False,False,True
final_ruehl_mask,mixed,183,270920443,42,WAIT,WAIT,4.0249580051749945,False,False,False,False,False,False,True
final_ruehl_mask,mixed,184,270920444,1,RIGHT,RIGHT,3.4230840392410755,False,True,False,False,False,False,True
final_ruehl_mask,mixed,184,270920444,2,BOMB,BOMB,3.877375042065978,False,False,False,True,False,False,True
final_ruehl_mask,mixed,184,270920444,3,RIGHT,RIGHT,3.1427500071004033,False,False,False,False,False,False,True
final_ruehl_mask,mixed,184,270920444,4,RIGHT,RIGHT,3.912417101673782,False,False,False,False,False,False,True
final_ruehl_mask,mixed,184,270920444,5,LEFT,LEFT,2.352416981011629,False,False,False,False,False,False,True
final_ruehl_mask,mixed,184,270920444,6,RIGHT,RIGHT,2.75675009470433,False,False,False,False,False,False,True
final_ruehl_mask,mixed,185,270920445,1,RIGHT,RIGHT,2.941457903943956,False,True,False,False,False,False,False
final_ruehl_mask,mixed,185,270920445,2,BOMB,BOMB,2.6365419616922736,False,False,False,True,False,False,False
final_ruehl_mask,mixed,185,270920445,3,LEFT,LEFT,2.5920410407707095,False,False,False,False,False,False,False
final_ruehl_mask,mixed,185,270920445,4,DOWN,DOWN,2.391875023022294,False,False,False,False,False,False,False
final_ruehl_mask,mixed,185,270920445,5,DOWN,DOWN,2.152999979443848,False,False,False,False,False,False,False
final_ruehl_mask,mixed,185,270920445,6,WAIT,WAIT,2.8496249578893185,False,False,False,False,False,False,False
final_ruehl_mask,mixed,185,270920445,7,WAIT,WAIT,3.1300000846385956,False,False,False,False,False,False,False
final_ruehl_mask,mixed,185,270920445,8,UP,UP,2.928792033344507,False,False,False,False,False,False,False
final_ruehl_mask,mixed,185,270920445,9,BOMB,BOMB,3.074167063459754,False,False,False,True,False,False,False
final_ruehl_mask,mixed,185,270920445,10,UP,UP,2.8799580177292228,False,False,False,False,False,False,False
final_ruehl_mask,mixed,185,270920445,11,RIGHT,RIGHT,3.044417011551559,False,True,False,False,False,False,False
final_ruehl_mask,mixed,185,270920445,12,RIGHT,RIGHT,3.182667074725032,False,False,False,False,False,False,False
final_ruehl_mask,mixed,185,270920445,13,RIGHT,RIGHT,2.8754579834640026,False,False,False,False,False,False,False
final_ruehl_mask,mixed,185,270920445,14,RIGHT,RIGHT,3.2698330469429493,False,False,False,False,False,False,False
final_ruehl_mask,mixed,185,270920445,15,WAIT,WAIT,3.1246660510078073,False,False,False,False,False,False,True
final_ruehl_mask,mixed,185,270920445,16,BOMB,BOMB,2.9472080059349537,False,False,False,True,False,False,True
final_ruehl_mask,mixed,185,270920445,17,LEFT,LEFT,2.810583100654185,False,False,False,False,False,False,True
final_ruehl_mask,mixed,185,270920445,18,WAIT,WAIT,2.9835000168532133,False,False,False,False,False,False,True
final_ruehl_mask,mixed,185,270920445,19,LEFT,LEFT,2.5215829955413938,False,False,False,False,False,False,True
final_ruehl_mask,mixed,185,270920445,20,RIGHT,RIGHT,2.998083014972508,False,False,False,False,False,False,True
final_ruehl_mask,mixed,186,270920446,1,DOWN,DOWN,2.9570830520242453,False,True,False,False,False,False,False
final_ruehl_mask,mixed,186,270920446,2,BOMB,BOMB,4.367582965642214,False,False,False,True,False,False,False
final_ruehl_mask,mixed,186,270920446,3,UP,UP,2.912334050051868,False,False,False,False,False,False,False
final_ruehl_mask,mixed,186,270920446,4,LEFT,LEFT,2.747083082795143,False,False,False,False,False,False,False
final_ruehl_mask,mixed,186,270920446,5,WAIT,WAIT,2.642792067490518,False,False,False,False,False,False,False
final_ruehl_mask,mixed,186,270920446,6,WAIT,WAIT,2.776707988232374,False,False,False,False,False,False,False
final_ruehl_mask,mixed,186,270920446,7,WAIT,WAIT,2.8492918936535716,False,False,False,False,False,False,False
final_ruehl_mask,mixed,186,270920446,8,WAIT,WAIT,2.727540908381343,False,False,False,False,False,False,False
final_ruehl_mask,mixed,186,270920446,9,BOMB,BOMB,2.775207976810634,False,False,False,True,False,False,False
final_ruehl_mask,mixed,186,270920446,10,RIGHT,RIGHT,2.4219589540734887,False,False,False,False,False,False,False
final_ruehl_mask,mixed,186,270920446,11,DOWN,DOWN,2.6561670238152146,False,True,False,False,False,False,False
final_ruehl_mask,mixed,186,270920446,12,DOWN,DOWN,3.1280419789254665,False,False,False,False,False,False,False
final_ruehl_mask,mixed,186,270920446,13,DOWN,DOWN,3.0851250048726797,False,False,False,False,False,False,False
final_ruehl_mask,mixed,186,270920446,14,DOWN,DOWN,3.1479160534217954,False,False,False,False,False,False,False
final_ruehl_mask,mixed,186,270920446,15,LEFT,LEFT,3.14174999948591,False,False,False,False,False,False,False
final_ruehl_mask,mixed,186,270920446,16,BOMB,BOMB,2.933374955318868,False,False,False,True,False,False,False
final_ruehl_mask,mixed,186,270920446,17,RIGHT,RIGHT,3.1246249563992023,False,False,False,False,False,False,False
final_ruehl_mask,mixed,186,270920446,18,UP,UP,3.1447920482605696,False,False,False,False,False,False,False
final_ruehl_mask,mixed,186,270920446,19,UP,UP,3.0457909451797605,False,False,False,False,False,False,False
final_ruehl_mask,mixed,186,270920446,20,UP,UP,3.7771660136058927,False,False,False,False,False,False,False
final_ruehl_mask,mixed,186,270920446,21,UP,UP,3.937375033274293,False,True,False,False,False,False,False
final_ruehl_mask,mixed,186,270920446,22,LEFT,LEFT,3.8388330722227693,False,False,False,False,False,False,False
final_ruehl_mask,mixed,186,270920446,23,LEFT,LEFT,3.690625075250864,False,False,False,False,False,False,True
final_ruehl_mask,mixed,186,270920446,24,BOMB,BOMB,4.139334079809487,False,False,False,True,False,False,True
final_ruehl_mask,mixed,186,270920446,25,LEFT,LEFT,3.728791023604572,False,False,False,False,False,False,True
final_ruehl_mask,mixed,186,270920446,26,LEFT,LEFT,3.7524159997701645,False,False,False,False,False,False,True
final_ruehl_mask,mixed,186,270920446,27,LEFT,LEFT,3.8445000536739826,False,False,False,False,False,False,True
final_ruehl_mask,mixed,186,270920446,28,RIGHT,RIGHT,3.709375043399632,False,False,False,False,False,False,True
final_ruehl_mask,mixed,187,270920447,1,LEFT,LEFT,2.879458013921976,False,True,False,False,False,False,False
final_ruehl_mask,mixed,187,270920447,2,BOMB,BOMB,2.335541066713631,False,False,False,True,False,False,False
final_ruehl_mask,mixed,187,270920447,3,RIGHT,RIGHT,2.853125100955367,False,False,False,False,False,False,False
final_ruehl_mask,mixed,187,270920447,4,DOWN,DOWN,2.6027499698102474,False,False,False,False,False,False,False
final_ruehl_mask,mixed,187,270920447,5,WAIT,WAIT,2.161916927434504,False,False,False,False,False,False,False
final_ruehl_mask,mixed,187,270920447,6,WAIT,WAIT,2.0126659655943513,False,False,False,False,False,False,False
final_ruehl_mask,mixed,187,270920447,7,WAIT,WAIT,2.307124901562929,False,False,False,False,False,False,False
final_ruehl_mask,mixed,187,270920447,8,UP,UP,2.046333043836057,False,False,False,False,False,False,False
final_ruehl_mask,mixed,187,270920447,9,LEFT,LEFT,3.0696250032633543,False,False,False,False,False,False,False
final_ruehl_mask,mixed,187,270920447,10,LEFT,LEFT,2.479917020536959,False,False,False,False,False,False,False
final_ruehl_mask,mixed,187,270920447,11,LEFT,LEFT,2.5916249724105,False,True,False,False,False,False,False
final_ruehl_mask,mixed,187,270920447,12,LEFT,LEFT,3.161582979373634,False,False,False,False,False,False,True
final_ruehl_mask,mixed,187,270920447,13,BOMB,BOMB,2.8151669539511204,False,False,False,True,False,False,True
final_ruehl_mask,mixed,187,270920447,14,DOWN,DOWN,2.663999912329018,False,False,False,False,False,False,True
final_ruehl_mask,mixed,187,270920447,15,WAIT,WAIT,3.069500089623034,False,False,False,False,False,False,True
final_ruehl_mask,mixed,187,270920447,16,WAIT,WAIT,3.005750011652708,False,False,False,False,False,False,True
final_ruehl_mask,mixed,187,270920447,17,WAIT,WAIT,2.790458034723997,False,False,False,False,False,False,True
final_ruehl_mask,mixed,188,270920448,1,BOMB,BOMB,3.0363340629264712,False,True,False,True,False,False,True
final_ruehl_mask,mixed,188,270920448,2,RIGHT,RIGHT,2.6944170240312815,False,False,False,False,False,False,True
final_ruehl_mask,mixed,188,270920448,3,WAIT,WAIT,2.96795810572803,False,False,False,False,False,False,True
final_ruehl_mask,mixed,188,270920448,4,WAIT,WAIT,3.2262500608339906,False,False,False,False,False,False,True
final_ruehl_mask,mixed,188,270920448,5,WAIT,WAIT,2.9213749803602695,False,False,False,False,False,False,True
final_ruehl_mask,mixed,189,270920449,1,UP,UP,2.483166055753827,False,True,False,False,False,False,True
final_ruehl_mask,mixed,189,270920449,2,BOMB,BOMB,2.124125021509826,False,False,False,True,False,False,True
final_ruehl_mask,mixed,189,270920449,3,UP,UP,2.8786249458789825,False,False,False,False,False,False,True
final_ruehl_mask,mixed,189,270920449,4,WAIT,WAIT,2.6716249994933605,False,False,False,False,False,False,True
final_ruehl_mask,mixed,189,270920449,5,WAIT,WAIT,2.3142920108512044,False,False,False,False,False,False,True
final_ruehl_mask,mixed,189,270920449,6,WAIT,WAIT,2.8063339414075017,False,False,False,False,False,False,True
final_ruehl_mask,mixed,190,270920450,1,WAIT,WAIT,2.9826670652255416,False,True,False,False,False,False,False
final_ruehl_mask,mixed,190,270920450,2,WAIT,WAIT,2.309208968654275,False,False,False,False,False,False,False
final_ruehl_mask,mixed,190,270920450,3,WAIT,WAIT,2.2128340788185596,False,False,False,False,False,False,False
final_ruehl_mask,mixed,190,270920450,4,LEFT,LEFT,2.892457996495068,False,False,False,False,False,False,False
final_ruehl_mask,mixed,190,270920450,5,BOMB,BOMB,2.7394170174375176,False,False,False,True,False,False,False
final_ruehl_mask,mixed,190,270920450,6,RIGHT,RIGHT,2.16683407779783,False,False,False,False,False,False,False
final_ruehl_mask,mixed,190,270920450,7,DOWN,DOWN,2.1190420957282186,False,False,False,False,False,False,False
final_ruehl_mask,mixed,190,270920450,8,DOWN,DOWN,2.859166939742863,False,False,False,False,False,False,False
final_ruehl_mask,mixed,190,270920450,9,UP,UP,2.677874988876283,False,False,False,False,False,False,False
final_ruehl_mask,mixed,190,270920450,10,WAIT,WAIT,2.4873330257833004,False,False,False,False,False,False,False
final_ruehl_mask,mixed,190,270920450,11,UP,UP,2.9931250028312206,False,True,False,False,False,False,False
final_ruehl_mask,mixed,190,270920450,12,BOMB,BOMB,2.649000030942261,False,False,False,True,False,False,False
final_ruehl_mask,mixed,190,270920450,13,LEFT,LEFT,2.263457980006933,False,False,False,False,False,False,False
final_ruehl_mask,mixed,190,270920450,14,LEFT,LEFT,3.027374972589314,False,False,False,False,False,False,False
final_ruehl_mask,mixed,190,270920450,15,LEFT,LEFT,3.310500062070787,False,False,False,False,False,False,False
final_ruehl_mask,mixed,190,270920450,16,LEFT,LEFT,2.8186659328639507,False,False,False,False,False,False,False
final_ruehl_mask,mixed,190,270920450,17,WAIT,WAIT,2.8785420581698418,False,False,False,False,False,False,False
final_ruehl_mask,mixed,190,270920450,18,WAIT,WAIT,2.3041670210659504,False,False,False,False,False,False,False
final_ruehl_mask,mixed,190,270920450,19,BOMB,BOMB,2.583040972240269,False,False,False,True,False,False,False
final_ruehl_mask,mixed,190,270920450,20,RIGHT,RIGHT,2.426833030767739,False,False,False,False,False,False,False
final_ruehl_mask,mixed,190,270920450,21,RIGHT,RIGHT,2.326000016182661,False,True,False,False,False,False,False
final_ruehl_mask,mixed,190,270920450,22,RIGHT,RIGHT,3.2613329822197556,False,False,False,False,False,False,False
final_ruehl_mask,mixed,190,270920450,23,RIGHT,RIGHT,3.5817500902339816,False,False,False,False,False,False,False
final_ruehl_mask,mixed,190,270920450,24,DOWN,DOWN,3.71741596609354,False,False,False,False,False,False,False
final_ruehl_mask,mixed,190,270920450,25,DOWN,DOWN,3.338540904223919,False,False,False,False,False,False,True
final_ruehl_mask,mixed,190,270920450,26,BOMB,BOMB,3.9327089907601476,False,False,False,True,False,False,True
final_ruehl_mask,mixed,190,270920450,27,DOWN,DOWN,3.6216669250279665,False,False,False,False,False,False,True
final_ruehl_mask,mixed,190,270920450,28,DOWN,DOWN,3.662667004391551,False,False,False,False,False,False,True
final_ruehl_mask,mixed,190,270920450,29,UP,UP,3.4791670041158795,False,False,False,False,False,False,True
final_ruehl_mask,mixed,190,270920450,30,WAIT,WAIT,3.5337499575689435,False,False,False,False,False,False,True
final_ruehl_mask,mixed,191,270920451,1,RIGHT,RIGHT,2.5224999990314245,False,True,False,False,False,False,False
final_ruehl_mask,mixed,191,270920451,2,BOMB,BOMB,2.8373749228194356,False,False,False,True,False,False,False
final_ruehl_mask,mixed,191,270920451,3,LEFT,LEFT,2.7632080018520355,False,False,False,False,False,False,False
final_ruehl_mask,mixed,191,270920451,4,UP,UP,2.738709095865488,False,False,False,False,False,False,False
final_ruehl_mask,mixed,191,270920451,5,UP,UP,2.5395420379936695,False,False,False,False,False,False,False
final_ruehl_mask,mixed,191,270920451,6,RIGHT,RIGHT,2.3380419006571174,False,False,False,False,False,False,False
final_ruehl_mask,mixed,191,270920451,7,RIGHT,RIGHT,2.4806249421089888,False,False,False,False,False,False,False
final_ruehl_mask,mixed,191,270920451,8,WAIT,WAIT,2.1716670598834753,False,False,False,False,False,False,False
final_ruehl_mask,mixed,191,270920451,9,BOMB,BOMB,3.1140000792220235,False,False,False,True,False,False,False
final_ruehl_mask,mixed,191,270920451,10,LEFT,LEFT,2.9359160689637065,False,False,False,False,False,False,False
final_ruehl_mask,mixed,191,270920451,11,LEFT,LEFT,3.3398750238120556,False,True,False,False,False,False,False
final_ruehl_mask,mixed,191,270920451,12,DOWN,DOWN,3.1796660041436553,False,False,False,False,False,False,False
final_ruehl_mask,mixed,191,270920451,13,DOWN,DOWN,2.7319580549374223,False,False,False,False,False,False,False
final_ruehl_mask,mixed,191,270920451,14,RIGHT,RIGHT,3.5952080506831408,False,False,False,False,False,False,False
final_ruehl_mask,mixed,191,270920451,15,RIGHT,RIGHT,3.895499976351857,False,False,False,False,False,False,False
final_ruehl_mask,mixed,191,270920451,16,RIGHT,RIGHT,3.193791024386883,False,False,False,False,False,False,False
final_ruehl_mask,mixed,191,270920451,17,RIGHT,RIGHT,3.4000000450760126,False,False,False,False,False,False,False
final_ruehl_mask,mixed,191,270920451,18,BOMB,BOMB,2.685624989680946,False,False,False,True,False,False,False
final_ruehl_mask,mixed,191,270920451,19,LEFT,LEFT,3.640500013716519,False,False,False,False,False,False,False
final_ruehl_mask,mixed,191,270920451,20,LEFT,LEFT,3.6743750097230077,False,False,False,False,False,False,False
final_ruehl_mask,mixed,191,270920451,21,UP,UP,3.1261249678209424,False,True,False,False,False,False,False
final_ruehl_mask,mixed,191,270920451,22,UP,UP,4.107167012989521,False,False,False,False,False,False,False
final_ruehl_mask,mixed,191,270920451,23,UP,UP,4.248833982273936,False,False,False,False,False,False,False
final_ruehl_mask,mixed,191,270920451,24,UP,UP,3.1503750942647457,False,False,False,False,False,False,False
final_ruehl_mask,mixed,191,270920451,25,BOMB,BOMB,3.9972499944269657,False,False,False,True,False,False,False
final_ruehl_mask,mixed,191,270920451,26,UP,UP,4.073290969245136,False,False,False,False,False,False,False
final_ruehl_mask,mixed,191,270920451,27,UP,UP,3.10533307492733,False,False,False,False,False,False,False
final_ruehl_mask,mixed,191,270920451,28,RIGHT,RIGHT,3.091124934144318,False,False,False,False,False,False,False
final_ruehl_mask,mixed,191,270920451,29,WAIT,WAIT,3.2548749586567283,False,False,False,False,False,False,False
final_ruehl_mask,mixed,191,270920451,30,WAIT,WAIT,4.303374909795821,False,False,False,False,False,False,False
final_ruehl_mask,mixed,191,270920451,31,LEFT,LEFT,4.260667017661035,False,True,False,False,False,False,True
final_ruehl_mask,mixed,191,270920451,32,BOMB,BOMB,4.525790922343731,False,False,False,True,False,False,True
final_ruehl_mask,mixed,191,270920451,33,UP,UP,4.35995904263109,False,False,False,False,False,False,True
final_ruehl_mask,mixed,191,270920451,34,UP,UP,3.8836250314489007,False,False,False,False,False,False,True
final_ruehl_mask,mixed,191,270920451,35,DOWN,DOWN,3.3657500753179193,False,False,False,False,False,False,True
final_ruehl_mask,mixed,191,270920451,36,UP,UP,3.020124975591898,False,False,False,False,False,False,True
final_ruehl_mask,mixed,192,270920452,1,RIGHT,RIGHT,3.064792021177709,False,True,False,False,False,False,False
final_ruehl_mask,mixed,192,270920452,2,BOMB,BOMB,2.6802080683410168,False,False,False,True,False,False,False
final_ruehl_mask,mixed,192,270920452,3,LEFT,LEFT,2.663083956576884,False,False,False,False,False,False,False
final_ruehl_mask,mixed,192,270920452,4,DOWN,DOWN,2.5274590589106083,False,False,False,False,False,False,False
final_ruehl_mask,mixed,192,270920452,5,WAIT,WAIT,2.2434580605477095,False,False,False,False,False,False,False
final_ruehl_mask,mixed,192,270920452,6,WAIT,WAIT,2.1115420386195183,False,False,False,False,False,False,False
final_ruehl_mask,mixed,192,270920452,7,WAIT,WAIT,2.5298750260844827,False,False,False,False,False,False,False
final_ruehl_mask,mixed,192,270920452,8,UP,UP,2.1907499758526683,False,False,False,False,False,False,False
final_ruehl_mask,mixed,192,270920452,9,RIGHT,RIGHT,2.4642919888719916,False,False,False,False,False,False,False
final_ruehl_mask,mixed,192,270920452,10,RIGHT,RIGHT,3.161792061291635,False,False,False,False,False,False,False
final_ruehl_mask,mixed,192,270920452,11,RIGHT,RIGHT,3.0859169783070683,False,True,False,False,False,False,False
final_ruehl_mask,mixed,192,270920452,12,RIGHT,RIGHT,3.2058749347925186,False,False,False,False,False,False,False
final_ruehl_mask,mixed,192,270920452,13,BOMB,BOMB,2.665917039848864,False,False,False,True,False,False,False
final_ruehl_mask,mixed,192,270920452,14,LEFT,LEFT,2.386332955211401,False,False,False,False,False,False,False
final_ruehl_mask,mixed,192,270920452,15,LEFT,LEFT,3.4627909772098064,False,False,False,False,False,False,False
final_ruehl_mask,mixed,192,270920452,16,DOWN,DOWN,3.1449160305783153,False,False,False,False,False,False,False
final_ruehl_mask,mixed,192,270920452,17,DOWN,DOWN,3.151666955091059,False,False,False,False,False,False,False
final_ruehl_mask,mixed,192,270920452,18,LEFT,LEFT,3.6727499682456255,False,False,False,False,False,False,False
final_ruehl_mask,mixed,192,270920452,19,WAIT,WAIT,3.000166965648532,False,False,False,False,False,False,False
final_ruehl_mask,mixed,192,270920452,20,BOMB,BOMB,3.6920830607414246,False,False,False,True,False,False,False
final_ruehl_mask,mixed,192,270920452,21,RIGHT,RIGHT,2.938708057627082,False,True,False,False,False,False,False
final_ruehl_mask,mixed,192,270920452,22,RIGHT,RIGHT,4.216750035993755,False,False,False,False,False,False,False
final_ruehl_mask,mixed,192,270920452,23,RIGHT,RIGHT,4.224791890010238,False,False,False,False,False,False,False
final_ruehl_mask,mixed,192,270920452,24,UP,UP,3.78845795057714,False,False,False,False,False,False,False
final_ruehl_mask,mixed,192,270920452,25,UP,UP,3.241625032387674,False,False,False,False,False,False,False
final_ruehl_mask,mixed,192,270920452,26,RIGHT,RIGHT,3.7319579860195518,False,False,False,False,False,False,True
final_ruehl_mask,mixed,192,270920452,27,BOMB,BOMB,3.130874945782125,False,False,False,True,False,False,True
final_ruehl_mask,mixed,192,270920452,28,RIGHT,RIGHT,3.1097499886527658,False,False,False,False,False,False,True
final_ruehl_mask,mixed,192,270920452,29,RIGHT,RIGHT,2.815250074490905,False,False,False,False,False,False,True
final_ruehl_mask,mixed,192,270920452,30,LEFT,LEFT,3.7877500290051103,False,False,False,False,False,False,True
final_ruehl_mask,mixed,192,270920452,31,RIGHT,RIGHT,3.1049590324983,False,False,False,False,False,False,True
final_ruehl_mask,mixed,193,270920453,1,DOWN,DOWN,2.8372089145705104,False,True,False,False,False,False,False
final_ruehl_mask,mixed,193,270920453,2,BOMB,BOMB,2.1256250329315662,False,False,False,True,False,False,False
final_ruehl_mask,mixed,193,270920453,3,UP,UP,2.011916949413717,False,False,False,False,False,False,False
final_ruehl_mask,mixed,193,270920453,4,LEFT,LEFT,2.408499945886433,False,False,False,False,False,False,False
final_ruehl_mask,mixed,193,270920453,5,WAIT,WAIT,2.437958959490061,False,False,False,False,False,False,False
final_ruehl_mask,mixed,193,270920453,6,WAIT,WAIT,2.3300410248339176,False,False,False,False,False,False,False
final_ruehl_mask,mixed,193,270920453,7,WAIT,WAIT,2.9052910394966602,False,False,False,False,False,False,False
final_ruehl_mask,mixed,193,270920453,8,WAIT,WAIT,2.760958974249661,False,False,False,False,False,False,False
final_ruehl_mask,mixed,193,270920453,9,BOMB,BOMB,2.7750839944928885,False,False,False,True,False,False,False
final_ruehl_mask,mixed,193,270920453,10,RIGHT,RIGHT,2.437707968056202,False,False,False,False,False,False,False
final_ruehl_mask,mixed,193,270920453,11,DOWN,DOWN,2.3852080339565873,False,True,False,False,False,False,False
final_ruehl_mask,mixed,193,270920453,12,DOWN,DOWN,2.537541091442108,False,False,False,False,False,False,False
final_ruehl_mask,mixed,193,270920453,13,DOWN,DOWN,3.5343749914318323,False,False,False,False,False,False,False
final_ruehl_mask,mixed,193,270920453,14,DOWN,DOWN,2.8635839698836207,False,False,False,False,False,False,False
final_ruehl_mask,mixed,193,270920453,15,LEFT,LEFT,3.10712493956089,False,False,False,False,False,False,False
final_ruehl_mask,mixed,193,270920453,16,LEFT,LEFT,3.5149999894201756,False,False,False,False,False,False,False
final_ruehl_mask,mixed,193,270920453,17,BOMB,BOMB,3.377874963916838,False,False,False,True,False,False,False
final_ruehl_mask,mixed,193,270920453,18,RIGHT,RIGHT,2.9388749971985817,False,False,False,False,False,False,False
final_ruehl_mask,mixed,193,270920453,19,RIGHT,RIGHT,2.7531670639291406,False,False,False,False,False,False,False
final_ruehl_mask,mixed,193,270920453,20,UP,UP,3.6807499127462506,False,False,False,False,False,False,False
final_ruehl_mask,mixed,193,270920453,21,UP,UP,3.831499954685569,False,True,False,False,False,False,False
final_ruehl_mask,mixed,193,270920453,22,LEFT,LEFT,4.621417028829455,False,False,False,False,False,False,False
final_ruehl_mask,mixed,193,270920453,23,LEFT,LEFT,3.3129999646916986,False,False,False,False,False,False,False
final_ruehl_mask,mixed,193,270920453,24,BOMB,BOMB,3.3967080526053905,False,False,False,True,False,False,False
final_ruehl_mask,mixed,193,270920453,25,UP,UP,3.186166053637862,False,False,False,False,False,False,False
final_ruehl_mask,mixed,193,270920453,26,UP,UP,2.7187500381842256,False,False,False,False,False,False,False
final_ruehl_mask,mixed,193,270920453,27,LEFT,LEFT,2.636292017996311,False,False,False,False,False,False,False
final_ruehl_mask,mixed,193,270920453,28,LEFT,LEFT,2.9134999494999647,False,False,False,False,False,False,False
final_ruehl_mask,mixed,193,270920453,29,WAIT,WAIT,3.7083750357851386,False,False,False,False,False,False,False
final_ruehl_mask,mixed,193,270920453,30,WAIT,WAIT,3.4438329748809338,False,False,False,False,False,False,False
final_ruehl_mask,mixed,193,270920453,31,BOMB,BOMB,3.449499956332147,False,True,False,True,False,False,False
final_ruehl_mask,mixed,193,270920453,32,RIGHT,RIGHT,3.4835829865187407,False,False,False,False,False,False,False
final_ruehl_mask,mixed,193,270920453,33,RIGHT,RIGHT,3.1318749533966184,False,False,False,False,False,False,False
final_ruehl_mask,mixed,193,270920453,34,DOWN,DOWN,3.6151671083644032,False,False,False,False,False,False,False
final_ruehl_mask,mixed,193,270920453,35,DOWN,DOWN,3.7559999618679285,False,False,False,False,False,False,False
final_ruehl_mask,mixed,193,270920453,36,DOWN,DOWN,4.678125027567148,False,False,False,False,False,False,False
final_ruehl_mask,mixed,193,270920453,37,DOWN,DOWN,4.069834016263485,False,False,False,False,False,False,False
final_ruehl_mask,mixed,193,270920453,38,WAIT,WAIT,3.983540926128626,False,False,False,False,False,False,False
final_ruehl_mask,mixed,193,270920453,39,WAIT,WAIT,4.593000048771501,False,False,False,False,False,False,False
final_ruehl_mask,mixed,193,270920453,40,WAIT,WAIT,3.746250062249601,False,False,False,False,False,False,False
final_ruehl_mask,mixed,193,270920453,41,DOWN,DOWN,4.535708110779524,False,True,False,False,False,False,True
final_ruehl_mask,mixed,193,270920453,42,BOMB,BOMB,3.491792012937367,False,False,False,True,False,False,True
final_ruehl_mask,mixed,193,270920453,43,DOWN,DOWN,3.51070798933506,False,False,False,False,False,False,True
final_ruehl_mask,mixed,193,270920453,44,DOWN,DOWN,3.573958994820714,False,False,False,False,False,False,True
final_ruehl_mask,mixed,193,270920453,45,UP,UP,3.227790934033692,False,False,False,False,False,False,True
final_ruehl_mask,mixed,193,270920453,46,DOWN,DOWN,2.684999955818057,False,False,False,False,False,False,True
final_ruehl_mask,mixed,194,270920454,1,LEFT,LEFT,2.622124971821904,False,True,False,False,False,False,True
final_ruehl_mask,mixed,194,270920454,2,BOMB,BOMB,2.7189160464331508,False,False,False,True,False,False,True
final_ruehl_mask,mixed,194,270920454,3,LEFT,LEFT,2.788832993246615,False,False,False,False,False,False,True
final_ruehl_mask,mixed,194,270920454,4,WAIT,WAIT,2.125333994626999,False,False,False,False,False,False,True
final_ruehl_mask,mixed,194,270920454,5,WAIT,WAIT,2.04454199410975,False,False,False,False,False,False,True
final_ruehl_mask,mixed,194,270920454,6,WAIT,WAIT,2.788000041618943,False,False,False,False,False,False,True
final_ruehl_mask,mixed,195,270920455,1,LEFT,LEFT,3.0167499789968133,False,True,False,False,False,False,True
final_ruehl_mask,mixed,195,270920455,2,BOMB,BOMB,2.760459086857736,False,False,False,True,False,False,True
final_ruehl_mask,mixed,195,270920455,3,LEFT,LEFT,2.425834070891142,False,False,False,False,False,False,True
final_ruehl_mask,mixed,195,270920455,4,LEFT,LEFT,2.0685410127043724,False,False,False,False,False,False,True
final_ruehl_mask,mixed,195,270920455,5,WAIT,WAIT,2.7689579874277115,False,False,False,False,False,False,True
final_ruehl_mask,mixed,195,270920455,6,WAIT,WAIT,2.6435829931870103,False,False,False,False,False,False,True
final_ruehl_mask,mixed,196,270920456,1,LEFT,LEFT,2.9640840366482735,False,True,False,False,False,False,False
final_ruehl_mask,mixed,196,270920456,2,BOMB,BOMB,2.603583037853241,False,False,False,True,False,False,False
final_ruehl_mask,mixed,196,270920456,3,RIGHT,RIGHT,2.765167038887739,False,False,False,False,False,False,False
final_ruehl_mask,mixed,196,270920456,4,UP,UP,2.7227919781580567,False,False,False,False,False,False,False
final_ruehl_mask,mixed,196,270920456,5,WAIT,WAIT,2.6689169462770224,False,False,False,False,False,False,False
final_ruehl_mask,mixed,196,270920456,6,WAIT,WAIT,2.6415419997647405,False,False,False,False,False,False,False
final_ruehl_mask,mixed,196,270920456,7,WAIT,WAIT,2.8735410887748003,False,False,False,False,False,False,False
final_ruehl_mask,mixed,196,270920456,8,WAIT,WAIT,2.9385839588940144,False,False,False,False,False,False,False
final_ruehl_mask,mixed,196,270920456,9,BOMB,BOMB,2.384333056397736,False,False,False,True,False,False,False
final_ruehl_mask,mixed,196,270920456,10,DOWN,DOWN,2.2554589668288827,False,False,False,False,False,False,False
final_ruehl_mask,mixed,196,270920456,11,LEFT,LEFT,2.781582996249199,False,True,False,False,False,False,False
final_ruehl_mask,mixed,196,270920456,12,LEFT,LEFT,2.5285000447183847,False,False,False,False,False,False,False
final_ruehl_mask,mixed,196,270920456,13,LEFT,LEFT,2.6219579158350825,False,False,False,False,False,False,False
final_ruehl_mask,mixed,196,270920456,14,LEFT,LEFT,2.6409999700263143,False,False,False,False,False,False,False
final_ruehl_mask,mixed,196,270920456,15,WAIT,WAIT,3.5578339593484998,False,False,False,False,False,False,False
final_ruehl_mask,mixed,196,270920456,16,BOMB,BOMB,3.1992499716579914,False,False,False,True,False,False,False
final_ruehl_mask,mixed,196,270920456,17,RIGHT,RIGHT,2.4531669914722443,False,False,False,False,False,False,False
final_ruehl_mask,mixed,196,270920456,18,RIGHT,RIGHT,3.0757910571992397,False,False,False,False,False,False,False
final_ruehl_mask,mixed,196,270920456,19,UP,UP,2.9677089769393206,False,False,False,False,False,False,False
final_ruehl_mask,mixed,196,270920456,20,WAIT,WAIT,3.19087493699044,False,False,False,False,False,False,False
final_ruehl_mask,mixed,196,270920456,21,WAIT,WAIT,3.5308749647811055,False,True,False,False,False,False,False
final_ruehl_mask,mixed,196,270920456,22,DOWN,DOWN,3.1198750948533416,False,False,False,False,False,False,False
final_ruehl_mask,mixed,196,270920456,23,LEFT,LEFT,3.6132079549133778,False,False,False,False,False,False,False
final_ruehl_mask,mixed,196,270920456,24,LEFT,LEFT,4.0027080103755,False,False,False,False,False,False,False
final_ruehl_mask,mixed,196,270920456,25,LEFT,LEFT,4.064083099365234,False,False,False,False,False,False,False
final_ruehl_mask,mixed,196,270920456,26,WAIT,WAIT,3.65874997805804,False,False,False,False,False,False,False
final_ruehl_mask,mixed,196,270920456,27,LEFT,LEFT,3.1941659981384873,False,False,False,False,False,False,True
final_ruehl_mask,mixed,196,270920456,28,BOMB,BOMB,3.0969579238444567,False,False,False,True,False,False,True
final_ruehl_mask,mixed,196,270920456,29,UP,UP,3.257624921388924,False,False,False,False,False,False,True
final_ruehl_mask,mixed,196,270920456,30,WAIT,WAIT,3.3934999955818057,False,False,False,False,False,False,True
final_ruehl_mask,mixed,196,270920456,31,WAIT,WAIT,2.691415953449905,False,False,False,False,False,False,True
final_ruehl_mask,mixed,196,270920456,32,WAIT,WAIT,3.340541967190802,False,False,False,False,False,False,True
final_ruehl_mask,mixed,197,270920457,1,RIGHT,RIGHT,2.9459999641403556,False,True,False,False,False,False,False
final_ruehl_mask,mixed,197,270920457,2,BOMB,BOMB,2.2087080869823694,False,False,False,True,False,False,False
final_ruehl_mask,mixed,197,270920457,3,LEFT,LEFT,1.9931669812649488,False,False,False,False,False,False,False
final_ruehl_mask,mixed,197,270920457,4,WAIT,WAIT,2.5713329669088125,False,False,False,False,False,False,False
final_ruehl_mask,mixed,197,270920457,5,UP,UP,2.0477919606491923,False,False,False,False,False,False,False
final_ruehl_mask,mixed,197,270920457,6,WAIT,WAIT,2.3722919868305326,False,False,False,False,False,False,False
final_ruehl_mask,mixed,197,270920457,7,WAIT,WAIT,2.1868750918656588,False,False,False,False,False,False,False
final_ruehl_mask,mixed,197,270920457,8,WAIT,WAIT,2.3848749697208405,False,False,False,False,False,False,False
final_ruehl_mask,mixed,197,270920457,9,BOMB,BOMB,2.145666046999395,False,False,False,True,False,False,False
final_ruehl_mask,mixed,197,270920457,10,DOWN,DOWN,2.0934169879183173,False,False,False,False,False,False,False
final_ruehl_mask,mixed,197,270920457,11,RIGHT,RIGHT,3.0920410063117743,False,True,False,False,False,False,False
final_ruehl_mask,mixed,197,270920457,12,RIGHT,RIGHT,3.1968749826774,False,False,False,False,False,False,False
final_ruehl_mask,mixed,197,270920457,13,RIGHT,RIGHT,3.060417016968131,False,False,False,False,False,False,False
final_ruehl_mask,mixed,197,270920457,14,RIGHT,RIGHT,2.9614580562338233,False,False,False,False,False,False,False
final_ruehl_mask,mixed,197,270920457,15,WAIT,WAIT,2.382999984547496,False,False,False,False,False,False,False
final_ruehl_mask,mixed,197,270920457,16,BOMB,BOMB,2.5784169556573033,False,False,False,True,False,False,False
final_ruehl_mask,mixed,197,270920457,17,LEFT,LEFT,2.2503340151160955,False,False,False,False,False,False,False
final_ruehl_mask,mixed,197,270920457,18,LEFT,LEFT,2.8868330409750342,False,False,False,False,False,False,False
final_ruehl_mask,mixed,197,270920457,19,LEFT,LEFT,3.0430839397013187,False,False,False,False,False,False,False
final_ruehl_mask,mixed,197,270920457,20,LEFT,LEFT,2.407665946520865,False,False,False,False,False,False,False
final_ruehl_mask,mixed,197,270920457,21,UP,UP,2.70529102999717,False,True,False,False,False,False,False
final_ruehl_mask,mixed,197,270920457,22,UP,UP,3.60512500628829,False,False,False,False,False,False,True
final_ruehl_mask,mixed,197,270920457,23,BOMB,BOMB,2.9411669820547104,False,False,False,True,False,False,True
final_ruehl_mask,mixed,197,270920457,24,UP,UP,3.0574999982491136,False,False,False,False,False,False,True
final_ruehl_mask,mixed,197,270920457,25,UP,UP,2.8877080185338855,False,False,False,False,False,False,True
final_ruehl_mask,mixed,197,270920457,26,DOWN,DOWN,2.850957913324237,False,False,False,False,False,False,True
final_ruehl_mask,mixed,197,270920457,27,UP,UP,2.5867089862003922,False,False,False,False,False,False,True
final_ruehl_mask,mixed,198,270920458,1,DOWN,DOWN,3.1229580054059625,False,True,False,False,False,False,False
final_ruehl_mask,mixed,198,270920458,2,BOMB,BOMB,2.927166991867125,False,False,False,True,False,False,False
final_ruehl_mask,mixed,198,270920458,3,DOWN,DOWN,2.6882089441642165,False,False,False,False,False,False,False
final_ruehl_mask,mixed,198,270920458,4,WAIT,WAIT,2.3180830758064985,False,False,False,False,False,False,False
final_ruehl_mask,mixed,198,270920458,5,RIGHT,RIGHT,2.6840000646188855,False,False,False,False,False,False,False
final_ruehl_mask,mixed,198,270920458,6,RIGHT,RIGHT,2.2538339253515005,False,False,False,False,False,False,False
final_ruehl_mask,mixed,198,270920458,7,WAIT,WAIT,2.7042500441893935,False,False,False,False,False,False,False
final_ruehl_mask,mixed,198,270920458,8,WAIT,WAIT,2.4199170293286443,False,False,False,False,False,False,True
final_ruehl_mask,mixed,198,270920458,9,BOMB,BOMB,3.323917044326663,False,False,False,True,False,False,True
final_ruehl_mask,mixed,198,270920458,10,DOWN,DOWN,2.5222080294042826,False,False,False,False,False,False,True
final_ruehl_mask,mixed,198,270920458,11,WAIT,WAIT,3.0847499147057533,False,False,False,False,False,False,True
final_ruehl_mask,mixed,198,270920458,12,WAIT,WAIT,2.5217910297214985,False,False,False,False,False,False,True
final_ruehl_mask,mixed,198,270920458,13,WAIT,WAIT,2.3267919896170497,False,False,False,False,False,False,True
final_ruehl_mask,mixed,199,270920459,1,WAIT,WAIT,2.3970840265974402,False,True,False,False,False,False,False
final_ruehl_mask,mixed,199,270920459,2,WAIT,WAIT,2.0116670057177544,False,False,False,False,False,False,False
final_ruehl_mask,mixed,199,270920459,3,DOWN,DOWN,2.0562499994412065,False,False,False,False,False,False,False
final_ruehl_mask,mixed,199,270920459,4,BOMB,BOMB,2.739583025686443,False,False,False,True,False,False,False
final_ruehl_mask,mixed,199,270920459,5,UP,UP,2.6323749916628003,False,False,False,False,False,False,False
final_ruehl_mask,mixed,199,270920459,6,RIGHT,RIGHT,2.2239999379962683,False,False,False,False,False,False,False
final_ruehl_mask,mixed,199,270920459,7,WAIT,WAIT,2.1338339429348707,False,False,False,False,False,False,False
final_ruehl_mask,mixed,199,270920459,8,WAIT,WAIT,2.615625038743019,False,False,False,False,False,False,False
final_ruehl_mask,mixed,199,270920459,9,WAIT,WAIT,2.748750033788383,False,False,False,False,False,False,False
final_ruehl_mask,mixed,199,270920459,10,LEFT,LEFT,2.1436670795083046,False,False,False,False,False,False,True
final_ruehl_mask,mixed,199,270920459,11,BOMB,BOMB,2.310125040821731,False,True,False,True,False,False,True
final_ruehl_mask,mixed,199,270920459,12,DOWN,DOWN,2.3460829397663474,False,False,False,False,False,False,True
final_ruehl_mask,mixed,199,270920459,13,DOWN,DOWN,2.2298749536275864,False,False,False,False,False,False,True
final_ruehl_mask,mixed,199,270920459,14,WAIT,WAIT,2.5393329560756683,False,False,False,False,False,False,True
final_ruehl_mask,mixed,199,270920459,15,DOWN,DOWN,2.911709016188979,False,False,False,False,False,False,True
