config,opponents,episode,seed,step,action,executed_action,latency_ms,timeout,audited,unsafe,bomb_dropped,threat,predicted_trap,death_within_six
random_ruehl_mask,mixed,0,270920260,1,UP,UP,0.19295804668217897,False,True,False,False,False,False,False
random_ruehl_mask,mixed,0,270920260,2,BOMB,BOMB,0.08599995635449886,False,False,False,True,False,False,False
random_ruehl_mask,mixed,0,270920260,3,DOWN,DOWN,0.0480839516967535,False,False,False,False,False,False,False
random_ruehl_mask,mixed,0,270920260,4,LEFT,LEFT,0.040790997445583344,False,False,False,False,False,False,False
random_ruehl_mask,mixed,0,270920260,5,WAIT,WAIT,0.07341604214161634,False,False,False,False,False,False,False
random_ruehl_mask,mixed,0,270920260,6,WAIT,WAIT,0.07579196244478226,False,False,False,False,False,False,False
random_ruehl_mask,mixed,0,270920260,7,WAIT,WAIT,0.05820801015943289,False,False,False,False,False,False,False
random_ruehl_mask,mixed,0,270920260,8,WAIT,WAIT,0.0575830927118659,False,False,False,False,False,False,False
random_ruehl_mask,mixed,0,270920260,9,BOMB,BOMB,0.09762507397681475,False,False,False,True,False,False,False
random_ruehl_mask,mixed,0,270920260,10,RIGHT,RIGHT,0.043915933929383755,False,False,False,False,False,False,False
random_ruehl_mask,mixed,0,270920260,11,WAIT,WAIT,0.04129100125283003,False,True,False,False,False,False,False
random_ruehl_mask,mixed,0,270920260,12,UP,UP,0.06941694300621748,False,False,False,False,False,False,False
random_ruehl_mask,mixed,0,270920260,13,UP,UP,0.0625409884378314,False,False,False,False,False,False,False
random_ruehl_mask,mixed,0,270920260,14,WAIT,WAIT,0.06108300294727087,False,False,False,False,False,False,False
random_ruehl_mask,mixed,0,270920260,15,WAIT,WAIT,0.05937495734542608,False,False,False,False,False,False,False
random_ruehl_mask,mixed,0,270920260,16,UP,UP,0.0867500202730298,False,False,False,False,False,False,False
random_ruehl_mask,mixed,0,270920260,17,BOMB,BOMB,0.06879109423607588,False,False,False,True,False,False,False
random_ruehl_mask,mixed,0,270920260,18,UP,UP,0.04233303479850292,False,False,False,False,False,False,False
random_ruehl_mask,mixed,0,270920260,19,WAIT,WAIT,0.03470899537205696,False,False,False,False,False,False,False
random_ruehl_mask,mixed,0,270920260,20,LEFT,LEFT,0.08458399679511786,False,False,False,False,False,False,False
random_ruehl_mask,mixed,0,270920260,21,WAIT,WAIT,0.07712503429502249,False,True,False,False,False,False,False
random_ruehl_mask,mixed,0,270920260,22,WAIT,WAIT,0.08645805064588785,False,False,False,False,False,False,False
random_ruehl_mask,mixed,0,270920260,23,WAIT,WAIT,0.07141591049730778,False,False,False,False,False,False,False
random_ruehl_mask,mixed,0,270920260,24,BOMB,BOMB,0.07716694381088018,False,False,False,True,False,False,False
random_ruehl_mask,mixed,0,270920260,25,RIGHT,RIGHT,0.058125006034970284,False,False,False,False,False,False,False
random_ruehl_mask,mixed,0,270920260,26,DOWN,DOWN,0.04641606938093901,False,False,False,False,False,False,False
random_ruehl_mask,mixed,0,270920260,27,DOWN,DOWN,0.05304103251546621,False,False,False,False,False,False,False
random_ruehl_mask,mixed,0,270920260,28,WAIT,WAIT,0.048999907448887825,False,False,False,False,False,False,False
random_ruehl_mask,mixed,0,270920260,29,UP,UP,0.0874160323292017,False,False,False,False,False,False,False
random_ruehl_mask,mixed,0,270920260,30,DOWN,DOWN,0.058208941482007504,False,False,False,False,False,False,False
random_ruehl_mask,mixed,0,270920260,31,UP,UP,0.10837498120963573,False,True,False,False,False,False,False
random_ruehl_mask,mixed,0,270920260,32,DOWN,DOWN,0.09345798753201962,False,False,False,False,False,False,False
random_ruehl_mask,mixed,0,270920260,33,DOWN,DOWN,0.09904196485877037,False,False,False,False,False,False,False
random_ruehl_mask,mixed,0,270920260,34,UP,UP,0.07041590288281441,False,False,False,False,False,False,False
random_ruehl_mask,mixed,0,270920260,35,BOMB,BOMB,0.0955420546233654,False,False,False,True,False,False,False
random_ruehl_mask,mixed,0,270920260,36,UP,UP,0.040499959141016006,False,False,False,False,False,False,False
random_ruehl_mask,mixed,0,270920260,37,UP,UP,0.0535410363227129,False,False,False,False,False,False,False
random_ruehl_mask,mixed,0,270920260,38,LEFT,LEFT,0.05858391523361206,False,False,False,False,False,False,False
random_ruehl_mask,mixed,0,270920260,39,LEFT,LEFT,0.058875069953501225,False,False,False,False,False,False,False
random_ruehl_mask,mixed,0,270920260,40,RIGHT,RIGHT,0.06737501826137304,False,False,False,False,False,False,False
random_ruehl_mask,mixed,0,270920260,41,LEFT,LEFT,0.042915926314890385,False,True,False,False,False,False,False
random_ruehl_mask,mixed,0,270920260,42,WAIT,WAIT,0.09841599967330694,False,False,False,False,False,False,False
random_ruehl_mask,mixed,0,270920260,43,RIGHT,RIGHT,0.09037507697939873,False,False,False,False,False,False,False
random_ruehl_mask,mixed,0,270920260,44,WAIT,WAIT,0.04841701593250036,False,False,False,False,False,False,False
random_ruehl_mask,mixed,0,270920260,45,WAIT,WAIT,0.07812492549419403,False,False,False,False,False,False,False
random_ruehl_mask,mixed,0,270920260,46,WAIT,WAIT,0.07645797450095415,False,False,False,False,False,False,False
random_ruehl_mask,mixed,0,270920260,47,RIGHT,RIGHT,0.06633298471570015,False,False,False,False,False,False,False
random_ruehl_mask,mixed,0,270920260,48,WAIT,WAIT,0.12683297973126173,False,False,False,False,False,False,False
random_ruehl_mask,mixed,0,270920260,49,DOWN,DOWN,0.10575004853308201,False,False,False,False,False,False,False
random_ruehl_mask,mixed,0,270920260,50,UP,UP,0.08133298251777887,False,False,False,False,False,False,False
random_ruehl_mask,mixed,0,270920260,51,WAIT,WAIT,0.11695793364197016,False,True,False,False,False,False,False
random_ruehl_mask,mixed,0,270920260,52,UP,UP,0.09474996477365494,False,False,False,False,False,False,False
random_ruehl_mask,mixed,0,270920260,53,UP,UP,0.10487507097423077,False,False,False,False,False,False,False
random_ruehl_mask,mixed,0,270920260,54,WAIT,WAIT,0.10075001046061516,False,False,False,False,False,False,False
random_ruehl_mask,mixed,0,270920260,55,DOWN,DOWN,0.10245898738503456,False,False,False,False,False,False,False
random_ruehl_mask,mixed,0,270920260,56,WAIT,WAIT,0.07941701915115118,False,False,False,False,False,False,False
random_ruehl_mask,mixed,0,270920260,57,WAIT,WAIT,0.09587500244379044,False,False,False,False,False,False,False
random_ruehl_mask,mixed,0,270920260,58,BOMB,BOMB,0.09474996477365494,False,False,False,True,False,False,False
random_ruehl_mask,mixed,0,270920260,59,DOWN,DOWN,0.05354091990739107,False,False,False,False,False,False,False
random_ruehl_mask,mixed,0,270920260,60,DOWN,DOWN,0.06612495053559542,False,False,False,False,False,False,False
random_ruehl_mask,mixed,0,270920260,61,UP,UP,0.07316702976822853,False,True,False,False,False,False,False
random_ruehl_mask,mixed,0,270920260,62,LEFT,LEFT,0.06987503729760647,False,False,False,False,False,False,False
random_ruehl_mask,mixed,0,270920260,63,LEFT,LEFT,0.06462505552917719,False,False,False,False,False,False,False
random_ruehl_mask,mixed,0,270920260,64,WAIT,WAIT,0.06799993570894003,False,False,False,False,False,False,False
random_ruehl_mask,mixed,0,270920260,65,BOMB,BOMB,0.1129580195993185,False,False,False,True,False,False,False
random_ruehl_mask,mixed,0,270920260,66,DOWN,DOWN,0.07033406291157007,False,False,False,False,False,False,False
random_ruehl_mask,mixed,0,270920260,67,WAIT,WAIT,0.05795795004814863,False,False,False,False,False,False,False
random_ruehl_mask,mixed,0,270920260,68,DOWN,DOWN,0.07587508298456669,False,False,False,False,False,False,False
random_ruehl_mask,mixed,0,270920260,69,LEFT,LEFT,0.05491706542670727,False,False,False,False,False,False,False
random_ruehl_mask,mixed,0,270920260,70,WAIT,WAIT,0.0666249543428421,False,False,False,False,False,False,False
random_ruehl_mask,mixed,0,270920260,71,RIGHT,RIGHT,0.04204106517136097,False,True,False,False,False,False,False
random_ruehl_mask,mixed,0,270920260,72,DOWN,DOWN,0.15125004574656487,False,False,False,False,False,False,False
random_ruehl_mask,mixed,0,270920260,73,UP,UP,0.06958306767046452,False,False,False,False,False,False,False
random_ruehl_mask,mixed,0,270920260,74,BOMB,BOMB,0.12337497901171446,False,False,False,True,False,False,False
random_ruehl_mask,mixed,0,270920260,75,RIGHT,RIGHT,0.06075005512684584,False,False,False,False,False,False,False
random_ruehl_mask,mixed,0,270920260,76,WAIT,WAIT,0.05241704639047384,False,False,False,False,False,False,False
random_ruehl_mask,mixed,0,270920260,77,RIGHT,RIGHT,0.05591590888798237,False,False,False,False,False,False,False
random_ruehl_mask,mixed,0,270920260,78,DOWN,DOWN,0.05550007335841656,False,False,False,False,False,False,False
random_ruehl_mask,mixed,0,270920260,79,DOWN,DOWN,0.08591706864535809,False,False,False,False,False,False,False
random_ruehl_mask,mixed,0,270920260,80,UP,UP,0.05870894528925419,False,False,False,False,False,False,False
random_ruehl_mask,mixed,0,270920260,81,DOWN,DOWN,0.07291592191904783,False,True,False,False,False,False,False
random_ruehl_mask,mixed,0,270920260,82,UP,UP,0.0737080117687583,False,False,False,False,False,False,False
random_ruehl_mask,mixed,0,270920260,83,DOWN,DOWN,0.08041702676564455,False,False,False,False,False,False,False
random_ruehl_mask,mixed,0,270920260,84,UP,UP,0.05766598042100668,False,False,False,False,False,False,False
random_ruehl_mask,mixed,0,270920260,85,UP,UP,0.05954096559435129,False,False,False,False,False,False,False
random_ruehl_mask,mixed,0,270920260,86,UP,UP,0.07283396553248167,False,False,False,False,False,False,False
random_ruehl_mask,mixed,0,270920260,87,DOWN,DOWN,0.07524993270635605,False,False,False,False,False,False,False
random_ruehl_mask,mixed,0,270920260,88,DOWN,DOWN,0.05966611206531525,False,False,False,False,False,False,False
random_ruehl_mask,mixed,0,270920260,89,WAIT,WAIT,0.06262504030019045,False,False,False,False,False,False,False
random_ruehl_mask,mixed,0,270920260,90,UP,UP,0.06208301056176424,False,False,False,False,False,False,False
random_ruehl_mask,mixed,0,270920260,91,UP,UP,0.07262500002980232,False,True,False,False,False,False,False
random_ruehl_mask,mixed,0,270920260,92,WAIT,WAIT,0.09408302139490843,False,False,False,False,False,False,False
random_ruehl_mask,mixed,0,270920260,93,DOWN,DOWN,0.07229088805615902,False,False,False,False,False,False,False
random_ruehl_mask,mixed,0,270920260,94,WAIT,WAIT,0.06395799573510885,False,False,False,False,False,False,False
random_ruehl_mask,mixed,0,270920260,95,DOWN,DOWN,0.08449994493275881,False,False,False,False,False,False,False
random_ruehl_mask,mixed,0,270920260,96,DOWN,DOWN,0.05204195622354746,False,False,False,False,False,False,False
random_ruehl_mask,mixed,0,270920260,97,UP,UP,0.06558292079716921,False,False,False,False,False,False,False
random_ruehl_mask,mixed,0,270920260,98,UP,UP,0.08741591591387987,False,False,False,False,False,False,False
random_ruehl_mask,mixed,0,270920260,99,WAIT,WAIT,0.07866695523262024,False,False,False,False,False,False,False
random_ruehl_mask,mixed,0,270920260,100,WAIT,WAIT,0.05658308509737253,False,False,False,False,False,False,False
random_ruehl_mask,mixed,0,270920260,101,WAIT,WAIT,0.09166705422103405,False,True,False,False,False,False,False
random_ruehl_mask,mixed,0,270920260,102,LEFT,LEFT,0.06137497257441282,False,False,False,False,False,False,False
random_ruehl_mask,mixed,0,270920260,103,RIGHT,RIGHT,0.05112506914883852,False,False,False,False,False,False,False
random_ruehl_mask,mixed,0,270920260,104,WAIT,WAIT,0.05316699389368296,False,False,False,False,False,False,False
random_ruehl_mask,mixed,0,270920260,105,UP,UP,0.06049999501556158,False,False,False,False,False,False,False
random_ruehl_mask,mixed,0,270920260,106,UP,UP,0.08787494152784348,False,False,False,False,False,False,False
random_ruehl_mask,mixed,0,270920260,107,DOWN,DOWN,0.08570903446525335,False,False,False,False,False,False,False
random_ruehl_mask,mixed,0,270920260,108,WAIT,WAIT,0.07712491787970066,False,False,False,False,False,False,False
random_ruehl_mask,mixed,0,270920260,109,UP,UP,0.05450006574392319,False,False,False,False,False,False,False
random_ruehl_mask,mixed,0,270920260,110,UP,UP,0.0539170578122139,False,False,False,False,False,False,False
random_ruehl_mask,mixed,0,270920260,111,WAIT,WAIT,0.08633406832814217,False,True,False,False,False,False,False
random_ruehl_mask,mixed,0,270920260,112,DOWN,DOWN,0.06237498018890619,False,False,False,False,False,False,False
random_ruehl_mask,mixed,0,270920260,113,DOWN,DOWN,0.05262496415525675,False,False,False,False,False,False,False
random_ruehl_mask,mixed,0,270920260,114,WAIT,WAIT,0.04920794162899256,False,False,False,False,False,False,False
random_ruehl_mask,mixed,0,270920260,115,WAIT,WAIT,0.06733310874551535,False,False,False,False,False,False,False
random_ruehl_mask,mixed,0,270920260,116,DOWN,DOWN,0.07570802699774504,False,False,False,False,False,False,False
random_ruehl_mask,mixed,0,270920260,117,DOWN,DOWN,0.10516599286347628,False,False,False,False,False,False,False
random_ruehl_mask,mixed,0,270920260,118,WAIT,WAIT,0.10641699191182852,False,False,False,False,False,False,False
random_ruehl_mask,mixed,0,270920260,119,UP,UP,0.07025001104921103,False,False,False,False,False,False,False
random_ruehl_mask,mixed,0,270920260,120,WAIT,WAIT,0.09729107841849327,False,False,False,False,False,False,False
random_ruehl_mask,mixed,0,270920260,121,UP,UP,0.0895840348675847,False,True,False,False,False,False,False
random_ruehl_mask,mixed,0,270920260,122,WAIT,WAIT,0.06958306767046452,False,False,False,False,False,False,False
random_ruehl_mask,mixed,0,270920260,123,WAIT,WAIT,0.07558299694210291,False,False,False,False,False,False,False
random_ruehl_mask,mixed,0,270920260,124,UP,UP,0.09141606278717518,False,False,False,False,False,False,False
random_ruehl_mask,mixed,0,270920260,125,DOWN,DOWN,0.05870801396667957,False,False,False,False,False,False,False
random_ruehl_mask,mixed,0,270920260,126,UP,UP,0.06049999501556158,False,False,False,False,False,False,False
random_ruehl_mask,mixed,0,270920260,127,LEFT,LEFT,0.07525004912167788,False,False,False,False,False,False,False
random_ruehl_mask,mixed,0,270920260,128,LEFT,LEFT,0.0855419784784317,False,False,False,False,False,False,False
random_ruehl_mask,mixed,0,270920260,129,RIGHT,RIGHT,0.11620798613876104,False,False,False,False,False,False,False
random_ruehl_mask,mixed,0,270920260,130,LEFT,LEFT,0.061292084865272045,False,False,False,False,False,False,False
random_ruehl_mask,mixed,0,270920260,131,BOMB,BOMB,0.12995896395295858,False,True,False,True,True,False,False
random_ruehl_mask,mixed,0,270920260,132,RIGHT,RIGHT,0.05562498699873686,False,False,False,False,False,False,False
random_ruehl_mask,mixed,0,270920260,133,RIGHT,RIGHT,0.05729193799197674,False,False,False,False,False,False,False
random_ruehl_mask,mixed,0,270920260,134,UP,UP,0.06712495815008879,False,False,False,False,False,False,False
random_ruehl_mask,mixed,0,270920260,135,UP,UP,0.07399998139590025,False,False,False,False,False,False,False
random_ruehl_mask,mixed,0,270920260,136,WAIT,WAIT,0.05270796827971935,False,False,False,False,False,False,False
random_ruehl_mask,mixed,0,270920260,137,WAIT,WAIT,0.05729100666940212,False,False,False,False,False,False,False
random_ruehl_mask,mixed,0,270920260,138,DOWN,DOWN,0.10220799595117569,False,False,False,False,False,False,False
random_ruehl_mask,mixed,0,270920260,139,UP,UP,0.07291696965694427,False,False,False,False,False,False,False
random_ruehl_mask,mixed,0,270920260,140,DOWN,DOWN,0.11133402585983276,False,False,False,False,False,False,False
random_ruehl_mask,mixed,0,270920260,141,DOWN,DOWN,0.07220800034701824,False,True,False,False,False,False,False
random_ruehl_mask,mixed,0,270920260,142,UP,UP,0.11937494855374098,False,False,False,False,False,False,False
random_ruehl_mask,mixed,0,270920260,143,DOWN,DOWN,0.07204106077551842,False,False,False,False,False,False,False
random_ruehl_mask,mixed,0,270920260,144,LEFT,LEFT,0.08804199751466513,False,False,False,False,False,False,False
random_ruehl_mask,mixed,0,270920260,145,LEFT,LEFT,0.07754191756248474,False,False,False,False,False,False,False
random_ruehl_mask,mixed,0,270920260,146,WAIT,WAIT,0.0856249826028943,False,False,False,False,False,False,False
random_ruehl_mask,mixed,0,270920260,147,LEFT,LEFT,0.1551249297335744,False,False,False,False,False,False,False
random_ruehl_mask,mixed,0,270920260,148,RIGHT,RIGHT,0.09891705121845007,False,False,False,False,False,False,False
random_ruehl_mask,mixed,0,270920260,149,UP,UP,0.0952079426497221,False,False,False,False,False,False,False
random_ruehl_mask,mixed,0,270920260,150,WAIT,WAIT,0.1091670710593462,False,False,False,False,False,False,False
random_ruehl_mask,mixed,0,270920260,151,DOWN,DOWN,0.1069169957190752,False,True,False,False,False,False,False
random_ruehl_mask,mixed,0,270920260,152,LEFT,LEFT,0.07599999662488699,False,False,False,False,False,False,False
random_ruehl_mask,mixed,0,270920260,153,LEFT,LEFT,0.0682090176269412,False,False,False,False,False,False,False
random_ruehl_mask,mixed,0,270920260,154,RIGHT,RIGHT,0.07520802319049835,False,False,False,False,False,False,False
random_ruehl_mask,mixed,0,270920260,155,RIGHT,RIGHT,0.0968750100582838,False,False,False,False,False,False,False
random_ruehl_mask,mixed,0,270920260,156,WAIT,WAIT,0.0853340607136488,False,False,False,False,False,False,False
random_ruehl_mask,mixed,0,270920260,157,UP,UP,0.09358394891023636,False,False,False,False,False,False,False
random_ruehl_mask,mixed,0,270920260,158,DOWN,DOWN,0.08787494152784348,False,False,False,False,False,False,False
random_ruehl_mask,mixed,0,270920260,159,LEFT,LEFT,0.0868749339133501,False,False,False,False,False,False,False
random_ruehl_mask,mixed,0,270920260,160,RIGHT,RIGHT,0.09620899800211191,False,False,False,False,False,False,False
random_ruehl_mask,mixed,0,270920260,161,DOWN,DOWN,0.13762491289526224,False,True,False,False,False,False,False
random_ruehl_mask,mixed,0,270920260,162,DOWN,DOWN,0.11920800898224115,False,False,False,False,False,False,False
random_ruehl_mask,mixed,0,270920260,163,DOWN,DOWN,0.09058311115950346,False,False,False,False,False,False,False
random_ruehl_mask,mixed,0,270920260,164,WAIT,WAIT,0.07429206743836403,False,False,False,False,False,False,False
random_ruehl_mask,mixed,0,270920260,165,WAIT,WAIT,0.07575005292892456,False,False,False,False,False,False,False
random_ruehl_mask,mixed,0,270920260,166,WAIT,WAIT,0.06945803761482239,False,False,False,False,False,False,False
random_ruehl_mask,mixed,0,270920260,167,BOMB,BOMB,0.10679196566343307,False,False,False,True,True,False,False
random_ruehl_mask,mixed,0,270920260,168,UP,UP,0.05600007716566324,False,False,False,False,False,False,False
random_ruehl_mask,mixed,0,270920260,169,LEFT,LEFT,0.05725002847611904,False,False,False,False,False,False,False
random_ruehl_mask,mixed,0,270920260,170,LEFT,LEFT,0.06720807868987322,False,False,False,False,False,False,False
random_ruehl_mask,mixed,0,270920260,171,UP,UP,0.11124997399747372,False,True,False,False,False,False,False
random_ruehl_mask,mixed,0,270920260,172,UP,UP,0.05495804361999035,False,False,False,False,False,False,False
random_ruehl_mask,mixed,0,270920260,173,DOWN,DOWN,0.03999995533376932,False,False,False,False,False,False,False
random_ruehl_mask,mixed,0,270920260,174,BOMB,BOMB,0.09104202035814524,False,False,False,True,True,False,False
random_ruehl_mask,mixed,0,270920260,175,DOWN,DOWN,0.04570803139358759,False,False,False,False,False,False,False
random_ruehl_mask,mixed,0,270920260,176,RIGHT,RIGHT,0.06258301436901093,False,False,False,False,False,False,False
random_ruehl_mask,mixed,0,270920260,177,RIGHT,RIGHT,0.07725006435066462,False,False,False,False,False,False,False
random_ruehl_mask,mixed,0,270920260,178,WAIT,WAIT,0.07841689512133598,False,False,False,False,False,False,False
random_ruehl_mask,mixed,0,270920260,179,RIGHT,RIGHT,0.06858306005597115,False,False,False,False,False,False,False
random_ruehl_mask,mixed,0,270920260,180,RIGHT,RIGHT,0.06437499541789293,False,False,False,False,False,False,False
random_ruehl_mask,mixed,0,270920260,181,UP,UP,0.09104202035814524,False,True,False,False,False,False,False
random_ruehl_mask,mixed,0,270920260,182,UP,UP,0.07191707845777273,False,False,False,False,False,False,False
random_ruehl_mask,mixed,0,270920260,183,WAIT,WAIT,0.056582968682050705,False,False,False,False,False,False,False
random_ruehl_mask,mixed,0,270920260,184,DOWN,DOWN,0.05708308890461922,False,False,False,False,False,False,False
random_ruehl_mask,mixed,0,270920260,185,UP,UP,0.06633403245359659,False,False,False,False,False,False,False
random_ruehl_mask,mixed,0,270920260,186,WAIT,WAIT,0.059416983276605606,False,False,False,False,False,False,False
random_ruehl_mask,mixed,0,270920260,187,DOWN,DOWN,0.0743749551475048,False,False,False,False,False,False,False
random_ruehl_mask,mixed,0,270920260,188,UP,UP,0.07591594476252794,False,False,False,False,False,False,True
random_ruehl_mask,mixed,0,270920260,189,BOMB,BOMB,0.10562501847743988,False,False,False,True,True,False,True
random_ruehl_mask,mixed,0,270920260,190,LEFT,LEFT,0.05262496415525675,False,False,False,False,False,False,True
random_ruehl_mask,mixed,0,270920260,191,WAIT,WAIT,0.044792075641453266,False,True,False,False,False,False,True
random_ruehl_mask,mixed,0,270920260,192,WAIT,WAIT,0.06812508217990398,False,False,False,False,False,False,True
random_ruehl_mask,mixed,0,270920260,193,LEFT,LEFT,0.05495804361999035,False,False,False,False,False,False,True
random_ruehl_mask,mixed,1,270920261,1,DOWN,DOWN,0.10775006376206875,False,True,False,False,False,False,False
random_ruehl_mask,mixed,1,270920261,2,UP,UP,0.07520802319049835,False,False,False,False,False,False,False
random_ruehl_mask,mixed,1,270920261,3,WAIT,WAIT,0.0967090018093586,False,False,False,False,False,False,False
random_ruehl_mask,mixed,1,270920261,4,RIGHT,RIGHT,0.08291599806398153,False,False,False,False,False,False,False
random_ruehl_mask,mixed,1,270920261,5,BOMB,BOMB,0.11587503831833601,False,False,False,True,False,False,False
random_ruehl_mask,mixed,1,270920261,6,LEFT,LEFT,0.05949998740106821,False,False,False,False,False,False,False
random_ruehl_mask,mixed,1,270920261,7,DOWN,DOWN,0.06808398757129908,False,False,False,False,False,False,False
random_ruehl_mask,mixed,1,270920261,8,WAIT,WAIT,0.055875047110021114,False,False,False,False,False,False,False
random_ruehl_mask,mixed,1,270920261,9,WAIT,WAIT,0.04937499761581421,False,False,False,False,False,False,False
random_ruehl_mask,mixed,1,270920261,10,WAIT,WAIT,0.06091594696044922,False,False,False,False,False,False,False
random_ruehl_mask,mixed,1,270920261,11,WAIT,WAIT,0.045291963033378124,False,True,False,False,False,False,False
random_ruehl_mask,mixed,1,270920261,12,UP,UP,0.08237489964812994,False,False,False,False,False,False,True
random_ruehl_mask,mixed,1,270920261,13,BOMB,BOMB,0.11512497439980507,False,False,False,True,False,False,True
random_ruehl_mask,mixed,1,270920261,14,DOWN,DOWN,0.07916602771729231,False,False,False,False,False,False,True
random_ruehl_mask,mixed,1,270920261,15,WAIT,WAIT,0.05929195322096348,False,False,False,False,False,False,True
random_ruehl_mask,mixed,1,270920261,16,WAIT,WAIT,0.049458001740276814,False,False,False,False,False,False,True
random_ruehl_mask,mixed,1,270920261,17,WAIT,WAIT,0.045042019337415695,False,False,False,False,False,False,True
random_ruehl_mask,mixed,2,270920262,1,DOWN,DOWN,0.13058295007795095,False,True,False,False,False,False,False
random_ruehl_mask,mixed,2,270920262,2,WAIT,WAIT,0.0812500948086381,False,False,False,False,False,False,False
random_ruehl_mask,mixed,2,270920262,3,WAIT,WAIT,0.06845791358500719,False,False,False,False,False,False,False
random_ruehl_mask,mixed,2,270920262,4,UP,UP,0.0677499920129776,False,False,False,False,False,False,False
random_ruehl_mask,mixed,2,270920262,5,LEFT,LEFT,0.1128750154748559,False,False,False,False,False,False,False
random_ruehl_mask,mixed,2,270920262,6,BOMB,BOMB,0.11137500405311584,False,False,False,True,False,False,False
random_ruehl_mask,mixed,2,270920262,7,RIGHT,RIGHT,0.058542005717754364,False,False,False,False,False,False,False
random_ruehl_mask,mixed,2,270920262,8,DOWN,DOWN,0.040291924960911274,False,False,False,False,False,False,False
random_ruehl_mask,mixed,2,270920262,9,WAIT,WAIT,0.05112506914883852,False,False,False,False,False,False,False
random_ruehl_mask,mixed,2,270920262,10,WAIT,WAIT,0.047708977945148945,False,False,False,False,False,False,False
random_ruehl_mask,mixed,2,270920262,11,WAIT,WAIT,0.07266690954566002,False,True,False,False,False,False,False
random_ruehl_mask,mixed,2,270920262,12,UP,UP,0.06008404307067394,False,False,False,False,False,False,True
random_ruehl_mask,mixed,2,270920262,13,BOMB,BOMB,0.11024996638298035,False,False,False,True,False,False,True
random_ruehl_mask,mixed,2,270920262,14,DOWN,DOWN,0.05583302117884159,False,False,False,False,False,False,True
random_ruehl_mask,mixed,2,270920262,15,WAIT,WAIT,0.0671660527586937,False,False,False,False,False,False,True
random_ruehl_mask,mixed,2,270920262,16,WAIT,WAIT,0.05437503568828106,False,False,False,False,False,False,True
random_ruehl_mask,mixed,2,270920262,17,WAIT,WAIT,0.05208305083215237,False,False,False,False,False,False,True
random_ruehl_mask,mixed,3,270920263,1,UP,UP,0.10662502609193325,False,True,False,False,False,False,False
random_ruehl_mask,mixed,3,270920263,2,UP,UP,0.07825007196515799,False,False,False,False,False,False,False
random_ruehl_mask,mixed,3,270920263,3,BOMB,BOMB,0.07525004912167788,False,False,False,True,False,False,False
random_ruehl_mask,mixed,3,270920263,4,DOWN,DOWN,0.05749997217208147,False,False,False,False,False,False,False
random_ruehl_mask,mixed,3,270920263,5,DOWN,DOWN,0.07829198148101568,False,False,False,False,False,False,False
random_ruehl_mask,mixed,3,270920263,6,RIGHT,RIGHT,0.0653750030323863,False,False,False,False,False,False,False
random_ruehl_mask,mixed,3,270920263,7,WAIT,WAIT,0.061583006754517555,False,False,False,False,False,False,False
random_ruehl_mask,mixed,3,270920263,8,WAIT,WAIT,0.051958952099084854,False,False,False,False,False,False,False
random_ruehl_mask,mixed,3,270920263,9,LEFT,LEFT,0.0688750296831131,False,False,False,False,False,False,True
random_ruehl_mask,mixed,3,270920263,10,BOMB,BOMB,0.09908305946737528,False,False,False,True,False,False,True
random_ruehl_mask,mixed,3,270920263,11,RIGHT,RIGHT,0.05708297248929739,False,True,True,False,False,False,True
random_ruehl_mask,mixed,3,270920263,12,WAIT,WAIT,0.044665997847914696,False,False,False,False,False,False,True
random_ruehl_mask,mixed,3,270920263,13,WAIT,WAIT,0.06633391603827477,False,False,False,False,False,False,True
random_ruehl_mask,mixed,3,270920263,14,WAIT,WAIT,0.065250089392066,False,False,False,False,False,False,True
random_ruehl_mask,mixed,4,270920264,1,DOWN,DOWN,0.09970890823751688,False,True,False,False,False,False,False
random_ruehl_mask,mixed,4,270920264,2,BOMB,BOMB,0.09529106318950653,False,False,False,True,False,False,False
random_ruehl_mask,mixed,4,270920264,3,UP,UP,0.04458299372345209,False,False,False,False,False,False,False
random_ruehl_mask,mixed,4,270920264,4,RIGHT,RIGHT,0.040375045500695705,False,False,False,False,False,False,False
random_ruehl_mask,mixed,4,270920264,5,WAIT,WAIT,0.09770796168595552,False,False,False,False,False,False,False
random_ruehl_mask,mixed,4,270920264,6,WAIT,WAIT,0.06508303340524435,False,False,False,False,False,False,False
random_ruehl_mask,mixed,4,270920264,7,RIGHT,RIGHT,0.05541602149605751,False,False,False,False,False,False,False
random_ruehl_mask,mixed,4,270920264,8,LEFT,LEFT,0.03474997356534004,False,False,False,False,False,False,False
random_ruehl_mask,mixed,4,270920264,9,LEFT,LEFT,0.07479207124561071,False,False,False,False,False,False,True
random_ruehl_mask,mixed,4,270920264,10,BOMB,BOMB,0.08225010242313147,False,False,False,True,False,False,True
random_ruehl_mask,mixed,4,270920264,11,RIGHT,RIGHT,0.06604206282645464,False,True,True,False,False,False,True
random_ruehl_mask,mixed,4,270920264,12,WAIT,WAIT,0.03941694740206003,False,False,False,False,False,False,True
random_ruehl_mask,mixed,4,270920264,13,RIGHT,RIGHT,0.05966704338788986,False,False,False,False,False,False,True
random_ruehl_mask,mixed,4,270920264,14,LEFT,LEFT,0.08812500163912773,False,False,False,False,False,False,True
random_ruehl_mask,mixed,5,270920265,1,WAIT,WAIT,0.10083301458507776,False,True,False,False,False,False,False
random_ruehl_mask,mixed,5,270920265,2,DOWN,DOWN,0.09933405090123415,False,False,False,False,False,False,False
random_ruehl_mask,mixed,5,270920265,3,WAIT,WAIT,0.09854207746684551,False,False,False,False,False,False,False
random_ruehl_mask,mixed,5,270920265,4,UP,UP,0.08312496356666088,False,False,False,False,False,False,False
random_ruehl_mask,mixed,5,270920265,5,DOWN,DOWN,0.1039999770000577,False,False,False,False,False,False,False
random_ruehl_mask,mixed,5,270920265,6,WAIT,WAIT,0.0827909680083394,False,False,False,False,False,False,False
random_ruehl_mask,mixed,5,270920265,7,UP,UP,0.07829198148101568,False,False,False,False,False,False,False
random_ruehl_mask,mixed,5,270920265,8,DOWN,DOWN,0.07075001485645771,False,False,False,False,False,False,False
random_ruehl_mask,mixed,5,270920265,9,WAIT,WAIT,0.06645801477134228,False,False,False,False,False,False,False
random_ruehl_mask,mixed,5,270920265,10,UP,UP,0.06500002928078175,False,False,False,False,False,False,False
random_ruehl_mask,mixed,5,270920265,11,RIGHT,RIGHT,0.0667079584673047,False,True,False,False,False,False,False
random_ruehl_mask,mixed,5,270920265,12,WAIT,WAIT,0.06716698408126831,False,False,False,False,False,False,False
random_ruehl_mask,mixed,5,270920265,13,BOMB,BOMB,0.08016708306968212,False,False,False,True,False,False,False
random_ruehl_mask,mixed,5,270920265,14,LEFT,LEFT,0.048708985559642315,False,False,False,False,False,False,False
random_ruehl_mask,mixed,5,270920265,15,DOWN,DOWN,0.05170796066522598,False,False,False,False,False,False,False
random_ruehl_mask,mixed,5,270920265,16,WAIT,WAIT,0.04491698928177357,False,False,False,False,False,False,False
random_ruehl_mask,mixed,5,270920265,17,WAIT,WAIT,0.05616701673716307,False,False,False,False,False,False,False
random_ruehl_mask,mixed,5,270920265,18,WAIT,WAIT,0.044332933612167835,False,False,False,False,False,False,False
random_ruehl_mask,mixed,5,270920265,19,WAIT,WAIT,0.03941706381738186,False,False,False,False,False,False,False
random_ruehl_mask,mixed,5,270920265,20,UP,UP,0.07287506014108658,False,False,False,False,False,False,False
random_ruehl_mask,mixed,5,270920265,21,WAIT,WAIT,0.1478339545428753,False,True,False,False,False,False,False
random_ruehl_mask,mixed,5,270920265,22,DOWN,DOWN,0.10466703679412603,False,False,False,False,False,False,False
random_ruehl_mask,mixed,5,270920265,23,WAIT,WAIT,0.10950001887977123,False,False,False,False,False,False,False
random_ruehl_mask,mixed,5,270920265,24,BOMB,BOMB,0.08716608863323927,False,False,False,True,False,False,False
random_ruehl_mask,mixed,5,270920265,25,UP,UP,0.04408392123878002,False,False,False,False,False,False,False
random_ruehl_mask,mixed,5,270920265,26,RIGHT,RIGHT,0.048792106099426746,False,False,False,False,False,False,False
random_ruehl_mask,mixed,5,270920265,27,RIGHT,RIGHT,0.045874970965087414,False,False,False,False,False,False,False
random_ruehl_mask,mixed,5,270920265,28,WAIT,WAIT,0.06195809692144394,False,False,False,False,False,False,False
random_ruehl_mask,mixed,5,270920265,29,WAIT,WAIT,0.05258305463939905,False,False,False,False,False,False,False
random_ruehl_mask,mixed,5,270920265,30,LEFT,LEFT,0.04620896652340889,False,False,False,False,False,False,False
random_ruehl_mask,mixed,5,270920265,31,RIGHT,RIGHT,0.06429199129343033,False,True,False,False,False,False,False
random_ruehl_mask,mixed,5,270920265,32,WAIT,WAIT,0.09062502067536116,False,False,False,False,False,False,False
random_ruehl_mask,mixed,5,270920265,33,BOMB,BOMB,0.12566696386784315,False,False,False,True,False,False,False
random_ruehl_mask,mixed,5,270920265,34,RIGHT,RIGHT,0.0551670091226697,False,False,False,False,False,False,False
random_ruehl_mask,mixed,5,270920265,35,RIGHT,RIGHT,0.03950006794184446,False,False,False,False,False,False,False
random_ruehl_mask,mixed,5,270920265,36,DOWN,DOWN,0.04900002386420965,False,False,False,False,False,False,False
random_ruehl_mask,mixed,5,270920265,37,WAIT,WAIT,0.06545800715684891,False,False,False,False,False,False,False
random_ruehl_mask,mixed,5,270920265,38,WAIT,WAIT,0.047874986194074154,False,False,False,False,False,False,False
random_ruehl_mask,mixed,5,270920265,39,UP,UP,0.04962494131177664,False,False,False,False,False,False,False
random_ruehl_mask,mixed,5,270920265,40,WAIT,WAIT,0.10433304123580456,False,False,False,False,False,False,False
random_ruehl_mask,mixed,5,270920265,41,LEFT,LEFT,0.09824999142438173,False,True,False,False,False,False,False
random_ruehl_mask,mixed,5,270920265,42,WAIT,WAIT,0.0613329466432333,False,False,False,False,False,False,False
random_ruehl_mask,mixed,5,270920265,43,WAIT,WAIT,0.04958303179591894,False,False,False,False,False,False,False
random_ruehl_mask,mixed,5,270920265,44,WAIT,WAIT,0.059875077567994595,False,False,False,False,False,False,False
random_ruehl_mask,mixed,5,270920265,45,LEFT,LEFT,0.050458009354770184,False,False,False,False,False,False,False
random_ruehl_mask,mixed,5,270920265,46,RIGHT,RIGHT,0.07929198909550905,False,False,False,False,False,False,False
random_ruehl_mask,mixed,5,270920265,47,RIGHT,RIGHT,0.06966700311750174,False,False,False,False,False,False,False
random_ruehl_mask,mixed,5,270920265,48,BOMB,BOMB,0.1408749958500266,False,False,False,True,False,False,False
random_ruehl_mask,mixed,5,270920265,49,LEFT,LEFT,0.05991698708385229,False,False,False,False,False,False,False
random_ruehl_mask,mixed,5,270920265,50,WAIT,WAIT,0.04016596358269453,False,False,False,False,False,False,False
random_ruehl_mask,mixed,5,270920265,51,LEFT,LEFT,0.048874993808567524,False,True,False,False,False,False,False
random_ruehl_mask,mixed,5,270920265,52,DOWN,DOWN,0.063000014051795,False,False,False,False,False,False,False
random_ruehl_mask,mixed,5,270920265,53,DOWN,DOWN,0.062249950133264065,False,False,False,False,False,False,False
random_ruehl_mask,mixed,5,270920265,54,DOWN,DOWN,0.11758401524275541,False,False,False,False,False,False,False
random_ruehl_mask,mixed,5,270920265,55,WAIT,WAIT,0.10466598905622959,False,False,False,False,False,False,True
random_ruehl_mask,mixed,5,270920265,56,BOMB,BOMB,0.09162502828985453,False,False,False,True,False,False,True
random_ruehl_mask,mixed,5,270920265,57,UP,UP,0.042917090468108654,False,False,False,False,False,False,True
random_ruehl_mask,mixed,5,270920265,58,WAIT,WAIT,0.037082936614751816,False,False,False,False,False,False,True
random_ruehl_mask,mixed,5,270920265,59,UP,UP,0.04645809531211853,False,False,False,False,False,False,True
random_ruehl_mask,mixed,5,270920265,60,UP,UP,0.07033406291157007,False,False,False,False,False,False,True
random_ruehl_mask,mixed,6,270920266,1,WAIT,WAIT,0.10845798533409834,False,True,False,False,False,False,False
random_ruehl_mask,mixed,6,270920266,2,WAIT,WAIT,0.08958298712968826,False,False,False,False,False,False,False
random_ruehl_mask,mixed,6,270920266,3,DOWN,DOWN,0.15154201537370682,False,False,False,False,False,False,False
random_ruehl_mask,mixed,6,270920266,4,WAIT,WAIT,0.07741700392216444,False,False,False,False,False,False,False
random_ruehl_mask,mixed,6,270920266,5,UP,UP,0.07583398837596178,False,False,False,False,False,False,False
random_ruehl_mask,mixed,6,270920266,6,DOWN,DOWN,0.0974580179899931,False,False,False,False,False,False,False
random_ruehl_mask,mixed,6,270920266,7,WAIT,WAIT,0.08341600187122822,False,False,False,False,False,False,False
random_ruehl_mask,mixed,6,270920266,8,WAIT,WAIT,0.07449998520314693,False,False,False,False,False,False,False
random_ruehl_mask,mixed,6,270920266,9,UP,UP,0.09020802099257708,False,False,False,False,False,False,True
random_ruehl_mask,mixed,6,270920266,10,BOMB,BOMB,0.08350005373358727,False,False,False,True,False,False,True
random_ruehl_mask,mixed,6,270920266,11,RIGHT,RIGHT,0.06316695362329483,False,True,False,False,False,False,True
random_ruehl_mask,mixed,6,270920266,12,WAIT,WAIT,0.051292008720338345,False,False,False,False,False,False,True
random_ruehl_mask,mixed,6,270920266,13,RIGHT,RIGHT,0.07908290717750788,False,False,False,False,False,False,True
random_ruehl_mask,mixed,6,270920266,14,RIGHT,RIGHT,0.07004104554653168,False,False,False,False,False,False,True
random_ruehl_mask,mixed,7,270920267,1,LEFT,LEFT,0.10029191616922617,False,True,False,False,False,False,False
random_ruehl_mask,mixed,7,270920267,2,BOMB,BOMB,0.0712500186637044,False,False,False,True,False,False,False
random_ruehl_mask,mixed,7,270920267,3,RIGHT,RIGHT,0.03733299672603607,False,False,False,False,False,False,False
random_ruehl_mask,mixed,7,270920267,4,WAIT,WAIT,0.05916703958064318,False,False,False,False,False,False,False
random_ruehl_mask,mixed,7,270920267,5,DOWN,DOWN,0.06687501445412636,False,False,False,False,False,False,False
random_ruehl_mask,mixed,7,270920267,6,WAIT,WAIT,0.06108405068516731,False,False,False,False,False,False,False
random_ruehl_mask,mixed,7,270920267,7,WAIT,WAIT,0.06749993190169334,False,False,False,False,False,False,False
random_ruehl_mask,mixed,7,270920267,8,WAIT,WAIT,0.05566701292991638,False,False,False,False,False,False,False
random_ruehl_mask,mixed,7,270920267,9,WAIT,WAIT,0.0879999715834856,False,False,False,False,False,False,False
random_ruehl_mask,mixed,7,270920267,10,BOMB,BOMB,0.07762503810226917,False,False,False,True,False,False,False
random_ruehl_mask,mixed,7,270920267,11,UP,UP,0.03741693217307329,False,True,False,False,False,False,False
random_ruehl_mask,mixed,7,270920267,12,LEFT,LEFT,0.05175010301172733,False,False,False,False,False,False,False
random_ruehl_mask,mixed,7,270920267,13,LEFT,LEFT,0.058333040215075016,False,False,False,False,False,False,False
random_ruehl_mask,mixed,7,270920267,14,LEFT,LEFT,0.05879101809114218,False,False,False,False,False,False,False
random_ruehl_mask,mixed,7,270920267,15,LEFT,LEFT,0.04570803139358759,False,False,False,False,False,False,False
random_ruehl_mask,mixed,7,270920267,16,RIGHT,RIGHT,0.035499921068549156,False,False,False,False,False,False,False
random_ruehl_mask,mixed,7,270920267,17,BOMB,BOMB,0.11308409739285707,False,False,False,True,False,False,False
random_ruehl_mask,mixed,7,270920267,18,RIGHT,RIGHT,0.04937499761581421,False,False,False,False,False,False,False
random_ruehl_mask,mixed,7,270920267,19,WAIT,WAIT,0.043375068344175816,False,False,False,False,False,False,False
random_ruehl_mask,mixed,7,270920267,20,DOWN,DOWN,0.0463749747723341,False,False,False,False,False,False,False
random_ruehl_mask,mixed,7,270920267,21,WAIT,WAIT,0.06504205521196127,False,True,False,False,False,False,False
random_ruehl_mask,mixed,7,270920267,22,WAIT,WAIT,0.059999991208314896,False,False,False,False,False,False,False
random_ruehl_mask,mixed,7,270920267,23,WAIT,WAIT,0.07991702295839787,False,False,False,False,False,False,False
random_ruehl_mask,mixed,7,270920267,24,WAIT,WAIT,0.08220796007663012,False,False,False,False,False,False,False
random_ruehl_mask,mixed,7,270920267,25,UP,UP,0.07612491026520729,False,False,False,False,False,False,False
random_ruehl_mask,mixed,7,270920267,26,WAIT,WAIT,0.13216596562415361,False,False,False,False,False,False,False
random_ruehl_mask,mixed,7,270920267,27,WAIT,WAIT,0.12741703540086746,False,False,False,False,False,False,False
random_ruehl_mask,mixed,7,270920267,28,WAIT,WAIT,0.10075001046061516,False,False,False,False,False,False,False
random_ruehl_mask,mixed,7,270920267,29,RIGHT,RIGHT,0.08704094216227531,False,False,False,False,False,False,False
random_ruehl_mask,mixed,7,270920267,30,LEFT,LEFT,0.07224990986287594,False,False,False,False,False,False,False
random_ruehl_mask,mixed,7,270920267,31,WAIT,WAIT,0.11074997019022703,False,True,False,False,False,False,False
random_ruehl_mask,mixed,7,270920267,32,WAIT,WAIT,0.10204210411757231,False,False,False,False,False,False,False
random_ruehl_mask,mixed,7,270920267,33,LEFT,LEFT,0.08758297190070152,False,False,False,False,False,False,False
random_ruehl_mask,mixed,7,270920267,34,LEFT,LEFT,0.07508404087275267,False,False,False,False,False,False,False
random_ruehl_mask,mixed,7,270920267,35,RIGHT,RIGHT,0.15245797112584114,False,False,False,False,False,False,False
random_ruehl_mask,mixed,7,270920267,36,RIGHT,RIGHT,0.07108401041477919,False,False,False,False,False,False,False
random_ruehl_mask,mixed,7,270920267,37,WAIT,WAIT,0.10062498040497303,False,False,False,False,False,False,True
random_ruehl_mask,mixed,7,270920267,38,BOMB,BOMB,0.08595804683864117,False,False,False,True,False,False,True
random_ruehl_mask,mixed,7,270920267,39,RIGHT,RIGHT,0.03783300053328276,False,False,False,False,False,False,True
random_ruehl_mask,mixed,7,270920267,40,WAIT,WAIT,0.037624966353178024,False,False,False,False,False,False,True
random_ruehl_mask,mixed,7,270920267,41,WAIT,WAIT,0.047165900468826294,False,True,True,False,False,False,True
random_ruehl_mask,mixed,7,270920267,42,WAIT,WAIT,0.07029203698039055,False,False,False,False,False,False,True
random_ruehl_mask,mixed,8,270920268,1,RIGHT,RIGHT,0.1141249667853117,False,True,False,False,False,False,False
random_ruehl_mask,mixed,8,270920268,2,LEFT,LEFT,0.08000002708286047,False,False,False,False,False,False,False
random_ruehl_mask,mixed,8,270920268,3,UP,UP,0.08041691035032272,False,False,False,False,False,False,False
random_ruehl_mask,mixed,8,270920268,4,DOWN,DOWN,0.0802499707788229,False,False,False,False,False,False,False
random_ruehl_mask,mixed,8,270920268,5,RIGHT,RIGHT,0.10795798152685165,False,False,False,False,False,False,False
random_ruehl_mask,mixed,8,270920268,6,WAIT,WAIT,0.08458306547254324,False,False,False,False,False,False,False
random_ruehl_mask,mixed,8,270920268,7,BOMB,BOMB,0.1145839923992753,False,False,False,True,False,False,False
random_ruehl_mask,mixed,8,270920268,8,LEFT,LEFT,0.04495901521295309,False,False,False,False,False,False,False
random_ruehl_mask,mixed,8,270920268,9,WAIT,WAIT,0.05129107739776373,False,False,False,False,False,False,False
random_ruehl_mask,mixed,8,270920268,10,UP,UP,0.04795799031853676,False,False,False,False,False,False,False
random_ruehl_mask,mixed,8,270920268,11,UP,UP,0.045291963033378124,False,True,False,False,False,False,False
random_ruehl_mask,mixed,8,270920268,12,WAIT,WAIT,0.04216597881168127,False,False,False,False,False,False,False
random_ruehl_mask,mixed,8,270920268,13,WAIT,WAIT,0.04970794543623924,False,False,False,False,False,False,False
random_ruehl_mask,mixed,8,270920268,14,DOWN,DOWN,0.09183399379253387,False,False,False,False,False,False,False
random_ruehl_mask,mixed,8,270920268,15,WAIT,WAIT,0.0956669682636857,False,False,False,False,False,False,False
random_ruehl_mask,mixed,8,270920268,16,DOWN,DOWN,0.07358298171311617,False,False,False,False,False,False,False
random_ruehl_mask,mixed,8,270920268,17,UP,UP,0.0968750100582838,False,False,False,False,False,False,False
random_ruehl_mask,mixed,8,270920268,18,DOWN,DOWN,0.0790830235928297,False,False,False,False,False,False,False
random_ruehl_mask,mixed,8,270920268,19,BOMB,BOMB,0.0801250571385026,False,False,False,True,False,False,False
random_ruehl_mask,mixed,8,270920268,20,RIGHT,RIGHT,0.0362080754712224,False,False,False,False,False,False,False
random_ruehl_mask,mixed,8,270920268,21,RIGHT,RIGHT,0.0827079638838768,False,True,False,False,False,False,False
random_ruehl_mask,mixed,8,270920268,22,RIGHT,RIGHT,0.06966700311750174,False,False,False,False,False,False,False
random_ruehl_mask,mixed,8,270920268,23,RIGHT,RIGHT,0.0660829246044159,False,False,False,False,False,False,False
random_ruehl_mask,mixed,8,270920268,24,WAIT,WAIT,0.04383292980492115,False,False,False,False,False,False,False
random_ruehl_mask,mixed,8,270920268,25,LEFT,LEFT,0.05162495654076338,False,False,False,False,False,False,False
random_ruehl_mask,mixed,8,270920268,26,WAIT,WAIT,0.12920796871185303,False,False,False,False,False,False,False
random_ruehl_mask,mixed,8,270920268,27,LEFT,LEFT,0.0903330510482192,False,False,False,False,False,False,False
random_ruehl_mask,mixed,8,270920268,28,WAIT,WAIT,0.08712499402463436,False,False,False,False,False,False,False
random_ruehl_mask,mixed,8,270920268,29,LEFT,LEFT,0.11333310976624489,False,False,False,False,False,False,False
random_ruehl_mask,mixed,8,270920268,30,WAIT,WAIT,0.06383401341736317,False,False,False,False,False,False,False
random_ruehl_mask,mixed,8,270920268,31,RIGHT,RIGHT,0.06533297710120678,False,True,False,False,False,False,False
random_ruehl_mask,mixed,8,270920268,32,LEFT,LEFT,0.09570794645696878,False,False,False,False,False,False,False
random_ruehl_mask,mixed,8,270920268,33,LEFT,LEFT,0.059709069319069386,False,False,False,False,False,False,False
random_ruehl_mask,mixed,8,270920268,34,RIGHT,RIGHT,0.0702909892424941,False,False,False,False,False,False,False
random_ruehl_mask,mixed,8,270920268,35,LEFT,LEFT,0.05520903505384922,False,False,False,False,False,False,False
random_ruehl_mask,mixed,8,270920268,36,UP,UP,0.050292001105844975,False,False,False,False,False,False,False
random_ruehl_mask,mixed,8,270920268,37,DOWN,DOWN,0.0779998954385519,False,False,False,False,False,False,False
random_ruehl_mask,mixed,8,270920268,38,WAIT,WAIT,0.06745895370841026,False,False,False,False,False,False,False
random_ruehl_mask,mixed,8,270920268,39,WAIT,WAIT,0.06516696885228157,False,False,False,False,False,False,False
random_ruehl_mask,mixed,8,270920268,40,RIGHT,RIGHT,0.06858306005597115,False,False,False,False,False,False,False
random_ruehl_mask,mixed,8,270920268,41,RIGHT,RIGHT,0.07979199290275574,False,True,False,False,False,False,False
random_ruehl_mask,mixed,8,270920268,42,LEFT,LEFT,0.0916249118745327,False,False,False,False,False,False,False
random_ruehl_mask,mixed,8,270920268,43,WAIT,WAIT,0.06554101128131151,False,False,False,False,False,False,False
random_ruehl_mask,mixed,8,270920268,44,RIGHT,RIGHT,0.05745794624090195,False,False,False,False,False,False,False
random_ruehl_mask,mixed,8,270920268,45,RIGHT,RIGHT,0.08395803160965443,False,False,False,False,False,False,False
random_ruehl_mask,mixed,8,270920268,46,WAIT,WAIT,0.08479098323732615,False,False,False,False,False,False,True
random_ruehl_mask,mixed,8,270920268,47,BOMB,BOMB,0.07529195863753557,False,False,False,True,False,False,True
random_ruehl_mask,mixed,8,270920268,48,RIGHT,RIGHT,0.053416937589645386,False,False,False,False,False,False,True
random_ruehl_mask,mixed,8,270920268,49,WAIT,WAIT,0.06462505552917719,False,False,False,False,False,False,True
random_ruehl_mask,mixed,8,270920268,50,WAIT,WAIT,0.06566697265952826,False,False,False,False,False,False,True
random_ruehl_mask,mixed,8,270920268,51,WAIT,WAIT,0.06479094736278057,False,False,False,False,False,False,True
random_ruehl_mask,mixed,9,270920269,1,LEFT,LEFT,0.12283294927328825,False,True,False,False,False,False,False
random_ruehl_mask,mixed,9,270920269,2,BOMB,BOMB,0.06737501826137304,False,False,False,True,False,False,False
random_ruehl_mask,mixed,9,270920269,3,RIGHT,RIGHT,0.044375075958669186,False,False,False,False,False,False,False
random_ruehl_mask,mixed,9,270920269,4,WAIT,WAIT,0.03933301195502281,False,False,False,False,False,False,False
random_ruehl_mask,mixed,9,270920269,5,UP,UP,0.08541694842278957,False,False,False,False,False,False,False
random_ruehl_mask,mixed,9,270920269,6,UP,UP,0.06512494292110205,False,False,False,False,False,False,False
random_ruehl_mask,mixed,9,270920269,7,UP,UP,0.0575830927118659,False,False,False,False,False,False,False
random_ruehl_mask,mixed,9,270920269,8,DOWN,DOWN,0.042874948121607304,False,False,False,False,False,False,True
random_ruehl_mask,mixed,9,270920269,9,BOMB,BOMB,0.08849997539073229,False,False,False,True,False,False,True
random_ruehl_mask,mixed,9,270920269,10,DOWN,DOWN,0.03766699228435755,False,False,False,False,False,False,True
random_ruehl_mask,mixed,9,270920269,11,WAIT,WAIT,0.038958038203418255,False,True,False,False,False,False,True
random_ruehl_mask,mixed,9,270920269,12,WAIT,WAIT,0.05337502807378769,False,False,False,False,False,False,True
random_ruehl_mask,mixed,9,270920269,13,DOWN,DOWN,0.06429094355553389,False,False,False,False,False,False,True
random_ruehl_mask,mixed,10,270920270,1,WAIT,WAIT,0.1040829811245203,False,True,False,False,False,False,False
random_ruehl_mask,mixed,10,270920270,2,RIGHT,RIGHT,0.08074997458606958,False,False,False,False,False,False,False
random_ruehl_mask,mixed,10,270920270,3,LEFT,LEFT,0.0676250783726573,False,False,False,False,False,False,False
random_ruehl_mask,mixed,10,270920270,4,RIGHT,RIGHT,0.06991694681346416,False,False,False,False,False,False,False
random_ruehl_mask,mixed,10,270920270,5,WAIT,WAIT,0.1067920820787549,False,False,False,False,False,False,False
random_ruehl_mask,mixed,10,270920270,6,BOMB,BOMB,0.08816702757030725,False,False,False,True,False,False,False
random_ruehl_mask,mixed,10,270920270,7,LEFT,LEFT,0.05312496796250343,False,False,False,False,False,False,False
random_ruehl_mask,mixed,10,270920270,8,WAIT,WAIT,0.037125078961253166,False,False,False,False,False,False,False
random_ruehl_mask,mixed,10,270920270,9,UP,UP,0.07149996235966682,False,False,False,False,False,False,False
random_ruehl_mask,mixed,10,270920270,10,WAIT,WAIT,0.05337491165846586,False,False,False,False,False,False,False
random_ruehl_mask,mixed,10,270920270,11,WAIT,WAIT,0.04541606176644564,False,True,False,False,False,False,False
random_ruehl_mask,mixed,10,270920270,12,WAIT,WAIT,0.040499959141016006,False,False,False,False,False,False,False
random_ruehl_mask,mixed,10,270920270,13,WAIT,WAIT,0.08529098704457283,False,False,False,False,False,False,False
random_ruehl_mask,mixed,10,270920270,14,BOMB,BOMB,0.0783340074121952,False,False,False,True,False,False,False
random_ruehl_mask,mixed,10,270920270,15,DOWN,DOWN,0.04558393266052008,False,False,False,False,False,False,False
random_ruehl_mask,mixed,10,270920270,16,RIGHT,RIGHT,0.034541008062660694,False,False,False,False,False,False,False
random_ruehl_mask,mixed,10,270920270,17,WAIT,WAIT,0.042041996493935585,False,False,False,False,False,False,False
random_ruehl_mask,mixed,10,270920270,18,WAIT,WAIT,0.06187497638165951,False,False,False,False,False,False,False
random_ruehl_mask,mixed,10,270920270,19,WAIT,WAIT,0.046749948523938656,False,False,False,False,False,False,False
random_ruehl_mask,mixed,10,270920270,20,WAIT,WAIT,0.042750034481287,False,False,False,False,False,False,False
random_ruehl_mask,mixed,10,270920270,21,RIGHT,RIGHT,0.08229096420109272,False,True,False,False,False,False,False
random_ruehl_mask,mixed,10,270920270,22,LEFT,LEFT,0.10708300396800041,False,False,False,False,False,False,False
random_ruehl_mask,mixed,10,270920270,23,LEFT,LEFT,0.07341604214161634,False,False,False,False,False,False,False
random_ruehl_mask,mixed,10,270920270,24,UP,UP,0.05100003909319639,False,False,False,False,False,False,False
random_ruehl_mask,mixed,10,270920270,25,DOWN,DOWN,0.05595805123448372,False,False,False,False,False,False,False
random_ruehl_mask,mixed,10,270920270,26,UP,UP,0.0524159986525774,False,False,False,False,False,False,False
random_ruehl_mask,mixed,10,270920270,27,DOWN,DOWN,0.04545797128230333,False,False,False,False,False,False,False
random_ruehl_mask,mixed,10,270920270,28,WAIT,WAIT,0.048874993808567524,False,False,False,False,False,False,False
random_ruehl_mask,mixed,10,270920270,29,WAIT,WAIT,0.04983297549188137,False,False,False,False,False,False,False
random_ruehl_mask,mixed,10,270920270,30,WAIT,WAIT,0.05737494211643934,False,False,False,False,False,False,False
random_ruehl_mask,mixed,10,270920270,31,RIGHT,RIGHT,0.07591699250042439,False,True,False,False,False,False,False
random_ruehl_mask,mixed,10,270920270,32,RIGHT,RIGHT,0.06912497337907553,False,False,False,False,False,False,False
random_ruehl_mask,mixed,10,270920270,33,LEFT,LEFT,0.0991669949144125,False,False,False,False,False,False,False
random_ruehl_mask,mixed,10,270920270,34,WAIT,WAIT,0.07433292921632528,False,False,False,False,False,False,False
random_ruehl_mask,mixed,10,270920270,35,RIGHT,RIGHT,0.06375007797032595,False,False,False,False,False,False,False
random_ruehl_mask,mixed,10,270920270,36,LEFT,LEFT,0.09437499102205038,False,False,False,False,False,False,False
random_ruehl_mask,mixed,10,270920270,37,WAIT,WAIT,0.05937495734542608,False,False,False,False,False,False,False
random_ruehl_mask,mixed,10,270920270,38,WAIT,WAIT,0.051042065024375916,False,False,False,False,False,False,False
random_ruehl_mask,mixed,10,270920270,39,WAIT,WAIT,0.04800001624971628,False,False,False,False,False,False,False
random_ruehl_mask,mixed,10,270920270,40,LEFT,LEFT,0.04820898175239563,False,False,False,False,False,False,False
random_ruehl_mask,mixed,10,270920270,41,RIGHT,RIGHT,0.0677919015288353,False,True,False,False,False,False,False
random_ruehl_mask,mixed,10,270920270,42,RIGHT,RIGHT,0.06883393507450819,False,False,False,False,False,False,False
random_ruehl_mask,mixed,10,270920270,43,BOMB,BOMB,0.10687496978789568,False,False,False,True,False,False,False
random_ruehl_mask,mixed,10,270920270,44,LEFT,LEFT,0.05600007716566324,False,False,False,False,False,False,False
random_ruehl_mask,mixed,10,270920270,45,WAIT,WAIT,0.045459019020199776,False,False,False,False,False,False,False
random_ruehl_mask,mixed,10,270920270,46,LEFT,LEFT,0.07479195483028889,False,False,False,False,False,False,False
random_ruehl_mask,mixed,10,270920270,47,UP,UP,0.05549995694309473,False,False,False,False,False,False,False
random_ruehl_mask,mixed,10,270920270,48,UP,UP,0.04725006874650717,False,False,False,False,False,False,False
random_ruehl_mask,mixed,10,270920270,49,WAIT,WAIT,0.07466599345207214,False,False,False,False,False,False,False
random_ruehl_mask,mixed,10,270920270,50,WAIT,WAIT,0.08925003930926323,False,False,False,False,False,False,False
random_ruehl_mask,mixed,10,270920270,51,DOWN,DOWN,0.08150003850460052,False,True,False,False,False,False,False
random_ruehl_mask,mixed,10,270920270,52,UP,UP,0.04937499761581421,False,False,False,False,False,False,False
random_ruehl_mask,mixed,10,270920270,53,WAIT,WAIT,0.11716596782207489,False,False,False,False,False,False,False
random_ruehl_mask,mixed,10,270920270,54,UP,UP,0.10791700333356857,False,False,False,False,False,False,False
random_ruehl_mask,mixed,10,270920270,55,WAIT,WAIT,0.09412504732608795,False,False,False,False,False,False,False
random_ruehl_mask,mixed,10,270920270,56,DOWN,DOWN,0.09349989704787731,False,False,False,False,False,False,False
random_ruehl_mask,mixed,10,270920270,57,BOMB,BOMB,0.09349989704787731,False,False,False,True,False,False,False
random_ruehl_mask,mixed,10,270920270,58,DOWN,DOWN,0.05408306606113911,False,False,False,False,False,False,False
random_ruehl_mask,mixed,10,270920270,59,DOWN,DOWN,0.04587508738040924,False,False,False,False,False,False,False
random_ruehl_mask,mixed,10,270920270,60,RIGHT,RIGHT,0.0499580055475235,False,False,False,False,False,False,False
random_ruehl_mask,mixed,10,270920270,61,WAIT,WAIT,0.05104194860905409,False,True,False,False,False,False,False
random_ruehl_mask,mixed,10,270920270,62,RIGHT,RIGHT,0.05550007335841656,False,False,False,False,False,False,False
random_ruehl_mask,mixed,10,270920270,63,UP,UP,0.07137504871934652,False,False,False,False,False,False,False
random_ruehl_mask,mixed,10,270920270,64,DOWN,DOWN,0.10354199912399054,False,False,False,False,False,False,False
random_ruehl_mask,mixed,10,270920270,65,WAIT,WAIT,0.08662499021738768,False,False,False,False,False,False,False
random_ruehl_mask,mixed,10,270920270,66,RIGHT,RIGHT,0.07287494372576475,False,False,False,False,False,False,False
random_ruehl_mask,mixed,10,270920270,67,LEFT,LEFT,0.05570892244577408,False,False,False,False,False,False,False
random_ruehl_mask,mixed,10,270920270,68,WAIT,WAIT,0.05679100286215544,False,False,False,False,False,False,False
random_ruehl_mask,mixed,10,270920270,69,WAIT,WAIT,0.052541960030794144,False,False,False,False,False,False,False
random_ruehl_mask,mixed,10,270920270,70,LEFT,LEFT,0.05983305163681507,False,False,False,False,False,False,False
random_ruehl_mask,mixed,10,270920270,71,WAIT,WAIT,0.050833914428949356,False,True,False,False,False,False,False
random_ruehl_mask,mixed,10,270920270,72,RIGHT,RIGHT,0.06629095878452063,False,False,False,False,False,False,False
random_ruehl_mask,mixed,10,270920270,73,RIGHT,RIGHT,0.06758305244147778,False,False,False,False,False,False,False
random_ruehl_mask,mixed,10,270920270,74,WAIT,WAIT,0.07624994032084942,False,False,False,False,False,False,False
random_ruehl_mask,mixed,10,270920270,75,RIGHT,RIGHT,0.07712503429502249,False,False,False,False,False,False,False
random_ruehl_mask,mixed,10,270920270,76,LEFT,LEFT,0.10991701856255531,False,False,False,False,False,False,False
random_ruehl_mask,mixed,10,270920270,77,RIGHT,RIGHT,0.07070903666317463,False,False,False,False,False,False,False
random_ruehl_mask,mixed,10,270920270,78,LEFT,LEFT,0.11141691356897354,False,False,False,False,False,False,False
random_ruehl_mask,mixed,10,270920270,79,WAIT,WAIT,0.06587489042431116,False,False,False,False,False,False,False
random_ruehl_mask,mixed,10,270920270,80,RIGHT,RIGHT,0.07391697727143764,False,False,False,False,False,False,True
random_ruehl_mask,mixed,10,270920270,81,BOMB,BOMB,0.1271669752895832,False,True,False,True,False,False,True
random_ruehl_mask,mixed,10,270920270,82,RIGHT,RIGHT,0.05162495654076338,False,False,False,False,False,False,True
random_ruehl_mask,mixed,10,270920270,83,WAIT,WAIT,0.042458996176719666,False,False,False,False,False,False,True
random_ruehl_mask,mixed,10,270920270,84,WAIT,WAIT,0.0635830219835043,False,False,False,False,False,False,True
random_ruehl_mask,mixed,10,270920270,85,RIGHT,RIGHT,0.05745794624090195,False,False,False,False,False,False,True
random_ruehl_mask,mixed,11,270920271,1,DOWN,DOWN,0.10537507478147745,False,True,False,False,False,False,False
random_ruehl_mask,mixed,11,270920271,2,BOMB,BOMB,0.0754169886931777,False,False,False,True,False,False,False
random_ruehl_mask,mixed,11,270920271,3,UP,UP,0.03950006794184446,False,False,False,False,False,False,False
random_ruehl_mask,mixed,11,270920271,4,RIGHT,RIGHT,0.0385830644518137,False,False,False,False,False,False,False
random_ruehl_mask,mixed,11,270920271,5,WAIT,WAIT,0.058208941482007504,False,False,False,False,False,False,False
random_ruehl_mask,mixed,11,270920271,6,WAIT,WAIT,0.07866695523262024,False,False,False,False,False,False,False
random_ruehl_mask,mixed,11,270920271,7,WAIT,WAIT,0.05512498319149017,False,False,False,False,False,False,False
random_ruehl_mask,mixed,11,270920271,8,LEFT,LEFT,0.035458942875266075,False,False,False,False,False,False,False
random_ruehl_mask,mixed,11,270920271,9,RIGHT,RIGHT,0.08387502748519182,False,False,False,False,False,False,False
random_ruehl_mask,mixed,11,270920271,10,LEFT,LEFT,0.08212495595216751,False,False,False,False,False,False,False
random_ruehl_mask,mixed,11,270920271,11,RIGHT,RIGHT,0.08170795626938343,False,True,False,False,False,False,False
random_ruehl_mask,mixed,11,270920271,12,LEFT,LEFT,0.08295802399516106,False,False,False,False,False,False,False
random_ruehl_mask,mixed,11,270920271,13,WAIT,WAIT,0.09954103734344244,False,False,False,False,False,False,True
random_ruehl_mask,mixed,11,270920271,14,BOMB,BOMB,0.09445811156183481,False,False,False,True,False,False,True
random_ruehl_mask,mixed,11,270920271,15,RIGHT,RIGHT,0.05466700531542301,False,False,False,False,False,False,True
random_ruehl_mask,mixed,11,270920271,16,WAIT,WAIT,0.0379589619114995,False,False,False,False,False,False,True
random_ruehl_mask,mixed,11,270920271,17,WAIT,WAIT,0.04341697786003351,False,False,False,False,False,False,True
random_ruehl_mask,mixed,11,270920271,18,WAIT,WAIT,0.046625034883618355,False,False,False,False,False,False,True
random_ruehl_mask,mixed,12,270920272,1,WAIT,WAIT,0.11808297131210566,False,True,False,False,False,False,False
random_ruehl_mask,mixed,12,270920272,2,DOWN,DOWN,0.08341693319380283,False,False,False,False,False,False,False
random_ruehl_mask,mixed,12,270920272,3,BOMB,BOMB,0.06900005973875523,False,False,False,True,False,False,False
random_ruehl_mask,mixed,12,270920272,4,UP,UP,0.03758305683732033,False,False,False,False,False,False,False
random_ruehl_mask,mixed,12,270920272,5,LEFT,LEFT,0.06383401341736317,False,False,False,False,False,False,False
random_ruehl_mask,mixed,12,270920272,6,WAIT,WAIT,0.06950006354600191,False,False,False,False,False,False,False
random_ruehl_mask,mixed,12,270920272,7,WAIT,WAIT,0.08812500163912773,False,False,False,False,False,False,False
random_ruehl_mask,mixed,12,270920272,8,WAIT,WAIT,0.0682090176269412,False,False,False,False,False,False,False
random_ruehl_mask,mixed,12,270920272,9,WAIT,WAIT,0.04675006493926048,False,False,False,False,False,False,False
random_ruehl_mask,mixed,12,270920272,10,RIGHT,RIGHT,0.07320800796151161,False,False,False,False,False,False,False
random_ruehl_mask,mixed,12,270920272,11,LEFT,LEFT,0.08199992589652538,False,True,False,False,False,False,False
random_ruehl_mask,mixed,12,270920272,12,BOMB,BOMB,0.08525000885128975,False,False,False,True,False,False,False
random_ruehl_mask,mixed,12,270920272,13,RIGHT,RIGHT,0.062249950133264065,False,False,False,False,False,False,False
random_ruehl_mask,mixed,12,270920272,14,DOWN,DOWN,0.06462493911385536,False,False,False,False,False,False,False
random_ruehl_mask,mixed,12,270920272,15,DOWN,DOWN,0.1455830642953515,False,False,False,False,False,False,False
random_ruehl_mask,mixed,12,270920272,16,UP,UP,0.08000002708286047,False,False,False,False,False,False,False
random_ruehl_mask,mixed,12,270920272,17,DOWN,DOWN,0.055333017371594906,False,False,False,False,False,False,False
random_ruehl_mask,mixed,12,270920272,18,UP,UP,0.058292062021791935,False,False,False,False,False,False,False
random_ruehl_mask,mixed,12,270920272,19,DOWN,DOWN,0.05991593934595585,False,False,False,False,False,False,False
random_ruehl_mask,mixed,12,270920272,20,WAIT,WAIT,0.1217500539496541,False,False,False,False,False,False,False
random_ruehl_mask,mixed,12,270920272,21,UP,UP,0.1610000617802143,False,True,False,False,False,False,False
random_ruehl_mask,mixed,12,270920272,22,UP,UP,0.07208401802927256,False,False,False,False,False,False,False
random_ruehl_mask,mixed,12,270920272,23,LEFT,LEFT,0.06954197306185961,False,False,False,False,False,False,False
random_ruehl_mask,mixed,12,270920272,24,WAIT,WAIT,0.0914580887183547,False,False,False,False,False,False,False
random_ruehl_mask,mixed,12,270920272,25,WAIT,WAIT,0.08837506175041199,False,False,False,False,False,False,False
random_ruehl_mask,mixed,12,270920272,26,WAIT,WAIT,0.1587079605087638,False,False,False,False,False,False,False
random_ruehl_mask,mixed,12,270920272,27,LEFT,LEFT,0.10841700714081526,False,False,False,False,False,False,False
random_ruehl_mask,mixed,12,270920272,28,RIGHT,RIGHT,0.125208985991776,False,False,False,False,False,False,False
random_ruehl_mask,mixed,12,270920272,29,LEFT,LEFT,0.07570802699774504,False,False,False,False,False,False,False
random_ruehl_mask,mixed,12,270920272,30,WAIT,WAIT,0.10633294004946947,False,False,False,False,False,False,False
random_ruehl_mask,mixed,12,270920272,31,LEFT,LEFT,0.10670791380107403,False,True,False,False,False,False,False
random_ruehl_mask,mixed,12,270920272,32,WAIT,WAIT,0.09962508920580149,False,False,False,False,False,False,True
random_ruehl_mask,mixed,12,270920272,33,BOMB,BOMB,0.08575001265853643,False,False,False,True,False,False,True
random_ruehl_mask,mixed,12,270920272,34,LEFT,LEFT,0.04383397754281759,False,False,False,False,False,False,True
random_ruehl_mask,mixed,12,270920272,35,LEFT,LEFT,0.040207989513874054,False,False,False,False,False,False,True
random_ruehl_mask,mixed,12,270920272,36,RIGHT,RIGHT,0.06045796908438206,False,False,False,False,False,False,True
random_ruehl_mask,mixed,12,270920272,37,LEFT,LEFT,0.0539170578122139,False,False,False,False,False,False,True
random_ruehl_mask,mixed,13,270920273,1,WAIT,WAIT,0.1028749393299222,False,True,False,False,False,False,False
random_ruehl_mask,mixed,13,270920273,2,RIGHT,RIGHT,0.08324999362230301,False,False,False,False,False,False,False
random_ruehl_mask,mixed,13,270920273,3,LEFT,LEFT,0.08008291479200125,False,False,False,False,False,False,False
random_ruehl_mask,mixed,13,270920273,4,WAIT,WAIT,0.0724999699741602,False,False,False,False,False,False,False
random_ruehl_mask,mixed,13,270920273,5,WAIT,WAIT,0.10116701014339924,False,False,False,False,False,False,False
random_ruehl_mask,mixed,13,270920273,6,RIGHT,RIGHT,0.08829194121062756,False,False,False,False,False,False,False
random_ruehl_mask,mixed,13,270920273,7,LEFT,LEFT,0.08129200432449579,False,False,False,False,False,False,False
random_ruehl_mask,mixed,13,270920273,8,UP,UP,0.0730839092284441,False,False,False,False,False,False,False
random_ruehl_mask,mixed,13,270920273,9,WAIT,WAIT,0.06725010462105274,False,False,False,False,False,False,False
random_ruehl_mask,mixed,13,270920273,10,BOMB,BOMB,0.06616697646677494,False,False,False,True,False,False,False
random_ruehl_mask,mixed,13,270920273,11,DOWN,DOWN,0.06499991286545992,False,True,False,False,False,False,False
random_ruehl_mask,mixed,13,270920273,12,WAIT,WAIT,0.06462505552917719,False,False,False,False,False,False,False
random_ruehl_mask,mixed,13,270920273,13,RIGHT,RIGHT,0.07229100447148085,False,False,False,False,False,False,False
random_ruehl_mask,mixed,13,270920273,14,WAIT,WAIT,0.06287498399615288,False,False,False,False,False,False,False
random_ruehl_mask,mixed,13,270920273,15,WAIT,WAIT,0.06275007035583258,False,False,False,False,False,False,False
random_ruehl_mask,mixed,13,270920273,16,LEFT,LEFT,0.043500098399817944,False,False,False,False,False,False,False
random_ruehl_mask,mixed,13,270920273,17,WAIT,WAIT,0.0890000956133008,False,False,False,False,False,False,False
random_ruehl_mask,mixed,13,270920273,18,UP,UP,0.09562494233250618,False,False,False,False,False,False,False
random_ruehl_mask,mixed,13,270920273,19,DOWN,DOWN,0.052458024583756924,False,False,False,False,False,False,False
random_ruehl_mask,mixed,13,270920273,20,UP,UP,0.09666604455560446,False,False,False,False,False,False,False
random_ruehl_mask,mixed,13,270920273,21,WAIT,WAIT,0.06362493149936199,False,True,False,False,False,False,False
random_ruehl_mask,mixed,13,270920273,22,UP,UP,0.09245797991752625,False,False,False,False,False,False,False
random_ruehl_mask,mixed,13,270920273,23,DOWN,DOWN,0.13062497600913048,False,False,False,False,False,False,False
random_ruehl_mask,mixed,13,270920273,24,UP,UP,0.06620795466005802,False,False,False,False,False,False,False
random_ruehl_mask,mixed,13,270920273,25,WAIT,WAIT,0.09729200974106789,False,False,False,False,False,False,False
random_ruehl_mask,mixed,13,270920273,26,DOWN,DOWN,0.08587504271417856,False,False,False,False,False,False,False
random_ruehl_mask,mixed,13,270920273,27,UP,UP,0.04979199729859829,False,False,False,False,False,False,False
random_ruehl_mask,mixed,13,270920273,28,UP,UP,0.07945799734443426,False,False,False,False,False,False,True
random_ruehl_mask,mixed,13,270920273,29,BOMB,BOMB,0.09812507778406143,False,False,False,True,False,False,True
random_ruehl_mask,mixed,13,270920273,30,UP,UP,0.05254102870821953,False,False,False,False,False,False,True
random_ruehl_mask,mixed,13,270920273,31,WAIT,WAIT,0.04812492989003658,False,False,False,False,False,False,True
random_ruehl_mask,mixed,13,270920273,32,WAIT,WAIT,0.057666911743581295,False,False,False,False,False,False,True
random_ruehl_mask,mixed,13,270920273,33,WAIT,WAIT,0.05662499461323023,False,False,False,False,False,False,True
random_ruehl_mask,mixed,14,270920274,1,UP,UP,0.10133301839232445,False,True,False,False,False,False,False
random_ruehl_mask,mixed,14,270920274,2,UP,UP,0.07629196625202894,False,False,False,False,False,False,False
random_ruehl_mask,mixed,14,270920274,3,BOMB,BOMB,0.0712500186637044,False,False,False,True,False,False,False
random_ruehl_mask,mixed,14,270920274,4,DOWN,DOWN,0.03875000402331352,False,False,False,False,False,False,False
random_ruehl_mask,mixed,14,270920274,5,DOWN,DOWN,0.05437503568828106,False,False,False,False,False,False,False
random_ruehl_mask,mixed,14,270920274,6,RIGHT,RIGHT,0.09237497579306364,False,False,False,False,False,False,False
random_ruehl_mask,mixed,14,270920274,7,WAIT,WAIT,0.07408298552036285,False,False,False,False,False,False,False
random_ruehl_mask,mixed,14,270920274,8,WAIT,WAIT,0.04800001624971628,False,False,False,False,False,False,False
random_ruehl_mask,mixed,14,270920274,9,LEFT,LEFT,0.038917060010135174,False,False,False,False,False,False,False
random_ruehl_mask,mixed,14,270920274,10,BOMB,BOMB,0.08620903827250004,False,False,False,True,False,False,False
random_ruehl_mask,mixed,14,270920274,11,UP,UP,0.03787502646446228,False,True,False,False,False,False,False
random_ruehl_mask,mixed,14,270920274,12,WAIT,WAIT,0.045625027269124985,False,False,False,False,False,False,False
random_ruehl_mask,mixed,14,270920274,13,UP,UP,0.05395803600549698,False,False,False,False,False,False,False
random_ruehl_mask,mixed,14,270920274,14,RIGHT,RIGHT,0.05224999040365219,False,False,False,False,False,False,False
random_ruehl_mask,mixed,14,270920274,15,WAIT,WAIT,0.05979195702821016,False,False,False,False,False,False,False
random_ruehl_mask,mixed,14,270920274,16,WAIT,WAIT,0.03970798570662737,False,False,False,False,False,False,False
random_ruehl_mask,mixed,14,270920274,17,RIGHT,RIGHT,0.08495792280882597,False,False,False,False,False,False,False
random_ruehl_mask,mixed,14,270920274,18,RIGHT,RIGHT,0.11266698129475117,False,False,False,False,False,False,True
random_ruehl_mask,mixed,14,270920274,19,BOMB,BOMB,0.11641695164144039,False,False,False,True,False,False,True
random_ruehl_mask,mixed,14,270920274,20,LEFT,LEFT,0.053333002142608166,False,False,False,False,False,False,True
random_ruehl_mask,mixed,14,270920274,21,WAIT,WAIT,0.040207989513874054,False,True,True,False,False,False,True
random_ruehl_mask,mixed,14,270920274,22,LEFT,LEFT,0.0631249276921153,False,False,False,False,False,False,True
random_ruehl_mask,mixed,14,270920274,23,LEFT,LEFT,0.0701249809935689,False,False,False,False,False,False,True
random_ruehl_mask,mixed,15,270920275,1,DOWN,DOWN,0.09304098784923553,False,True,False,False,False,False,False
random_ruehl_mask,mixed,15,270920275,2,BOMB,BOMB,0.07191707845777273,False,False,False,True,False,False,False
random_ruehl_mask,mixed,15,270920275,3,UP,UP,0.036624958738684654,False,False,False,False,False,False,False
random_ruehl_mask,mixed,15,270920275,4,LEFT,LEFT,0.06524997297674417,False,False,False,False,False,False,False
random_ruehl_mask,mixed,15,270920275,5,WAIT,WAIT,0.07958302740007639,False,False,False,False,False,False,False
random_ruehl_mask,mixed,15,270920275,6,WAIT,WAIT,0.05941605195403099,False,False,False,False,False,False,False
random_ruehl_mask,mixed,15,270920275,7,WAIT,WAIT,0.05270796827971935,False,False,False,False,False,False,False
random_ruehl_mask,mixed,15,270920275,8,RIGHT,RIGHT,0.037665944546461105,False,False,False,False,False,False,False
random_ruehl_mask,mixed,15,270920275,9,WAIT,WAIT,0.08899997919797897,False,False,False,False,False,False,False
random_ruehl_mask,mixed,15,270920275,10,DOWN,DOWN,0.07512501906603575,False,False,False,False,False,False,False
random_ruehl_mask,mixed,15,270920275,11,DOWN,DOWN,0.04950002767145634,False,True,False,False,False,False,False
random_ruehl_mask,mixed,15,270920275,12,BOMB,BOMB,0.11429097503423691,False,False,False,True,False,False,False
random_ruehl_mask,mixed,15,270920275,13,UP,UP,0.06049999501556158,False,False,False,False,False,False,False
random_ruehl_mask,mixed,15,270920275,14,UP,UP,0.052875024266541004,False,False,False,False,False,False,False
random_ruehl_mask,mixed,15,270920275,15,LEFT,LEFT,0.0886659836396575,False,False,False,False,False,False,False
random_ruehl_mask,mixed,15,270920275,16,WAIT,WAIT,0.05308294203132391,False,False,False,False,False,False,False
random_ruehl_mask,mixed,15,270920275,17,WAIT,WAIT,0.04554097540676594,False,False,False,False,False,False,False
random_ruehl_mask,mixed,15,270920275,18,WAIT,WAIT,0.03554194699972868,False,False,False,False,False,False,False
random_ruehl_mask,mixed,15,270920275,19,WAIT,WAIT,0.0677499920129776,False,False,False,False,False,False,False
random_ruehl_mask,mixed,15,270920275,20,BOMB,BOMB,0.06541609764099121,False,False,False,True,False,False,False
random_ruehl_mask,mixed,15,270920275,21,RIGHT,RIGHT,0.05441601388156414,False,True,False,False,False,False,False
random_ruehl_mask,mixed,15,270920275,22,DOWN,DOWN,0.07558299694210291,False,False,False,False,False,False,False
random_ruehl_mask,mixed,15,270920275,23,WAIT,WAIT,0.07516692858189344,False,False,False,False,False,False,False
random_ruehl_mask,mixed,15,270920275,24,DOWN,DOWN,0.04837499000132084,False,False,False,False,False,False,False
random_ruehl_mask,mixed,15,270920275,25,WAIT,WAIT,0.04191696643829346,False,False,False,False,False,False,False
random_ruehl_mask,mixed,15,270920275,26,LEFT,LEFT,0.035624951124191284,False,False,False,False,False,False,False
random_ruehl_mask,mixed,15,270920275,27,RIGHT,RIGHT,0.07129204459488392,False,False,False,False,False,False,False
random_ruehl_mask,mixed,15,270920275,28,UP,UP,0.05324999801814556,False,False,False,False,False,False,False
random_ruehl_mask,mixed,15,270920275,29,UP,UP,0.05779194179922342,False,False,False,False,False,False,False
random_ruehl_mask,mixed,15,270920275,30,LEFT,LEFT,0.07570802699774504,False,False,False,False,False,False,False
random_ruehl_mask,mixed,15,270920275,31,LEFT,LEFT,0.06262492388486862,False,True,False,False,False,False,False
random_ruehl_mask,mixed,15,270920275,32,WAIT,WAIT,0.08649996016174555,False,False,False,False,False,False,False
random_ruehl_mask,mixed,15,270920275,33,RIGHT,RIGHT,0.08245802018791437,False,False,False,False,False,False,False
random_ruehl_mask,mixed,15,270920275,34,WAIT,WAIT,0.0612910371273756,False,False,False,False,False,False,False
random_ruehl_mask,mixed,15,270920275,35,RIGHT,RIGHT,0.053458032198250294,False,False,False,False,False,False,False
random_ruehl_mask,mixed,15,270920275,36,DOWN,DOWN,0.04941597580909729,False,False,False,False,False,False,False
random_ruehl_mask,mixed,15,270920275,37,UP,UP,0.04558300133794546,False,False,False,False,False,False,False
random_ruehl_mask,mixed,15,270920275,38,DOWN,DOWN,0.0740840332582593,False,False,False,False,False,False,False
random_ruehl_mask,mixed,15,270920275,39,UP,UP,0.06654206663370132,False,False,False,False,False,False,False
random_ruehl_mask,mixed,15,270920275,40,DOWN,DOWN,0.060666934587061405,False,False,False,False,False,False,False
random_ruehl_mask,mixed,15,270920275,41,UP,UP,0.07924996316432953,False,True,False,False,False,False,False
random_ruehl_mask,mixed,15,270920275,42,LEFT,LEFT,0.056832912378013134,False,False,False,False,False,False,False
random_ruehl_mask,mixed,15,270920275,43,RIGHT,RIGHT,0.04854099825024605,False,False,False,False,False,False,False
random_ruehl_mask,mixed,15,270920275,44,LEFT,LEFT,0.05791697185486555,False,False,False,False,False,False,False
random_ruehl_mask,mixed,15,270920275,45,RIGHT,RIGHT,0.0564999645575881,False,False,False,False,False,False,False
random_ruehl_mask,mixed,15,270920275,46,LEFT,LEFT,0.10970898438245058,False,False,False,False,False,False,False
random_ruehl_mask,mixed,15,270920275,47,WAIT,WAIT,0.0724999699741602,False,False,False,False,False,False,False
random_ruehl_mask,mixed,15,270920275,48,RIGHT,RIGHT,0.06079196464270353,False,False,False,False,False,False,False
random_ruehl_mask,mixed,15,270920275,49,WAIT,WAIT,0.05962501745671034,False,False,False,False,False,False,False
random_ruehl_mask,mixed,15,270920275,50,DOWN,DOWN,0.07829093374311924,False,False,False,False,False,False,False
random_ruehl_mask,mixed,15,270920275,51,WAIT,WAIT,0.0541249755769968,False,True,False,False,False,False,False
random_ruehl_mask,mixed,15,270920275,52,UP,UP,0.06345799192786217,False,False,False,False,False,False,False
random_ruehl_mask,mixed,15,270920275,53,LEFT,LEFT,0.07908407133072615,False,False,False,False,False,False,False
random_ruehl_mask,mixed,15,270920275,54,RIGHT,RIGHT,0.06704102270305157,False,False,False,False,False,False,False
random_ruehl_mask,mixed,15,270920275,55,LEFT,LEFT,0.052958959713578224,False,False,False,False,False,False,False
random_ruehl_mask,mixed,15,270920275,56,WAIT,WAIT,0.047332956455647945,False,False,False,False,False,False,False
random_ruehl_mask,mixed,15,270920275,57,WAIT,WAIT,0.04937499761581421,False,False,False,False,False,False,False
random_ruehl_mask,mixed,15,270920275,58,WAIT,WAIT,0.055750017054378986,False,False,False,False,False,False,False
random_ruehl_mask,mixed,15,270920275,59,LEFT,LEFT,0.061416998505592346,False,False,False,False,False,False,False
random_ruehl_mask,mixed,15,270920275,60,RIGHT,RIGHT,0.10129192378371954,False,False,False,False,False,False,False
random_ruehl_mask,mixed,15,270920275,61,WAIT,WAIT,0.09658397175371647,False,True,False,False,False,False,False
random_ruehl_mask,mixed,15,270920275,62,LEFT,LEFT,0.07295794785022736,False,False,False,False,False,False,False
random_ruehl_mask,mixed,15,270920275,63,BOMB,BOMB,0.10695797391235828,False,False,False,True,False,False,False
random_ruehl_mask,mixed,15,270920275,64,RIGHT,RIGHT,0.04608405288308859,False,False,False,False,False,False,False
random_ruehl_mask,mixed,15,270920275,65,RIGHT,RIGHT,0.03791693598031998,False,False,False,False,False,False,False
random_ruehl_mask,mixed,15,270920275,66,DOWN,DOWN,0.047958921641111374,False,False,False,False,False,False,False
random_ruehl_mask,mixed,15,270920275,67,WAIT,WAIT,0.04583306144922972,False,False,False,False,False,False,False
random_ruehl_mask,mixed,15,270920275,68,WAIT,WAIT,0.060208956710994244,False,False,False,False,False,False,False
random_ruehl_mask,mixed,15,270920275,69,DOWN,DOWN,0.04083395469933748,False,False,False,False,False,False,False
random_ruehl_mask,mixed,15,270920275,70,UP,UP,0.059249927289783955,False,False,False,False,False,False,False
random_ruehl_mask,mixed,15,270920275,71,WAIT,WAIT,0.08670799434185028,False,True,False,False,False,False,False
random_ruehl_mask,mixed,15,270920275,72,UP,UP,0.07129204459488392,False,False,False,False,False,False,False
random_ruehl_mask,mixed,15,270920275,73,LEFT,LEFT,0.06233295425772667,False,False,False,False,False,False,False
random_ruehl_mask,mixed,15,270920275,74,RIGHT,RIGHT,0.04820898175239563,False,False,False,False,False,False,False
random_ruehl_mask,mixed,15,270920275,75,LEFT,LEFT,0.047749956138432026,False,False,False,False,False,False,False
random_ruehl_mask,mixed,15,270920275,76,RIGHT,RIGHT,0.045625027269124985,False,False,False,False,False,False,False
random_ruehl_mask,mixed,15,270920275,77,WAIT,WAIT,0.05124998278915882,False,False,False,False,False,False,False
random_ruehl_mask,mixed,15,270920275,78,DOWN,DOWN,0.06837502587586641,False,False,False,False,False,False,False
random_ruehl_mask,mixed,15,270920275,79,DOWN,DOWN,0.08483300916850567,False,False,False,False,False,False,False
random_ruehl_mask,mixed,15,270920275,80,LEFT,LEFT,0.06362504791468382,False,False,False,False,False,False,False
random_ruehl_mask,mixed,15,270920275,81,BOMB,BOMB,0.08316605817526579,False,True,False,True,False,False,False
random_ruehl_mask,mixed,15,270920275,82,LEFT,LEFT,0.04525005351752043,False,False,False,False,False,False,False
random_ruehl_mask,mixed,15,270920275,83,DOWN,DOWN,0.05937507376074791,False,False,False,False,False,False,False
random_ruehl_mask,mixed,15,270920275,84,DOWN,DOWN,0.058165984228253365,False,False,False,False,False,False,False
random_ruehl_mask,mixed,15,270920275,85,WAIT,WAIT,0.0730419997125864,False,False,False,False,False,False,False
random_ruehl_mask,mixed,15,270920275,86,LEFT,LEFT,0.04741700831800699,False,False,False,False,False,False,False
random_ruehl_mask,mixed,15,270920275,87,LEFT,LEFT,0.039792037568986416,False,False,False,False,False,False,False
random_ruehl_mask,mixed,15,270920275,88,RIGHT,RIGHT,0.10583293624222279,False,False,False,False,False,False,False
random_ruehl_mask,mixed,15,270920275,89,RIGHT,RIGHT,0.09174994193017483,False,False,False,False,False,False,False
random_ruehl_mask,mixed,15,270920275,90,WAIT,WAIT,0.09920797310769558,False,False,False,False,False,False,False
random_ruehl_mask,mixed,15,270920275,91,UP,UP,0.11850008741021156,False,True,False,False,False,False,False
random_ruehl_mask,mixed,15,270920275,92,DOWN,DOWN,0.08087500464171171,False,False,False,False,False,False,False
random_ruehl_mask,mixed,15,270920275,93,UP,UP,0.09366602171212435,False,False,False,False,False,False,False
random_ruehl_mask,mixed,15,270920275,94,UP,UP,0.10608299635350704,False,False,False,False,False,False,False
random_ruehl_mask,mixed,15,270920275,95,DOWN,DOWN,0.1129580195993185,False,False,False,False,False,False,False
random_ruehl_mask,mixed,15,270920275,96,WAIT,WAIT,0.07554201874881983,False,False,False,False,False,False,False
random_ruehl_mask,mixed,15,270920275,97,UP,UP,0.10091695003211498,False,False,False,False,False,False,False
random_ruehl_mask,mixed,15,270920275,98,UP,UP,0.10587496217340231,False,False,False,False,False,False,False
random_ruehl_mask,mixed,15,270920275,99,UP,UP,0.05654094275087118,False,False,False,False,False,False,False
random_ruehl_mask,mixed,15,270920275,100,LEFT,LEFT,0.05662499461323023,False,False,False,False,False,False,False
random_ruehl_mask,mixed,15,270920275,101,LEFT,LEFT,0.06266694981604815,False,True,False,False,False,False,False
random_ruehl_mask,mixed,15,270920275,102,WAIT,WAIT,0.10699999984353781,False,False,False,False,False,False,False
random_ruehl_mask,mixed,15,270920275,103,RIGHT,RIGHT,0.10249996557831764,False,False,False,False,False,False,False
random_ruehl_mask,mixed,15,270920275,104,WAIT,WAIT,0.04895799793303013,False,False,False,False,False,False,False
random_ruehl_mask,mixed,15,270920275,105,LEFT,LEFT,0.047332956455647945,False,False,False,False,False,False,False
random_ruehl_mask,mixed,15,270920275,106,RIGHT,RIGHT,0.08025008719414473,False,False,False,False,False,False,False
random_ruehl_mask,mixed,15,270920275,107,LEFT,LEFT,0.05083298310637474,False,False,False,False,False,False,False
random_ruehl_mask,mixed,15,270920275,108,WAIT,WAIT,0.1127920113503933,False,False,False,False,False,False,False
random_ruehl_mask,mixed,15,270920275,109,BOMB,BOMB,0.08525000885128975,False,False,False,True,False,False,False
random_ruehl_mask,mixed,15,270920275,110,RIGHT,RIGHT,0.04449998959898949,False,False,False,False,False,False,False
random_ruehl_mask,mixed,15,270920275,111,RIGHT,RIGHT,0.03599992487579584,False,True,False,False,False,False,False
random_ruehl_mask,mixed,15,270920275,112,DOWN,DOWN,0.046749948523938656,False,False,False,False,False,False,False
random_ruehl_mask,mixed,15,270920275,113,DOWN,DOWN,0.05358399357646704,False,False,False,False,False,False,False
random_ruehl_mask,mixed,15,270920275,114,DOWN,DOWN,0.05916703958064318,False,False,False,False,False,False,False
random_ruehl_mask,mixed,15,270920275,115,WAIT,WAIT,0.061583006754517555,False,False,False,False,False,False,False
random_ruehl_mask,mixed,15,270920275,116,UP,UP,0.08387502748519182,False,False,False,False,False,False,False
random_ruehl_mask,mixed,15,270920275,117,BOMB,BOMB,0.09645801037549973,False,False,False,True,False,False,False
random_ruehl_mask,mixed,15,270920275,118,DOWN,DOWN,0.044332933612167835,False,False,False,False,False,False,False
random_ruehl_mask,mixed,15,270920275,119,DOWN,DOWN,0.03816699609160423,False,False,False,False,False,False,False
random_ruehl_mask,mixed,15,270920275,120,LEFT,LEFT,0.05024997517466545,False,False,False,False,False,False,False
random_ruehl_mask,mixed,15,270920275,121,LEFT,LEFT,0.06366707384586334,False,True,False,False,False,False,False
random_ruehl_mask,mixed,15,270920275,122,LEFT,LEFT,0.049875001423060894,False,False,False,False,False,False,False
random_ruehl_mask,mixed,15,270920275,123,WAIT,WAIT,0.03470899537205696,False,False,False,False,False,False,False
random_ruehl_mask,mixed,15,270920275,124,LEFT,LEFT,0.05683302879333496,False,False,False,False,False,False,False
random_ruehl_mask,mixed,15,270920275,125,DOWN,DOWN,0.09491690434515476,False,False,False,False,False,False,False
random_ruehl_mask,mixed,15,270920275,126,DOWN,DOWN,0.06758305244147778,False,False,False,False,False,False,False
random_ruehl_mask,mixed,15,270920275,127,WAIT,WAIT,0.12358289677649736,False,False,False,False,False,False,False
random_ruehl_mask,mixed,15,270920275,128,UP,UP,0.11304195504635572,False,False,False,False,False,False,False
random_ruehl_mask,mixed,15,270920275,129,WAIT,WAIT,0.05870801396667957,False,False,False,False,False,False,False
random_ruehl_mask,mixed,15,270920275,130,UP,UP,0.06283295806497335,False,False,False,False,False,False,False
random_ruehl_mask,mixed,15,270920275,131,BOMB,BOMB,0.11070794425904751,False,True,False,True,True,False,False
random_ruehl_mask,mixed,15,270920275,132,LEFT,LEFT,0.04191696643829346,False,False,False,False,False,False,False
random_ruehl_mask,mixed,15,270920275,133,LEFT,LEFT,0.05158304702490568,False,False,False,False,False,False,False
random_ruehl_mask,mixed,15,270920275,134,UP,UP,0.05600007716566324,False,False,False,False,False,False,False
random_ruehl_mask,mixed,15,270920275,135,WAIT,WAIT,0.049625057727098465,False,False,False,False,False,False,False
random_ruehl_mask,mixed,15,270920275,136,WAIT,WAIT,0.049584079533815384,False,False,False,False,False,False,False
random_ruehl_mask,mixed,15,270920275,137,DOWN,DOWN,0.0338749960064888,False,False,False,False,False,False,False
random_ruehl_mask,mixed,15,270920275,138,UP,UP,0.06308394949883223,False,False,False,False,False,False,False
random_ruehl_mask,mixed,15,270920275,139,DOWN,DOWN,0.05549995694309473,False,False,False,False,False,False,False
random_ruehl_mask,mixed,15,270920275,140,LEFT,LEFT,0.10045897215604782,False,False,False,False,False,False,True
random_ruehl_mask,mixed,15,270920275,141,BOMB,BOMB,0.07283396553248167,False,True,False,True,True,False,True
random_ruehl_mask,mixed,15,270920275,142,LEFT,LEFT,0.04854099825024605,False,False,False,False,False,False,True
random_ruehl_mask,mixed,15,270920275,143,LEFT,LEFT,0.045791035518050194,False,False,False,False,False,False,True
random_ruehl_mask,mixed,15,270920275,144,WAIT,WAIT,0.04983297549188137,False,False,False,False,False,False,True
random_ruehl_mask,mixed,15,270920275,145,RIGHT,RIGHT,0.053916010074317455,False,False,False,False,False,False,True
random_ruehl_mask,mixed,16,270920276,1,WAIT,WAIT,0.11087500024586916,False,True,False,False,False,False,False
random_ruehl_mask,mixed,16,270920276,2,WAIT,WAIT,0.11254206765443087,False,False,False,False,False,False,False
random_ruehl_mask,mixed,16,270920276,3,WAIT,WAIT,0.09112490806728601,False,False,False,False,False,False,False
random_ruehl_mask,mixed,16,270920276,4,WAIT,WAIT,0.08958298712968826,False,False,False,False,False,False,False
random_ruehl_mask,mixed,16,270920276,5,WAIT,WAIT,0.1252919901162386,False,False,False,False,False,False,False
random_ruehl_mask,mixed,16,270920276,6,WAIT,WAIT,0.10445795487612486,False,False,False,False,False,False,False
random_ruehl_mask,mixed,16,270920276,7,UP,UP,0.08983293082565069,False,False,False,False,False,False,False
random_ruehl_mask,mixed,16,270920276,8,DOWN,DOWN,0.0801250571385026,False,False,False,False,False,False,False
random_ruehl_mask,mixed,16,270920276,9,UP,UP,0.10629196185618639,False,False,False,False,False,False,False
random_ruehl_mask,mixed,16,270920276,10,BOMB,BOMB,0.07083301898092031,False,False,False,True,False,False,False
random_ruehl_mask,mixed,16,270920276,11,DOWN,DOWN,0.03741693217307329,False,True,False,False,False,False,False
random_ruehl_mask,mixed,16,270920276,12,RIGHT,RIGHT,0.042625004425644875,False,False,False,False,False,False,False
random_ruehl_mask,mixed,16,270920276,13,RIGHT,RIGHT,0.07558299694210291,False,False,False,False,False,False,False
random_ruehl_mask,mixed,16,270920276,14,WAIT,WAIT,0.07591699250042439,False,False,False,False,False,False,False
random_ruehl_mask,mixed,16,270920276,15,RIGHT,RIGHT,0.06437499541789293,False,False,False,False,False,False,False
random_ruehl_mask,mixed,16,270920276,16,WAIT,WAIT,0.036624958738684654,False,False,False,False,False,False,True
random_ruehl_mask,mixed,16,270920276,17,BOMB,BOMB,0.09191699791699648,False,False,False,True,False,False,True
random_ruehl_mask,mixed,16,270920276,18,LEFT,LEFT,0.039458973333239555,False,False,False,False,False,False,True
random_ruehl_mask,mixed,16,270920276,19,WAIT,WAIT,0.03658293280750513,False,False,False,False,False,False,True
random_ruehl_mask,mixed,16,270920276,20,LEFT,LEFT,0.07612502668052912,False,False,False,False,False,False,True
random_ruehl_mask,mixed,16,270920276,21,LEFT,LEFT,0.0677499920129776,False,False,False,False,False,False,True
random_ruehl_mask,mixed,17,270920277,1,UP,UP,0.09866699110716581,False,True,False,False,False,False,False
random_ruehl_mask,mixed,17,270920277,2,BOMB,BOMB,0.10225002188235521,False,False,False,True,False,False,False
random_ruehl_mask,mixed,17,270920277,3,UP,UP,0.04600000102072954,False,False,False,False,False,False,False
random_ruehl_mask,mixed,17,270920277,4,WAIT,WAIT,0.058999983593821526,False,False,False,False,False,False,False
random_ruehl_mask,mixed,17,270920277,5,RIGHT,RIGHT,0.06795802619308233,False,False,False,False,False,False,False
random_ruehl_mask,mixed,17,270920277,6,WAIT,WAIT,0.06195798050612211,False,False,False,False,False,False,False
random_ruehl_mask,mixed,17,270920277,7,RIGHT,RIGHT,0.05712499842047691,False,False,False,False,False,False,False
random_ruehl_mask,mixed,17,270920277,8,WAIT,WAIT,0.03770797047764063,False,False,False,False,False,False,False
random_ruehl_mask,mixed,17,270920277,9,LEFT,LEFT,0.10204198770225048,False,False,False,False,False,False,False
random_ruehl_mask,mixed,17,270920277,10,BOMB,BOMB,0.06812508217990398,False,False,False,True,False,False,False
random_ruehl_mask,mixed,17,270920277,11,RIGHT,RIGHT,0.04425004590302706,False,True,False,False,False,False,False
random_ruehl_mask,mixed,17,270920277,12,WAIT,WAIT,0.04712503869086504,False,False,False,False,False,False,False
random_ruehl_mask,mixed,17,270920277,13,DOWN,DOWN,0.11104100849479437,False,False,False,False,False,False,False
random_ruehl_mask,mixed,17,270920277,14,WAIT,WAIT,0.06904208566993475,False,False,False,False,False,False,False
random_ruehl_mask,mixed,17,270920277,15,WAIT,WAIT,0.05412509199231863,False,False,False,False,False,False,False
random_ruehl_mask,mixed,17,270920277,16,UP,UP,0.037375022657215595,False,False,False,False,False,False,False
random_ruehl_mask,mixed,17,270920277,17,LEFT,LEFT,0.0903330510482192,False,False,False,False,False,False,False
random_ruehl_mask,mixed,17,270920277,18,RIGHT,RIGHT,0.0717920484021306,False,False,False,False,False,False,False
random_ruehl_mask,mixed,17,270920277,19,RIGHT,RIGHT,0.11129199992865324,False,False,False,False,False,False,True
random_ruehl_mask,mixed,17,270920277,20,BOMB,BOMB,0.08320796769112349,False,False,False,True,False,False,True
random_ruehl_mask,mixed,17,270920277,21,RIGHT,RIGHT,0.05725002847611904,False,True,True,False,False,False,True
random_ruehl_mask,mixed,17,270920277,22,WAIT,WAIT,0.05579192657023668,False,False,False,False,False,False,True
random_ruehl_mask,mixed,17,270920277,23,WAIT,WAIT,0.10175001807510853,False,False,False,False,False,False,True
random_ruehl_mask,mixed,17,270920277,24,WAIT,WAIT,0.06316602230072021,False,False,False,False,False,False,True
random_ruehl_mask,mixed,18,270920278,1,RIGHT,RIGHT,0.09670807048678398,False,True,False,False,False,False,False
random_ruehl_mask,mixed,18,270920278,2,LEFT,LEFT,0.07454096339643002,False,False,False,False,False,False,False
random_ruehl_mask,mixed,18,270920278,3,RIGHT,RIGHT,0.07049995474517345,False,False,False,False,False,False,False
random_ruehl_mask,mixed,18,270920278,4,LEFT,LEFT,0.1011659624055028,False,False,False,False,False,False,False
random_ruehl_mask,mixed,18,270920278,5,RIGHT,RIGHT,0.1105000264942646,False,False,False,False,False,False,False
random_ruehl_mask,mixed,18,270920278,6,WAIT,WAIT,0.10779092554003,False,False,False,False,False,False,False
random_ruehl_mask,mixed,18,270920278,7,BOMB,BOMB,0.08491706103086472,False,False,False,True,False,False,False
random_ruehl_mask,mixed,18,270920278,8,LEFT,LEFT,0.037458958104252815,False,False,False,False,False,False,False
random_ruehl_mask,mixed,18,270920278,9,WAIT,WAIT,0.03591598942875862,False,False,False,False,False,False,False
random_ruehl_mask,mixed,18,270920278,10,UP,UP,0.0451250234618783,False,False,False,False,False,False,False
random_ruehl_mask,mixed,18,270920278,11,WAIT,WAIT,0.044792075641453266,False,True,False,False,False,False,False
random_ruehl_mask,mixed,18,270920278,12,WAIT,WAIT,0.06320793181657791,False,False,False,False,False,False,False
random_ruehl_mask,mixed,18,270920278,13,WAIT,WAIT,0.054958974942564964,False,False,False,False,False,False,False
random_ruehl_mask,mixed,18,270920278,14,WAIT,WAIT,0.08741696365177631,False,False,False,False,False,False,False
random_ruehl_mask,mixed,18,270920278,15,WAIT,WAIT,0.07262500002980232,False,False,False,False,False,False,False
random_ruehl_mask,mixed,18,270920278,16,WAIT,WAIT,0.07887498941272497,False,False,False,False,False,False,False
random_ruehl_mask,mixed,18,270920278,17,DOWN,DOWN,0.07179100066423416,False,False,False,False,False,False,False
random_ruehl_mask,mixed,18,270920278,18,BOMB,BOMB,0.07891596760600805,False,False,False,True,False,False,False
random_ruehl_mask,mixed,18,270920278,19,RIGHT,RIGHT,0.047874986194074154,False,False,False,False,False,False,False
random_ruehl_mask,mixed,18,270920278,20,RIGHT,RIGHT,0.05612499080598354,False,False,False,False,False,False,False
random_ruehl_mask,mixed,18,270920278,21,UP,UP,0.067290966399014,False,True,False,False,False,False,False
random_ruehl_mask,mixed,18,270920278,22,WAIT,WAIT,0.058582983911037445,False,False,False,False,False,False,False
random_ruehl_mask,mixed,18,270920278,23,WAIT,WAIT,0.0547909876331687,False,False,False,False,False,False,False
random_ruehl_mask,mixed,18,270920278,24,DOWN,DOWN,0.035208999179303646,False,False,False,False,False,False,True
random_ruehl_mask,mixed,18,270920278,25,BOMB,BOMB,0.08733407594263554,False,False,False,True,False,False,True
random_ruehl_mask,mixed,18,270920278,26,UP,UP,0.0378340482711792,False,False,False,False,False,False,True
random_ruehl_mask,mixed,18,270920278,27,WAIT,WAIT,0.03458291757851839,False,False,False,False,False,False,True
random_ruehl_mask,mixed,18,270920278,28,WAIT,WAIT,0.046666013076901436,False,False,False,False,False,False,True
random_ruehl_mask,mixed,18,270920278,29,WAIT,WAIT,0.05712499842047691,False,False,False,False,False,False,True
random_ruehl_mask,mixed,19,270920279,1,DOWN,DOWN,0.09845802560448647,False,True,False,False,False,False,False
random_ruehl_mask,mixed,19,270920279,2,BOMB,BOMB,0.0688750296831131,False,False,False,True,False,False,False
random_ruehl_mask,mixed,19,270920279,3,UP,UP,0.03762508276849985,False,False,False,False,False,False,False
random_ruehl_mask,mixed,19,270920279,4,WAIT,WAIT,0.0415000831708312,False,False,False,False,False,False,False
random_ruehl_mask,mixed,19,270920279,5,LEFT,LEFT,0.05991593934595585,False,False,False,False,False,False,False
random_ruehl_mask,mixed,19,270920279,6,WAIT,WAIT,0.09887502528727055,False,False,False,False,False,False,False
random_ruehl_mask,mixed,19,270920279,7,WAIT,WAIT,0.07170811295509338,False,False,False,False,False,False,False
random_ruehl_mask,mixed,19,270920279,8,RIGHT,RIGHT,0.08208304643630981,False,False,False,False,False,False,True
random_ruehl_mask,mixed,19,270920279,9,BOMB,BOMB,0.09041698649525642,False,False,False,True,False,False,True
random_ruehl_mask,mixed,19,270920279,10,LEFT,LEFT,0.03887491766363382,False,False,False,False,False,False,True
random_ruehl_mask,mixed,19,270920279,11,WAIT,WAIT,0.057249912060797215,False,False,False,False,False,False,True
random_ruehl_mask,mixed,19,270920279,12,WAIT,WAIT,0.05420891102403402,False,False,False,False,False,False,True
random_ruehl_mask,mixed,19,270920279,13,WAIT,WAIT,0.06250001024454832,False,False,False,False,False,False,True
random_ruehl_mask,mixed,20,270920280,1,WAIT,WAIT,0.10204210411757231,False,True,False,False,False,False,False
random_ruehl_mask,mixed,20,270920280,2,UP,UP,0.09124993812292814,False,False,False,False,False,False,False
random_ruehl_mask,mixed,20,270920280,3,BOMB,BOMB,0.0652089947834611,False,False,False,True,False,False,False
random_ruehl_mask,mixed,20,270920280,4,DOWN,DOWN,0.034334021620452404,False,False,False,False,False,False,False
random_ruehl_mask,mixed,20,270920280,5,WAIT,WAIT,0.06524997297674417,False,False,False,False,False,False,False
random_ruehl_mask,mixed,20,270920280,6,RIGHT,RIGHT,0.06379198748618364,False,False,False,False,False,False,False
random_ruehl_mask,mixed,20,270920280,7,RIGHT,RIGHT,0.0714160269126296,False,False,False,False,False,False,False
random_ruehl_mask,mixed,20,270920280,8,WAIT,WAIT,0.04424992948770523,False,False,False,False,False,False,False
random_ruehl_mask,mixed,20,270920280,9,WAIT,WAIT,0.0705840066075325,False,False,False,False,False,False,False
random_ruehl_mask,mixed,20,270920280,10,WAIT,WAIT,0.08741696365177631,False,False,False,False,False,False,False
random_ruehl_mask,mixed,20,270920280,11,BOMB,BOMB,0.075541902333498,False,True,False,True,False,False,False
random_ruehl_mask,mixed,20,270920280,12,LEFT,LEFT,0.03858294803649187,False,False,False,False,False,False,False
random_ruehl_mask,mixed,20,270920280,13,LEFT,LEFT,0.10337494313716888,False,False,False,False,False,False,False
random_ruehl_mask,mixed,20,270920280,14,UP,UP,0.08533289656043053,False,False,False,False,False,False,False
random_ruehl_mask,mixed,20,270920280,15,UP,UP,0.08379202336072922,False,False,False,False,False,False,False
random_ruehl_mask,mixed,20,270920280,16,WAIT,WAIT,0.057833967730402946,False,False,False,False,False,False,False
random_ruehl_mask,mixed,20,270920280,17,RIGHT,RIGHT,0.04912505391985178,False,False,False,False,False,False,False
random_ruehl_mask,mixed,20,270920280,18,LEFT,LEFT,0.07924996316432953,False,False,False,False,False,False,False
random_ruehl_mask,mixed,20,270920280,19,RIGHT,RIGHT,0.0902500469237566,False,False,False,False,False,False,False
random_ruehl_mask,mixed,20,270920280,20,BOMB,BOMB,0.09824999142438173,False,False,False,True,False,False,False
random_ruehl_mask,mixed,20,270920280,21,LEFT,LEFT,0.06237498018890619,False,True,False,False,False,False,False
random_ruehl_mask,mixed,20,270920280,22,WAIT,WAIT,0.06049999501556158,False,False,False,False,False,False,False
random_ruehl_mask,mixed,20,270920280,23,DOWN,DOWN,0.05608401261270046,False,False,False,False,False,False,False
random_ruehl_mask,mixed,20,270920280,24,WAIT,WAIT,0.06095797289162874,False,False,False,False,False,False,False
random_ruehl_mask,mixed,20,270920280,25,WAIT,WAIT,0.04141696263104677,False,False,False,False,False,False,False
random_ruehl_mask,mixed,20,270920280,26,WAIT,WAIT,0.03462505992501974,False,False,False,False,False,False,False
random_ruehl_mask,mixed,20,270920280,27,DOWN,DOWN,0.0653750030323863,False,False,False,False,False,False,False
random_ruehl_mask,mixed,20,270920280,28,WAIT,WAIT,0.06341596599668264,False,False,False,False,False,False,False
random_ruehl_mask,mixed,20,270920280,29,WAIT,WAIT,0.06237509660422802,False,False,False,False,False,False,False
random_ruehl_mask,mixed,20,270920280,30,WAIT,WAIT,0.0760830007493496,False,False,False,False,False,False,False
random_ruehl_mask,mixed,20,270920280,31,WAIT,WAIT,0.04854204598814249,False,True,False,False,False,False,False
random_ruehl_mask,mixed,20,270920280,32,WAIT,WAIT,0.08262507617473602,False,False,False,False,False,False,False
random_ruehl_mask,mixed,20,270920280,33,UP,UP,0.07562502287328243,False,False,False,False,False,False,False
random_ruehl_mask,mixed,20,270920280,34,UP,UP,0.06670900620520115,False,False,False,False,False,False,False
random_ruehl_mask,mixed,20,270920280,35,DOWN,DOWN,0.09629095438867807,False,False,False,False,False,False,False
random_ruehl_mask,mixed,20,270920280,36,DOWN,DOWN,0.08229096420109272,False,False,False,False,False,False,False
random_ruehl_mask,mixed,20,270920280,37,RIGHT,RIGHT,0.06908306386321783,False,False,False,False,False,False,False
random_ruehl_mask,mixed,20,270920280,38,RIGHT,RIGHT,0.061416998505592346,False,False,False,False,False,False,False
random_ruehl_mask,mixed,20,270920280,39,UP,UP,0.06150000263005495,False,False,False,False,False,False,False
random_ruehl_mask,mixed,20,270920280,40,BOMB,BOMB,0.09166705422103405,False,False,False,True,False,False,False
random_ruehl_mask,mixed,20,270920280,41,DOWN,DOWN,0.04600000102072954,False,True,False,False,False,False,False
random_ruehl_mask,mixed,20,270920280,42,RIGHT,RIGHT,0.04299997817724943,False,False,False,False,False,False,False
random_ruehl_mask,mixed,20,270920280,43,RIGHT,RIGHT,0.049541937187314034,False,False,False,False,False,False,False
random_ruehl_mask,mixed,20,270920280,44,RIGHT,RIGHT,0.05320890340954065,False,False,False,False,False,False,False
random_ruehl_mask,mixed,20,270920280,45,LEFT,LEFT,0.0576250022277236,False,False,False,False,False,False,False
random_ruehl_mask,mixed,20,270920280,46,WAIT,WAIT,0.0576250022277236,False,False,False,False,False,False,False
random_ruehl_mask,mixed,20,270920280,47,WAIT,WAIT,0.0963329803198576,False,False,False,False,False,False,False
random_ruehl_mask,mixed,20,270920280,48,LEFT,LEFT,0.08758401963859797,False,False,False,False,False,False,False
random_ruehl_mask,mixed,20,270920280,49,RIGHT,RIGHT,0.08975004311650991,False,False,False,False,False,False,False
random_ruehl_mask,mixed,20,270920280,50,WAIT,WAIT,0.09645905811339617,False,False,False,False,False,False,False
random_ruehl_mask,mixed,20,270920280,51,LEFT,LEFT,0.10124989785254002,False,True,False,False,False,False,True
random_ruehl_mask,mixed,20,270920280,52,BOMB,BOMB,0.09600003249943256,False,False,False,True,False,False,True
random_ruehl_mask,mixed,20,270920280,53,RIGHT,RIGHT,0.037041958421468735,False,False,False,False,False,False,True
random_ruehl_mask,mixed,20,270920280,54,RIGHT,RIGHT,0.0351249473169446,False,False,False,False,False,False,True
random_ruehl_mask,mixed,20,270920280,55,WAIT,WAIT,0.06033398676663637,False,False,False,False,False,False,True
random_ruehl_mask,mixed,20,270920280,56,LEFT,LEFT,0.049833906814455986,False,False,False,False,False,False,True
random_ruehl_mask,mixed,21,270920281,1,WAIT,WAIT,0.10141602251678705,False,True,False,False,False,False,False
random_ruehl_mask,mixed,21,270920281,2,WAIT,WAIT,0.09883393067866564,False,False,False,False,False,False,False
random_ruehl_mask,mixed,21,270920281,3,UP,UP,0.08179096039384604,False,False,False,False,False,False,False
random_ruehl_mask,mixed,21,270920281,4,BOMB,BOMB,0.07029203698039055,False,False,False,True,False,False,False
random_ruehl_mask,mixed,21,270920281,5,DOWN,DOWN,0.06666698027402163,False,False,False,False,False,False,False
random_ruehl_mask,mixed,21,270920281,6,RIGHT,RIGHT,0.056416960433125496,False,False,False,False,False,False,False
random_ruehl_mask,mixed,21,270920281,7,WAIT,WAIT,0.061083934269845486,False,False,False,False,False,False,False
random_ruehl_mask,mixed,21,270920281,8,WAIT,WAIT,0.04291697405278683,False,False,False,False,False,False,False
random_ruehl_mask,mixed,21,270920281,9,WAIT,WAIT,0.06624998059123755,False,False,False,False,False,False,False
random_ruehl_mask,mixed,21,270920281,10,LEFT,LEFT,0.045042019337415695,False,False,False,False,False,False,False
random_ruehl_mask,mixed,21,270920281,11,UP,UP,0.0927910441532731,False,True,False,False,False,False,False
random_ruehl_mask,mixed,21,270920281,12,WAIT,WAIT,0.06841705180704594,False,False,False,False,False,False,False
random_ruehl_mask,mixed,21,270920281,13,DOWN,DOWN,0.07079204078763723,False,False,False,False,False,False,False
random_ruehl_mask,mixed,21,270920281,14,WAIT,WAIT,0.11087500024586916,False,False,False,False,False,False,False
random_ruehl_mask,mixed,21,270920281,15,RIGHT,RIGHT,0.12795894872397184,False,False,False,False,False,False,False
random_ruehl_mask,mixed,21,270920281,16,LEFT,LEFT,0.08091703057289124,False,False,False,False,False,False,False
random_ruehl_mask,mixed,21,270920281,17,WAIT,WAIT,0.0903330510482192,False,False,False,False,False,False,True
random_ruehl_mask,mixed,21,270920281,18,BOMB,BOMB,0.07733399979770184,False,False,False,True,False,False,True
random_ruehl_mask,mixed,21,270920281,19,RIGHT,RIGHT,0.036624958738684654,False,False,False,False,False,False,True
random_ruehl_mask,mixed,21,270920281,20,WAIT,WAIT,0.048708985559642315,False,False,False,False,False,False,True
random_ruehl_mask,mixed,21,270920281,21,WAIT,WAIT,0.051541952416300774,False,False,False,False,False,False,True
random_ruehl_mask,mixed,21,270920281,22,WAIT,WAIT,0.061875092796981335,False,False,False,False,False,False,True
random_ruehl_mask,mixed,22,270920282,1,WAIT,WAIT,0.10325002949684858,False,True,False,False,False,False,False
random_ruehl_mask,mixed,22,270920282,2,UP,UP,0.07950002327561378,False,False,False,False,False,False,False
random_ruehl_mask,mixed,22,270920282,3,BOMB,BOMB,0.07070798892527819,False,False,False,True,False,False,False
random_ruehl_mask,mixed,22,270920282,4,DOWN,DOWN,0.07491698488593102,False,False,False,False,False,False,False
random_ruehl_mask,mixed,22,270920282,5,RIGHT,RIGHT,0.06591703277081251,False,False,False,False,False,False,False
random_ruehl_mask,mixed,22,270920282,6,WAIT,WAIT,0.08987495675683022,False,False,False,False,False,False,False
random_ruehl_mask,mixed,22,270920282,7,WAIT,WAIT,0.07279193960130215,False,False,False,False,False,False,False
random_ruehl_mask,mixed,22,270920282,8,WAIT,WAIT,0.061584054492414,False,False,False,False,False,False,False
random_ruehl_mask,mixed,22,270920282,9,WAIT,WAIT,0.041499966755509377,False,False,False,False,False,False,False
random_ruehl_mask,mixed,22,270920282,10,WAIT,WAIT,0.07241696584969759,False,False,False,False,False,False,False
random_ruehl_mask,mixed,22,270920282,11,WAIT,WAIT,0.0754999928176403,False,True,False,False,False,False,False
random_ruehl_mask,mixed,22,270920282,12,WAIT,WAIT,0.06854208186268806,False,False,False,False,False,False,False
random_ruehl_mask,mixed,22,270920282,13,WAIT,WAIT,0.10137492790818214,False,False,False,False,False,False,False
random_ruehl_mask,mixed,22,270920282,14,WAIT,WAIT,0.08091598283499479,False,False,False,False,False,False,False
random_ruehl_mask,mixed,22,270920282,15,WAIT,WAIT,0.10429206304252148,False,False,False,False,False,False,False
random_ruehl_mask,mixed,22,270920282,16,WAIT,WAIT,0.1028330298140645,False,False,False,False,False,False,False
random_ruehl_mask,mixed,22,270920282,17,LEFT,LEFT,0.07954193279147148,False,False,False,False,False,False,False
random_ruehl_mask,mixed,22,270920282,18,UP,UP,0.13287505134940147,False,False,False,False,False,False,False
random_ruehl_mask,mixed,22,270920282,19,DOWN,DOWN,0.06554101128131151,False,False,False,False,False,False,False
random_ruehl_mask,mixed,22,270920282,20,RIGHT,RIGHT,0.13154104817658663,False,False,False,False,False,False,False
random_ruehl_mask,mixed,22,270920282,21,LEFT,LEFT,0.07445900700986385,False,True,False,False,False,False,False
random_ruehl_mask,mixed,22,270920282,22,RIGHT,RIGHT,0.13220903929322958,False,False,False,False,False,False,False
random_ruehl_mask,mixed,22,270920282,23,BOMB,BOMB,0.07670896593481302,False,False,False,True,False,False,False
random_ruehl_mask,mixed,22,270920282,24,LEFT,LEFT,0.042082974687218666,False,False,False,False,False,False,False
random_ruehl_mask,mixed,22,270920282,25,UP,UP,0.05708402022719383,False,False,False,False,False,False,False
random_ruehl_mask,mixed,22,270920282,26,WAIT,WAIT,0.05370797589421272,False,False,False,False,False,False,False
random_ruehl_mask,mixed,22,270920282,27,WAIT,WAIT,0.05170796066522598,False,False,False,False,False,False,False
random_ruehl_mask,mixed,22,270920282,28,WAIT,WAIT,0.05441589746624231,False,False,False,False,False,False,False
random_ruehl_mask,mixed,22,270920282,29,DOWN,DOWN,0.03925000783056021,False,False,False,False,False,False,False
random_ruehl_mask,mixed,22,270920282,30,UP,UP,0.09079196024686098,False,False,False,False,False,False,False
random_ruehl_mask,mixed,22,270920282,31,UP,UP,0.10204105637967587,False,True,False,False,False,False,False
random_ruehl_mask,mixed,22,270920282,32,WAIT,WAIT,0.12199999764561653,False,False,False,False,False,False,False
random_ruehl_mask,mixed,22,270920282,33,BOMB,BOMB,0.10025000665336847,False,False,False,True,False,False,False
random_ruehl_mask,mixed,22,270920282,34,DOWN,DOWN,0.0624579843133688,False,False,False,False,False,False,False
random_ruehl_mask,mixed,22,270920282,35,DOWN,DOWN,0.09241700172424316,False,False,False,False,False,False,False
random_ruehl_mask,mixed,22,270920282,36,RIGHT,RIGHT,0.06787502206861973,False,False,False,False,False,False,False
random_ruehl_mask,mixed,22,270920282,37,WAIT,WAIT,0.05616701673716307,False,False,False,False,False,False,False
random_ruehl_mask,mixed,22,270920282,38,WAIT,WAIT,0.10929093696177006,False,False,False,False,False,False,False
random_ruehl_mask,mixed,22,270920282,39,RIGHT,RIGHT,0.04970806185156107,False,False,False,False,False,False,False
random_ruehl_mask,mixed,22,270920282,40,WAIT,WAIT,0.09233306627720594,False,False,False,False,False,False,False
random_ruehl_mask,mixed,22,270920282,41,BOMB,BOMB,0.11495803482830524,False,True,False,True,False,False,False
random_ruehl_mask,mixed,22,270920282,42,LEFT,LEFT,0.061542028561234474,False,False,False,False,False,False,False
random_ruehl_mask,mixed,22,270920282,43,LEFT,LEFT,0.06941694300621748,False,False,False,False,False,False,False
random_ruehl_mask,mixed,22,270920282,44,UP,UP,0.06437499541789293,False,False,False,False,False,False,False
random_ruehl_mask,mixed,22,270920282,45,UP,UP,0.07362500764429569,False,False,False,False,False,False,False
random_ruehl_mask,mixed,22,270920282,46,WAIT,WAIT,0.07025001104921103,False,False,False,False,False,False,False
random_ruehl_mask,mixed,22,270920282,47,DOWN,DOWN,0.04124990664422512,False,False,False,False,False,False,False
random_ruehl_mask,mixed,22,270920282,48,DOWN,DOWN,0.051833922043442726,False,False,False,False,False,False,False
random_ruehl_mask,mixed,22,270920282,49,RIGHT,RIGHT,0.054541975259780884,False,False,False,False,False,False,False
random_ruehl_mask,mixed,22,270920282,50,LEFT,LEFT,0.0490840757265687,False,False,False,False,False,False,False
random_ruehl_mask,mixed,22,270920282,51,RIGHT,RIGHT,0.05691696424037218,False,True,False,False,False,False,False
random_ruehl_mask,mixed,22,270920282,52,RIGHT,RIGHT,0.05562498699873686,False,False,False,False,False,False,False
random_ruehl_mask,mixed,22,270920282,53,WAIT,WAIT,0.07983297109603882,False,False,False,False,False,False,False
random_ruehl_mask,mixed,22,270920282,54,WAIT,WAIT,0.058041070587933064,False,False,False,False,False,False,False
random_ruehl_mask,mixed,22,270920282,55,UP,UP,0.07895904127508402,False,False,False,False,False,False,False
random_ruehl_mask,mixed,22,270920282,56,BOMB,BOMB,0.07833307608962059,False,False,False,True,False,False,False
random_ruehl_mask,mixed,22,270920282,57,UP,UP,0.04700000863522291,False,False,False,False,False,False,False
random_ruehl_mask,mixed,22,270920282,58,LEFT,LEFT,0.11337501928210258,False,False,False,False,False,False,False
random_ruehl_mask,mixed,22,270920282,59,LEFT,LEFT,0.07216597441583872,False,False,False,False,False,False,False
random_ruehl_mask,mixed,22,270920282,60,UP,UP,0.06233295425772667,False,False,False,False,False,False,False
random_ruehl_mask,mixed,22,270920282,61,DOWN,DOWN,0.058249919675290585,False,True,False,False,False,False,False
random_ruehl_mask,mixed,22,270920282,62,UP,UP,0.05358306225389242,False,False,False,False,False,False,False
random_ruehl_mask,mixed,22,270920282,63,WAIT,WAIT,0.11462497059255838,False,False,False,False,False,False,False
random_ruehl_mask,mixed,22,270920282,64,BOMB,BOMB,0.09558291640132666,False,False,False,True,False,False,False
random_ruehl_mask,mixed,22,270920282,65,DOWN,DOWN,0.06066705100238323,False,False,False,False,False,False,False
random_ruehl_mask,mixed,22,270920282,66,WAIT,WAIT,0.04270800855010748,False,False,False,False,False,False,False
random_ruehl_mask,mixed,22,270920282,67,RIGHT,RIGHT,0.09829108603298664,False,False,False,False,False,False,False
random_ruehl_mask,mixed,22,270920282,68,WAIT,WAIT,0.07824995554983616,False,False,False,False,False,False,False
random_ruehl_mask,mixed,22,270920282,69,WAIT,WAIT,0.05729100666940212,False,False,False,False,False,False,False
random_ruehl_mask,mixed,22,270920282,70,WAIT,WAIT,0.039541046135127544,False,False,False,False,False,False,False
random_ruehl_mask,mixed,22,270920282,71,WAIT,WAIT,0.06754102651029825,False,True,False,False,False,False,False
random_ruehl_mask,mixed,22,270920282,72,WAIT,WAIT,0.06458396092057228,False,False,False,False,False,False,False
random_ruehl_mask,mixed,22,270920282,73,RIGHT,RIGHT,0.0642499653622508,False,False,False,False,False,False,False
random_ruehl_mask,mixed,22,270920282,74,DOWN,DOWN,0.15212490689009428,False,False,False,False,False,False,False
random_ruehl_mask,mixed,22,270920282,75,WAIT,WAIT,0.09412493091076612,False,False,False,False,False,False,False
random_ruehl_mask,mixed,22,270920282,76,WAIT,WAIT,0.1438329927623272,False,False,False,False,False,False,False
random_ruehl_mask,mixed,22,270920282,77,WAIT,WAIT,0.14491693582385778,False,False,False,False,False,False,False
random_ruehl_mask,mixed,22,270920282,78,DOWN,DOWN,0.07933389861136675,False,False,False,False,False,False,False
random_ruehl_mask,mixed,22,270920282,79,UP,UP,0.08620892185717821,False,False,False,False,False,False,False
random_ruehl_mask,mixed,22,270920282,80,WAIT,WAIT,0.08050003089010715,False,False,False,False,False,False,False
random_ruehl_mask,mixed,22,270920282,81,WAIT,WAIT,0.1299170544371009,False,True,False,False,False,False,False
random_ruehl_mask,mixed,22,270920282,82,WAIT,WAIT,0.07287494372576475,False,False,False,False,False,False,False
random_ruehl_mask,mixed,22,270920282,83,WAIT,WAIT,0.0992499990388751,False,False,False,False,False,False,False
random_ruehl_mask,mixed,22,270920282,84,WAIT,WAIT,0.08604198228567839,False,False,False,False,False,False,False
random_ruehl_mask,mixed,22,270920282,85,DOWN,DOWN,0.07516704499721527,False,False,False,False,False,False,False
random_ruehl_mask,mixed,22,270920282,86,RIGHT,RIGHT,0.07975008338689804,False,False,False,False,False,False,True
random_ruehl_mask,mixed,22,270920282,87,BOMB,BOMB,0.09162502828985453,False,False,False,True,False,False,True
random_ruehl_mask,mixed,22,270920282,88,RIGHT,RIGHT,0.063000014051795,False,False,False,False,False,False,True
random_ruehl_mask,mixed,22,270920282,89,WAIT,WAIT,0.08216709829866886,False,False,False,False,False,False,True
random_ruehl_mask,mixed,22,270920282,90,RIGHT,RIGHT,0.07758405990898609,False,False,False,False,False,False,True
random_ruehl_mask,mixed,22,270920282,91,WAIT,WAIT,0.07512501906603575,False,False,False,False,False,False,True
random_ruehl_mask,mixed,23,270920283,1,UP,UP,0.11687504593282938,False,True,False,False,False,False,False
random_ruehl_mask,mixed,23,270920283,2,WAIT,WAIT,0.09054096881300211,False,False,False,False,False,False,True
random_ruehl_mask,mixed,23,270920283,3,BOMB,BOMB,0.12366694863885641,False,False,False,True,False,False,True
random_ruehl_mask,mixed,23,270920283,4,UP,UP,0.04600000102072954,False,False,False,False,False,False,True
random_ruehl_mask,mixed,23,270920283,5,WAIT,WAIT,0.06804207805544138,False,False,False,False,False,False,True
random_ruehl_mask,mixed,23,270920283,6,WAIT,WAIT,0.08108303882181644,False,False,False,False,False,False,True
random_ruehl_mask,mixed,23,270920283,7,WAIT,WAIT,0.10025000665336847,False,False,False,False,False,False,True
random_ruehl_mask,mixed,24,270920284,1,UP,UP,0.09533308912068605,False,True,False,False,False,False,False
random_ruehl_mask,mixed,24,270920284,2,DOWN,DOWN,0.08612498641014099,False,False,False,False,False,False,False
random_ruehl_mask,mixed,24,270920284,3,UP,UP,0.09020895231515169,False,False,False,False,False,False,False
random_ruehl_mask,mixed,24,270920284,4,WAIT,WAIT,0.10950001887977123,False,False,False,False,False,False,False
random_ruehl_mask,mixed,24,270920284,5,DOWN,DOWN,0.09154097642749548,False,False,False,False,False,False,False
random_ruehl_mask,mixed,24,270920284,6,WAIT,WAIT,0.1153330085799098,False,False,False,False,False,False,False
random_ruehl_mask,mixed,24,270920284,7,UP,UP,0.09008299093693495,False,False,False,False,False,False,False
random_ruehl_mask,mixed,24,270920284,8,BOMB,BOMB,0.06912497337907553,False,False,False,True,False,False,False
random_ruehl_mask,mixed,24,270920284,9,DOWN,DOWN,0.03787502646446228,False,False,False,False,False,False,False
random_ruehl_mask,mixed,24,270920284,10,WAIT,WAIT,0.03545801155269146,False,False,False,False,False,False,False
random_ruehl_mask,mixed,24,270920284,11,LEFT,LEFT,0.06412493530660868,False,True,False,False,False,False,False
random_ruehl_mask,mixed,24,270920284,12,WAIT,WAIT,0.04841701593250036,False,False,False,False,False,False,False
random_ruehl_mask,mixed,24,270920284,13,WAIT,WAIT,0.06250001024454832,False,False,False,False,False,False,False
random_ruehl_mask,mixed,24,270920284,14,RIGHT,RIGHT,0.06674998439848423,False,False,False,False,False,False,False
random_ruehl_mask,mixed,24,270920284,15,UP,UP,0.09958306327462196,False,False,False,False,False,False,False
random_ruehl_mask,mixed,24,270920284,16,DOWN,DOWN,0.05029106978327036,False,False,False,False,False,False,False
random_ruehl_mask,mixed,24,270920284,17,LEFT,LEFT,0.11333299335092306,False,False,False,False,False,False,False
random_ruehl_mask,mixed,24,270920284,18,BOMB,BOMB,0.09766698349267244,False,False,False,True,False,False,False
random_ruehl_mask,mixed,24,270920284,19,RIGHT,RIGHT,0.04433305002748966,False,False,False,False,False,False,False
random_ruehl_mask,mixed,24,270920284,20,WAIT,WAIT,0.0630419235676527,False,False,False,False,False,False,False
random_ruehl_mask,mixed,24,270920284,21,UP,UP,0.06175006274133921,False,True,False,False,False,False,False
random_ruehl_mask,mixed,24,270920284,22,WAIT,WAIT,0.07008295506238937,False,False,False,False,False,False,False
random_ruehl_mask,mixed,24,270920284,23,WAIT,WAIT,0.051416922360658646,False,False,False,False,False,False,False
random_ruehl_mask,mixed,24,270920284,24,WAIT,WAIT,0.03741704858839512,False,False,False,False,False,False,False
random_ruehl_mask,mixed,24,270920284,25,DOWN,DOWN,0.0669590663164854,False,False,False,False,False,False,False
random_ruehl_mask,mixed,24,270920284,26,WAIT,WAIT,0.05537504330277443,False,False,False,False,False,False,False
random_ruehl_mask,mixed,24,270920284,27,WAIT,WAIT,0.053416937589645386,False,False,False,False,False,False,False
random_ruehl_mask,mixed,24,270920284,28,UP,UP,0.05962501745671034,False,False,False,False,False,False,False
random_ruehl_mask,mixed,24,270920284,29,WAIT,WAIT,0.05587493069469929,False,False,False,False,False,False,False
random_ruehl_mask,mixed,24,270920284,30,WAIT,WAIT,0.13345794286578894,False,False,False,False,False,False,False
random_ruehl_mask,mixed,24,270920284,31,UP,UP,0.07862504571676254,False,True,False,False,False,False,False
random_ruehl_mask,mixed,24,270920284,32,LEFT,LEFT,0.10658393148332834,False,False,False,False,False,False,False
random_ruehl_mask,mixed,24,270920284,33,BOMB,BOMB,0.08604198228567839,False,False,False,True,False,False,False
random_ruehl_mask,mixed,24,270920284,34,RIGHT,RIGHT,0.038207974284887314,False,False,False,False,False,False,False
random_ruehl_mask,mixed,24,270920284,35,DOWN,DOWN,0.06933300755918026,False,False,False,False,False,False,False
random_ruehl_mask,mixed,24,270920284,36,WAIT,WAIT,0.05866598803550005,False,False,False,False,False,False,False
random_ruehl_mask,mixed,24,270920284,37,WAIT,WAIT,0.07612491026520729,False,False,False,False,False,False,False
random_ruehl_mask,mixed,24,270920284,38,DOWN,DOWN,0.0926250359043479,False,False,False,False,False,False,False
random_ruehl_mask,mixed,24,270920284,39,LEFT,LEFT,0.04912505391985178,False,False,False,False,False,False,False
random_ruehl_mask,mixed,24,270920284,40,LEFT,LEFT,0.05650008097290993,False,False,False,False,False,False,False
random_ruehl_mask,mixed,24,270920284,41,BOMB,BOMB,0.08295895531773567,False,True,False,True,False,False,False
random_ruehl_mask,mixed,24,270920284,42,RIGHT,RIGHT,0.054541975259780884,False,False,False,False,False,False,False
random_ruehl_mask,mixed,24,270920284,43,RIGHT,RIGHT,0.04212500061839819,False,False,False,False,False,False,False
random_ruehl_mask,mixed,24,270920284,44,UP,UP,0.04854204598814249,False,False,False,False,False,False,False
random_ruehl_mask,mixed,24,270920284,45,WAIT,WAIT,0.07245899178087711,False,False,False,False,False,False,False
random_ruehl_mask,mixed,24,270920284,46,UP,UP,0.047749956138432026,False,False,False,False,False,False,False
random_ruehl_mask,mixed,24,270920284,47,LEFT,LEFT,0.045874970965087414,False,False,False,False,False,False,False
random_ruehl_mask,mixed,24,270920284,48,WAIT,WAIT,0.055958982557058334,False,False,False,False,False,False,False
random_ruehl_mask,mixed,24,270920284,49,RIGHT,RIGHT,0.05370797589421272,False,False,False,False,False,False,False
random_ruehl_mask,mixed,24,270920284,50,BOMB,BOMB,0.13175001367926598,False,False,False,True,False,False,False
random_ruehl_mask,mixed,24,270920284,51,LEFT,LEFT,0.06904196925461292,False,True,False,False,False,False,False
random_ruehl_mask,mixed,24,270920284,52,LEFT,LEFT,0.05250005051493645,False,False,False,False,False,False,False
random_ruehl_mask,mixed,24,270920284,53,UP,UP,0.05320797208696604,False,False,False,False,False,False,False
random_ruehl_mask,mixed,24,270920284,54,WAIT,WAIT,0.0653750030323863,False,False,False,False,False,False,False
random_ruehl_mask,mixed,24,270920284,55,WAIT,WAIT,0.0665419502183795,False,False,False,False,False,False,False
random_ruehl_mask,mixed,24,270920284,56,WAIT,WAIT,0.05504197906702757,False,False,False,False,False,False,False
random_ruehl_mask,mixed,24,270920284,57,BOMB,BOMB,0.08566700853407383,False,False,False,True,False,False,False
random_ruehl_mask,mixed,24,270920284,58,DOWN,DOWN,0.06095797289162874,False,False,False,False,False,False,False
random_ruehl_mask,mixed,24,270920284,59,DOWN,DOWN,0.06162503268569708,False,False,False,False,False,False,False
random_ruehl_mask,mixed,24,270920284,60,DOWN,DOWN,0.06591703277081251,False,False,False,False,False,False,False
random_ruehl_mask,mixed,24,270920284,61,LEFT,LEFT,0.06150000263005495,False,True,False,False,False,False,False
random_ruehl_mask,mixed,24,270920284,62,WAIT,WAIT,0.07599999662488699,False,False,False,False,False,False,False
random_ruehl_mask,mixed,24,270920284,63,LEFT,LEFT,0.05083298310637474,False,False,False,False,False,False,False
random_ruehl_mask,mixed,24,270920284,64,BOMB,BOMB,0.11037499643862247,False,False,False,True,False,False,False
random_ruehl_mask,mixed,24,270920284,65,RIGHT,RIGHT,0.10112498421221972,False,False,False,False,False,False,False
random_ruehl_mask,mixed,24,270920284,66,WAIT,WAIT,0.06695801857858896,False,False,False,False,False,False,False
random_ruehl_mask,mixed,24,270920284,67,RIGHT,RIGHT,0.06500002928078175,False,False,False,False,False,False,False
random_ruehl_mask,mixed,24,270920284,68,UP,UP,0.049459049478173256,False,False,False,False,False,False,False
random_ruehl_mask,mixed,24,270920284,69,WAIT,WAIT,0.045874970965087414,False,False,False,False,False,False,False
random_ruehl_mask,mixed,24,270920284,70,DOWN,DOWN,0.044790911488235,False,False,False,False,False,False,False
random_ruehl_mask,mixed,24,270920284,71,RIGHT,RIGHT,0.05283299833536148,False,True,False,False,False,False,False
random_ruehl_mask,mixed,24,270920284,72,WAIT,WAIT,0.07599999662488699,False,False,False,False,False,False,False
random_ruehl_mask,mixed,24,270920284,73,RIGHT,RIGHT,0.06212492007762194,False,False,False,False,False,False,False
random_ruehl_mask,mixed,24,270920284,74,UP,UP,0.08425000123679638,False,False,False,False,False,False,False
random_ruehl_mask,mixed,24,270920284,75,DOWN,DOWN,0.06400002166628838,False,False,False,False,False,False,False
random_ruehl_mask,mixed,24,270920284,76,UP,UP,0.0625828979536891,False,False,False,False,False,False,False
random_ruehl_mask,mixed,24,270920284,77,UP,UP,0.05587493069469929,False,False,False,False,False,False,False
random_ruehl_mask,mixed,24,270920284,78,DOWN,DOWN,0.09716709610074759,False,False,False,False,False,False,False
random_ruehl_mask,mixed,24,270920284,79,UP,UP,0.07987499702721834,False,False,False,False,False,False,False
random_ruehl_mask,mixed,24,270920284,80,WAIT,WAIT,0.06437499541789293,False,False,False,False,False,False,False
random_ruehl_mask,mixed,24,270920284,81,UP,UP,0.08825003169476986,False,True,False,False,False,False,False
random_ruehl_mask,mixed,24,270920284,82,DOWN,DOWN,0.11241703759878874,False,False,False,False,False,False,False
random_ruehl_mask,mixed,24,270920284,83,UP,UP,0.07395900320261717,False,False,False,False,False,False,False
random_ruehl_mask,mixed,24,270920284,84,UP,UP,0.08270808029919863,False,False,False,False,False,False,False
random_ruehl_mask,mixed,24,270920284,85,UP,UP,0.09466602932661772,False,False,False,False,False,False,False
random_ruehl_mask,mixed,24,270920284,86,DOWN,DOWN,0.09374995715916157,False,False,False,False,False,False,False
random_ruehl_mask,mixed,24,270920284,87,BOMB,BOMB,0.10716693941503763,False,False,False,True,False,False,False
random_ruehl_mask,mixed,24,270920284,88,DOWN,DOWN,0.04245794843882322,False,False,False,False,False,False,False
random_ruehl_mask,mixed,24,270920284,89,DOWN,DOWN,0.0399579294025898,False,False,False,False,False,False,False
random_ruehl_mask,mixed,24,270920284,90,LEFT,LEFT,0.06350001785904169,False,False,False,False,False,False,False
random_ruehl_mask,mixed,24,270920284,91,LEFT,LEFT,0.08104101289063692,False,True,False,False,False,False,False
random_ruehl_mask,mixed,24,270920284,92,UP,UP,0.07750000804662704,False,False,False,False,False,False,False
random_ruehl_mask,mixed,24,270920284,93,WAIT,WAIT,0.06925000343471766,False,False,False,False,False,False,False
random_ruehl_mask,mixed,24,270920284,94,DOWN,DOWN,0.07962505333125591,False,False,False,False,False,False,False
random_ruehl_mask,mixed,24,270920284,95,RIGHT,RIGHT,0.12816605158150196,False,False,False,False,False,False,False
random_ruehl_mask,mixed,24,270920284,96,WAIT,WAIT,0.05716690793633461,False,False,False,False,False,False,False
random_ruehl_mask,mixed,24,270920284,97,LEFT,LEFT,0.06987492088228464,False,False,False,False,False,False,False
random_ruehl_mask,mixed,24,270920284,98,DOWN,DOWN,0.12566603254526854,False,False,False,False,False,False,False
random_ruehl_mask,mixed,24,270920284,99,WAIT,WAIT,0.07583294063806534,False,False,False,False,False,False,False
random_ruehl_mask,mixed,24,270920284,100,WAIT,WAIT,0.07574993651360273,False,False,False,False,False,False,False
random_ruehl_mask,mixed,24,270920284,101,DOWN,DOWN,0.1157090300694108,False,True,False,False,False,False,False
random_ruehl_mask,mixed,24,270920284,102,UP,UP,0.06916699931025505,False,False,False,False,False,False,False
random_ruehl_mask,mixed,24,270920284,103,DOWN,DOWN,0.05262496415525675,False,False,False,False,False,False,False
random_ruehl_mask,mixed,24,270920284,104,RIGHT,RIGHT,0.07666705641895533,False,False,False,False,False,False,False
random_ruehl_mask,mixed,24,270920284,105,WAIT,WAIT,0.07870898116379976,False,False,False,False,False,False,False
random_ruehl_mask,mixed,24,270920284,106,RIGHT,RIGHT,0.06600003689527512,False,False,False,False,False,False,False
random_ruehl_mask,mixed,24,270920284,107,UP,UP,0.06429199129343033,False,False,False,False,False,False,False
random_ruehl_mask,mixed,24,270920284,108,UP,UP,0.06329105235636234,False,False,False,False,False,False,False
random_ruehl_mask,mixed,24,270920284,109,DOWN,DOWN,0.05320901982486248,False,False,False,False,False,False,False
random_ruehl_mask,mixed,24,270920284,110,UP,UP,0.07933296728879213,False,False,False,False,False,False,False
random_ruehl_mask,mixed,24,270920284,111,WAIT,WAIT,0.06829202175140381,False,True,False,False,False,False,False
random_ruehl_mask,mixed,24,270920284,112,WAIT,WAIT,0.07341708987951279,False,False,False,False,False,False,False
random_ruehl_mask,mixed,24,270920284,113,WAIT,WAIT,0.07058295886963606,False,False,False,False,False,False,False
random_ruehl_mask,mixed,24,270920284,114,UP,UP,0.06895908154547215,False,False,False,False,False,False,False
random_ruehl_mask,mixed,24,270920284,115,DOWN,DOWN,0.09541702456772327,False,False,False,False,False,False,False
random_ruehl_mask,mixed,24,270920284,116,WAIT,WAIT,0.06454100366681814,False,False,False,False,False,False,False
random_ruehl_mask,mixed,24,270920284,117,DOWN,DOWN,0.058999983593821526,False,False,False,False,False,False,False
random_ruehl_mask,mixed,24,270920284,118,DOWN,DOWN,0.05937495734542608,False,False,False,False,False,False,False
random_ruehl_mask,mixed,24,270920284,119,WAIT,WAIT,0.060875085182487965,False,False,False,False,False,False,False
random_ruehl_mask,mixed,24,270920284,120,WAIT,WAIT,0.0802910653874278,False,False,False,False,False,False,False
random_ruehl_mask,mixed,24,270920284,121,WAIT,WAIT,0.06733299233019352,False,True,False,False,False,False,False
random_ruehl_mask,mixed,24,270920284,122,UP,UP,0.08166593033820391,False,False,False,False,False,False,False
random_ruehl_mask,mixed,24,270920284,123,UP,UP,0.06612495053559542,False,False,False,False,False,False,False
random_ruehl_mask,mixed,24,270920284,124,BOMB,BOMB,0.106374965980649,False,False,False,True,True,False,False
random_ruehl_mask,mixed,24,270920284,125,UP,UP,0.045208027586340904,False,False,False,False,False,False,False
random_ruehl_mask,mixed,24,270920284,126,UP,UP,0.09258300997316837,False,False,False,False,False,False,False
random_ruehl_mask,mixed,24,270920284,127,LEFT,LEFT,0.07291696965694427,False,False,False,False,False,False,False
random_ruehl_mask,mixed,24,270920284,128,WAIT,WAIT,0.08699996396899223,False,False,False,False,False,False,False
random_ruehl_mask,mixed,24,270920284,129,LEFT,LEFT,0.062000006437301636,False,False,False,False,False,False,False
random_ruehl_mask,mixed,24,270920284,130,UP,UP,0.04083395469933748,False,False,False,False,False,False,False
random_ruehl_mask,mixed,24,270920284,131,WAIT,WAIT,0.27145911008119583,False,True,False,False,False,False,False
random_ruehl_mask,mixed,24,270920284,132,UP,UP,0.07520895451307297,False,False,False,False,False,False,False
random_ruehl_mask,mixed,24,270920284,133,LEFT,LEFT,0.08429097943007946,False,False,False,False,False,False,True
random_ruehl_mask,mixed,24,270920284,134,BOMB,BOMB,0.1410829136148095,False,False,False,True,False,False,True
random_ruehl_mask,mixed,24,270920284,135,LEFT,LEFT,0.05408399738371372,False,False,False,False,False,False,True
random_ruehl_mask,mixed,24,270920284,136,WAIT,WAIT,0.06595801096409559,False,False,False,False,False,False,True
random_ruehl_mask,mixed,24,270920284,137,WAIT,WAIT,0.07212499622255564,False,False,False,False,False,False,True
random_ruehl_mask,mixed,24,270920284,138,WAIT,WAIT,0.08920906111598015,False,False,False,False,False,False,True
random_ruehl_mask,mixed,25,270920285,1,UP,UP,0.09691598825156689,False,True,False,False,False,False,False
random_ruehl_mask,mixed,25,270920285,2,BOMB,BOMB,0.08312507998198271,False,False,False,True,False,False,False
random_ruehl_mask,mixed,25,270920285,3,DOWN,DOWN,0.04133302718400955,False,False,False,False,False,False,False
random_ruehl_mask,mixed,25,270920285,4,LEFT,LEFT,0.059125013649463654,False,False,False,False,False,False,False
random_ruehl_mask,mixed,25,270920285,5,WAIT,WAIT,0.10341696906834841,False,False,False,False,False,False,False
random_ruehl_mask,mixed,25,270920285,6,WAIT,WAIT,0.06308394949883223,False,False,False,False,False,False,False
random_ruehl_mask,mixed,25,270920285,7,WAIT,WAIT,0.05983305163681507,False,False,False,False,False,False,False
random_ruehl_mask,mixed,25,270920285,8,RIGHT,RIGHT,0.0642499653622508,False,False,False,False,False,False,False
random_ruehl_mask,mixed,25,270920285,9,UP,UP,0.09529199451208115,False,False,False,False,False,False,False
random_ruehl_mask,mixed,25,270920285,10,DOWN,DOWN,0.05166709888726473,False,False,False,False,False,False,False
random_ruehl_mask,mixed,25,270920285,11,UP,UP,0.09074993431568146,False,True,False,False,False,False,False
random_ruehl_mask,mixed,25,270920285,12,DOWN,DOWN,0.052458024583756924,False,False,False,False,False,False,True
random_ruehl_mask,mixed,25,270920285,13,BOMB,BOMB,0.10820897296071053,False,False,False,True,False,False,True
random_ruehl_mask,mixed,25,270920285,14,LEFT,LEFT,0.06170803681015968,False,False,False,False,False,False,True
random_ruehl_mask,mixed,25,270920285,15,WAIT,WAIT,0.047166948206722736,False,False,False,False,False,False,True
random_ruehl_mask,mixed,25,270920285,16,WAIT,WAIT,0.07866695523262024,False,False,False,False,False,False,True
random_ruehl_mask,mixed,25,270920285,17,WAIT,WAIT,0.0903749605640769,False,False,False,False,False,False,True
random_ruehl_mask,mixed,26,270920286,1,BOMB,BOMB,0.10370800737291574,False,True,False,True,False,False,False
random_ruehl_mask,mixed,26,270920286,2,LEFT,LEFT,0.05020794924348593,False,False,False,False,False,False,False
random_ruehl_mask,mixed,26,270920286,3,LEFT,LEFT,0.06658409256488085,False,False,False,False,False,False,False
random_ruehl_mask,mixed,26,270920286,4,DOWN,DOWN,0.08658296428620815,False,False,False,False,False,False,False
random_ruehl_mask,mixed,26,270920286,5,DOWN,DOWN,0.07025001104921103,False,False,False,False,False,False,False
random_ruehl_mask,mixed,26,270920286,6,WAIT,WAIT,0.0729170860722661,False,False,False,False,False,False,False
random_ruehl_mask,mixed,26,270920286,7,WAIT,WAIT,0.054999953135848045,False,False,False,False,False,False,False
random_ruehl_mask,mixed,26,270920286,8,WAIT,WAIT,0.08541590068489313,False,False,False,False,False,False,False
random_ruehl_mask,mixed,26,270920286,9,UP,UP,0.07508404087275267,False,False,False,False,False,False,False
random_ruehl_mask,mixed,26,270920286,10,DOWN,DOWN,0.09458290878683329,False,False,False,False,False,False,False
random_ruehl_mask,mixed,26,270920286,11,WAIT,WAIT,0.07795903366059065,False,True,False,False,False,False,False
random_ruehl_mask,mixed,26,270920286,12,WAIT,WAIT,0.09133305866271257,False,False,False,False,False,False,False
random_ruehl_mask,mixed,26,270920286,13,WAIT,WAIT,0.0891250092536211,False,False,False,False,False,False,False
random_ruehl_mask,mixed,26,270920286,14,BOMB,BOMB,0.08887494914233685,False,False,False,True,False,False,False
random_ruehl_mask,mixed,26,270920286,15,UP,UP,0.048832967877388,False,False,False,False,False,False,False
random_ruehl_mask,mixed,26,270920286,16,UP,UP,0.037624966353178024,False,False,False,False,False,False,False
random_ruehl_mask,mixed,26,270920286,17,LEFT,LEFT,0.05224999040365219,False,False,False,False,False,False,False
random_ruehl_mask,mixed,26,270920286,18,WAIT,WAIT,0.04695798270404339,False,False,False,False,False,False,False
random_ruehl_mask,mixed,26,270920286,19,WAIT,WAIT,0.04741700831800699,False,False,False,False,False,False,False
random_ruehl_mask,mixed,26,270920286,20,RIGHT,RIGHT,0.03604206722229719,False,False,False,False,False,False,True
random_ruehl_mask,mixed,26,270920286,21,BOMB,BOMB,0.12700003571808338,False,True,False,True,False,False,True
random_ruehl_mask,mixed,26,270920286,22,RIGHT,RIGHT,0.07499998901039362,False,False,False,False,False,False,True
random_ruehl_mask,mixed,26,270920286,23,WAIT,WAIT,0.0677499920129776,False,False,False,False,False,False,True
random_ruehl_mask,mixed,26,270920286,24,WAIT,WAIT,0.06325007416307926,False,False,False,False,False,False,True
random_ruehl_mask,mixed,26,270920286,25,WAIT,WAIT,0.05579099524766207,False,False,False,False,False,False,True
random_ruehl_mask,mixed,27,270920287,1,RIGHT,RIGHT,0.11037499643862247,False,True,False,False,False,False,False
random_ruehl_mask,mixed,27,270920287,2,RIGHT,RIGHT,0.07741700392216444,False,False,False,False,False,False,False
random_ruehl_mask,mixed,27,270920287,3,BOMB,BOMB,0.11933303903788328,False,False,False,True,False,False,False
random_ruehl_mask,mixed,27,270920287,4,LEFT,LEFT,0.04245794843882322,False,False,False,False,False,False,False
random_ruehl_mask,mixed,27,270920287,5,WAIT,WAIT,0.05350005812942982,False,False,False,False,False,False,False
random_ruehl_mask,mixed,27,270920287,6,LEFT,LEFT,0.0588749535381794,False,False,False,False,False,False,False
random_ruehl_mask,mixed,27,270920287,7,UP,UP,0.05862489342689514,False,False,False,False,False,False,False
random_ruehl_mask,mixed,27,270920287,8,WAIT,WAIT,0.0653750030323863,False,False,False,False,False,False,False
random_ruehl_mask,mixed,27,270920287,9,WAIT,WAIT,0.04333304241299629,False,False,False,False,False,False,False
random_ruehl_mask,mixed,27,270920287,10,WAIT,WAIT,0.09241607040166855,False,False,False,False,False,False,True
random_ruehl_mask,mixed,27,270920287,11,BOMB,BOMB,0.07712491787970066,False,True,False,True,False,False,True
random_ruehl_mask,mixed,27,270920287,12,UP,UP,0.03987492527812719,False,False,False,False,False,False,True
random_ruehl_mask,mixed,27,270920287,13,WAIT,WAIT,0.053292023949325085,False,False,False,False,False,False,True
random_ruehl_mask,mixed,27,270920287,14,WAIT,WAIT,0.07470801938325167,False,False,False,False,False,False,True
random_ruehl_mask,mixed,27,270920287,15,WAIT,WAIT,0.07383304182440042,False,False,False,False,False,False,True
random_ruehl_mask,mixed,28,270920288,1,LEFT,LEFT,0.10033394210040569,False,True,False,False,False,False,False
random_ruehl_mask,mixed,28,270920288,2,BOMB,BOMB,0.07712503429502249,False,False,False,True,False,False,False
random_ruehl_mask,mixed,28,270920288,3,RIGHT,RIGHT,0.040499959141016006,False,False,False,False,False,False,False
random_ruehl_mask,mixed,28,270920288,4,UP,UP,0.039207981899380684,False,False,False,False,False,False,False
random_ruehl_mask,mixed,28,270920288,5,WAIT,WAIT,0.07508299313485622,False,False,False,False,False,False,False
random_ruehl_mask,mixed,28,270920288,6,WAIT,WAIT,0.06350001785904169,False,False,False,False,False,False,False
random_ruehl_mask,mixed,28,270920288,7,UP,UP,0.058542005717754364,False,False,False,False,False,False,False
random_ruehl_mask,mixed,28,270920288,8,LEFT,LEFT,0.039416016079485416,False,False,False,False,False,False,False
random_ruehl_mask,mixed,28,270920288,9,BOMB,BOMB,0.07454201113432646,False,False,False,True,False,False,False
random_ruehl_mask,mixed,28,270920288,10,RIGHT,RIGHT,0.06466708146035671,False,False,False,False,False,False,False
random_ruehl_mask,mixed,28,270920288,11,DOWN,DOWN,0.05779101047664881,False,True,False,False,False,False,False
random_ruehl_mask,mixed,28,270920288,12,WAIT,WAIT,0.07212499622255564,False,False,False,False,False,False,False
random_ruehl_mask,mixed,28,270920288,13,WAIT,WAIT,0.08925003930926323,False,False,False,False,False,False,False
random_ruehl_mask,mixed,28,270920288,14,WAIT,WAIT,0.08162506856024265,False,False,False,False,False,False,False
random_ruehl_mask,mixed,28,270920288,15,WAIT,WAIT,0.07183407433331013,False,False,False,False,False,False,False
random_ruehl_mask,mixed,28,270920288,16,UP,UP,0.0962080666795373,False,False,False,False,False,False,False
random_ruehl_mask,mixed,28,270920288,17,DOWN,DOWN,0.0855419784784317,False,False,False,False,False,False,False
random_ruehl_mask,mixed,28,270920288,18,DOWN,DOWN,0.09179196786135435,False,False,False,False,False,False,False
random_ruehl_mask,mixed,28,270920288,19,UP,UP,0.0890420051291585,False,False,False,False,False,False,False
random_ruehl_mask,mixed,28,270920288,20,DOWN,DOWN,0.08195801638066769,False,False,False,False,False,False,False
random_ruehl_mask,mixed,28,270920288,21,WAIT,WAIT,0.10862504132091999,False,True,False,False,False,False,False
random_ruehl_mask,mixed,28,270920288,22,WAIT,WAIT,0.11754198931157589,False,False,False,False,False,False,False
random_ruehl_mask,mixed,28,270920288,23,LEFT,LEFT,0.1177079975605011,False,False,False,False,False,False,False
random_ruehl_mask,mixed,28,270920288,24,RIGHT,RIGHT,0.06358290556818247,False,False,False,False,False,False,False
random_ruehl_mask,mixed,28,270920288,25,WAIT,WAIT,0.0968750100582838,False,False,False,False,False,False,False
random_ruehl_mask,mixed,28,270920288,26,LEFT,LEFT,0.085500068962574,False,False,False,False,False,False,False
random_ruehl_mask,mixed,28,270920288,27,LEFT,LEFT,0.058125006034970284,False,False,False,False,False,False,False
random_ruehl_mask,mixed,28,270920288,28,RIGHT,RIGHT,0.0902500469237566,False,False,False,False,False,False,False
random_ruehl_mask,mixed,28,270920288,29,RIGHT,RIGHT,0.059832935221493244,False,False,False,False,False,False,False
random_ruehl_mask,mixed,28,270920288,30,LEFT,LEFT,0.08487503509968519,False,False,False,False,False,False,False
random_ruehl_mask,mixed,28,270920288,31,WAIT,WAIT,0.07641594856977463,False,True,False,False,False,False,False
random_ruehl_mask,mixed,28,270920288,32,WAIT,WAIT,0.05674990825355053,False,False,False,False,False,False,False
random_ruehl_mask,mixed,28,270920288,33,RIGHT,RIGHT,0.06125005893409252,False,False,False,False,False,False,False
random_ruehl_mask,mixed,28,270920288,34,WAIT,WAIT,0.10741699952632189,False,False,False,False,False,False,False
random_ruehl_mask,mixed,28,270920288,35,LEFT,LEFT,0.10854192078113556,False,False,False,False,False,False,False
random_ruehl_mask,mixed,28,270920288,36,LEFT,LEFT,0.05483301356434822,False,False,False,False,False,False,False
random_ruehl_mask,mixed,28,270920288,37,LEFT,LEFT,0.10554201435297728,False,False,False,False,False,False,False
random_ruehl_mask,mixed,28,270920288,38,RIGHT,RIGHT,0.08508306927978992,False,False,False,False,False,False,False
random_ruehl_mask,mixed,28,270920288,39,WAIT,WAIT,0.09162502828985453,False,False,False,False,False,False,False
random_ruehl_mask,mixed,28,270920288,40,LEFT,LEFT,0.08737505413591862,False,False,False,False,False,False,False
random_ruehl_mask,mixed,28,270920288,41,LEFT,LEFT,0.08716701995581388,False,True,False,False,False,False,False
random_ruehl_mask,mixed,28,270920288,42,RIGHT,RIGHT,0.11158396955579519,False,False,False,False,False,False,False
random_ruehl_mask,mixed,28,270920288,43,LEFT,LEFT,0.09725010022521019,False,False,False,False,False,False,False
random_ruehl_mask,mixed,28,270920288,44,WAIT,WAIT,0.08824991527944803,False,False,False,False,False,False,False
random_ruehl_mask,mixed,28,270920288,45,BOMB,BOMB,0.11012505274266005,False,False,False,True,False,False,False
random_ruehl_mask,mixed,28,270920288,46,UP,UP,0.07495807949453592,False,False,False,False,False,False,False
random_ruehl_mask,mixed,28,270920288,47,UP,UP,0.0819170381873846,False,False,False,False,False,False,False
random_ruehl_mask,mixed,28,270920288,48,RIGHT,RIGHT,0.06970798131078482,False,False,False,False,False,False,False
random_ruehl_mask,mixed,28,270920288,49,RIGHT,RIGHT,0.09158393368124962,False,False,False,False,False,False,False
random_ruehl_mask,mixed,28,270920288,50,WAIT,WAIT,0.07120892405509949,False,False,False,False,False,False,False
random_ruehl_mask,mixed,28,270920288,51,LEFT,LEFT,0.05450006574392319,False,True,False,False,False,False,False
random_ruehl_mask,mixed,28,270920288,52,LEFT,LEFT,0.08049991447478533,False,False,False,False,False,False,False
random_ruehl_mask,mixed,28,270920288,53,WAIT,WAIT,0.13470801059156656,False,False,False,False,False,False,True
random_ruehl_mask,mixed,28,270920288,54,BOMB,BOMB,0.10525004472583532,False,False,False,True,False,False,True
random_ruehl_mask,mixed,28,270920288,55,UP,UP,0.06583309732377529,False,False,False,False,False,False,True
random_ruehl_mask,mixed,28,270920288,56,WAIT,WAIT,0.10254199150949717,False,False,False,False,False,False,True
random_ruehl_mask,mixed,28,270920288,57,WAIT,WAIT,0.07845798972994089,False,False,False,False,False,False,True
random_ruehl_mask,mixed,28,270920288,58,WAIT,WAIT,0.07941597141325474,False,False,False,False,False,False,True
random_ruehl_mask,mixed,29,270920289,1,WAIT,WAIT,0.11974992230534554,False,True,False,False,False,False,False
random_ruehl_mask,mixed,29,270920289,2,UP,UP,0.09404192678630352,False,False,False,False,False,False,False
random_ruehl_mask,mixed,29,270920289,3,BOMB,BOMB,0.1218749675899744,False,False,False,True,False,False,False
random_ruehl_mask,mixed,29,270920289,4,DOWN,DOWN,0.08112506475299597,False,False,False,False,False,False,False
random_ruehl_mask,mixed,29,270920289,5,LEFT,LEFT,0.06999995093792677,False,False,False,False,False,False,False
random_ruehl_mask,mixed,29,270920289,6,WAIT,WAIT,0.06733299233019352,False,False,False,False,False,False,False
random_ruehl_mask,mixed,29,270920289,7,WAIT,WAIT,0.10491698049008846,False,False,False,False,False,False,False
random_ruehl_mask,mixed,29,270920289,8,WAIT,WAIT,0.07624994032084942,False,False,False,False,False,False,False
random_ruehl_mask,mixed,29,270920289,9,RIGHT,RIGHT,0.06104202475398779,False,False,False,False,False,False,False
random_ruehl_mask,mixed,29,270920289,10,LEFT,LEFT,0.09912496898323298,False,False,False,False,False,False,False
random_ruehl_mask,mixed,29,270920289,11,WAIT,WAIT,0.11995900422334671,False,True,False,False,False,False,False
random_ruehl_mask,mixed,29,270920289,12,BOMB,BOMB,0.12395798694342375,False,False,False,True,False,False,False
random_ruehl_mask,mixed,29,270920289,13,RIGHT,RIGHT,0.07654097862541676,False,False,False,False,False,False,False
random_ruehl_mask,mixed,29,270920289,14,UP,UP,0.10741699952632189,False,False,False,False,False,False,False
random_ruehl_mask,mixed,29,270920289,15,UP,UP,0.08579203858971596,False,False,False,False,False,False,False
random_ruehl_mask,mixed,29,270920289,16,UP,UP,0.06950006354600191,False,False,False,False,False,False,False
random_ruehl_mask,mixed,29,270920289,17,DOWN,DOWN,0.09408302139490843,False,False,False,False,False,False,False
random_ruehl_mask,mixed,29,270920289,18,WAIT,WAIT,0.09254098404198885,False,False,False,False,False,False,False
random_ruehl_mask,mixed,29,270920289,19,DOWN,DOWN,0.11820800136774778,False,False,False,False,False,False,False
random_ruehl_mask,mixed,29,270920289,20,UP,UP,0.0706670107319951,False,False,False,False,False,False,False
random_ruehl_mask,mixed,29,270920289,21,DOWN,DOWN,0.11120806448161602,False,True,False,False,False,False,False
random_ruehl_mask,mixed,29,270920289,22,DOWN,DOWN,0.1004999503493309,False,False,False,False,False,False,False
random_ruehl_mask,mixed,29,270920289,23,LEFT,LEFT,0.08475000504404306,False,False,False,False,False,False,False
random_ruehl_mask,mixed,29,270920289,24,WAIT,WAIT,0.05749997217208147,False,False,False,False,False,False,False
random_ruehl_mask,mixed,29,270920289,25,RIGHT,RIGHT,0.051458016969263554,False,False,False,False,False,False,False
random_ruehl_mask,mixed,29,270920289,26,UP,UP,0.05095801316201687,False,False,False,False,False,False,False
random_ruehl_mask,mixed,29,270920289,27,UP,UP,0.05341705400496721,False,False,False,False,False,False,False
random_ruehl_mask,mixed,29,270920289,28,BOMB,BOMB,0.09337498340755701,False,False,False,True,False,False,False
random_ruehl_mask,mixed,29,270920289,29,DOWN,DOWN,0.0666249543428421,False,False,False,False,False,False,False
random_ruehl_mask,mixed,29,270920289,30,DOWN,DOWN,0.06074993871152401,False,False,False,False,False,False,False
random_ruehl_mask,mixed,29,270920289,31,LEFT,LEFT,0.05395803600549698,False,True,False,False,False,False,False
random_ruehl_mask,mixed,29,270920289,32,WAIT,WAIT,0.08554209489375353,False,False,False,False,False,False,False
random_ruehl_mask,mixed,29,270920289,33,WAIT,WAIT,0.058999983593821526,False,False,False,False,False,False,False
random_ruehl_mask,mixed,29,270920289,34,RIGHT,RIGHT,0.04591699689626694,False,False,False,False,False,False,False
random_ruehl_mask,mixed,29,270920289,35,UP,UP,0.06812496576458216,False,False,False,False,False,False,False
random_ruehl_mask,mixed,29,270920289,36,WAIT,WAIT,0.05720800254493952,False,False,False,False,False,False,False
random_ruehl_mask,mixed,29,270920289,37,DOWN,DOWN,0.08062506094574928,False,False,False,False,False,False,False
random_ruehl_mask,mixed,29,270920289,38,UP,UP,0.05937495734542608,False,False,False,False,False,False,False
random_ruehl_mask,mixed,29,270920289,39,DOWN,DOWN,0.05608296487480402,False,False,False,False,False,False,False
random_ruehl_mask,mixed,29,270920289,40,UP,UP,0.06379210390150547,False,False,False,False,False,False,False
random_ruehl_mask,mixed,29,270920289,41,WAIT,WAIT,0.058582983911037445,False,True,False,False,False,False,False
random_ruehl_mask,mixed,29,270920289,42,DOWN,DOWN,0.07404200732707977,False,False,False,False,False,False,False
random_ruehl_mask,mixed,29,270920289,43,WAIT,WAIT,0.06462505552917719,False,False,False,False,False,False,False
random_ruehl_mask,mixed,29,270920289,44,LEFT,LEFT,0.06237498018890619,False,False,False,False,False,False,False
random_ruehl_mask,mixed,29,270920289,45,LEFT,LEFT,0.05962501745671034,False,False,False,False,False,False,False
random_ruehl_mask,mixed,29,270920289,46,BOMB,BOMB,0.09583402425050735,False,False,False,True,False,False,False
random_ruehl_mask,mixed,29,270920289,47,RIGHT,RIGHT,0.03887503407895565,False,False,False,False,False,False,False
random_ruehl_mask,mixed,29,270920289,48,RIGHT,RIGHT,0.036041950806975365,False,False,False,False,False,False,False
random_ruehl_mask,mixed,29,270920289,49,UP,UP,0.048083020374178886,False,False,False,False,False,False,False
random_ruehl_mask,mixed,29,270920289,50,UP,UP,0.048416899517178535,False,False,False,False,False,False,False
random_ruehl_mask,mixed,29,270920289,51,WAIT,WAIT,0.07800001185387373,False,True,False,False,False,False,False
random_ruehl_mask,mixed,29,270920289,52,UP,UP,0.050749978981912136,False,False,False,False,False,False,False
random_ruehl_mask,mixed,29,270920289,53,BOMB,BOMB,0.09154202416539192,False,False,False,True,False,False,False
random_ruehl_mask,mixed,29,270920289,54,DOWN,DOWN,0.03799994010478258,False,False,False,False,False,False,False
random_ruehl_mask,mixed,29,270920289,55,WAIT,WAIT,0.050292001105844975,False,False,False,False,False,False,False
random_ruehl_mask,mixed,29,270920289,56,LEFT,LEFT,0.06879097782075405,False,False,False,False,False,False,False
random_ruehl_mask,mixed,29,270920289,57,WAIT,WAIT,0.07062498480081558,False,False,False,False,False,False,False
random_ruehl_mask,mixed,29,270920289,58,WAIT,WAIT,0.06595905870199203,False,False,False,False,False,False,False
random_ruehl_mask,mixed,29,270920289,59,WAIT,WAIT,0.05520798731595278,False,False,False,False,False,False,False
random_ruehl_mask,mixed,29,270920289,60,LEFT,LEFT,0.07566600106656551,False,False,False,False,False,False,True
random_ruehl_mask,mixed,29,270920289,61,BOMB,BOMB,0.12499990407377481,False,True,False,True,False,False,True
random_ruehl_mask,mixed,29,270920289,62,LEFT,LEFT,0.0654999166727066,False,False,False,False,False,False,True
random_ruehl_mask,mixed,29,270920289,63,WAIT,WAIT,0.05133403465151787,False,False,False,False,False,False,True
random_ruehl_mask,mixed,29,270920289,64,WAIT,WAIT,0.06354204379022121,False,False,False,False,False,False,True
random_ruehl_mask,mixed,29,270920289,65,WAIT,WAIT,0.048832967877388,False,False,False,False,False,False,True
random_ruehl_mask,mixed,30,270920290,1,BOMB,BOMB,0.12725009582936764,False,True,False,True,False,False,False
random_ruehl_mask,mixed,30,270920290,2,DOWN,DOWN,0.05804200191050768,False,False,False,False,False,False,False
random_ruehl_mask,mixed,30,270920290,3,WAIT,WAIT,0.03999995533376932,False,False,False,False,False,False,False
random_ruehl_mask,mixed,30,270920290,4,DOWN,DOWN,0.04979199729859829,False,False,False,False,False,False,False
random_ruehl_mask,mixed,30,270920290,5,RIGHT,RIGHT,0.07345806807279587,False,False,False,False,False,False,False
random_ruehl_mask,mixed,30,270920290,6,WAIT,WAIT,0.06166601087898016,False,False,False,False,False,False,False
random_ruehl_mask,mixed,30,270920290,7,LEFT,LEFT,0.04795799031853676,False,False,False,False,False,False,False
random_ruehl_mask,mixed,30,270920290,8,DOWN,DOWN,0.10787497740238905,False,False,False,False,False,False,False
random_ruehl_mask,mixed,30,270920290,9,WAIT,WAIT,0.07083395030349493,False,False,False,False,False,False,False
random_ruehl_mask,mixed,30,270920290,10,BOMB,BOMB,0.07133290637284517,False,False,False,True,False,False,False
random_ruehl_mask,mixed,30,270920290,11,UP,UP,0.03825000021606684,False,True,False,False,False,False,False
random_ruehl_mask,mixed,30,270920290,12,RIGHT,RIGHT,0.050915987230837345,False,False,False,False,False,False,False
random_ruehl_mask,mixed,30,270920290,13,WAIT,WAIT,0.05845795385539532,False,False,False,False,False,False,False
random_ruehl_mask,mixed,30,270920290,14,WAIT,WAIT,0.08779193740338087,False,False,False,False,False,False,False
random_ruehl_mask,mixed,30,270920290,15,WAIT,WAIT,0.07116596680134535,False,False,False,False,False,False,False
random_ruehl_mask,mixed,30,270920290,16,WAIT,WAIT,0.040041981264948845,False,False,False,False,False,False,False
random_ruehl_mask,mixed,30,270920290,17,BOMB,BOMB,0.09175005834549665,False,False,False,True,False,False,False
random_ruehl_mask,mixed,30,270920290,18,LEFT,LEFT,0.0786659074947238,False,False,False,False,False,False,False
random_ruehl_mask,mixed,30,270920290,19,UP,UP,0.055333017371594906,False,False,False,False,False,False,False
random_ruehl_mask,mixed,30,270920290,20,UP,UP,0.07195898797363043,False,False,False,False,False,False,False
random_ruehl_mask,mixed,30,270920290,21,DOWN,DOWN,0.09179208427667618,False,True,False,False,False,False,False
random_ruehl_mask,mixed,30,270920290,22,UP,UP,0.06516696885228157,False,False,False,False,False,False,False
random_ruehl_mask,mixed,30,270920290,23,DOWN,DOWN,0.03779109101742506,False,False,False,False,False,False,False
random_ruehl_mask,mixed,30,270920290,24,UP,UP,0.09237497579306364,False,False,False,False,False,False,False
random_ruehl_mask,mixed,30,270920290,25,DOWN,DOWN,0.06104097701609135,False,False,False,False,False,False,False
random_ruehl_mask,mixed,30,270920290,26,WAIT,WAIT,0.07233396172523499,False,False,False,False,False,False,False
random_ruehl_mask,mixed,30,270920290,27,DOWN,DOWN,0.057750032283365726,False,False,False,False,False,False,False
random_ruehl_mask,mixed,30,270920290,28,UP,UP,0.08774991147220135,False,False,False,False,False,False,False
random_ruehl_mask,mixed,30,270920290,29,DOWN,DOWN,0.08683395572006702,False,False,False,False,False,False,False
random_ruehl_mask,mixed,30,270920290,30,UP,UP,0.06912508979439735,False,False,False,False,False,False,False
random_ruehl_mask,mixed,30,270920290,31,DOWN,DOWN,0.06962497718632221,False,True,False,False,False,False,False
random_ruehl_mask,mixed,30,270920290,32,WAIT,WAIT,0.07850001566112041,False,False,False,False,False,False,False
random_ruehl_mask,mixed,30,270920290,33,WAIT,WAIT,0.11945900041610003,False,False,False,False,False,False,False
random_ruehl_mask,mixed,30,270920290,34,WAIT,WAIT,0.0617089681327343,False,False,False,False,False,False,False
random_ruehl_mask,mixed,30,270920290,35,UP,UP,0.0701249809935689,False,False,False,False,False,False,False
random_ruehl_mask,mixed,30,270920290,36,UP,UP,0.06116693839430809,False,False,False,False,False,False,False
random_ruehl_mask,mixed,30,270920290,37,DOWN,DOWN,0.1004580408334732,False,False,False,False,False,False,False
random_ruehl_mask,mixed,30,270920290,38,UP,UP,0.06633298471570015,False,False,False,False,False,False,False
random_ruehl_mask,mixed,30,270920290,39,DOWN,DOWN,0.057999975979328156,False,False,False,False,False,False,False
random_ruehl_mask,mixed,30,270920290,40,DOWN,DOWN,0.049291993491351604,False,False,False,False,False,False,False
random_ruehl_mask,mixed,30,270920290,41,WAIT,WAIT,0.06916699931025505,False,True,False,False,False,False,False
random_ruehl_mask,mixed,30,270920290,42,DOWN,DOWN,0.059416983276605606,False,False,False,False,False,False,False
random_ruehl_mask,mixed,30,270920290,43,WAIT,WAIT,0.0625409884378314,False,False,False,False,False,False,False
random_ruehl_mask,mixed,30,270920290,44,WAIT,WAIT,0.059083919040858746,False,False,False,False,False,False,False
random_ruehl_mask,mixed,30,270920290,45,DOWN,DOWN,0.06162503268569708,False,False,False,False,False,False,False
random_ruehl_mask,mixed,30,270920290,46,UP,UP,0.11229200754314661,False,False,False,False,False,False,False
random_ruehl_mask,mixed,30,270920290,47,UP,UP,0.06683403626084328,False,False,False,False,False,False,False
random_ruehl_mask,mixed,30,270920290,48,WAIT,WAIT,0.0975829316303134,False,False,False,False,False,False,False
random_ruehl_mask,mixed,30,270920290,49,UP,UP,0.07983297109603882,False,False,False,False,False,False,False
random_ruehl_mask,mixed,30,270920290,50,WAIT,WAIT,0.0849580392241478,False,False,False,False,False,False,False
random_ruehl_mask,mixed,30,270920290,51,DOWN,DOWN,0.08591602090746164,False,True,False,False,False,False,False
random_ruehl_mask,mixed,30,270920290,52,RIGHT,RIGHT,0.06250001024454832,False,False,False,False,False,False,False
random_ruehl_mask,mixed,30,270920290,53,RIGHT,RIGHT,0.07266690954566002,False,False,False,False,False,False,False
random_ruehl_mask,mixed,30,270920290,54,WAIT,WAIT,0.12441596481949091,False,False,False,False,False,False,False
random_ruehl_mask,mixed,30,270920290,55,RIGHT,RIGHT,0.10104093234986067,False,False,False,False,False,False,False
random_ruehl_mask,mixed,30,270920290,56,BOMB,BOMB,0.08324999362230301,False,False,False,True,False,False,False
random_ruehl_mask,mixed,30,270920290,57,LEFT,LEFT,0.05929195322096348,False,False,False,False,False,False,False
random_ruehl_mask,mixed,30,270920290,58,DOWN,DOWN,0.05708308890461922,False,False,False,False,False,False,False
random_ruehl_mask,mixed,30,270920290,59,WAIT,WAIT,0.05729193799197674,False,False,False,False,False,False,False
random_ruehl_mask,mixed,30,270920290,60,WAIT,WAIT,0.05183299072086811,False,False,False,False,False,False,False
random_ruehl_mask,mixed,30,270920290,61,WAIT,WAIT,0.06162503268569708,False,True,False,False,False,False,False
random_ruehl_mask,mixed,30,270920290,62,WAIT,WAIT,0.04712492227554321,False,False,False,False,False,False,False
random_ruehl_mask,mixed,30,270920290,63,BOMB,BOMB,0.07575005292892456,False,False,False,True,False,False,False
random_ruehl_mask,mixed,30,270920290,64,UP,UP,0.03541691694408655,False,False,False,False,False,False,False
random_ruehl_mask,mixed,30,270920290,65,LEFT,LEFT,0.035415985621511936,False,False,False,False,False,False,False
random_ruehl_mask,mixed,30,270920290,66,WAIT,WAIT,0.04437495954334736,False,False,False,False,False,False,False
random_ruehl_mask,mixed,30,270920290,67,LEFT,LEFT,0.061416998505592346,False,False,False,False,False,False,False
random_ruehl_mask,mixed,30,270920290,68,WAIT,WAIT,0.057833967730402946,False,False,False,False,False,False,False
random_ruehl_mask,mixed,30,270920290,69,UP,UP,0.06070802919566631,False,False,False,False,False,False,False
random_ruehl_mask,mixed,30,270920290,70,DOWN,DOWN,0.05779205821454525,False,False,False,False,False,False,False
random_ruehl_mask,mixed,30,270920290,71,UP,UP,0.051875016652047634,False,True,False,False,False,False,False
random_ruehl_mask,mixed,30,270920290,72,UP,UP,0.09712507016956806,False,False,False,False,False,False,False
random_ruehl_mask,mixed,30,270920290,73,RIGHT,RIGHT,0.06950006354600191,False,False,False,False,False,False,False
random_ruehl_mask,mixed,30,270920290,74,RIGHT,RIGHT,0.06812508217990398,False,False,False,False,False,False,False
random_ruehl_mask,mixed,30,270920290,75,WAIT,WAIT,0.05979195702821016,False,False,False,False,False,False,False
random_ruehl_mask,mixed,30,270920290,76,WAIT,WAIT,0.07029203698039055,False,False,False,False,False,False,False
random_ruehl_mask,mixed,30,270920290,77,DOWN,DOWN,0.06195798050612211,False,False,False,False,False,False,False
random_ruehl_mask,mixed,30,270920290,78,UP,UP,0.0588330440223217,False,False,False,False,False,False,False
random_ruehl_mask,mixed,30,270920290,79,LEFT,LEFT,0.057999975979328156,False,False,False,False,False,False,False
random_ruehl_mask,mixed,30,270920290,80,RIGHT,RIGHT,0.08195789996534586,False,False,False,False,False,False,False
random_ruehl_mask,mixed,30,270920290,81,RIGHT,RIGHT,0.08074997458606958,False,True,False,False,False,False,False
random_ruehl_mask,mixed,30,270920290,82,WAIT,WAIT,0.1882920041680336,False,False,False,False,False,False,False
random_ruehl_mask,mixed,30,270920290,83,LEFT,LEFT,0.06841693539172411,False,False,False,False,False,False,False
random_ruehl_mask,mixed,30,270920290,84,WAIT,WAIT,0.06674998439848423,False,False,False,False,False,False,False
random_ruehl_mask,mixed,30,270920290,85,LEFT,LEFT,0.06350001785904169,False,False,False,False,False,False,False
random_ruehl_mask,mixed,30,270920290,86,LEFT,LEFT,0.0789170153439045,False,False,False,False,False,False,False
random_ruehl_mask,mixed,30,270920290,87,RIGHT,RIGHT,0.05450006574392319,False,False,False,False,False,False,False
random_ruehl_mask,mixed,30,270920290,88,RIGHT,RIGHT,0.07533293683081865,False,False,False,False,False,False,False
random_ruehl_mask,mixed,30,270920290,89,RIGHT,RIGHT,0.08341704960912466,False,False,False,False,False,False,False
random_ruehl_mask,mixed,30,270920290,90,WAIT,WAIT,0.07595797069370747,False,False,False,False,False,False,False
random_ruehl_mask,mixed,30,270920290,91,LEFT,LEFT,0.09024993050843477,False,True,False,False,False,False,False
random_ruehl_mask,mixed,30,270920290,92,RIGHT,RIGHT,0.06800005212426186,False,False,False,False,False,False,False
random_ruehl_mask,mixed,30,270920290,93,WAIT,WAIT,0.054750009439885616,False,False,False,False,False,False,False
random_ruehl_mask,mixed,30,270920290,94,RIGHT,RIGHT,0.08154194802045822,False,False,False,False,False,False,False
random_ruehl_mask,mixed,30,270920290,95,WAIT,WAIT,0.12579199392348528,False,False,False,False,False,False,False
random_ruehl_mask,mixed,30,270920290,96,LEFT,LEFT,0.11270795948803425,False,False,False,False,False,False,False
random_ruehl_mask,mixed,30,270920290,97,LEFT,LEFT,0.05633395630866289,False,False,False,False,False,False,False
random_ruehl_mask,mixed,30,270920290,98,WAIT,WAIT,0.053459079936146736,False,False,False,False,False,False,False
random_ruehl_mask,mixed,30,270920290,99,LEFT,LEFT,0.05100003909319639,False,False,False,False,False,False,False
random_ruehl_mask,mixed,30,270920290,100,RIGHT,RIGHT,0.05000003147870302,False,False,False,False,False,False,False
random_ruehl_mask,mixed,30,270920290,101,RIGHT,RIGHT,0.06233295425772667,False,True,False,False,False,False,False
random_ruehl_mask,mixed,30,270920290,102,RIGHT,RIGHT,0.06933300755918026,False,False,False,False,False,False,False
random_ruehl_mask,mixed,30,270920290,103,RIGHT,RIGHT,0.10779197327792645,False,False,False,False,False,False,False
random_ruehl_mask,mixed,30,270920290,104,LEFT,LEFT,0.0790000194683671,False,False,False,False,False,False,False
random_ruehl_mask,mixed,30,270920290,105,BOMB,BOMB,0.08254102431237698,False,False,False,True,False,False,False
random_ruehl_mask,mixed,30,270920290,106,LEFT,LEFT,0.044375075958669186,False,False,False,False,False,False,False
random_ruehl_mask,mixed,30,270920290,107,WAIT,WAIT,0.03674998879432678,False,False,False,False,False,False,False
random_ruehl_mask,mixed,30,270920290,108,LEFT,LEFT,0.04804099444299936,False,False,False,False,False,False,False
random_ruehl_mask,mixed,30,270920290,109,DOWN,DOWN,0.061125028878450394,False,False,False,False,False,False,False
random_ruehl_mask,mixed,30,270920290,110,DOWN,DOWN,0.08062506094574928,False,False,False,False,False,False,False
random_ruehl_mask,mixed,30,270920290,111,DOWN,DOWN,0.06345799192786217,False,True,False,False,False,False,False
random_ruehl_mask,mixed,30,270920290,112,DOWN,DOWN,0.06312504410743713,False,False,False,False,False,False,False
random_ruehl_mask,mixed,30,270920290,113,BOMB,BOMB,0.10779104195535183,False,False,False,True,False,False,False
random_ruehl_mask,mixed,30,270920290,114,UP,UP,0.04629092290997505,False,False,False,False,False,False,False
random_ruehl_mask,mixed,30,270920290,115,WAIT,WAIT,0.04145794082432985,False,False,False,False,False,False,False
random_ruehl_mask,mixed,30,270920290,116,UP,UP,0.054416945204138756,False,False,False,False,False,False,False
random_ruehl_mask,mixed,30,270920290,117,RIGHT,RIGHT,0.07345899939537048,False,False,False,False,False,False,False
random_ruehl_mask,mixed,30,270920290,118,RIGHT,RIGHT,0.07783295586705208,False,False,False,False,False,False,False
random_ruehl_mask,mixed,30,270920290,119,WAIT,WAIT,0.06083399057388306,False,False,False,False,False,False,False
random_ruehl_mask,mixed,30,270920290,120,RIGHT,RIGHT,0.12937502469867468,False,False,False,False,False,False,False
random_ruehl_mask,mixed,30,270920290,121,RIGHT,RIGHT,0.07495807949453592,False,True,False,False,False,False,False
random_ruehl_mask,mixed,30,270920290,122,WAIT,WAIT,0.08899997919797897,False,False,False,False,False,False,False
random_ruehl_mask,mixed,30,270920290,123,BOMB,BOMB,0.10962504893541336,False,False,False,True,False,False,False
random_ruehl_mask,mixed,30,270920290,124,UP,UP,0.06320793181657791,False,False,False,False,False,False,False
random_ruehl_mask,mixed,30,270920290,125,UP,UP,0.07337506394833326,False,False,False,False,False,False,False
random_ruehl_mask,mixed,30,270920290,126,LEFT,LEFT,0.08191599044948816,False,False,False,False,False,False,False
random_ruehl_mask,mixed,30,270920290,127,WAIT,WAIT,0.10083301458507776,False,False,False,False,False,False,False
random_ruehl_mask,mixed,30,270920290,128,LEFT,LEFT,0.08441705722361803,False,False,False,False,False,False,False
random_ruehl_mask,mixed,30,270920290,129,RIGHT,RIGHT,0.08987495675683022,False,False,False,False,False,False,False
random_ruehl_mask,mixed,30,270920290,130,WAIT,WAIT,0.08379190694540739,False,False,False,False,False,False,False
random_ruehl_mask,mixed,30,270920290,131,RIGHT,RIGHT,0.08079200051724911,False,True,False,False,False,False,False
random_ruehl_mask,mixed,30,270920290,132,LEFT,LEFT,0.07670896593481302,False,False,False,False,False,False,False
random_ruehl_mask,mixed,30,270920290,133,LEFT,LEFT,0.05304196383804083,False,False,False,False,False,False,False
random_ruehl_mask,mixed,30,270920290,134,RIGHT,RIGHT,0.05333393346518278,False,False,False,False,False,False,False
random_ruehl_mask,mixed,30,270920290,135,WAIT,WAIT,0.07187493611127138,False,False,False,False,False,False,False
random_ruehl_mask,mixed,30,270920290,136,WAIT,WAIT,0.07579196244478226,False,False,False,False,False,False,False
random_ruehl_mask,mixed,30,270920290,137,WAIT,WAIT,0.07604097481817007,False,False,False,False,False,False,False
random_ruehl_mask,mixed,30,270920290,138,RIGHT,RIGHT,0.08399994112551212,False,False,False,False,False,False,False
random_ruehl_mask,mixed,30,270920290,139,WAIT,WAIT,0.08345895912498236,False,False,False,False,False,False,False
random_ruehl_mask,mixed,30,270920290,140,LEFT,LEFT,0.08116697426885366,False,False,False,False,False,False,False
random_ruehl_mask,mixed,30,270920290,141,LEFT,LEFT,0.06570899859070778,False,True,False,False,False,False,False
random_ruehl_mask,mixed,30,270920290,142,RIGHT,RIGHT,0.07008295506238937,False,False,False,False,False,False,False
random_ruehl_mask,mixed,30,270920290,143,WAIT,WAIT,0.05983305163681507,False,False,False,False,False,False,False
random_ruehl_mask,mixed,30,270920290,144,WAIT,WAIT,0.0500410096719861,False,False,False,False,False,False,False
random_ruehl_mask,mixed,30,270920290,145,LEFT,LEFT,0.08274998981505632,False,False,False,False,False,False,False
random_ruehl_mask,mixed,30,270920290,146,DOWN,DOWN,0.09329104796051979,False,False,False,False,False,False,False
random_ruehl_mask,mixed,30,270920290,147,UP,UP,0.1215840457007289,False,False,False,False,False,False,False
random_ruehl_mask,mixed,30,270920290,148,DOWN,DOWN,0.06529095117002726,False,False,False,False,False,False,False
random_ruehl_mask,mixed,30,270920290,149,DOWN,DOWN,0.06741692777723074,False,False,False,False,False,False,False
random_ruehl_mask,mixed,30,270920290,150,WAIT,WAIT,0.06466591730713844,False,False,False,False,False,False,False
random_ruehl_mask,mixed,30,270920290,151,LEFT,LEFT,0.06458302959799767,False,True,False,False,False,False,False
random_ruehl_mask,mixed,30,270920290,152,LEFT,LEFT,0.06429199129343033,False,False,False,False,False,False,False
random_ruehl_mask,mixed,30,270920290,153,DOWN,DOWN,0.08479203097522259,False,False,False,False,False,False,False
random_ruehl_mask,mixed,30,270920290,154,WAIT,WAIT,0.06829202175140381,False,False,False,False,False,False,False
random_ruehl_mask,mixed,30,270920290,155,WAIT,WAIT,0.07829198148101568,False,False,False,False,False,False,False
random_ruehl_mask,mixed,30,270920290,156,DOWN,DOWN,0.06900005973875523,False,False,False,False,False,False,False
random_ruehl_mask,mixed,30,270920290,157,RIGHT,RIGHT,0.054958974942564964,False,False,False,False,False,False,False
random_ruehl_mask,mixed,30,270920290,158,LEFT,LEFT,0.04920794162899256,False,False,False,False,False,False,False
random_ruehl_mask,mixed,30,270920290,159,RIGHT,RIGHT,0.07129204459488392,False,False,False,False,False,False,False
random_ruehl_mask,mixed,30,270920290,160,RIGHT,RIGHT,0.05170796066522598,False,False,False,False,False,False,False
random_ruehl_mask,mixed,30,270920290,161,WAIT,WAIT,0.06354192737489939,False,True,False,False,False,False,False
random_ruehl_mask,mixed,30,270920290,162,LEFT,LEFT,0.07466704118996859,False,False,False,False,False,False,False
random_ruehl_mask,mixed,30,270920290,163,LEFT,LEFT,0.06075005512684584,False,False,False,False,False,False,False
random_ruehl_mask,mixed,30,270920290,164,RIGHT,RIGHT,0.08008303120732307,False,False,False,False,False,False,False
random_ruehl_mask,mixed,30,270920290,165,WAIT,WAIT,0.0552500132471323,False,False,False,False,False,False,False
random_ruehl_mask,mixed,30,270920290,166,WAIT,WAIT,0.04733307287096977,False,False,False,False,False,False,False
random_ruehl_mask,mixed,30,270920290,167,LEFT,LEFT,0.044958083890378475,False,False,False,False,False,False,False
random_ruehl_mask,mixed,30,270920290,168,RIGHT,RIGHT,0.04958303179591894,False,False,False,False,False,False,False
random_ruehl_mask,mixed,30,270920290,169,RIGHT,RIGHT,0.04766706842929125,False,False,False,False,False,False,False
random_ruehl_mask,mixed,30,270920290,170,LEFT,LEFT,0.05345791578292847,False,False,False,False,False,False,False
random_ruehl_mask,mixed,30,270920290,171,LEFT,LEFT,0.04554190672934055,False,True,False,False,False,False,False
random_ruehl_mask,mixed,30,270920290,172,DOWN,DOWN,0.08583301678299904,False,False,False,False,False,False,False
random_ruehl_mask,mixed,30,270920290,173,WAIT,WAIT,0.06495800334960222,False,False,False,False,False,False,False
random_ruehl_mask,mixed,30,270920290,174,UP,UP,0.061208033002913,False,False,False,False,False,False,False
random_ruehl_mask,mixed,30,270920290,175,LEFT,LEFT,0.05262496415525675,False,False,False,False,False,False,False
random_ruehl_mask,mixed,30,270920290,176,LEFT,LEFT,0.06683298852294683,False,False,False,False,False,False,False
random_ruehl_mask,mixed,30,270920290,177,DOWN,DOWN,0.06741704419255257,False,False,False,False,False,False,False
random_ruehl_mask,mixed,30,270920290,178,DOWN,DOWN,0.0547909876331687,False,False,False,False,False,False,False
random_ruehl_mask,mixed,30,270920290,179,RIGHT,RIGHT,0.05558389239013195,False,False,False,False,False,False,False
random_ruehl_mask,mixed,30,270920290,180,LEFT,LEFT,0.07479207124561071,False,False,False,False,False,False,False
random_ruehl_mask,mixed,30,270920290,181,RIGHT,RIGHT,0.06270804442465305,False,True,False,False,False,False,False
random_ruehl_mask,mixed,30,270920290,182,RIGHT,RIGHT,0.06420898716896772,False,False,False,False,False,False,False
random_ruehl_mask,mixed,30,270920290,183,LEFT,LEFT,0.05470798350870609,False,False,False,False,False,False,False
random_ruehl_mask,mixed,30,270920290,184,WAIT,WAIT,0.05070795305073261,False,False,False,False,False,False,False
random_ruehl_mask,mixed,30,270920290,185,LEFT,LEFT,0.06366695743054152,False,False,False,False,False,False,False
random_ruehl_mask,mixed,30,270920290,186,RIGHT,RIGHT,0.05416607018560171,False,False,False,False,False,False,False
random_ruehl_mask,mixed,30,270920290,187,RIGHT,RIGHT,0.046042026951909065,False,False,False,False,False,False,False
random_ruehl_mask,mixed,30,270920290,188,LEFT,LEFT,0.051292008720338345,False,False,False,False,False,False,False
random_ruehl_mask,mixed,30,270920290,189,RIGHT,RIGHT,0.04383292980492115,False,False,False,False,False,False,False
random_ruehl_mask,mixed,30,270920290,190,DOWN,DOWN,0.0499580055475235,False,False,False,False,False,False,False
random_ruehl_mask,mixed,30,270920290,191,UP,UP,0.046915956772863865,False,True,False,False,False,False,False
random_ruehl_mask,mixed,30,270920290,192,LEFT,LEFT,0.07420906331390142,False,False,False,False,False,False,False
random_ruehl_mask,mixed,30,270920290,193,RIGHT,RIGHT,0.06145797669887543,False,False,False,False,False,False,False
random_ruehl_mask,mixed,30,270920290,194,DOWN,DOWN,0.061249942518770695,False,False,False,False,False,False,False
random_ruehl_mask,mixed,30,270920290,195,DOWN,DOWN,0.058875069953501225,False,False,False,False,False,False,False
random_ruehl_mask,mixed,30,270920290,196,RIGHT,RIGHT,0.07808406371623278,False,False,False,False,False,False,False
random_ruehl_mask,mixed,30,270920290,197,WAIT,WAIT,0.05566596519201994,False,False,False,False,False,False,False
random_ruehl_mask,mixed,30,270920290,198,LEFT,LEFT,0.05745899397879839,False,False,False,False,False,False,False
random_ruehl_mask,mixed,30,270920290,199,UP,UP,0.057750032283365726,False,False,False,False,False,False,False
random_ruehl_mask,mixed,30,270920290,200,UP,UP,0.05408306606113911,False,False,False,False,False,False,False
random_ruehl_mask,mixed,30,270920290,201,RIGHT,RIGHT,0.05733291618525982,False,True,False,False,False,False,False
random_ruehl_mask,mixed,30,270920290,202,LEFT,LEFT,0.06191595457494259,False,False,False,False,False,False,False
random_ruehl_mask,mixed,30,270920290,203,DOWN,DOWN,0.0837499974295497,False,False,False,False,False,False,False
random_ruehl_mask,mixed,30,270920290,204,UP,UP,0.0631249276921153,False,False,False,False,False,False,False
random_ruehl_mask,mixed,30,270920290,205,LEFT,LEFT,0.054582953453063965,False,False,False,False,False,False,False
random_ruehl_mask,mixed,30,270920290,206,RIGHT,RIGHT,0.04729209467768669,False,False,False,False,False,False,False
random_ruehl_mask,mixed,30,270920290,207,WAIT,WAIT,0.05749997217208147,False,False,False,False,False,False,False
random_ruehl_mask,mixed,30,270920290,208,UP,UP,0.06916699931025505,False,False,False,False,False,False,False
random_ruehl_mask,mixed,30,270920290,209,WAIT,WAIT,0.051541952416300774,False,False,False,False,False,False,False
random_ruehl_mask,mixed,30,270920290,210,WAIT,WAIT,0.04670792259275913,False,False,False,False,False,False,False
random_ruehl_mask,mixed,30,270920290,211,UP,UP,0.06724998820573092,False,True,False,False,False,False,False
random_ruehl_mask,mixed,30,270920290,212,RIGHT,RIGHT,0.060125021263957024,False,False,False,False,False,False,False
random_ruehl_mask,mixed,30,270920290,213,WAIT,WAIT,0.05570892244577408,False,False,False,False,False,False,False
random_ruehl_mask,mixed,30,270920290,214,RIGHT,RIGHT,0.06737501826137304,False,False,False,False,False,False,False
random_ruehl_mask,mixed,30,270920290,215,WAIT,WAIT,0.06391701754182577,False,False,False,False,False,False,False
random_ruehl_mask,mixed,30,270920290,216,LEFT,LEFT,0.05787494592368603,False,False,False,False,False,False,False
random_ruehl_mask,mixed,30,270920290,217,WAIT,WAIT,0.04900002386420965,False,False,False,False,False,False,False
random_ruehl_mask,mixed,30,270920290,218,WAIT,WAIT,0.06999995093792677,False,False,False,False,False,False,False
random_ruehl_mask,mixed,30,270920290,219,BOMB,BOMB,0.07891596760600805,False,False,False,True,True,False,False
random_ruehl_mask,mixed,30,270920290,220,LEFT,LEFT,0.03600004129111767,False,False,False,False,False,False,False
random_ruehl_mask,mixed,30,270920290,221,LEFT,LEFT,0.0363329891115427,False,True,False,False,False,False,False
random_ruehl_mask,mixed,30,270920290,222,RIGHT,RIGHT,0.04541699308902025,False,False,False,False,False,False,False
random_ruehl_mask,mixed,30,270920290,223,UP,UP,0.04325003828853369,False,False,False,False,False,False,False
random_ruehl_mask,mixed,30,270920290,224,WAIT,WAIT,0.04137493669986725,False,False,False,False,False,False,False
random_ruehl_mask,mixed,30,270920290,225,UP,UP,0.03716710489243269,False,False,False,False,False,False,False
random_ruehl_mask,mixed,30,270920290,226,LEFT,LEFT,0.051915994845330715,False,False,False,False,False,False,False
random_ruehl_mask,mixed,30,270920290,227,LEFT,LEFT,0.06079103332012892,False,False,False,False,False,False,False
random_ruehl_mask,mixed,30,270920290,228,UP,UP,0.05220796447247267,False,False,False,False,False,False,False
random_ruehl_mask,mixed,30,270920290,229,UP,UP,0.042584026232361794,False,False,False,False,False,False,False
random_ruehl_mask,mixed,30,270920290,230,RIGHT,RIGHT,0.04295795224606991,False,False,False,False,False,False,False
random_ruehl_mask,mixed,30,270920290,231,WAIT,WAIT,0.044584041461348534,False,True,False,False,False,False,False
random_ruehl_mask,mixed,30,270920290,232,WAIT,WAIT,0.05866703577339649,False,False,False,False,False,False,False
random_ruehl_mask,mixed,30,270920290,233,LEFT,LEFT,0.053459079936146736,False,False,False,False,False,False,False
random_ruehl_mask,mixed,30,270920290,234,WAIT,WAIT,0.06545800715684891,False,False,False,False,False,False,False
random_ruehl_mask,mixed,30,270920290,235,DOWN,DOWN,0.053750001825392246,False,False,False,False,False,False,False
random_ruehl_mask,mixed,30,270920290,236,WAIT,WAIT,0.05212507676333189,False,False,False,False,False,False,False
random_ruehl_mask,mixed,30,270920290,237,DOWN,DOWN,0.05437503568828106,False,False,False,False,False,False,False
random_ruehl_mask,mixed,30,270920290,238,RIGHT,RIGHT,0.08066697046160698,False,False,False,False,False,False,False
random_ruehl_mask,mixed,30,270920290,239,LEFT,LEFT,0.06075005512684584,False,False,False,False,False,False,False
random_ruehl_mask,mixed,30,270920290,240,DOWN,DOWN,0.07579196244478226,False,False,False,False,False,False,False
random_ruehl_mask,mixed,30,270920290,241,DOWN,DOWN,0.04295795224606991,False,True,False,False,False,False,False
random_ruehl_mask,mixed,30,270920290,242,DOWN,DOWN,0.08683290798217058,False,False,False,False,False,False,False
random_ruehl_mask,mixed,30,270920290,243,UP,UP,0.08725002408027649,False,False,False,False,False,False,False
random_ruehl_mask,mixed,30,270920290,244,WAIT,WAIT,0.11575000826269388,False,False,False,False,False,False,False
random_ruehl_mask,mixed,30,270920290,245,RIGHT,RIGHT,0.07837498560547829,False,False,False,False,False,False,False
random_ruehl_mask,mixed,30,270920290,246,LEFT,LEFT,0.045082997530698776,False,False,False,False,False,False,False
random_ruehl_mask,mixed,30,270920290,247,DOWN,DOWN,0.0713749323040247,False,False,False,False,False,False,False
random_ruehl_mask,mixed,30,270920290,248,BOMB,BOMB,0.06587500683963299,False,False,False,True,True,False,False
random_ruehl_mask,mixed,30,270920290,249,DOWN,DOWN,0.04866591189056635,False,False,False,False,False,False,False
random_ruehl_mask,mixed,30,270920290,250,RIGHT,RIGHT,0.05404104012995958,False,False,False,False,False,False,False
random_ruehl_mask,mixed,30,270920290,251,WAIT,WAIT,0.05512498319149017,False,True,False,False,False,False,False
random_ruehl_mask,mixed,30,270920290,252,RIGHT,RIGHT,0.054416945204138756,False,False,False,False,False,False,False
random_ruehl_mask,mixed,30,270920290,253,WAIT,WAIT,0.049458001740276814,False,False,False,False,False,False,False
random_ruehl_mask,mixed,30,270920290,254,LEFT,LEFT,0.057707889936864376,False,False,False,False,False,False,False
random_ruehl_mask,mixed,30,270920290,255,RIGHT,RIGHT,0.08704198990017176,False,False,False,False,False,False,False
random_ruehl_mask,mixed,30,270920290,256,DOWN,DOWN,0.09333295747637749,False,False,False,False,False,False,False
random_ruehl_mask,mixed,30,270920290,257,UP,UP,0.048791058361530304,False,False,False,False,False,False,False
random_ruehl_mask,mixed,30,270920290,258,WAIT,WAIT,0.09295798372477293,False,False,False,False,False,False,False
random_ruehl_mask,mixed,30,270920290,259,DOWN,DOWN,0.05991710349917412,False,False,False,False,False,False,False
random_ruehl_mask,mixed,30,270920290,260,DOWN,DOWN,0.05133403465151787,False,False,False,False,False,False,False
random_ruehl_mask,mixed,30,270920290,261,RIGHT,RIGHT,0.05625002086162567,False,True,False,False,False,False,False
random_ruehl_mask,mixed,30,270920290,262,WAIT,WAIT,0.07054093293845654,False,False,False,False,False,False,False
random_ruehl_mask,mixed,30,270920290,263,WAIT,WAIT,0.049791065976023674,False,False,False,False,False,False,False
random_ruehl_mask,mixed,30,270920290,264,BOMB,BOMB,0.05929195322096348,False,False,False,True,True,False,False
random_ruehl_mask,mixed,30,270920290,265,LEFT,LEFT,0.03370898775756359,False,False,False,False,False,False,False
random_ruehl_mask,mixed,30,270920290,266,WAIT,WAIT,0.038041966035962105,False,False,False,False,False,False,False
random_ruehl_mask,mixed,30,270920290,267,UP,UP,0.07399998139590025,False,False,False,False,False,False,False
random_ruehl_mask,mixed,30,270920290,268,WAIT,WAIT,0.059875077567994595,False,False,False,False,False,False,False
random_ruehl_mask,mixed,30,270920290,269,UP,UP,0.050584087148308754,False,False,False,False,False,False,False
random_ruehl_mask,mixed,30,270920290,270,WAIT,WAIT,0.035207951441407204,False,False,False,False,False,False,False
random_ruehl_mask,mixed,30,270920290,271,WAIT,WAIT,0.10216701775789261,False,True,False,False,False,False,False
random_ruehl_mask,mixed,30,270920290,272,DOWN,DOWN,0.09304191917181015,False,False,False,False,False,False,False
random_ruehl_mask,mixed,30,270920290,273,DOWN,DOWN,0.04924996756017208,False,False,False,False,False,False,False
random_ruehl_mask,mixed,30,270920290,274,LEFT,LEFT,0.06845803000032902,False,False,False,False,False,False,False
random_ruehl_mask,mixed,30,270920290,275,LEFT,LEFT,0.04875008016824722,False,False,False,False,False,False,False
random_ruehl_mask,mixed,30,270920290,276,DOWN,DOWN,0.049208989366889,False,False,False,False,False,False,False
random_ruehl_mask,mixed,30,270920290,277,WAIT,WAIT,0.04583306144922972,False,False,False,False,False,False,False
random_ruehl_mask,mixed,30,270920290,278,DOWN,DOWN,0.06404193118214607,False,False,False,False,False,False,False
random_ruehl_mask,mixed,30,270920290,279,RIGHT,RIGHT,0.08908298332244158,False,False,False,False,False,False,False
random_ruehl_mask,mixed,30,270920290,280,WAIT,WAIT,0.044625019654631615,False,False,False,False,False,False,True
random_ruehl_mask,mixed,30,270920290,281,WAIT,WAIT,0.055875047110021114,False,True,False,False,False,False,True
random_ruehl_mask,mixed,30,270920290,282,WAIT,WAIT,0.05816703196614981,False,False,False,False,False,False,True
random_ruehl_mask,mixed,30,270920290,283,WAIT,WAIT,0.05254102870821953,False,False,False,False,False,False,True
random_ruehl_mask,mixed,30,270920290,284,WAIT,WAIT,0.056416960433125496,False,False,False,False,False,False,True
random_ruehl_mask,mixed,30,270920290,285,RIGHT,RIGHT,0.05383300594985485,False,False,False,False,False,False,True
random_ruehl_mask,mixed,31,270920291,1,WAIT,WAIT,0.10012497659772635,False,True,False,False,False,False,False
random_ruehl_mask,mixed,31,270920291,2,UP,UP,0.07966707926243544,False,False,False,False,False,False,False
random_ruehl_mask,mixed,31,270920291,3,UP,UP,0.07912504952400923,False,False,False,False,False,False,True
random_ruehl_mask,mixed,31,270920291,4,BOMB,BOMB,0.11070794425904751,False,False,False,True,False,False,True
random_ruehl_mask,mixed,31,270920291,5,UP,UP,0.053458032198250294,False,False,False,False,False,False,True
random_ruehl_mask,mixed,31,270920291,6,WAIT,WAIT,0.059416983276605606,False,False,False,False,False,False,True
random_ruehl_mask,mixed,31,270920291,7,WAIT,WAIT,0.06500002928078175,False,False,False,False,False,False,True
random_ruehl_mask,mixed,31,270920291,8,WAIT,WAIT,0.05662499461323023,False,False,False,False,False,False,True
random_ruehl_mask,mixed,32,270920292,1,WAIT,WAIT,0.10729196947067976,False,True,False,False,False,False,False
random_ruehl_mask,mixed,32,270920292,2,WAIT,WAIT,0.08220900781452656,False,False,False,False,False,False,False
random_ruehl_mask,mixed,32,270920292,3,LEFT,LEFT,0.07412501145154238,False,False,False,False,False,False,False
random_ruehl_mask,mixed,32,270920292,4,RIGHT,RIGHT,0.06695801857858896,False,False,False,False,False,False,False
random_ruehl_mask,mixed,32,270920292,5,UP,UP,0.11595804244279861,False,False,False,False,False,False,False
random_ruehl_mask,mixed,32,270920292,6,BOMB,BOMB,0.0927910441532731,False,False,False,True,False,False,False
random_ruehl_mask,mixed,32,270920292,7,DOWN,DOWN,0.05533394869416952,False,False,False,False,False,False,False
random_ruehl_mask,mixed,32,270920292,8,LEFT,LEFT,0.04641700070351362,False,False,False,False,False,False,False
random_ruehl_mask,mixed,32,270920292,9,WAIT,WAIT,0.059832935221493244,False,False,False,False,False,False,False
random_ruehl_mask,mixed,32,270920292,10,WAIT,WAIT,0.04937499761581421,False,False,False,False,False,False,False
random_ruehl_mask,mixed,32,270920292,11,WAIT,WAIT,0.052458024583756924,False,True,False,False,False,False,False
random_ruehl_mask,mixed,32,270920292,12,RIGHT,RIGHT,0.048083020374178886,False,False,False,False,False,False,False
random_ruehl_mask,mixed,32,270920292,13,WAIT,WAIT,0.08566700853407383,False,False,False,False,False,False,False
random_ruehl_mask,mixed,32,270920292,14,WAIT,WAIT,0.09233294986188412,False,False,False,False,False,False,False
random_ruehl_mask,mixed,32,270920292,15,LEFT,LEFT,0.08479203097522259,False,False,False,False,False,False,False
random_ruehl_mask,mixed,32,270920292,16,BOMB,BOMB,0.0932919792830944,False,False,False,True,False,False,False
random_ruehl_mask,mixed,32,270920292,17,RIGHT,RIGHT,0.04395900759845972,False,False,False,False,False,False,False
random_ruehl_mask,mixed,32,270920292,18,WAIT,WAIT,0.0487080542370677,False,False,False,False,False,False,False
random_ruehl_mask,mixed,32,270920292,19,UP,UP,0.056750024668872356,False,False,False,False,False,False,False
random_ruehl_mask,mixed,32,270920292,20,WAIT,WAIT,0.049625057727098465,False,False,False,False,False,False,False
random_ruehl_mask,mixed,32,270920292,21,UP,UP,0.040375045500695705,False,True,False,False,False,False,False
random_ruehl_mask,mixed,32,270920292,22,DOWN,DOWN,0.05745899397879839,False,False,False,False,False,False,False
random_ruehl_mask,mixed,32,270920292,23,DOWN,DOWN,0.05720800254493952,False,False,False,False,False,False,False
random_ruehl_mask,mixed,32,270920292,24,WAIT,WAIT,0.053750001825392246,False,False,False,False,False,False,False
random_ruehl_mask,mixed,32,270920292,25,WAIT,WAIT,0.053625088185071945,False,False,False,False,False,False,False
random_ruehl_mask,mixed,32,270920292,26,WAIT,WAIT,0.053292023949325085,False,False,False,False,False,False,False
random_ruehl_mask,mixed,32,270920292,27,UP,UP,0.057333032600581646,False,False,False,False,False,False,False
random_ruehl_mask,mixed,32,270920292,28,UP,UP,0.056666089221835136,False,False,False,False,False,False,False
random_ruehl_mask,mixed,32,270920292,29,WAIT,WAIT,0.09966699872165918,False,False,False,False,False,False,False
random_ruehl_mask,mixed,32,270920292,30,DOWN,DOWN,0.11662498582154512,False,False,False,False,False,False,False
random_ruehl_mask,mixed,32,270920292,31,UP,UP,0.09124993812292814,False,True,False,False,False,False,False
random_ruehl_mask,mixed,32,270920292,32,DOWN,DOWN,0.0830420758575201,False,False,False,False,False,False,False
random_ruehl_mask,mixed,32,270920292,33,UP,UP,0.049458001740276814,False,False,False,False,False,False,False
random_ruehl_mask,mixed,32,270920292,34,UP,UP,0.08004100527614355,False,False,False,False,False,False,False
random_ruehl_mask,mixed,32,270920292,35,DOWN,DOWN,0.07408298552036285,False,False,False,False,False,False,False
random_ruehl_mask,mixed,32,270920292,36,UP,UP,0.07566704880446196,False,False,False,False,False,False,False
random_ruehl_mask,mixed,32,270920292,37,WAIT,WAIT,0.09241595398634672,False,False,False,False,False,False,False
random_ruehl_mask,mixed,32,270920292,38,WAIT,WAIT,0.1171668991446495,False,False,False,False,False,False,True
random_ruehl_mask,mixed,32,270920292,39,BOMB,BOMB,0.10054104495793581,False,False,False,True,False,False,True
random_ruehl_mask,mixed,32,270920292,40,UP,UP,0.04383292980492115,False,False,False,False,False,False,True
random_ruehl_mask,mixed,32,270920292,41,WAIT,WAIT,0.051332986913621426,False,False,False,False,False,False,True
random_ruehl_mask,mixed,32,270920292,42,WAIT,WAIT,0.054875039495527744,False,False,False,False,False,False,True
random_ruehl_mask,mixed,32,270920292,43,WAIT,WAIT,0.052541960030794144,False,False,False,False,False,False,True
random_ruehl_mask,mixed,33,270920293,1,DOWN,DOWN,0.0978340394794941,False,True,False,False,False,False,False
random_ruehl_mask,mixed,33,270920293,2,BOMB,BOMB,0.06883405148983002,False,False,False,True,False,False,False
random_ruehl_mask,mixed,33,270920293,3,UP,UP,0.0362499849870801,False,False,False,False,False,False,False
random_ruehl_mask,mixed,33,270920293,4,RIGHT,RIGHT,0.06133399438112974,False,False,False,False,False,False,False
random_ruehl_mask,mixed,33,270920293,5,WAIT,WAIT,0.07175002247095108,False,False,False,False,False,False,False
random_ruehl_mask,mixed,33,270920293,6,WAIT,WAIT,0.06091699469834566,False,False,False,False,False,False,False
random_ruehl_mask,mixed,33,270920293,7,WAIT,WAIT,0.056958990171551704,False,False,False,False,False,False,False
random_ruehl_mask,mixed,33,270920293,8,LEFT,LEFT,0.039083999581635,False,False,False,False,False,False,False
random_ruehl_mask,mixed,33,270920293,9,RIGHT,RIGHT,0.08300004992634058,False,False,False,False,False,False,False
random_ruehl_mask,mixed,33,270920293,10,WAIT,WAIT,0.09791692718863487,False,False,False,False,False,False,False
random_ruehl_mask,mixed,33,270920293,11,LEFT,LEFT,0.07750000804662704,False,True,False,False,False,False,True
random_ruehl_mask,mixed,33,270920293,12,BOMB,BOMB,0.09075005073100328,False,False,False,True,False,False,True
random_ruehl_mask,mixed,33,270920293,13,DOWN,DOWN,0.06833299994468689,False,False,False,False,False,False,True
random_ruehl_mask,mixed,33,270920293,14,DOWN,DOWN,0.06229104474186897,False,False,False,False,False,False,True
random_ruehl_mask,mixed,33,270920293,15,WAIT,WAIT,0.063000014051795,False,False,False,False,False,False,True
random_ruehl_mask,mixed,33,270920293,16,UP,UP,0.04629208706319332,False,False,False,False,False,False,True
random_ruehl_mask,mixed,34,270920294,1,WAIT,WAIT,0.0964159844443202,False,True,False,False,False,False,False
random_ruehl_mask,mixed,34,270920294,2,DOWN,DOWN,0.1087080454453826,False,False,False,False,False,False,False
random_ruehl_mask,mixed,34,270920294,3,WAIT,WAIT,0.08354196324944496,False,False,False,False,False,False,False
random_ruehl_mask,mixed,34,270920294,4,BOMB,BOMB,0.07029203698039055,False,False,False,True,False,False,False
random_ruehl_mask,mixed,34,270920294,5,UP,UP,0.059333047829568386,False,False,False,False,False,False,False
random_ruehl_mask,mixed,34,270920294,6,LEFT,LEFT,0.07833307608962059,False,False,False,False,False,False,False
random_ruehl_mask,mixed,34,270920294,7,WAIT,WAIT,0.09108299855142832,False,False,False,False,False,False,False
random_ruehl_mask,mixed,34,270920294,8,WAIT,WAIT,0.06779201794415712,False,False,False,False,False,False,False
random_ruehl_mask,mixed,34,270920294,9,WAIT,WAIT,0.04850002005696297,False,False,False,False,False,False,False
random_ruehl_mask,mixed,34,270920294,10,RIGHT,RIGHT,0.038291094824671745,False,False,False,False,False,False,False
random_ruehl_mask,mixed,34,270920294,11,DOWN,DOWN,0.10100007057189941,False,True,False,False,False,False,False
random_ruehl_mask,mixed,34,270920294,12,WAIT,WAIT,0.06866606418043375,False,False,False,False,False,False,False
random_ruehl_mask,mixed,34,270920294,13,UP,UP,0.08579192217439413,False,False,False,False,False,False,True
random_ruehl_mask,mixed,34,270920294,14,BOMB,BOMB,0.10316597763448954,False,False,False,True,False,False,True
random_ruehl_mask,mixed,34,270920294,15,LEFT,LEFT,0.05091703496873379,False,False,False,False,False,False,True
random_ruehl_mask,mixed,34,270920294,16,WAIT,WAIT,0.036541023291647434,False,False,False,False,False,False,True
random_ruehl_mask,mixed,34,270920294,17,WAIT,WAIT,0.050292001105844975,False,False,False,False,False,False,True
random_ruehl_mask,mixed,34,270920294,18,WAIT,WAIT,0.04508392885327339,False,False,False,False,False,False,True
random_ruehl_mask,mixed,35,270920295,1,LEFT,LEFT,0.1230830093845725,False,True,False,False,False,False,False
random_ruehl_mask,mixed,35,270920295,2,WAIT,WAIT,0.11095800437033176,False,False,False,False,False,False,False
random_ruehl_mask,mixed,35,270920295,3,WAIT,WAIT,0.17654208932071924,False,False,False,False,False,False,False
random_ruehl_mask,mixed,35,270920295,4,WAIT,WAIT,0.08945795707404613,False,False,False,False,False,False,False
random_ruehl_mask,mixed,35,270920295,5,WAIT,WAIT,0.116499955765903,False,False,False,False,False,False,False
random_ruehl_mask,mixed,35,270920295,6,LEFT,LEFT,0.09254203177988529,False,False,False,False,False,False,False
random_ruehl_mask,mixed,35,270920295,7,RIGHT,RIGHT,0.0941659091040492,False,False,False,False,False,False,False
random_ruehl_mask,mixed,35,270920295,8,LEFT,LEFT,0.15400000847876072,False,False,False,False,False,False,False
random_ruehl_mask,mixed,35,270920295,9,RIGHT,RIGHT,0.12787501327693462,False,False,False,False,False,False,False
random_ruehl_mask,mixed,35,270920295,10,LEFT,LEFT,0.10549998842179775,False,False,False,False,False,False,False
random_ruehl_mask,mixed,35,270920295,11,BOMB,BOMB,0.101707992143929,False,True,False,True,False,False,False
random_ruehl_mask,mixed,35,270920295,12,RIGHT,RIGHT,0.07087492849677801,False,False,False,False,False,False,False
random_ruehl_mask,mixed,35,270920295,13,RIGHT,RIGHT,0.0862079905346036,False,False,False,False,False,False,False
random_ruehl_mask,mixed,35,270920295,14,UP,UP,0.07162499241530895,False,False,False,False,False,False,False
random_ruehl_mask,mixed,35,270920295,15,UP,UP,0.061832950450479984,False,False,False,False,False,False,False
random_ruehl_mask,mixed,35,270920295,16,DOWN,DOWN,0.07829093374311924,False,False,False,False,False,False,False
random_ruehl_mask,mixed,35,270920295,17,WAIT,WAIT,0.05216698627918959,False,False,False,False,False,False,False
random_ruehl_mask,mixed,35,270920295,18,BOMB,BOMB,0.11508399620652199,False,False,False,True,False,False,False
random_ruehl_mask,mixed,35,270920295,19,UP,UP,0.0503340270370245,False,False,False,False,False,False,False
random_ruehl_mask,mixed,35,270920295,20,LEFT,LEFT,0.04983402322977781,False,False,False,False,False,False,False
random_ruehl_mask,mixed,35,270920295,21,LEFT,LEFT,0.08166697807610035,False,True,False,False,False,False,False
random_ruehl_mask,mixed,35,270920295,22,WAIT,WAIT,0.07366598583757877,False,False,False,False,False,False,False
random_ruehl_mask,mixed,35,270920295,23,UP,UP,0.07154198829084635,False,False,False,False,False,False,False
random_ruehl_mask,mixed,35,270920295,24,DOWN,DOWN,0.04449998959898949,False,False,False,False,False,False,False
random_ruehl_mask,mixed,35,270920295,25,UP,UP,0.09495904669165611,False,False,False,False,False,False,False
random_ruehl_mask,mixed,35,270920295,26,DOWN,DOWN,0.07220800034701824,False,False,False,False,False,False,False
random_ruehl_mask,mixed,35,270920295,27,UP,UP,0.14229200314730406,False,False,False,False,False,False,False
random_ruehl_mask,mixed,35,270920295,28,DOWN,DOWN,0.08591602090746164,False,False,False,False,False,False,False
random_ruehl_mask,mixed,35,270920295,29,RIGHT,RIGHT,0.09608303662389517,False,False,False,False,False,False,False
random_ruehl_mask,mixed,35,270920295,30,WAIT,WAIT,0.10062509682029486,False,False,False,False,False,False,False
random_ruehl_mask,mixed,35,270920295,31,RIGHT,RIGHT,0.1253749942407012,False,True,False,False,False,False,False
random_ruehl_mask,mixed,35,270920295,32,WAIT,WAIT,0.1366669312119484,False,False,False,False,False,False,False
random_ruehl_mask,mixed,35,270920295,33,UP,UP,0.19395898561924696,False,False,False,False,False,False,False
random_ruehl_mask,mixed,35,270920295,34,BOMB,BOMB,0.09245797991752625,False,False,False,True,False,False,False
random_ruehl_mask,mixed,35,270920295,35,DOWN,DOWN,0.06954208947718143,False,False,False,False,False,False,False
random_ruehl_mask,mixed,35,270920295,36,WAIT,WAIT,0.05679193418473005,False,False,False,False,False,False,False
random_ruehl_mask,mixed,35,270920295,37,LEFT,LEFT,0.19570905715227127,False,False,False,False,False,False,False
random_ruehl_mask,mixed,35,270920295,38,WAIT,WAIT,0.06795895751565695,False,False,False,False,False,False,False
random_ruehl_mask,mixed,35,270920295,39,LEFT,LEFT,0.06266601849347353,False,False,False,False,False,False,False
random_ruehl_mask,mixed,35,270920295,40,DOWN,DOWN,0.0665830448269844,False,False,False,False,False,False,False
random_ruehl_mask,mixed,35,270920295,41,DOWN,DOWN,0.09658304043114185,False,True,False,False,False,False,False
random_ruehl_mask,mixed,35,270920295,42,LEFT,LEFT,0.09229197166860104,False,False,False,False,False,False,False
random_ruehl_mask,mixed,35,270920295,43,WAIT,WAIT,0.11220795568078756,False,False,False,False,False,False,False
random_ruehl_mask,mixed,35,270920295,44,RIGHT,RIGHT,0.07512501906603575,False,False,False,False,False,False,False
random_ruehl_mask,mixed,35,270920295,45,RIGHT,RIGHT,0.05458400119096041,False,False,False,False,False,False,False
random_ruehl_mask,mixed,35,270920295,46,RIGHT,RIGHT,0.047874986194074154,False,False,False,False,False,False,False
random_ruehl_mask,mixed,35,270920295,47,LEFT,LEFT,0.08066697046160698,False,False,False,False,False,False,False
random_ruehl_mask,mixed,35,270920295,48,LEFT,LEFT,0.06425008177757263,False,False,False,False,False,False,False
random_ruehl_mask,mixed,35,270920295,49,RIGHT,RIGHT,0.07537507917732,False,False,False,False,False,False,False
random_ruehl_mask,mixed,35,270920295,50,WAIT,WAIT,0.05991698708385229,False,False,False,False,False,False,False
random_ruehl_mask,mixed,35,270920295,51,RIGHT,RIGHT,0.08512497879564762,False,True,False,False,False,False,False
random_ruehl_mask,mixed,35,270920295,52,UP,UP,0.08816702757030725,False,False,False,False,False,False,False
random_ruehl_mask,mixed,35,270920295,53,DOWN,DOWN,0.0624579843133688,False,False,False,False,False,False,False
random_ruehl_mask,mixed,35,270920295,54,LEFT,LEFT,0.052958959713578224,False,False,False,False,False,False,False
random_ruehl_mask,mixed,35,270920295,55,RIGHT,RIGHT,0.06662507075816393,False,False,False,False,False,False,False
random_ruehl_mask,mixed,35,270920295,56,WAIT,WAIT,0.07250008638948202,False,False,False,False,False,False,False
random_ruehl_mask,mixed,35,270920295,57,LEFT,LEFT,0.07129192817956209,False,False,False,False,False,False,False
random_ruehl_mask,mixed,35,270920295,58,RIGHT,RIGHT,0.059292069636285305,False,False,False,False,False,False,False
random_ruehl_mask,mixed,35,270920295,59,LEFT,LEFT,0.06975000724196434,False,False,False,False,False,False,False
random_ruehl_mask,mixed,35,270920295,60,BOMB,BOMB,0.077791977673769,False,False,False,True,True,False,False
random_ruehl_mask,mixed,35,270920295,61,RIGHT,RIGHT,0.07054198067635298,False,True,False,False,False,False,False
random_ruehl_mask,mixed,35,270920295,62,WAIT,WAIT,0.06066705100238323,False,False,False,False,False,False,False
random_ruehl_mask,mixed,35,270920295,63,UP,UP,0.06429094355553389,False,False,False,False,False,False,False
random_ruehl_mask,mixed,35,270920295,64,UP,UP,0.06637501064687967,False,False,False,False,False,False,False
random_ruehl_mask,mixed,35,270920295,65,WAIT,WAIT,0.07808394730091095,False,False,False,False,False,False,False
random_ruehl_mask,mixed,35,270920295,66,WAIT,WAIT,0.05266699008643627,False,False,False,False,False,False,False
random_ruehl_mask,mixed,35,270920295,67,BOMB,BOMB,0.13220892287790775,False,False,False,True,False,False,False
random_ruehl_mask,mixed,35,270920295,68,DOWN,DOWN,0.04583399277180433,False,False,False,False,False,False,False
random_ruehl_mask,mixed,35,270920295,69,DOWN,DOWN,0.08962501306086779,False,False,False,False,False,False,False
random_ruehl_mask,mixed,35,270920295,70,LEFT,LEFT,0.0797909451648593,False,False,False,False,False,False,False
random_ruehl_mask,mixed,35,270920295,71,WAIT,WAIT,0.07829198148101568,False,True,False,False,False,False,False
random_ruehl_mask,mixed,35,270920295,72,LEFT,LEFT,0.07558299694210291,False,False,False,False,False,False,False
random_ruehl_mask,mixed,35,270920295,73,UP,UP,0.054292031563818455,False,False,False,False,False,False,False
random_ruehl_mask,mixed,35,270920295,74,UP,UP,0.08583301678299904,False,False,False,False,False,False,False
random_ruehl_mask,mixed,35,270920295,75,LEFT,LEFT,0.12241699732840061,False,False,False,False,False,False,False
random_ruehl_mask,mixed,35,270920295,76,LEFT,LEFT,0.08074997458606958,False,False,False,False,False,False,False
random_ruehl_mask,mixed,35,270920295,77,WAIT,WAIT,0.11837505735456944,False,False,False,False,False,False,False
random_ruehl_mask,mixed,35,270920295,78,BOMB,BOMB,0.1194999786093831,False,False,False,True,False,False,False
random_ruehl_mask,mixed,35,270920295,79,RIGHT,RIGHT,0.07166701834648848,False,False,False,False,False,False,False
random_ruehl_mask,mixed,35,270920295,80,RIGHT,RIGHT,0.06800005212426186,False,False,False,False,False,False,False
random_ruehl_mask,mixed,35,270920295,81,DOWN,DOWN,0.07333396933972836,False,True,False,False,False,False,False
random_ruehl_mask,mixed,35,270920295,82,WAIT,WAIT,0.08525000885128975,False,False,False,False,False,False,False
random_ruehl_mask,mixed,35,270920295,83,DOWN,DOWN,0.07441698107868433,False,False,False,False,False,False,False
random_ruehl_mask,mixed,35,270920295,84,UP,UP,0.058125006034970284,False,False,False,False,False,False,False
random_ruehl_mask,mixed,35,270920295,85,UP,UP,0.060290913097560406,False,False,False,False,False,False,False
random_ruehl_mask,mixed,35,270920295,86,WAIT,WAIT,0.09537499863654375,False,False,False,False,False,False,False
random_ruehl_mask,mixed,35,270920295,87,UP,UP,0.06654206663370132,False,False,False,False,False,False,False
random_ruehl_mask,mixed,35,270920295,88,UP,UP,0.058959005400538445,False,False,False,False,False,False,False
random_ruehl_mask,mixed,35,270920295,89,UP,UP,0.08808297570794821,False,False,False,False,False,False,False
random_ruehl_mask,mixed,35,270920295,90,DOWN,DOWN,0.10462501086294651,False,False,False,False,False,False,True
random_ruehl_mask,mixed,35,270920295,91,BOMB,BOMB,0.1512920716777444,False,True,False,True,False,False,True
random_ruehl_mask,mixed,35,270920295,92,UP,UP,0.09720900561660528,False,False,False,False,False,False,True
random_ruehl_mask,mixed,35,270920295,93,WAIT,WAIT,0.08462497498840094,False,False,False,False,False,False,True
random_ruehl_mask,mixed,35,270920295,94,WAIT,WAIT,0.08641695603728294,False,False,False,False,False,False,True
random_ruehl_mask,mixed,35,270920295,95,WAIT,WAIT,0.0706670107319951,False,False,False,False,False,False,True
random_ruehl_mask,mixed,36,270920296,1,DOWN,DOWN,0.10554201435297728,False,True,False,False,False,False,False
random_ruehl_mask,mixed,36,270920296,2,BOMB,BOMB,0.07441593334078789,False,False,False,True,False,False,False
random_ruehl_mask,mixed,36,270920296,3,UP,UP,0.06829202175140381,False,False,False,False,False,False,False
random_ruehl_mask,mixed,36,270920296,4,RIGHT,RIGHT,0.06466696504503489,False,False,False,False,False,False,False
random_ruehl_mask,mixed,36,270920296,5,WAIT,WAIT,0.08462497498840094,False,False,False,False,False,False,False
random_ruehl_mask,mixed,36,270920296,6,WAIT,WAIT,0.08187501225620508,False,False,False,False,False,False,False
random_ruehl_mask,mixed,36,270920296,7,WAIT,WAIT,0.06258301436901093,False,False,False,False,False,False,False
random_ruehl_mask,mixed,36,270920296,8,LEFT,LEFT,0.085500068962574,False,False,False,False,False,False,True
random_ruehl_mask,mixed,36,270920296,9,BOMB,BOMB,0.10750000365078449,False,False,False,True,False,False,True
random_ruehl_mask,mixed,36,270920296,10,DOWN,DOWN,0.08154206443578005,False,False,False,False,False,False,True
random_ruehl_mask,mixed,36,270920296,11,DOWN,DOWN,0.06233295425772667,False,True,False,False,False,False,True
random_ruehl_mask,mixed,36,270920296,12,UP,UP,0.07029203698039055,False,False,False,False,False,False,True
random_ruehl_mask,mixed,36,270920296,13,WAIT,WAIT,0.07441698107868433,False,False,False,False,False,False,True
random_ruehl_mask,mixed,37,270920297,1,WAIT,WAIT,0.10120798833668232,False,True,False,False,False,False,False
random_ruehl_mask,mixed,37,270920297,2,WAIT,WAIT,0.08333311416208744,False,False,False,False,False,False,False
random_ruehl_mask,mixed,37,270920297,3,RIGHT,RIGHT,0.08316594175994396,False,False,False,False,False,False,False
random_ruehl_mask,mixed,37,270920297,4,WAIT,WAIT,0.08324999362230301,False,False,False,False,False,False,False
random_ruehl_mask,mixed,37,270920297,5,BOMB,BOMB,0.10499998461455107,False,False,False,True,False,False,False
random_ruehl_mask,mixed,37,270920297,6,LEFT,LEFT,0.059125013649463654,False,False,False,False,False,False,False
random_ruehl_mask,mixed,37,270920297,7,UP,UP,0.06904196925461292,False,False,False,False,False,False,False
random_ruehl_mask,mixed,37,270920297,8,UP,UP,0.06620795466005802,False,False,False,False,False,False,False
random_ruehl_mask,mixed,37,270920297,9,DOWN,DOWN,0.04795799031853676,False,False,False,False,False,False,False
random_ruehl_mask,mixed,37,270920297,10,UP,UP,0.0682090176269412,False,False,False,False,False,False,False
random_ruehl_mask,mixed,37,270920297,11,DOWN,DOWN,0.05737505853176117,False,True,False,False,False,False,False
random_ruehl_mask,mixed,37,270920297,12,WAIT,WAIT,0.08670799434185028,False,False,False,False,False,False,False
random_ruehl_mask,mixed,37,270920297,13,BOMB,BOMB,0.08995796088129282,False,False,False,True,False,False,False
random_ruehl_mask,mixed,37,270920297,14,DOWN,DOWN,0.06474996916949749,False,False,False,False,False,False,False
random_ruehl_mask,mixed,37,270920297,15,WAIT,WAIT,0.0539170578122139,False,False,False,False,False,False,False
random_ruehl_mask,mixed,37,270920297,16,RIGHT,RIGHT,0.04766695201396942,False,False,False,False,False,False,False
random_ruehl_mask,mixed,37,270920297,17,WAIT,WAIT,0.07158401422202587,False,False,False,False,False,False,False
random_ruehl_mask,mixed,37,270920297,18,WAIT,WAIT,0.051749986596405506,False,False,False,False,False,False,False
random_ruehl_mask,mixed,37,270920297,19,WAIT,WAIT,0.04137493669986725,False,False,False,False,False,False,False
random_ruehl_mask,mixed,37,270920297,20,LEFT,LEFT,0.0801250571385026,False,False,False,False,False,False,False
random_ruehl_mask,mixed,37,270920297,21,WAIT,WAIT,0.06999995093792677,False,True,False,False,False,False,False
random_ruehl_mask,mixed,37,270920297,22,RIGHT,RIGHT,0.08133298251777887,False,False,False,False,False,False,False
random_ruehl_mask,mixed,37,270920297,23,RIGHT,RIGHT,0.07954204920679331,False,False,False,False,False,False,False
random_ruehl_mask,mixed,37,270920297,24,WAIT,WAIT,0.0979170436039567,False,False,False,False,False,False,False
random_ruehl_mask,mixed,37,270920297,25,BOMB,BOMB,0.10491698049008846,False,False,False,True,False,False,False
random_ruehl_mask,mixed,37,270920297,26,LEFT,LEFT,0.0398330157622695,False,False,False,False,False,False,False
random_ruehl_mask,mixed,37,270920297,27,LEFT,LEFT,0.05949998740106821,False,False,False,False,False,False,False
random_ruehl_mask,mixed,37,270920297,28,UP,UP,0.06445799954235554,False,False,False,False,False,False,False
random_ruehl_mask,mixed,37,270920297,29,UP,UP,0.1650420017540455,False,False,False,False,False,False,False
random_ruehl_mask,mixed,37,270920297,30,WAIT,WAIT,0.09075005073100328,False,False,False,False,False,False,False
random_ruehl_mask,mixed,37,270920297,31,WAIT,WAIT,0.05433405749499798,False,True,False,False,False,False,False
random_ruehl_mask,mixed,37,270920297,32,UP,UP,0.15774997882544994,False,False,False,False,False,False,False
random_ruehl_mask,mixed,37,270920297,33,UP,UP,0.12245797552168369,False,False,False,False,False,False,True
random_ruehl_mask,mixed,37,270920297,34,BOMB,BOMB,0.11095800437033176,False,False,False,True,False,False,True
random_ruehl_mask,mixed,37,270920297,35,DOWN,DOWN,0.05833292379975319,False,False,False,False,False,False,True
random_ruehl_mask,mixed,37,270920297,36,WAIT,WAIT,0.05341705400496721,False,False,False,False,False,False,True
random_ruehl_mask,mixed,37,270920297,37,WAIT,WAIT,0.08104206062853336,False,False,False,False,False,False,True
random_ruehl_mask,mixed,37,270920297,38,DOWN,DOWN,0.060582999140024185,False,False,False,False,False,False,True
random_ruehl_mask,mixed,38,270920298,1,LEFT,LEFT,0.09824999142438173,False,True,False,False,False,False,False
random_ruehl_mask,mixed,38,270920298,2,BOMB,BOMB,0.07845798972994089,False,False,False,True,False,False,False
random_ruehl_mask,mixed,38,270920298,3,RIGHT,RIGHT,0.042500090785324574,False,False,False,False,False,False,False
random_ruehl_mask,mixed,38,270920298,4,WAIT,WAIT,0.05687493830919266,False,False,False,False,False,False,False
random_ruehl_mask,mixed,38,270920298,5,DOWN,DOWN,0.08629192598164082,False,False,False,False,False,False,False
random_ruehl_mask,mixed,38,270920298,6,WAIT,WAIT,0.06737501826137304,False,False,False,False,False,False,False
random_ruehl_mask,mixed,38,270920298,7,WAIT,WAIT,0.05450006574392319,False,False,False,False,False,False,False
random_ruehl_mask,mixed,38,270920298,8,WAIT,WAIT,0.06941694300621748,False,False,False,False,False,False,False
random_ruehl_mask,mixed,38,270920298,9,UP,UP,0.10270799975842237,False,False,False,False,False,False,True
random_ruehl_mask,mixed,38,270920298,10,BOMB,BOMB,0.08862500544637442,False,False,False,True,False,False,True
random_ruehl_mask,mixed,38,270920298,11,DOWN,DOWN,0.04191696643829346,False,True,True,False,False,False,True
random_ruehl_mask,mixed,38,270920298,12,WAIT,WAIT,0.06354192737489939,False,False,False,False,False,False,True
random_ruehl_mask,mixed,38,270920298,13,WAIT,WAIT,0.07841701153665781,False,False,False,False,False,False,True
random_ruehl_mask,mixed,38,270920298,14,WAIT,WAIT,0.07204199209809303,False,False,False,False,False,False,True
random_ruehl_mask,mixed,39,270920299,1,RIGHT,RIGHT,0.10750000365078449,False,True,False,False,False,False,False
random_ruehl_mask,mixed,39,270920299,2,BOMB,BOMB,0.10358297731727362,False,False,False,True,False,False,False
random_ruehl_mask,mixed,39,270920299,3,LEFT,LEFT,0.07587496656924486,False,False,False,False,False,False,False
random_ruehl_mask,mixed,39,270920299,4,DOWN,DOWN,0.060208956710994244,False,False,False,False,False,False,False
random_ruehl_mask,mixed,39,270920299,5,DOWN,DOWN,0.06975000724196434,False,False,False,False,False,False,False
random_ruehl_mask,mixed,39,270920299,6,RIGHT,RIGHT,0.09187497198581696,False,False,False,False,False,False,False
random_ruehl_mask,mixed,39,270920299,7,LEFT,LEFT,0.10404200293123722,False,False,False,False,False,False,False
random_ruehl_mask,mixed,39,270920299,8,RIGHT,RIGHT,0.06554205901920795,False,False,False,False,False,False,False
random_ruehl_mask,mixed,39,270920299,9,BOMB,BOMB,0.09754195343703032,False,False,False,True,False,False,False
random_ruehl_mask,mixed,39,270920299,10,LEFT,LEFT,0.04429207183420658,False,False,False,False,False,False,False
random_ruehl_mask,mixed,39,270920299,11,UP,UP,0.07650000043213367,False,True,False,False,False,False,False
random_ruehl_mask,mixed,39,270920299,12,UP,UP,0.062000006437301636,False,False,False,False,False,False,False
random_ruehl_mask,mixed,39,270920299,13,WAIT,WAIT,0.05866598803550005,False,False,False,False,False,False,False
random_ruehl_mask,mixed,39,270920299,14,DOWN,DOWN,0.065250089392066,False,False,False,False,False,False,False
random_ruehl_mask,mixed,39,270920299,15,WAIT,WAIT,0.0764590222388506,False,False,False,False,False,False,False
random_ruehl_mask,mixed,39,270920299,16,DOWN,DOWN,0.13016699813306332,False,False,False,False,False,False,False
random_ruehl_mask,mixed,39,270920299,17,WAIT,WAIT,0.10370893869549036,False,False,False,False,False,False,False
random_ruehl_mask,mixed,39,270920299,18,RIGHT,RIGHT,0.11224998161196709,False,False,False,False,False,False,False
random_ruehl_mask,mixed,39,270920299,19,WAIT,WAIT,0.06645906250923872,False,False,False,False,False,False,False
random_ruehl_mask,mixed,39,270920299,20,RIGHT,RIGHT,0.09570806287229061,False,False,False,False,False,False,False
random_ruehl_mask,mixed,39,270920299,21,WAIT,WAIT,0.10866695083677769,False,True,False,False,False,False,True
random_ruehl_mask,mixed,39,270920299,22,BOMB,BOMB,0.10691606439650059,False,False,False,True,False,False,True
random_ruehl_mask,mixed,39,270920299,23,RIGHT,RIGHT,0.08987507317215204,False,False,False,False,False,False,True
random_ruehl_mask,mixed,39,270920299,24,RIGHT,RIGHT,0.06412493530660868,False,False,False,False,False,False,True
random_ruehl_mask,mixed,39,270920299,25,WAIT,WAIT,0.14058395754545927,False,False,False,False,False,False,True
random_ruehl_mask,mixed,39,270920299,26,LEFT,LEFT,0.07858301978558302,False,False,False,False,False,False,True
random_ruehl_mask,mixed,40,270920300,1,LEFT,LEFT,0.1682499423623085,False,True,False,False,False,False,False
random_ruehl_mask,mixed,40,270920300,2,RIGHT,RIGHT,0.22808299399912357,False,False,False,False,False,False,False
random_ruehl_mask,mixed,40,270920300,3,DOWN,DOWN,0.16187503933906555,False,False,False,False,False,False,False
random_ruehl_mask,mixed,40,270920300,4,BOMB,BOMB,0.15912496019154787,False,False,False,True,False,False,False
random_ruehl_mask,mixed,40,270920300,5,UP,UP,0.09112502448260784,False,False,False,False,False,False,False
random_ruehl_mask,mixed,40,270920300,6,WAIT,WAIT,0.13050006236881018,False,False,False,False,False,False,False
random_ruehl_mask,mixed,40,270920300,7,LEFT,LEFT,0.12220896314829588,False,False,False,False,False,False,False
random_ruehl_mask,mixed,40,270920300,8,WAIT,WAIT,0.1984999980777502,False,False,False,False,False,False,False
random_ruehl_mask,mixed,40,270920300,9,WAIT,WAIT,0.07733399979770184,False,False,False,False,False,False,False
random_ruehl_mask,mixed,40,270920300,10,RIGHT,RIGHT,0.06737490184605122,False,False,False,False,False,False,False
random_ruehl_mask,mixed,40,270920300,11,WAIT,WAIT,0.11491600889712572,False,True,False,False,False,False,False
random_ruehl_mask,mixed,40,270920300,12,DOWN,DOWN,0.13141694944351912,False,False,False,False,False,False,False
random_ruehl_mask,mixed,40,270920300,13,UP,UP,0.09550002869218588,False,False,False,False,False,False,False
random_ruehl_mask,mixed,40,270920300,14,DOWN,DOWN,0.10716693941503763,False,False,False,False,False,False,False
random_ruehl_mask,mixed,40,270920300,15,DOWN,DOWN,0.08291599806398153,False,False,False,False,False,False,False
random_ruehl_mask,mixed,40,270920300,16,WAIT,WAIT,0.2530839992687106,False,False,False,False,False,False,False
random_ruehl_mask,mixed,40,270920300,17,UP,UP,0.1703340094536543,False,False,False,False,False,False,False
random_ruehl_mask,mixed,40,270920300,18,UP,UP,0.07391604594886303,False,False,False,False,False,False,False
random_ruehl_mask,mixed,40,270920300,19,LEFT,LEFT,0.09404204320162535,False,False,False,False,False,False,False
random_ruehl_mask,mixed,40,270920300,20,WAIT,WAIT,0.10841700714081526,False,False,False,False,False,False,False
random_ruehl_mask,mixed,40,270920300,21,BOMB,BOMB,0.11466699652373791,False,True,False,True,False,False,False
random_ruehl_mask,mixed,40,270920300,22,RIGHT,RIGHT,0.09300000965595245,False,False,False,False,False,False,False
random_ruehl_mask,mixed,40,270920300,23,WAIT,WAIT,0.05495804361999035,False,False,False,False,False,False,False
random_ruehl_mask,mixed,40,270920300,24,DOWN,DOWN,0.06391690112650394,False,False,False,False,False,False,False
random_ruehl_mask,mixed,40,270920300,25,DOWN,DOWN,0.07170799653977156,False,False,False,False,False,False,False
random_ruehl_mask,mixed,40,270920300,26,UP,UP,0.07049995474517345,False,False,False,False,False,False,False
random_ruehl_mask,mixed,40,270920300,27,DOWN,DOWN,0.060249934904277325,False,False,False,False,False,False,False
random_ruehl_mask,mixed,40,270920300,28,DOWN,DOWN,0.5568329943343997,False,False,False,False,False,False,False
random_ruehl_mask,mixed,40,270920300,29,DOWN,DOWN,0.12349989265203476,False,False,False,False,False,False,True
random_ruehl_mask,mixed,40,270920300,30,BOMB,BOMB,0.12466590851545334,False,False,False,True,False,False,True
random_ruehl_mask,mixed,40,270920300,31,UP,UP,0.09624997619539499,False,True,False,False,False,False,True
random_ruehl_mask,mixed,40,270920300,32,WAIT,WAIT,0.09045808110386133,False,False,False,False,False,False,True
random_ruehl_mask,mixed,40,270920300,33,WAIT,WAIT,1.2069999938830733,False,False,False,False,False,False,True
random_ruehl_mask,mixed,40,270920300,34,WAIT,WAIT,0.12845906894654036,False,False,False,False,False,False,True
random_ruehl_mask,mixed,41,270920301,1,WAIT,WAIT,0.11841591913253069,False,True,False,False,False,False,False
random_ruehl_mask,mixed,41,270920301,2,UP,UP,0.10050006676465273,False,False,False,False,False,False,False
random_ruehl_mask,mixed,41,270920301,3,BOMB,BOMB,0.15179195906966925,False,False,False,True,False,False,False
random_ruehl_mask,mixed,41,270920301,4,UP,UP,0.09300000965595245,False,False,False,False,False,False,False
random_ruehl_mask,mixed,41,270920301,5,WAIT,WAIT,0.07812492549419403,False,False,False,False,False,False,False
random_ruehl_mask,mixed,41,270920301,6,LEFT,LEFT,0.07891608402132988,False,False,False,False,False,False,False
random_ruehl_mask,mixed,41,270920301,7,WAIT,WAIT,0.06474996916949749,False,False,False,False,False,False,False
random_ruehl_mask,mixed,41,270920301,8,WAIT,WAIT,0.08162495214492083,False,False,False,False,False,False,False
random_ruehl_mask,mixed,41,270920301,9,RIGHT,RIGHT,1.333707943558693,False,False,False,False,False,False,False
random_ruehl_mask,mixed,41,270920301,10,UP,UP,0.21129194647073746,False,False,False,False,False,False,True
random_ruehl_mask,mixed,41,270920301,11,BOMB,BOMB,0.13895798474550247,False,True,False,True,False,False,True
random_ruehl_mask,mixed,41,270920301,12,UP,UP,0.09362504351884127,False,False,False,False,False,False,True
random_ruehl_mask,mixed,41,270920301,13,UP,UP,0.0885410699993372,False,False,False,False,False,False,True
random_ruehl_mask,mixed,41,270920301,14,DOWN,DOWN,0.1040410716086626,False,False,False,False,False,False,True
random_ruehl_mask,mixed,41,270920301,15,WAIT,WAIT,0.0939579913392663,False,False,False,False,False,False,True
random_ruehl_mask,mixed,42,270920302,1,WAIT,WAIT,0.12095796409994364,False,True,False,False,False,False,False
random_ruehl_mask,mixed,42,270920302,2,WAIT,WAIT,0.1153749180957675,False,False,False,False,False,False,False
random_ruehl_mask,mixed,42,270920302,3,WAIT,WAIT,0.09241595398634672,False,False,False,False,False,False,False
random_ruehl_mask,mixed,42,270920302,4,DOWN,DOWN,0.08124997839331627,False,False,False,False,False,False,False
random_ruehl_mask,mixed,42,270920302,5,BOMB,BOMB,0.11487503070384264,False,False,False,True,False,False,False
random_ruehl_mask,mixed,42,270920302,6,UP,UP,0.06458302959799767,False,False,False,False,False,False,False
random_ruehl_mask,mixed,42,270920302,7,LEFT,LEFT,0.07166690193116665,False,False,False,False,False,False,False
random_ruehl_mask,mixed,42,270920302,8,WAIT,WAIT,0.05975004751235247,False,False,False,False,False,False,False
random_ruehl_mask,mixed,42,270920302,9,WAIT,WAIT,0.06258406210690737,False,False,False,False,False,False,False
random_ruehl_mask,mixed,42,270920302,10,WAIT,WAIT,0.06624998059123755,False,False,False,False,False,False,False
random_ruehl_mask,mixed,42,270920302,11,WAIT,WAIT,0.0702079851180315,False,True,False,False,False,False,False
random_ruehl_mask,mixed,42,270920302,12,RIGHT,RIGHT,0.10262499563395977,False,False,False,False,False,False,False
random_ruehl_mask,mixed,42,270920302,13,DOWN,DOWN,0.12487499043345451,False,False,False,False,False,False,False
random_ruehl_mask,mixed,42,270920302,14,WAIT,WAIT,0.2359580248594284,False,False,False,False,False,False,False
random_ruehl_mask,mixed,42,270920302,15,DOWN,DOWN,0.09758409578353167,False,False,False,False,False,False,False
random_ruehl_mask,mixed,42,270920302,16,DOWN,DOWN,0.14412496238946915,False,False,False,False,False,False,False
random_ruehl_mask,mixed,42,270920302,17,WAIT,WAIT,0.11141691356897354,False,False,False,False,False,False,False
random_ruehl_mask,mixed,42,270920302,18,DOWN,DOWN,0.11737504974007607,False,False,False,False,False,False,False
random_ruehl_mask,mixed,42,270920302,19,WAIT,WAIT,0.10120891965925694,False,False,False,False,False,False,False
random_ruehl_mask,mixed,42,270920302,20,WAIT,WAIT,0.13520801439881325,False,False,False,False,False,False,False
random_ruehl_mask,mixed,42,270920302,21,BOMB,BOMB,0.13854203280061483,False,True,False,True,False,False,False
random_ruehl_mask,mixed,42,270920302,22,UP,UP,0.07691700011491776,False,False,False,False,False,False,False
random_ruehl_mask,mixed,42,270920302,23,UP,UP,0.081834034062922,False,False,False,False,False,False,False
random_ruehl_mask,mixed,42,270920302,24,UP,UP,0.06441597361117601,False,False,False,False,False,False,False
random_ruehl_mask,mixed,42,270920302,25,UP,UP,0.0842920271679759,False,False,False,False,False,False,False
random_ruehl_mask,mixed,42,270920302,26,WAIT,WAIT,0.10066700633615255,False,False,False,False,False,False,False
random_ruehl_mask,mixed,42,270920302,27,LEFT,LEFT,0.0647080596536398,False,False,False,False,False,False,False
random_ruehl_mask,mixed,42,270920302,28,RIGHT,RIGHT,0.13762502931058407,False,False,False,False,False,False,True
random_ruehl_mask,mixed,42,270920302,29,BOMB,BOMB,0.10137504432350397,False,False,False,True,False,False,True
random_ruehl_mask,mixed,42,270920302,30,DOWN,DOWN,0.06845803000032902,False,False,False,False,False,False,True
random_ruehl_mask,mixed,42,270920302,31,WAIT,WAIT,0.0666249543428421,False,True,True,False,False,False,True
random_ruehl_mask,mixed,42,270920302,32,DOWN,DOWN,0.10091601870954037,False,False,False,False,False,False,True
random_ruehl_mask,mixed,42,270920302,33,DOWN,DOWN,0.1040829811245203,False,False,False,False,False,False,True
random_ruehl_mask,mixed,43,270920303,1,RIGHT,RIGHT,0.12416706886142492,False,True,False,False,False,False,False
random_ruehl_mask,mixed,43,270920303,2,WAIT,WAIT,0.10887498501688242,False,False,False,False,False,False,False
random_ruehl_mask,mixed,43,270920303,3,WAIT,WAIT,0.10624993592500687,False,False,False,False,False,False,False
random_ruehl_mask,mixed,43,270920303,4,RIGHT,RIGHT,0.08445803541690111,False,False,False,False,False,False,False
random_ruehl_mask,mixed,43,270920303,5,BOMB,BOMB,0.12512505054473877,False,False,False,True,False,False,False
random_ruehl_mask,mixed,43,270920303,6,LEFT,LEFT,0.0867919297888875,False,False,False,False,False,False,False
random_ruehl_mask,mixed,43,270920303,7,LEFT,LEFT,0.15187496319413185,False,False,False,False,False,False,False
random_ruehl_mask,mixed,43,270920303,8,DOWN,DOWN,0.07170799653977156,False,False,False,False,False,False,False
random_ruehl_mask,mixed,43,270920303,9,WAIT,WAIT,0.07166701834648848,False,False,False,False,False,False,False
random_ruehl_mask,mixed,43,270920303,10,WAIT,WAIT,0.08145789615809917,False,False,False,False,False,False,False
random_ruehl_mask,mixed,43,270920303,11,DOWN,DOWN,0.0647080596536398,False,True,False,False,False,False,False
random_ruehl_mask,mixed,43,270920303,12,BOMB,BOMB,0.15241699293255806,False,False,False,True,False,False,False
random_ruehl_mask,mixed,43,270920303,13,UP,UP,0.12195797171443701,False,False,False,False,False,False,False
random_ruehl_mask,mixed,43,270920303,14,UP,UP,0.09541702456772327,False,False,False,False,False,False,False
random_ruehl_mask,mixed,43,270920303,15,RIGHT,RIGHT,0.10091601870954037,False,False,False,False,False,False,False
random_ruehl_mask,mixed,43,270920303,16,WAIT,WAIT,0.08379202336072922,False,False,False,False,False,False,False
random_ruehl_mask,mixed,43,270920303,17,WAIT,WAIT,0.06874999962747097,False,False,False,False,False,False,False
random_ruehl_mask,mixed,43,270920303,18,RIGHT,RIGHT,0.07025001104921103,False,False,False,False,False,False,False
random_ruehl_mask,mixed,43,270920303,19,WAIT,WAIT,0.09283307008445263,False,False,False,False,False,False,False
random_ruehl_mask,mixed,43,270920303,20,RIGHT,RIGHT,0.1055840402841568,False,False,False,False,False,False,False
random_ruehl_mask,mixed,43,270920303,21,LEFT,LEFT,0.1574999187141657,False,True,False,False,False,False,False
random_ruehl_mask,mixed,43,270920303,22,DOWN,DOWN,0.09966699872165918,False,False,False,False,False,False,False
random_ruehl_mask,mixed,43,270920303,23,DOWN,DOWN,0.4130839370191097,False,False,False,False,False,False,False
random_ruehl_mask,mixed,43,270920303,24,WAIT,WAIT,0.3585410304367542,False,False,False,False,False,False,False
random_ruehl_mask,mixed,43,270920303,25,WAIT,WAIT,0.13299996498972178,False,False,False,False,False,False,False
random_ruehl_mask,mixed,43,270920303,26,BOMB,BOMB,0.14800007920712233,False,False,False,True,False,False,False
random_ruehl_mask,mixed,43,270920303,27,LEFT,LEFT,0.08708296809345484,False,False,False,False,False,False,False
random_ruehl_mask,mixed,43,270920303,28,LEFT,LEFT,0.08512497879564762,False,False,False,False,False,False,False
random_ruehl_mask,mixed,43,270920303,29,UP,UP,0.0969999236986041,False,False,False,False,False,False,False
random_ruehl_mask,mixed,43,270920303,30,WAIT,WAIT,0.09524996858090162,False,False,False,False,False,False,False
random_ruehl_mask,mixed,43,270920303,31,UP,UP,0.0932919792830944,False,True,False,False,False,False,False
random_ruehl_mask,mixed,43,270920303,32,WAIT,WAIT,0.10258296970278025,False,False,False,False,False,False,False
random_ruehl_mask,mixed,43,270920303,33,RIGHT,RIGHT,0.10649999603629112,False,False,False,False,False,False,False
random_ruehl_mask,mixed,43,270920303,34,WAIT,WAIT,0.09350001346319914,False,False,False,False,False,False,False
random_ruehl_mask,mixed,43,270920303,35,LEFT,LEFT,0.07683294825255871,False,False,False,False,False,False,False
random_ruehl_mask,mixed,43,270920303,36,WAIT,WAIT,0.08933292701840401,False,False,False,False,False,False,False
random_ruehl_mask,mixed,43,270920303,37,RIGHT,RIGHT,0.13554200995713472,False,False,False,False,False,False,False
random_ruehl_mask,mixed,43,270920303,38,LEFT,LEFT,0.13333396054804325,False,False,False,False,False,False,False
random_ruehl_mask,mixed,43,270920303,39,WAIT,WAIT,0.14004099648445845,False,False,False,False,False,False,False
random_ruehl_mask,mixed,43,270920303,40,DOWN,DOWN,0.07637497037649155,False,False,False,False,False,False,False
random_ruehl_mask,mixed,43,270920303,41,UP,UP,0.4706659819930792,False,True,False,False,False,False,False
random_ruehl_mask,mixed,43,270920303,42,WAIT,WAIT,0.12029102072119713,False,False,False,False,False,False,False
random_ruehl_mask,mixed,43,270920303,43,DOWN,DOWN,0.11324998922646046,False,False,False,False,False,False,False
random_ruehl_mask,mixed,43,270920303,44,DOWN,DOWN,0.09870808571577072,False,False,False,False,False,False,False
random_ruehl_mask,mixed,43,270920303,45,UP,UP,0.1088329590857029,False,False,False,False,False,False,False
random_ruehl_mask,mixed,43,270920303,46,WAIT,WAIT,0.1276250695809722,False,False,False,False,False,False,False
random_ruehl_mask,mixed,43,270920303,47,DOWN,DOWN,0.12858293484896421,False,False,False,False,False,False,False
random_ruehl_mask,mixed,43,270920303,48,DOWN,DOWN,0.08358294144272804,False,False,False,False,False,False,False
random_ruehl_mask,mixed,43,270920303,49,DOWN,DOWN,0.07791700772941113,False,False,False,False,False,False,False
random_ruehl_mask,mixed,43,270920303,50,BOMB,BOMB,0.22220797836780548,False,False,False,True,False,False,False
random_ruehl_mask,mixed,43,270920303,51,DOWN,DOWN,0.12524996418505907,False,True,False,False,False,False,False
random_ruehl_mask,mixed,43,270920303,52,WAIT,WAIT,0.08829194121062756,False,False,False,False,False,False,False
random_ruehl_mask,mixed,43,270920303,53,DOWN,DOWN,0.24341605603694916,False,False,False,False,False,False,False
random_ruehl_mask,mixed,43,270920303,54,RIGHT,RIGHT,0.12633297592401505,False,False,False,False,False,False,False
random_ruehl_mask,mixed,43,270920303,55,WAIT,WAIT,0.08183298632502556,False,False,False,False,False,False,False
random_ruehl_mask,mixed,43,270920303,56,RIGHT,RIGHT,0.09020790457725525,False,False,False,False,False,False,False
random_ruehl_mask,mixed,43,270920303,57,LEFT,LEFT,0.2655839780345559,False,False,False,False,False,False,False
random_ruehl_mask,mixed,43,270920303,58,LEFT,LEFT,0.177707988768816,False,False,False,False,False,False,False
random_ruehl_mask,mixed,43,270920303,59,RIGHT,RIGHT,0.13625004794448614,False,False,False,False,False,False,False
random_ruehl_mask,mixed,43,270920303,60,WAIT,WAIT,0.12474996037781239,False,False,False,False,False,False,False
random_ruehl_mask,mixed,43,270920303,61,WAIT,WAIT,0.16720895655453205,False,True,False,False,False,False,False
random_ruehl_mask,mixed,43,270920303,62,RIGHT,RIGHT,0.2849159063771367,False,False,False,False,False,False,False
random_ruehl_mask,mixed,43,270920303,63,UP,UP,0.14633301179856062,False,False,False,False,False,False,False
random_ruehl_mask,mixed,43,270920303,64,BOMB,BOMB,0.19925006199628115,False,False,False,True,False,False,False
random_ruehl_mask,mixed,43,270920303,65,DOWN,DOWN,0.12129207607358694,False,False,False,False,False,False,False
random_ruehl_mask,mixed,43,270920303,66,WAIT,WAIT,0.13316702097654343,False,False,False,False,False,False,False
random_ruehl_mask,mixed,43,270920303,67,LEFT,LEFT,0.3554589347913861,False,False,False,False,False,False,False
random_ruehl_mask,mixed,43,270920303,68,LEFT,LEFT,0.11562497820705175,False,False,False,False,False,False,False
random_ruehl_mask,mixed,43,270920303,69,RIGHT,RIGHT,0.17316697631031275,False,False,False,False,False,False,False
random_ruehl_mask,mixed,43,270920303,70,WAIT,WAIT,0.1608340535312891,False,False,False,False,False,False,False
random_ruehl_mask,mixed,43,270920303,71,LEFT,LEFT,0.15191698912531137,False,True,False,False,False,False,False
random_ruehl_mask,mixed,43,270920303,72,RIGHT,RIGHT,0.27674995362758636,False,False,False,False,False,False,False
random_ruehl_mask,mixed,43,270920303,73,LEFT,LEFT,0.21895801182836294,False,False,False,False,False,False,False
random_ruehl_mask,mixed,43,270920303,74,RIGHT,RIGHT,0.15295797493308783,False,False,False,False,False,False,False
random_ruehl_mask,mixed,43,270920303,75,BOMB,BOMB,0.11300004553049803,False,False,False,True,False,False,False
random_ruehl_mask,mixed,43,270920303,76,RIGHT,RIGHT,0.05925004370510578,False,False,False,False,False,False,False
random_ruehl_mask,mixed,43,270920303,77,WAIT,WAIT,0.08479203097522259,False,False,False,False,False,False,False
random_ruehl_mask,mixed,43,270920303,78,UP,UP,0.09570806287229061,False,False,False,False,False,False,False
random_ruehl_mask,mixed,43,270920303,79,WAIT,WAIT,0.08537503890693188,False,False,False,False,False,False,False
random_ruehl_mask,mixed,43,270920303,80,UP,UP,0.06570899859070778,False,False,False,False,False,False,False
random_ruehl_mask,mixed,43,270920303,81,LEFT,LEFT,0.044082989916205406,False,True,False,False,False,False,False
random_ruehl_mask,mixed,43,270920303,82,LEFT,LEFT,0.0827079638838768,False,False,False,False,False,False,False
random_ruehl_mask,mixed,43,270920303,83,WAIT,WAIT,0.06962497718632221,False,False,False,False,False,False,False
random_ruehl_mask,mixed,43,270920303,84,WAIT,WAIT,0.06770901381969452,False,False,False,False,False,False,False
random_ruehl_mask,mixed,43,270920303,85,WAIT,WAIT,0.09833392687141895,False,False,False,False,False,False,False
random_ruehl_mask,mixed,43,270920303,86,UP,UP,0.09191699791699648,False,False,False,False,False,False,False
random_ruehl_mask,mixed,43,270920303,87,WAIT,WAIT,0.0636660261079669,False,False,False,False,False,False,False
random_ruehl_mask,mixed,43,270920303,88,WAIT,WAIT,0.06741692777723074,False,False,False,False,False,False,False
random_ruehl_mask,mixed,43,270920303,89,WAIT,WAIT,0.0865840120241046,False,False,False,False,False,False,False
random_ruehl_mask,mixed,43,270920303,90,DOWN,DOWN,0.512625090777874,False,False,False,False,False,False,False
random_ruehl_mask,mixed,43,270920303,91,DOWN,DOWN,0.08704198990017176,False,True,False,False,False,False,False
random_ruehl_mask,mixed,43,270920303,92,DOWN,DOWN,0.07720896974205971,False,False,False,False,False,False,False
random_ruehl_mask,mixed,43,270920303,93,UP,UP,0.1024159137159586,False,False,False,False,False,False,False
random_ruehl_mask,mixed,43,270920303,94,UP,UP,0.10304199531674385,False,False,False,False,False,False,False
random_ruehl_mask,mixed,43,270920303,95,RIGHT,RIGHT,0.07958302740007639,False,False,False,False,False,False,False
random_ruehl_mask,mixed,43,270920303,96,LEFT,LEFT,0.10720896534621716,False,False,False,False,False,False,False
random_ruehl_mask,mixed,43,270920303,97,DOWN,DOWN,0.17695792485028505,False,False,False,False,False,False,False
random_ruehl_mask,mixed,43,270920303,98,WAIT,WAIT,0.19024999346584082,False,False,False,False,False,False,False
random_ruehl_mask,mixed,43,270920303,99,DOWN,DOWN,0.08241704199463129,False,False,False,False,False,False,False
random_ruehl_mask,mixed,43,270920303,100,RIGHT,RIGHT,0.11004204861819744,False,False,False,False,False,False,False
random_ruehl_mask,mixed,43,270920303,101,LEFT,LEFT,0.10029191616922617,False,True,False,False,False,False,False
random_ruehl_mask,mixed,43,270920303,102,UP,UP,0.09366695303469896,False,False,False,False,False,False,False
random_ruehl_mask,mixed,43,270920303,103,DOWN,DOWN,0.06554194260388613,False,False,False,False,False,False,False
random_ruehl_mask,mixed,43,270920303,104,DOWN,DOWN,0.07070798892527819,False,False,False,False,False,False,False
random_ruehl_mask,mixed,43,270920303,105,WAIT,WAIT,0.21249998826533556,False,False,False,False,False,False,False
random_ruehl_mask,mixed,43,270920303,106,DOWN,DOWN,0.1152910990640521,False,False,False,False,False,False,False
random_ruehl_mask,mixed,43,270920303,107,BOMB,BOMB,0.12116704601794481,False,False,False,True,False,False,False
random_ruehl_mask,mixed,43,270920303,108,UP,UP,0.0463749747723341,False,False,False,False,False,False,False
random_ruehl_mask,mixed,43,270920303,109,WAIT,WAIT,0.07416692096740007,False,False,False,False,False,False,False
random_ruehl_mask,mixed,43,270920303,110,UP,UP,0.08891604375094175,False,False,False,False,False,False,False
random_ruehl_mask,mixed,43,270920303,111,RIGHT,RIGHT,0.08500006515532732,False,True,False,False,False,False,False
random_ruehl_mask,mixed,43,270920303,112,RIGHT,RIGHT,0.08283299393951893,False,False,False,False,False,False,False
random_ruehl_mask,mixed,43,270920303,113,UP,UP,0.09491702076047659,False,False,False,False,False,False,False
random_ruehl_mask,mixed,43,270920303,114,WAIT,WAIT,0.08775002788752317,False,False,False,False,False,False,False
random_ruehl_mask,mixed,43,270920303,115,DOWN,DOWN,0.1562919933348894,False,False,False,False,False,False,False
random_ruehl_mask,mixed,43,270920303,116,RIGHT,RIGHT,0.13745797332376242,False,False,False,False,False,False,False
random_ruehl_mask,mixed,43,270920303,117,RIGHT,RIGHT,0.20937493536621332,False,False,False,False,False,False,False
random_ruehl_mask,mixed,43,270920303,118,LEFT,LEFT,0.1715420512482524,False,False,False,False,False,False,False
random_ruehl_mask,mixed,43,270920303,119,LEFT,LEFT,0.17029093578457832,False,False,False,False,False,False,False
random_ruehl_mask,mixed,43,270920303,120,UP,UP,0.4830419784411788,False,False,False,False,False,False,False
random_ruehl_mask,mixed,43,270920303,121,UP,UP,0.14216697309166193,False,True,False,False,False,False,False
random_ruehl_mask,mixed,43,270920303,122,LEFT,LEFT,0.14179095160216093,False,False,False,False,False,False,False
random_ruehl_mask,mixed,43,270920303,123,LEFT,LEFT,0.091583002358675,False,False,False,False,False,False,False
random_ruehl_mask,mixed,43,270920303,124,DOWN,DOWN,0.11970801278948784,False,False,False,False,False,False,False
random_ruehl_mask,mixed,43,270920303,125,DOWN,DOWN,0.06837502587586641,False,False,False,False,False,False,False
random_ruehl_mask,mixed,43,270920303,126,DOWN,DOWN,0.16837497241795063,False,False,False,False,False,False,False
random_ruehl_mask,mixed,43,270920303,127,UP,UP,0.11504197027534246,False,False,False,False,False,False,False
random_ruehl_mask,mixed,43,270920303,128,RIGHT,RIGHT,0.09483296889811754,False,False,False,False,False,False,False
random_ruehl_mask,mixed,43,270920303,129,BOMB,BOMB,0.10025000665336847,False,False,False,True,True,False,False
random_ruehl_mask,mixed,43,270920303,130,LEFT,LEFT,0.06624998059123755,False,False,False,False,False,False,False
random_ruehl_mask,mixed,43,270920303,131,UP,UP,0.1075830077752471,False,True,False,False,False,False,False
random_ruehl_mask,mixed,43,270920303,132,WAIT,WAIT,0.10800000745803118,False,False,False,False,False,False,False
random_ruehl_mask,mixed,43,270920303,133,WAIT,WAIT,0.09120802860707045,False,False,False,False,False,False,False
random_ruehl_mask,mixed,43,270920303,134,UP,UP,0.12262491509318352,False,False,False,False,False,False,False
random_ruehl_mask,mixed,43,270920303,135,RIGHT,RIGHT,0.13212498743087053,False,False,False,False,False,False,False
random_ruehl_mask,mixed,43,270920303,136,LEFT,LEFT,0.09874999523162842,False,False,False,False,False,False,False
random_ruehl_mask,mixed,43,270920303,137,RIGHT,RIGHT,0.11158303823322058,False,False,False,False,False,False,False
random_ruehl_mask,mixed,43,270920303,138,RIGHT,RIGHT,0.08708296809345484,False,False,False,False,False,False,False
random_ruehl_mask,mixed,43,270920303,139,RIGHT,RIGHT,0.2919579856097698,False,False,False,False,False,False,False
random_ruehl_mask,mixed,43,270920303,140,LEFT,LEFT,0.08683302439749241,False,False,False,False,False,False,False
random_ruehl_mask,mixed,43,270920303,141,WAIT,WAIT,0.15674997121095657,False,True,False,False,False,False,False
random_ruehl_mask,mixed,43,270920303,142,LEFT,LEFT,0.10095804464071989,False,False,False,False,False,False,False
random_ruehl_mask,mixed,43,270920303,143,RIGHT,RIGHT,0.1365420175716281,False,False,False,False,False,False,False
random_ruehl_mask,mixed,43,270920303,144,WAIT,WAIT,0.13158307410776615,False,False,False,False,False,False,False
random_ruehl_mask,mixed,43,270920303,145,WAIT,WAIT,0.33033406361937523,False,False,False,False,False,False,False
random_ruehl_mask,mixed,43,270920303,146,UP,UP,0.25054102297872305,False,False,False,False,False,False,False
random_ruehl_mask,mixed,43,270920303,147,DOWN,DOWN,0.2668750239536166,False,False,False,False,False,False,False
random_ruehl_mask,mixed,43,270920303,148,RIGHT,RIGHT,0.1490419963374734,False,False,False,False,False,False,False
random_ruehl_mask,mixed,43,270920303,149,WAIT,WAIT,0.18879200797528028,False,False,False,False,False,False,False
random_ruehl_mask,mixed,43,270920303,150,WAIT,WAIT,0.09779189713299274,False,False,False,False,False,False,False
random_ruehl_mask,mixed,43,270920303,151,LEFT,LEFT,0.0677499920129776,False,True,False,False,False,False,False
random_ruehl_mask,mixed,43,270920303,152,LEFT,LEFT,3.0567089561372995,False,False,False,False,False,False,False
random_ruehl_mask,mixed,43,270920303,153,WAIT,WAIT,0.11020898818969727,False,False,False,False,False,False,False
random_ruehl_mask,mixed,43,270920303,154,RIGHT,RIGHT,0.1318750437349081,False,False,False,False,False,False,False
random_ruehl_mask,mixed,43,270920303,155,LEFT,LEFT,0.11608400382101536,False,False,False,False,False,False,False
random_ruehl_mask,mixed,43,270920303,156,WAIT,WAIT,0.16487506218254566,False,False,False,False,False,False,False
random_ruehl_mask,mixed,43,270920303,157,RIGHT,RIGHT,0.10204105637967587,False,False,False,False,False,False,False
random_ruehl_mask,mixed,43,270920303,158,LEFT,LEFT,0.11504197027534246,False,False,False,False,False,False,False
random_ruehl_mask,mixed,43,270920303,159,LEFT,LEFT,0.13845902867615223,False,False,False,False,False,False,False
random_ruehl_mask,mixed,43,270920303,160,WAIT,WAIT,0.10358402505517006,False,False,False,False,False,False,False
random_ruehl_mask,mixed,43,270920303,161,DOWN,DOWN,0.10391604155302048,False,True,False,False,False,False,False
random_ruehl_mask,mixed,43,270920303,162,UP,UP,0.14883303083479404,False,False,False,False,False,False,False
random_ruehl_mask,mixed,43,270920303,163,UP,UP,0.10641699191182852,False,False,False,False,False,False,False
random_ruehl_mask,mixed,43,270920303,164,WAIT,WAIT,0.09220803622156382,False,False,False,False,False,False,False
random_ruehl_mask,mixed,43,270920303,165,WAIT,WAIT,0.08654198609292507,False,False,False,False,False,False,False
random_ruehl_mask,mixed,43,270920303,166,UP,UP,0.18924998585134745,False,False,False,False,False,False,False
random_ruehl_mask,mixed,43,270920303,167,WAIT,WAIT,0.0802499707788229,False,False,False,False,False,False,False
random_ruehl_mask,mixed,43,270920303,168,WAIT,WAIT,0.07129192817956209,False,False,False,False,False,False,False
random_ruehl_mask,mixed,43,270920303,169,WAIT,WAIT,0.0749579630792141,False,False,False,False,False,False,False
random_ruehl_mask,mixed,43,270920303,170,WAIT,WAIT,0.08899997919797897,False,False,False,False,False,False,False
random_ruehl_mask,mixed,43,270920303,171,UP,UP,0.07579196244478226,False,True,False,False,False,False,False
random_ruehl_mask,mixed,43,270920303,172,UP,UP,0.09237497579306364,False,False,False,False,False,False,False
random_ruehl_mask,mixed,43,270920303,173,DOWN,DOWN,0.06341596599668264,False,False,False,False,False,False,False
random_ruehl_mask,mixed,43,270920303,174,WAIT,WAIT,0.08679099846631289,False,False,False,False,False,False,False
random_ruehl_mask,mixed,43,270920303,175,UP,UP,0.060333055444061756,False,False,False,False,False,False,False
random_ruehl_mask,mixed,43,270920303,176,DOWN,DOWN,0.06437499541789293,False,False,False,False,False,False,False
random_ruehl_mask,mixed,43,270920303,177,WAIT,WAIT,0.04904193338006735,False,False,False,False,False,False,False
random_ruehl_mask,mixed,43,270920303,178,DOWN,DOWN,0.05608401261270046,False,False,False,False,False,False,False
random_ruehl_mask,mixed,43,270920303,179,RIGHT,RIGHT,0.05737494211643934,False,False,False,False,False,False,False
random_ruehl_mask,mixed,43,270920303,180,LEFT,LEFT,0.045584049075841904,False,False,False,False,False,False,False
random_ruehl_mask,mixed,43,270920303,181,UP,UP,0.08999998681247234,False,True,False,False,False,False,False
random_ruehl_mask,mixed,43,270920303,182,WAIT,WAIT,0.0904579646885395,False,False,False,False,False,False,False
random_ruehl_mask,mixed,43,270920303,183,WAIT,WAIT,0.06520806346088648,False,False,False,False,False,False,False
random_ruehl_mask,mixed,43,270920303,184,WAIT,WAIT,0.07412501145154238,False,False,False,False,False,False,False
random_ruehl_mask,mixed,43,270920303,185,WAIT,WAIT,0.07754191756248474,False,False,False,False,False,False,False
random_ruehl_mask,mixed,43,270920303,186,UP,UP,0.08762499783188105,False,False,False,False,False,False,False
random_ruehl_mask,mixed,43,270920303,187,RIGHT,RIGHT,0.15279208309948444,False,False,False,False,False,False,False
random_ruehl_mask,mixed,43,270920303,188,LEFT,LEFT,0.08429097943007946,False,False,False,False,False,False,False
random_ruehl_mask,mixed,43,270920303,189,WAIT,WAIT,0.07554097101092339,False,False,False,False,False,False,False
random_ruehl_mask,mixed,43,270920303,190,RIGHT,RIGHT,0.09595800656825304,False,False,False,False,False,False,False
random_ruehl_mask,mixed,43,270920303,191,LEFT,LEFT,0.08766702376306057,False,True,False,False,False,False,False
random_ruehl_mask,mixed,43,270920303,192,DOWN,DOWN,0.08491601329296827,False,False,False,False,False,False,False
random_ruehl_mask,mixed,43,270920303,193,UP,UP,0.08170900400727987,False,False,False,False,False,False,False
random_ruehl_mask,mixed,43,270920303,194,RIGHT,RIGHT,0.08437503129243851,False,False,False,False,False,False,False
random_ruehl_mask,mixed,43,270920303,195,RIGHT,RIGHT,0.12595904991030693,False,False,False,False,False,False,False
random_ruehl_mask,mixed,43,270920303,196,LEFT,LEFT,0.24437496904283762,False,False,False,False,False,False,False
random_ruehl_mask,mixed,43,270920303,197,LEFT,LEFT,0.09024993050843477,False,False,False,False,False,False,False
random_ruehl_mask,mixed,43,270920303,198,RIGHT,RIGHT,0.07916707545518875,False,False,False,False,False,False,False
random_ruehl_mask,mixed,43,270920303,199,WAIT,WAIT,0.0693340552970767,False,False,False,False,False,False,False
random_ruehl_mask,mixed,43,270920303,200,WAIT,WAIT,0.06154191214591265,False,False,False,False,False,False,False
random_ruehl_mask,mixed,43,270920303,201,RIGHT,RIGHT,0.051416922360658646,False,True,False,False,False,False,False
random_ruehl_mask,mixed,43,270920303,202,WAIT,WAIT,0.15712506137788296,False,False,False,False,False,False,False
random_ruehl_mask,mixed,43,270920303,203,LEFT,LEFT,0.1687910407781601,False,False,False,False,False,False,False
random_ruehl_mask,mixed,43,270920303,204,LEFT,LEFT,0.1115420600399375,False,False,False,False,False,False,False
random_ruehl_mask,mixed,43,270920303,205,RIGHT,RIGHT,0.09770807810127735,False,False,False,False,False,False,False
random_ruehl_mask,mixed,43,270920303,206,WAIT,WAIT,0.0752920750528574,False,False,False,False,False,False,False
random_ruehl_mask,mixed,43,270920303,207,LEFT,LEFT,0.08945795707404613,False,False,False,False,False,False,False
random_ruehl_mask,mixed,43,270920303,208,DOWN,DOWN,0.09954196866601706,False,False,False,False,False,False,False
random_ruehl_mask,mixed,43,270920303,209,WAIT,WAIT,0.06179208867251873,False,False,False,False,False,False,False
random_ruehl_mask,mixed,43,270920303,210,DOWN,DOWN,0.0576250022277236,False,False,False,False,False,False,True
random_ruehl_mask,mixed,43,270920303,211,BOMB,BOMB,0.1394590362906456,False,True,False,True,True,False,True
random_ruehl_mask,mixed,43,270920303,212,UP,UP,0.09662506636232138,False,False,False,False,False,False,True
random_ruehl_mask,mixed,43,270920303,213,WAIT,WAIT,0.09883393067866564,False,False,False,False,False,False,True
random_ruehl_mask,mixed,43,270920303,214,WAIT,WAIT,0.09341700933873653,False,False,False,False,False,False,True
random_ruehl_mask,mixed,43,270920303,215,UP,UP,0.09837502148002386,False,False,False,False,False,False,True
random_ruehl_mask,mixed,44,270920304,1,LEFT,LEFT,0.12420793063938618,False,True,False,False,False,False,False
random_ruehl_mask,mixed,44,270920304,2,WAIT,WAIT,0.12795801740139723,False,False,False,False,False,False,False
random_ruehl_mask,mixed,44,270920304,3,RIGHT,RIGHT,0.10495795868337154,False,False,False,False,False,False,False
random_ruehl_mask,mixed,44,270920304,4,LEFT,LEFT,0.1241250429302454,False,False,False,False,False,False,False
random_ruehl_mask,mixed,44,270920304,5,BOMB,BOMB,0.12987491209059954,False,False,False,True,False,False,False
random_ruehl_mask,mixed,44,270920304,6,RIGHT,RIGHT,0.3137500025331974,False,False,False,False,False,False,False
random_ruehl_mask,mixed,44,270920304,7,UP,UP,0.08216593414545059,False,False,False,False,False,False,False
random_ruehl_mask,mixed,44,270920304,8,UP,UP,0.09070802479982376,False,False,False,False,False,False,False
random_ruehl_mask,mixed,44,270920304,9,DOWN,DOWN,0.09591609705239534,False,False,False,False,False,False,False
random_ruehl_mask,mixed,44,270920304,10,WAIT,WAIT,0.1140000531449914,False,False,False,False,False,False,False
random_ruehl_mask,mixed,44,270920304,11,UP,UP,0.0624579843133688,False,True,False,False,False,False,False
random_ruehl_mask,mixed,44,270920304,12,DOWN,DOWN,0.15587499365210533,False,False,False,False,False,False,False
random_ruehl_mask,mixed,44,270920304,13,DOWN,DOWN,0.1454170560464263,False,False,False,False,False,False,False
random_ruehl_mask,mixed,44,270920304,14,UP,UP,0.2667499938979745,False,False,False,False,False,False,False
random_ruehl_mask,mixed,44,270920304,15,DOWN,DOWN,0.1688329502940178,False,False,False,False,False,False,False
random_ruehl_mask,mixed,44,270920304,16,UP,UP,0.13858394231647253,False,False,False,False,False,False,False
random_ruehl_mask,mixed,44,270920304,17,UP,UP,0.0873330282047391,False,False,False,False,False,False,False
random_ruehl_mask,mixed,44,270920304,18,WAIT,WAIT,0.13358297292143106,False,False,False,False,False,False,False
random_ruehl_mask,mixed,44,270920304,19,BOMB,BOMB,0.36683399230241776,False,False,False,True,False,False,False
random_ruehl_mask,mixed,44,270920304,20,DOWN,DOWN,0.07841701153665781,False,False,False,False,False,False,False
random_ruehl_mask,mixed,44,270920304,21,WAIT,WAIT,0.11437502689659595,False,True,False,False,False,False,False
random_ruehl_mask,mixed,44,270920304,22,DOWN,DOWN,0.1152919139713049,False,False,False,False,False,False,False
random_ruehl_mask,mixed,44,270920304,23,LEFT,LEFT,0.12370804324746132,False,False,False,False,False,False,False
random_ruehl_mask,mixed,44,270920304,24,LEFT,LEFT,0.08879206143319607,False,False,False,False,False,False,False
random_ruehl_mask,mixed,44,270920304,25,LEFT,LEFT,0.06404099985957146,False,False,False,False,False,False,True
random_ruehl_mask,mixed,44,270920304,26,BOMB,BOMB,0.12241594959050417,False,False,False,True,False,False,True
random_ruehl_mask,mixed,44,270920304,27,LEFT,LEFT,0.10070798452943563,False,False,False,False,False,False,True
random_ruehl_mask,mixed,44,270920304,28,LEFT,LEFT,0.1366250216960907,False,False,False,False,False,False,True
random_ruehl_mask,mixed,44,270920304,29,WAIT,WAIT,0.10020798072218895,False,False,False,False,False,False,True
random_ruehl_mask,mixed,44,270920304,30,WAIT,WAIT,0.09474996477365494,False,False,False,False,False,False,True
random_ruehl_mask,mixed,45,270920305,1,RIGHT,RIGHT,0.1723329769447446,False,True,False,False,False,False,False
random_ruehl_mask,mixed,45,270920305,2,WAIT,WAIT,0.17029198352247477,False,False,False,False,False,False,False
random_ruehl_mask,mixed,45,270920305,3,BOMB,BOMB,0.21841598208993673,False,False,False,True,False,False,False
random_ruehl_mask,mixed,45,270920305,4,LEFT,LEFT,0.10462501086294651,False,False,False,False,False,False,False
random_ruehl_mask,mixed,45,270920305,5,WAIT,WAIT,0.06620888598263264,False,False,False,False,False,False,False
random_ruehl_mask,mixed,45,270920305,6,DOWN,DOWN,0.08541601710021496,False,False,False,False,False,False,False
random_ruehl_mask,mixed,45,270920305,7,WAIT,WAIT,0.1177499070763588,False,False,False,False,False,False,False
random_ruehl_mask,mixed,45,270920305,8,WAIT,WAIT,0.07175002247095108,False,False,False,False,False,False,False
random_ruehl_mask,mixed,45,270920305,9,WAIT,WAIT,0.048083020374178886,False,False,False,False,False,False,False
random_ruehl_mask,mixed,45,270920305,10,BOMB,BOMB,0.10383292101323605,False,False,False,True,False,False,False
random_ruehl_mask,mixed,45,270920305,11,UP,UP,0.05545897874981165,False,True,False,False,False,False,False
random_ruehl_mask,mixed,45,270920305,12,RIGHT,RIGHT,0.0628340058028698,False,False,False,False,False,False,False
random_ruehl_mask,mixed,45,270920305,13,WAIT,WAIT,0.17970800399780273,False,False,False,False,False,False,False
random_ruehl_mask,mixed,45,270920305,14,RIGHT,RIGHT,0.08458399679511786,False,False,False,False,False,False,False
random_ruehl_mask,mixed,45,270920305,15,LEFT,LEFT,0.3270409069955349,False,False,False,False,False,False,False
random_ruehl_mask,mixed,45,270920305,16,LEFT,LEFT,0.05687493830919266,False,False,False,False,False,False,False
random_ruehl_mask,mixed,45,270920305,17,WAIT,WAIT,0.08962501306086779,False,False,False,False,False,False,False
random_ruehl_mask,mixed,45,270920305,18,RIGHT,RIGHT,0.08187501225620508,False,False,False,False,False,False,False
random_ruehl_mask,mixed,45,270920305,19,WAIT,WAIT,0.0789170153439045,False,False,False,False,False,False,False
random_ruehl_mask,mixed,45,270920305,20,RIGHT,RIGHT,0.10370800737291574,False,False,False,False,False,False,False
random_ruehl_mask,mixed,45,270920305,21,LEFT,LEFT,0.14937494415789843,False,True,False,False,False,False,False
random_ruehl_mask,mixed,45,270920305,22,WAIT,WAIT,0.11758296750485897,False,False,False,False,False,False,False
random_ruehl_mask,mixed,45,270920305,23,LEFT,LEFT,0.09345798753201962,False,False,False,False,False,False,False
random_ruehl_mask,mixed,45,270920305,24,WAIT,WAIT,0.14270900283008814,False,False,False,False,False,False,False
random_ruehl_mask,mixed,45,270920305,25,WAIT,WAIT,0.08541590068489313,False,False,False,False,False,False,False
random_ruehl_mask,mixed,45,270920305,26,RIGHT,RIGHT,0.10687496978789568,False,False,False,False,False,False,False
random_ruehl_mask,mixed,45,270920305,27,WAIT,WAIT,0.10191602632403374,False,False,False,False,False,False,False
random_ruehl_mask,mixed,45,270920305,28,WAIT,WAIT,0.09262491948902607,False,False,False,False,False,False,False
random_ruehl_mask,mixed,45,270920305,29,WAIT,WAIT,0.09587500244379044,False,False,False,False,False,False,False
random_ruehl_mask,mixed,45,270920305,30,WAIT,WAIT,0.19108294509351254,False,False,False,False,False,False,False
random_ruehl_mask,mixed,45,270920305,31,RIGHT,RIGHT,0.18916605040431023,False,True,False,False,False,False,False
random_ruehl_mask,mixed,45,270920305,32,WAIT,WAIT,0.2324159722775221,False,False,False,False,False,False,True
random_ruehl_mask,mixed,45,270920305,33,BOMB,BOMB,0.13116607442498207,False,False,False,True,False,False,True
random_ruehl_mask,mixed,45,270920305,34,RIGHT,RIGHT,0.31591602601110935,False,False,False,False,False,False,True
random_ruehl_mask,mixed,45,270920305,35,WAIT,WAIT,0.09391701314598322,False,False,False,False,False,False,True
random_ruehl_mask,mixed,45,270920305,36,WAIT,WAIT,0.12304098345339298,False,False,False,False,False,False,True
random_ruehl_mask,mixed,45,270920305,37,WAIT,WAIT,0.10091601870954037,False,False,False,False,False,False,True
random_ruehl_mask,mixed,46,270920306,1,RIGHT,RIGHT,0.14720798935741186,False,True,False,False,False,False,False
random_ruehl_mask,mixed,46,270920306,2,WAIT,WAIT,0.06395799573510885,False,False,False,False,False,False,False
random_ruehl_mask,mixed,46,270920306,3,RIGHT,RIGHT,0.05262496415525675,False,False,False,False,False,False,False
random_ruehl_mask,mixed,46,270920306,4,WAIT,WAIT,0.12466695625334978,False,False,False,False,False,False,True
random_ruehl_mask,mixed,46,270920306,5,BOMB,BOMB,0.11500006075948477,False,False,False,True,False,False,True
random_ruehl_mask,mixed,46,270920306,6,RIGHT,RIGHT,0.06991706322878599,False,False,False,False,False,False,True
random_ruehl_mask,mixed,46,270920306,7,WAIT,WAIT,0.06266694981604815,False,False,False,False,False,False,True
random_ruehl_mask,mixed,46,270920306,8,RIGHT,RIGHT,0.06454100366681814,False,False,False,False,False,False,True
random_ruehl_mask,mixed,46,270920306,9,LEFT,LEFT,0.0487080542370677,False,False,False,False,False,False,True
random_ruehl_mask,mixed,47,270920307,1,WAIT,WAIT,0.11616700794547796,False,True,False,False,False,False,False
random_ruehl_mask,mixed,47,270920307,2,LEFT,LEFT,0.07404200732707977,False,False,False,False,False,False,False
random_ruehl_mask,mixed,47,270920307,3,WAIT,WAIT,0.06395892705768347,False,False,False,False,False,False,False
random_ruehl_mask,mixed,47,270920307,4,RIGHT,RIGHT,0.11079199612140656,False,False,False,False,False,False,False
random_ruehl_mask,mixed,47,270920307,5,UP,UP,0.12437498662620783,False,False,False,False,False,False,False
random_ruehl_mask,mixed,47,270920307,6,DOWN,DOWN,0.09024993050843477,False,False,False,False,False,False,False
random_ruehl_mask,mixed,47,270920307,7,LEFT,LEFT,0.08408294524997473,False,False,False,False,False,False,False
random_ruehl_mask,mixed,47,270920307,8,BOMB,BOMB,0.06529106758534908,False,False,False,True,False,False,False
random_ruehl_mask,mixed,47,270920307,9,RIGHT,RIGHT,0.06129196844995022,False,False,False,False,False,False,False
random_ruehl_mask,mixed,47,270920307,10,WAIT,WAIT,0.04595902282744646,False,False,False,False,False,False,False
random_ruehl_mask,mixed,47,270920307,11,UP,UP,0.05158304702490568,False,True,False,False,False,False,False
random_ruehl_mask,mixed,47,270920307,12,WAIT,WAIT,0.04954205360263586,False,False,False,False,False,False,False
random_ruehl_mask,mixed,47,270920307,13,WAIT,WAIT,0.08200004231184721,False,False,False,False,False,False,False
random_ruehl_mask,mixed,47,270920307,14,DOWN,DOWN,0.05833292379975319,False,False,False,False,False,False,False
random_ruehl_mask,mixed,47,270920307,15,WAIT,WAIT,0.09962497279047966,False,False,False,False,False,False,False
random_ruehl_mask,mixed,47,270920307,16,LEFT,LEFT,0.08270808029919863,False,False,False,False,False,False,False
random_ruehl_mask,mixed,47,270920307,17,RIGHT,RIGHT,0.05024997517466545,False,False,False,False,False,False,False
random_ruehl_mask,mixed,47,270920307,18,WAIT,WAIT,0.08637493010610342,False,False,False,False,False,False,False
random_ruehl_mask,mixed,47,270920307,19,WAIT,WAIT,0.114083057269454,False,False,False,False,False,False,False
random_ruehl_mask,mixed,47,270920307,20,LEFT,LEFT,0.08358398918062449,False,False,False,False,False,False,False
random_ruehl_mask,mixed,47,270920307,21,RIGHT,RIGHT,0.06587500683963299,False,True,False,False,False,False,False
random_ruehl_mask,mixed,47,270920307,22,WAIT,WAIT,0.09529199451208115,False,False,False,False,False,False,False
random_ruehl_mask,mixed,47,270920307,23,WAIT,WAIT,0.10945799294859171,False,False,False,False,False,False,False
random_ruehl_mask,mixed,47,270920307,24,BOMB,BOMB,0.08008303120732307,False,False,False,True,False,False,False
random_ruehl_mask,mixed,47,270920307,25,LEFT,LEFT,0.0541249755769968,False,False,False,False,False,False,False
random_ruehl_mask,mixed,47,270920307,26,LEFT,LEFT,0.04824995994567871,False,False,False,False,False,False,False
random_ruehl_mask,mixed,47,270920307,27,LEFT,LEFT,0.05179201252758503,False,False,False,False,False,False,False
random_ruehl_mask,mixed,47,270920307,28,LEFT,LEFT,0.04683295264840126,False,False,False,False,False,False,False
random_ruehl_mask,mixed,47,270920307,29,UP,UP,0.0463330652564764,False,False,False,False,False,False,False
random_ruehl_mask,mixed,47,270920307,30,DOWN,DOWN,0.03658293280750513,False,False,False,False,False,False,False
random_ruehl_mask,mixed,47,270920307,31,RIGHT,RIGHT,0.16608403529971838,False,True,False,False,False,False,False
random_ruehl_mask,mixed,47,270920307,32,WAIT,WAIT,0.11024996638298035,False,False,False,False,False,False,False
random_ruehl_mask,mixed,47,270920307,33,LEFT,LEFT,0.09324995335191488,False,False,False,False,False,False,False
random_ruehl_mask,mixed,47,270920307,34,UP,UP,0.08758401963859797,False,False,False,False,False,False,False
random_ruehl_mask,mixed,47,270920307,35,BOMB,BOMB,0.07870909757912159,False,False,False,True,False,False,False
random_ruehl_mask,mixed,47,270920307,36,DOWN,DOWN,0.04654203075915575,False,False,False,False,False,False,False
random_ruehl_mask,mixed,47,270920307,37,RIGHT,RIGHT,0.0378340482711792,False,False,False,False,False,False,False
random_ruehl_mask,mixed,47,270920307,38,WAIT,WAIT,0.06558303721249104,False,False,False,False,False,False,False
random_ruehl_mask,mixed,47,270920307,39,RIGHT,RIGHT,0.051709008403122425,False,False,False,False,False,False,False
random_ruehl_mask,mixed,47,270920307,40,RIGHT,RIGHT,0.06941601168364286,False,False,False,False,False,False,False
random_ruehl_mask,mixed,47,270920307,41,WAIT,WAIT,0.049291993491351604,False,True,False,False,False,False,False
random_ruehl_mask,mixed,47,270920307,42,LEFT,LEFT,0.0831669894978404,False,False,False,False,False,False,False
random_ruehl_mask,mixed,47,270920307,43,RIGHT,RIGHT,0.10208308231085539,False,False,False,False,False,False,False
random_ruehl_mask,mixed,47,270920307,44,WAIT,WAIT,0.05958403926342726,False,False,False,False,False,False,False
random_ruehl_mask,mixed,47,270920307,45,WAIT,WAIT,0.056750024668872356,False,False,False,False,False,False,False
random_ruehl_mask,mixed,47,270920307,46,WAIT,WAIT,0.0577080063521862,False,False,False,False,False,False,False
random_ruehl_mask,mixed,47,270920307,47,LEFT,LEFT,0.06970809772610664,False,False,False,False,False,False,False
random_ruehl_mask,mixed,47,270920307,48,RIGHT,RIGHT,0.11604197788983583,False,False,False,False,False,False,False
random_ruehl_mask,mixed,47,270920307,49,WAIT,WAIT,0.08479203097522259,False,False,False,False,False,False,False
random_ruehl_mask,mixed,47,270920307,50,LEFT,LEFT,0.05591695662587881,False,False,False,False,False,False,False
random_ruehl_mask,mixed,47,270920307,51,BOMB,BOMB,0.09191699791699648,False,True,False,True,False,False,False
random_ruehl_mask,mixed,47,270920307,52,RIGHT,RIGHT,0.04579196684062481,False,False,False,False,False,False,False
random_ruehl_mask,mixed,47,270920307,53,WAIT,WAIT,0.0479590380564332,False,False,False,False,False,False,False
random_ruehl_mask,mixed,47,270920307,54,RIGHT,RIGHT,0.05512498319149017,False,False,False,False,False,False,False
random_ruehl_mask,mixed,47,270920307,55,UP,UP,0.06608397234231234,False,False,False,False,False,False,False
random_ruehl_mask,mixed,47,270920307,56,WAIT,WAIT,0.055416952818632126,False,False,False,False,False,False,False
random_ruehl_mask,mixed,47,270920307,57,WAIT,WAIT,0.0362499849870801,False,False,False,False,False,False,False
random_ruehl_mask,mixed,47,270920307,58,DOWN,DOWN,0.07724994793534279,False,False,False,False,False,False,False
random_ruehl_mask,mixed,47,270920307,59,WAIT,WAIT,0.05862500984221697,False,False,False,False,False,False,False
random_ruehl_mask,mixed,47,270920307,60,UP,UP,0.08520798292011023,False,False,False,False,False,False,False
random_ruehl_mask,mixed,47,270920307,61,WAIT,WAIT,0.09829096961766481,False,True,False,False,False,False,False
random_ruehl_mask,mixed,47,270920307,62,UP,UP,0.13695901725441217,False,False,False,False,False,False,False
random_ruehl_mask,mixed,47,270920307,63,WAIT,WAIT,0.0950830290094018,False,False,False,False,False,False,False
random_ruehl_mask,mixed,47,270920307,64,UP,UP,0.08170900400727987,False,False,False,False,False,False,False
random_ruehl_mask,mixed,47,270920307,65,BOMB,BOMB,0.09570806287229061,False,False,False,True,False,False,False
random_ruehl_mask,mixed,47,270920307,66,DOWN,DOWN,0.043874955736100674,False,False,False,False,False,False,False
random_ruehl_mask,mixed,47,270920307,67,LEFT,LEFT,0.04766695201396942,False,False,False,False,False,False,False
random_ruehl_mask,mixed,47,270920307,68,WAIT,WAIT,0.06333296187222004,False,False,False,False,False,False,False
random_ruehl_mask,mixed,47,270920307,69,WAIT,WAIT,0.05458400119096041,False,False,False,False,False,False,False
random_ruehl_mask,mixed,47,270920307,70,WAIT,WAIT,0.055999960750341415,False,False,False,False,False,False,False
random_ruehl_mask,mixed,47,270920307,71,WAIT,WAIT,0.09933300316333771,False,True,False,False,False,False,False
random_ruehl_mask,mixed,47,270920307,72,WAIT,WAIT,0.08054205682128668,False,False,False,False,False,False,False
random_ruehl_mask,mixed,47,270920307,73,BOMB,BOMB,0.09412504732608795,False,False,False,True,False,False,False
random_ruehl_mask,mixed,47,270920307,74,LEFT,LEFT,0.04066701512783766,False,False,False,False,False,False,False
random_ruehl_mask,mixed,47,270920307,75,UP,UP,0.03604090306907892,False,False,False,False,False,False,False
random_ruehl_mask,mixed,47,270920307,76,WAIT,WAIT,0.04575005732476711,False,False,False,False,False,False,False
random_ruehl_mask,mixed,47,270920307,77,WAIT,WAIT,0.07158296648412943,False,False,False,False,False,False,False
random_ruehl_mask,mixed,47,270920307,78,WAIT,WAIT,0.05500006955116987,False,False,False,False,False,False,False
random_ruehl_mask,mixed,47,270920307,79,UP,UP,0.04025001544505358,False,False,False,False,False,False,True
random_ruehl_mask,mixed,47,270920307,80,BOMB,BOMB,0.0902500469237566,False,False,False,True,False,False,True
random_ruehl_mask,mixed,47,270920307,81,UP,UP,0.04604191053658724,False,True,True,False,False,False,True
random_ruehl_mask,mixed,47,270920307,82,WAIT,WAIT,0.04800001624971628,False,False,False,False,False,False,True
random_ruehl_mask,mixed,47,270920307,83,WAIT,WAIT,0.07316702976822853,False,False,False,False,False,False,True
random_ruehl_mask,mixed,47,270920307,84,WAIT,WAIT,0.05124998278915882,False,False,False,False,False,False,True
random_ruehl_mask,mixed,48,270920308,1,UP,UP,0.10649999603629112,False,True,False,False,False,False,False
random_ruehl_mask,mixed,48,270920308,2,WAIT,WAIT,0.08812500163912773,False,False,False,False,False,False,False
random_ruehl_mask,mixed,48,270920308,3,DOWN,DOWN,0.09937502909451723,False,False,False,False,False,False,False
random_ruehl_mask,mixed,48,270920308,4,RIGHT,RIGHT,0.11012493632733822,False,False,False,False,False,False,False
random_ruehl_mask,mixed,48,270920308,5,BOMB,BOMB,0.11783302761614323,False,False,False,True,False,False,False
random_ruehl_mask,mixed,48,270920308,6,LEFT,LEFT,0.08458399679511786,False,False,False,False,False,False,False
random_ruehl_mask,mixed,48,270920308,7,UP,UP,0.0712500186637044,False,False,False,False,False,False,False
random_ruehl_mask,mixed,48,270920308,8,WAIT,WAIT,0.06166601087898016,False,False,False,False,False,False,False
random_ruehl_mask,mixed,48,270920308,9,WAIT,WAIT,0.07045897655189037,False,False,False,False,False,False,False
random_ruehl_mask,mixed,48,270920308,10,WAIT,WAIT,0.0648329732939601,False,False,False,False,False,False,False
random_ruehl_mask,mixed,48,270920308,11,WAIT,WAIT,0.047749956138432026,False,True,False,False,False,False,False
random_ruehl_mask,mixed,48,270920308,12,WAIT,WAIT,0.11204194743186235,False,False,False,False,False,False,False
random_ruehl_mask,mixed,48,270920308,13,BOMB,BOMB,0.12999994214624166,False,False,False,True,False,False,False
random_ruehl_mask,mixed,48,270920308,14,DOWN,DOWN,0.06833299994468689,False,False,False,False,False,False,False
random_ruehl_mask,mixed,48,270920308,15,RIGHT,RIGHT,0.0940409954637289,False,False,False,False,False,False,False
random_ruehl_mask,mixed,48,270920308,16,RIGHT,RIGHT,0.1312500098720193,False,False,False,False,False,False,False
random_ruehl_mask,mixed,48,270920308,17,WAIT,WAIT,0.0677499920129776,False,False,False,False,False,False,False
random_ruehl_mask,mixed,48,270920308,18,WAIT,WAIT,0.0524159986525774,False,False,False,False,False,False,False
random_ruehl_mask,mixed,48,270920308,19,LEFT,LEFT,0.04070799332112074,False,False,False,False,False,False,False
random_ruehl_mask,mixed,48,270920308,20,LEFT,LEFT,0.08416699711233377,False,False,False,False,False,False,False
random_ruehl_mask,mixed,48,270920308,21,WAIT,WAIT,0.08329201955348253,False,True,False,False,False,False,False
random_ruehl_mask,mixed,48,270920308,22,RIGHT,RIGHT,0.10191602632403374,False,False,False,False,False,False,False
random_ruehl_mask,mixed,48,270920308,23,WAIT,WAIT,0.11258304584771395,False,False,False,False,False,False,False
random_ruehl_mask,mixed,48,270920308,24,WAIT,WAIT,0.10191695764660835,False,False,False,False,False,False,False
random_ruehl_mask,mixed,48,270920308,25,LEFT,LEFT,0.1479999627918005,False,False,False,False,False,False,False
random_ruehl_mask,mixed,48,270920308,26,WAIT,WAIT,0.16591697931289673,False,False,False,False,False,False,False
random_ruehl_mask,mixed,48,270920308,27,RIGHT,RIGHT,0.08770800195634365,False,False,False,False,False,False,False
random_ruehl_mask,mixed,48,270920308,28,RIGHT,RIGHT,0.07658405229449272,False,False,False,False,False,False,False
random_ruehl_mask,mixed,48,270920308,29,RIGHT,RIGHT,0.11137500405311584,False,False,False,False,False,False,True
random_ruehl_mask,mixed,48,270920308,30,BOMB,BOMB,0.11758401524275541,False,False,False,True,False,False,True
random_ruehl_mask,mixed,48,270920308,31,RIGHT,RIGHT,0.05595805123448372,False,True,True,False,False,False,True
random_ruehl_mask,mixed,48,270920308,32,WAIT,WAIT,0.050458009354770184,False,False,False,False,False,False,True
random_ruehl_mask,mixed,48,270920308,33,WAIT,WAIT,0.09487499482929707,False,False,False,False,False,False,True
random_ruehl_mask,mixed,48,270920308,34,WAIT,WAIT,0.07912504952400923,False,False,False,False,False,False,True
random_ruehl_mask,mixed,49,270920309,1,BOMB,BOMB,0.11662498582154512,False,True,False,True,False,False,False
random_ruehl_mask,mixed,49,270920309,2,DOWN,DOWN,0.04525005351752043,False,False,False,False,False,False,False
random_ruehl_mask,mixed,49,270920309,3,DOWN,DOWN,0.04454201553016901,False,False,False,False,False,False,False
random_ruehl_mask,mixed,49,270920309,4,LEFT,LEFT,0.05012494511902332,False,False,False,False,False,False,False
random_ruehl_mask,mixed,49,270920309,5,WAIT,WAIT,0.07508299313485622,False,False,False,False,False,False,False
random_ruehl_mask,mixed,49,270920309,6,WAIT,WAIT,0.0653750030323863,False,False,False,False,False,False,False
random_ruehl_mask,mixed,49,270920309,7,RIGHT,RIGHT,0.05204195622354746,False,False,False,False,False,False,True
random_ruehl_mask,mixed,49,270920309,8,BOMB,BOMB,0.0929159577935934,False,False,False,True,False,False,True
random_ruehl_mask,mixed,49,270920309,9,DOWN,DOWN,0.06845896132290363,False,False,False,False,False,False,True
random_ruehl_mask,mixed,49,270920309,10,DOWN,DOWN,0.060041085816919804,False,False,False,False,False,False,True
random_ruehl_mask,mixed,49,270920309,11,WAIT,WAIT,0.05983305163681507,False,False,False,False,False,False,True
random_ruehl_mask,mixed,49,270920309,12,WAIT,WAIT,0.06583298090845346,False,False,False,False,False,False,True
random_ruehl_mask,mixed,50,270920310,1,RIGHT,RIGHT,0.12045796029269695,False,True,False,False,False,False,False
random_ruehl_mask,mixed,50,270920310,2,BOMB,BOMB,0.07620803080499172,False,False,False,True,False,False,False
random_ruehl_mask,mixed,50,270920310,3,LEFT,LEFT,0.04083302337676287,False,False,False,False,False,False,False
random_ruehl_mask,mixed,50,270920310,4,DOWN,DOWN,0.049459049478173256,False,False,False,False,False,False,False
random_ruehl_mask,mixed,50,270920310,5,WAIT,WAIT,0.06391596980392933,False,False,False,False,False,False,False
random_ruehl_mask,mixed,50,270920310,6,WAIT,WAIT,0.08470797911286354,False,False,False,False,False,False,False
random_ruehl_mask,mixed,50,270920310,7,WAIT,WAIT,0.05866703577339649,False,False,False,False,False,False,False
random_ruehl_mask,mixed,50,270920310,8,WAIT,WAIT,0.037375022657215595,False,False,False,False,False,False,False
random_ruehl_mask,mixed,50,270920310,9,WAIT,WAIT,0.07370905950665474,False,False,False,False,False,False,False
random_ruehl_mask,mixed,50,270920310,10,BOMB,BOMB,0.0660829246044159,False,False,False,True,False,False,False
random_ruehl_mask,mixed,50,270920310,11,UP,UP,0.03662507515400648,False,True,False,False,False,False,False
random_ruehl_mask,mixed,50,270920310,12,RIGHT,RIGHT,0.03812497016042471,False,False,False,False,False,False,False
random_ruehl_mask,mixed,50,270920310,13,WAIT,WAIT,0.05991698708385229,False,False,False,False,False,False,False
random_ruehl_mask,mixed,50,270920310,14,WAIT,WAIT,0.056875054724514484,False,False,False,False,False,False,False
random_ruehl_mask,mixed,50,270920310,15,WAIT,WAIT,0.06762496195733547,False,False,False,False,False,False,False
random_ruehl_mask,mixed,50,270920310,16,RIGHT,RIGHT,0.03695790655910969,False,False,False,False,False,False,False
random_ruehl_mask,mixed,50,270920310,17,LEFT,LEFT,0.1366250216960907,False,False,False,False,False,False,False
random_ruehl_mask,mixed,50,270920310,18,RIGHT,RIGHT,0.09004201274365187,False,False,False,False,False,False,False
random_ruehl_mask,mixed,50,270920310,19,LEFT,LEFT,0.11454196646809578,False,False,False,False,False,False,False
random_ruehl_mask,mixed,50,270920310,20,LEFT,LEFT,0.05845795385539532,False,False,False,False,False,False,False
random_ruehl_mask,mixed,50,270920310,21,WAIT,WAIT,0.07154198829084635,False,True,False,False,False,False,False
random_ruehl_mask,mixed,50,270920310,22,RIGHT,RIGHT,0.09049999061971903,False,False,False,False,False,False,False
random_ruehl_mask,mixed,50,270920310,23,WAIT,WAIT,0.07816695142537355,False,False,False,False,False,False,False
random_ruehl_mask,mixed,50,270920310,24,LEFT,LEFT,0.06379198748618364,False,False,False,False,False,False,False
random_ruehl_mask,mixed,50,270920310,25,DOWN,DOWN,0.05604198668152094,False,False,False,False,False,False,False
random_ruehl_mask,mixed,50,270920310,26,WAIT,WAIT,0.06162491627037525,False,False,False,False,False,False,False
random_ruehl_mask,mixed,50,270920310,27,WAIT,WAIT,0.05933409556746483,False,False,False,False,False,False,False
random_ruehl_mask,mixed,50,270920310,28,UP,UP,0.049582915380597115,False,False,False,False,False,False,False
random_ruehl_mask,mixed,50,270920310,29,WAIT,WAIT,0.04912505391985178,False,False,False,False,False,False,False
random_ruehl_mask,mixed,50,270920310,30,WAIT,WAIT,0.04779198206961155,False,False,False,False,False,False,False
random_ruehl_mask,mixed,50,270920310,31,RIGHT,RIGHT,0.07129099685698748,False,True,False,False,False,False,False
random_ruehl_mask,mixed,50,270920310,32,WAIT,WAIT,0.0689580338075757,False,False,False,False,False,False,False
random_ruehl_mask,mixed,50,270920310,33,RIGHT,RIGHT,0.08108292240649462,False,False,False,False,False,False,False
random_ruehl_mask,mixed,50,270920310,34,WAIT,WAIT,0.11045800056308508,False,False,False,False,False,False,False
random_ruehl_mask,mixed,50,270920310,35,RIGHT,RIGHT,0.09316601790487766,False,False,False,False,False,False,True
random_ruehl_mask,mixed,50,270920310,36,BOMB,BOMB,0.08612498641014099,False,False,False,True,False,False,True
random_ruehl_mask,mixed,50,270920310,37,RIGHT,RIGHT,0.08095800876617432,False,False,False,False,False,False,True
random_ruehl_mask,mixed,50,270920310,38,WAIT,WAIT,0.04012498538941145,False,False,False,False,False,False,True
random_ruehl_mask,mixed,50,270920310,39,WAIT,WAIT,0.04695798270404339,False,False,False,False,False,False,True
random_ruehl_mask,mixed,50,270920310,40,WAIT,WAIT,0.04416704177856445,False,False,False,False,False,False,True
random_ruehl_mask,mixed,51,270920311,1,WAIT,WAIT,0.11962500866502523,False,True,False,False,False,False,False
random_ruehl_mask,mixed,51,270920311,2,UP,UP,0.0913750845938921,False,False,False,False,False,False,False
random_ruehl_mask,mixed,51,270920311,3,DOWN,DOWN,0.07375003769993782,False,False,False,False,False,False,False
random_ruehl_mask,mixed,51,270920311,4,LEFT,LEFT,0.08404196705669165,False,False,False,False,False,False,False
random_ruehl_mask,mixed,51,270920311,5,RIGHT,RIGHT,0.0868749339133501,False,False,False,False,False,False,False
random_ruehl_mask,mixed,51,270920311,6,WAIT,WAIT,0.09095796849578619,False,False,False,False,False,False,False
random_ruehl_mask,mixed,51,270920311,7,WAIT,WAIT,0.08645898196846247,False,False,False,False,False,False,False
random_ruehl_mask,mixed,51,270920311,8,LEFT,LEFT,0.09650003630667925,False,False,False,False,False,False,False
random_ruehl_mask,mixed,51,270920311,9,WAIT,WAIT,0.07645797450095415,False,False,False,False,False,False,False
random_ruehl_mask,mixed,51,270920311,10,WAIT,WAIT,0.09708292782306671,False,False,False,False,False,False,False
random_ruehl_mask,mixed,51,270920311,11,RIGHT,RIGHT,0.09187508840113878,False,True,False,False,False,False,False
random_ruehl_mask,mixed,51,270920311,12,UP,UP,0.09291700553148985,False,False,False,False,False,False,False
random_ruehl_mask,mixed,51,270920311,13,BOMB,BOMB,0.0825000461190939,False,False,False,True,False,False,False
random_ruehl_mask,mixed,51,270920311,14,DOWN,DOWN,0.05758402403444052,False,False,False,False,False,False,False
random_ruehl_mask,mixed,51,270920311,15,LEFT,LEFT,0.04379195161163807,False,False,False,False,False,False,False
random_ruehl_mask,mixed,51,270920311,16,WAIT,WAIT,0.04600000102072954,False,False,False,False,False,False,False
random_ruehl_mask,mixed,51,270920311,17,WAIT,WAIT,0.05449994932860136,False,False,False,False,False,False,False
random_ruehl_mask,mixed,51,270920311,18,WAIT,WAIT,0.05283299833536148,False,False,False,False,False,False,False
random_ruehl_mask,mixed,51,270920311,19,RIGHT,RIGHT,0.052458024583756924,False,False,False,False,False,False,True
random_ruehl_mask,mixed,51,270920311,20,BOMB,BOMB,0.10783306788653135,False,False,False,True,False,False,True
random_ruehl_mask,mixed,51,270920311,21,UP,UP,0.05920801777392626,False,True,False,False,False,False,True
random_ruehl_mask,mixed,51,270920311,22,WAIT,WAIT,0.07700000423938036,False,False,False,False,False,False,True
random_ruehl_mask,mixed,51,270920311,23,WAIT,WAIT,0.06337498780339956,False,False,False,False,False,False,True
random_ruehl_mask,mixed,51,270920311,24,WAIT,WAIT,0.04887511022388935,False,False,False,False,False,False,True
random_ruehl_mask,mixed,52,270920312,1,WAIT,WAIT,0.10349997319281101,False,True,False,False,False,False,False
random_ruehl_mask,mixed,52,270920312,2,WAIT,WAIT,0.0873330282047391,False,False,False,False,False,False,False
random_ruehl_mask,mixed,52,270920312,3,DOWN,DOWN,0.10337494313716888,False,False,False,False,False,False,False
random_ruehl_mask,mixed,52,270920312,4,UP,UP,0.07795891724526882,False,False,False,False,False,False,False
random_ruehl_mask,mixed,52,270920312,5,RIGHT,RIGHT,0.08849997539073229,False,False,False,False,False,False,False
random_ruehl_mask,mixed,52,270920312,6,LEFT,LEFT,0.10079203639179468,False,False,False,False,False,False,False
random_ruehl_mask,mixed,52,270920312,7,RIGHT,RIGHT,0.08916703518480062,False,False,False,False,False,False,False
random_ruehl_mask,mixed,52,270920312,8,LEFT,LEFT,0.0914169941097498,False,False,False,False,False,False,False
random_ruehl_mask,mixed,52,270920312,9,DOWN,DOWN,0.07454201113432646,False,False,False,False,False,False,False
random_ruehl_mask,mixed,52,270920312,10,WAIT,WAIT,0.06645801477134228,False,False,False,False,False,False,False
random_ruehl_mask,mixed,52,270920312,11,WAIT,WAIT,0.0652919989079237,False,True,False,False,False,False,False
random_ruehl_mask,mixed,52,270920312,12,WAIT,WAIT,0.06741704419255257,False,False,False,False,False,False,False
random_ruehl_mask,mixed,52,270920312,13,BOMB,BOMB,0.07254094816744328,False,False,False,True,False,False,False
random_ruehl_mask,mixed,52,270920312,14,UP,UP,0.08487503509968519,False,False,False,False,False,False,False
random_ruehl_mask,mixed,52,270920312,15,WAIT,WAIT,0.06487499922513962,False,False,False,False,False,False,False
random_ruehl_mask,mixed,52,270920312,16,RIGHT,RIGHT,0.07312500383704901,False,False,False,False,False,False,False
random_ruehl_mask,mixed,52,270920312,17,WAIT,WAIT,0.052625080570578575,False,False,False,False,False,False,False
random_ruehl_mask,mixed,52,270920312,18,WAIT,WAIT,0.04895799793303013,False,False,False,False,False,False,False
random_ruehl_mask,mixed,52,270920312,19,WAIT,WAIT,0.05012494511902332,False,False,False,False,False,False,False
random_ruehl_mask,mixed,52,270920312,20,BOMB,BOMB,0.09741599205881357,False,False,False,True,False,False,False
random_ruehl_mask,mixed,52,270920312,21,LEFT,LEFT,0.058666919358074665,False,True,False,False,False,False,False
random_ruehl_mask,mixed,52,270920312,22,DOWN,DOWN,0.06391701754182577,False,False,False,False,False,False,False
random_ruehl_mask,mixed,52,270920312,23,WAIT,WAIT,0.059249927289783955,False,False,False,False,False,False,False
random_ruehl_mask,mixed,52,270920312,24,WAIT,WAIT,0.09729096200317144,False,False,False,False,False,False,False
random_ruehl_mask,mixed,52,270920312,25,WAIT,WAIT,0.05879194941371679,False,False,False,False,False,False,False
random_ruehl_mask,mixed,52,270920312,26,UP,UP,0.06704102270305157,False,False,False,False,False,False,False
random_ruehl_mask,mixed,52,270920312,27,RIGHT,RIGHT,0.06712495815008879,False,False,False,False,False,False,False
random_ruehl_mask,mixed,52,270920312,28,LEFT,LEFT,0.06500002928078175,False,False,False,False,False,False,False
random_ruehl_mask,mixed,52,270920312,29,WAIT,WAIT,0.05820801015943289,False,False,False,False,False,False,False
random_ruehl_mask,mixed,52,270920312,30,WAIT,WAIT,0.05979090929031372,False,False,False,False,False,False,False
random_ruehl_mask,mixed,52,270920312,31,DOWN,DOWN,0.24304201360791922,False,True,False,False,False,False,False
random_ruehl_mask,mixed,52,270920312,32,UP,UP,0.07054104935377836,False,False,False,False,False,False,False
random_ruehl_mask,mixed,52,270920312,33,DOWN,DOWN,0.06987503729760647,False,False,False,False,False,False,False
random_ruehl_mask,mixed,52,270920312,34,DOWN,DOWN,0.05908298771828413,False,False,False,False,False,False,True
random_ruehl_mask,mixed,52,270920312,35,BOMB,BOMB,0.10354199912399054,False,False,False,True,False,False,True
random_ruehl_mask,mixed,52,270920312,36,DOWN,DOWN,0.06187497638165951,False,False,False,False,False,False,True
random_ruehl_mask,mixed,52,270920312,37,WAIT,WAIT,0.06316707003861666,False,False,False,False,False,False,True
random_ruehl_mask,mixed,52,270920312,38,WAIT,WAIT,0.06712507456541061,False,False,False,False,False,False,True
random_ruehl_mask,mixed,52,270920312,39,DOWN,DOWN,0.06045890040695667,False,False,False,False,False,False,True
random_ruehl_mask,mixed,53,270920313,1,DOWN,DOWN,0.12250000145286322,False,True,False,False,False,False,False
random_ruehl_mask,mixed,53,270920313,2,UP,UP,0.08287490345537663,False,False,False,False,False,False,False
random_ruehl_mask,mixed,53,270920313,3,LEFT,LEFT,0.07195794023573399,False,False,False,False,False,False,False
random_ruehl_mask,mixed,53,270920313,4,WAIT,WAIT,0.06679201032966375,False,False,False,False,False,False,False
random_ruehl_mask,mixed,53,270920313,5,WAIT,WAIT,0.08337502367794514,False,False,False,False,False,False,False
random_ruehl_mask,mixed,53,270920313,6,BOMB,BOMB,0.1139170490205288,False,False,False,True,False,False,False
random_ruehl_mask,mixed,53,270920313,7,RIGHT,RIGHT,0.056541990488767624,False,False,False,False,False,False,False
random_ruehl_mask,mixed,53,270920313,8,DOWN,DOWN,0.040207989513874054,False,False,False,False,False,False,False
random_ruehl_mask,mixed,53,270920313,9,WAIT,WAIT,0.06320804823189974,False,False,False,False,False,False,False
random_ruehl_mask,mixed,53,270920313,10,WAIT,WAIT,0.048083020374178886,False,False,False,False,False,False,False
random_ruehl_mask,mixed,53,270920313,11,WAIT,WAIT,0.04537496715784073,False,True,False,False,False,False,False
random_ruehl_mask,mixed,53,270920313,12,UP,UP,0.050749978981912136,False,False,False,False,False,False,False
random_ruehl_mask,mixed,53,270920313,13,LEFT,LEFT,0.11000002268701792,False,False,False,False,False,False,False
random_ruehl_mask,mixed,53,270920313,14,RIGHT,RIGHT,0.08575001265853643,False,False,False,False,False,False,False
random_ruehl_mask,mixed,53,270920313,15,LEFT,LEFT,0.09295891504734755,False,False,False,False,False,False,False
random_ruehl_mask,mixed,53,270920313,16,RIGHT,RIGHT,0.048832967877388,False,False,False,False,False,False,False
random_ruehl_mask,mixed,53,270920313,17,DOWN,DOWN,0.07816706784069538,False,False,False,False,False,False,False
random_ruehl_mask,mixed,53,270920313,18,BOMB,BOMB,0.08783303201198578,False,False,False,True,False,False,False
random_ruehl_mask,mixed,53,270920313,19,UP,UP,0.041917082853615284,False,False,False,False,False,False,False
random_ruehl_mask,mixed,53,270920313,20,WAIT,WAIT,0.08354207966476679,False,False,False,False,False,False,False
random_ruehl_mask,mixed,53,270920313,21,LEFT,LEFT,0.067666987888515,False,True,False,False,False,False,False
random_ruehl_mask,mixed,53,270920313,22,LEFT,LEFT,0.06679096259176731,False,False,False,False,False,False,False
random_ruehl_mask,mixed,53,270920313,23,WAIT,WAIT,0.06824999582022429,False,False,False,False,False,False,False
random_ruehl_mask,mixed,53,270920313,24,LEFT,LEFT,0.04812504630535841,False,False,False,False,False,False,True
random_ruehl_mask,mixed,53,270920313,25,BOMB,BOMB,0.0842920271679759,False,False,False,True,False,False,True
random_ruehl_mask,mixed,53,270920313,26,LEFT,LEFT,0.055832904763519764,False,False,False,False,False,False,True
random_ruehl_mask,mixed,53,270920313,27,WAIT,WAIT,0.0415419926866889,False,False,False,False,False,False,True
random_ruehl_mask,mixed,53,270920313,28,WAIT,WAIT,0.049042049795389175,False,False,False,False,False,False,True
random_ruehl_mask,mixed,53,270920313,29,WAIT,WAIT,0.06391596980392933,False,False,False,False,False,False,True
random_ruehl_mask,mixed,54,270920314,1,RIGHT,RIGHT,0.09958399459719658,False,True,False,False,False,False,False
random_ruehl_mask,mixed,54,270920314,2,WAIT,WAIT,0.07541605737060308,False,False,False,False,False,False,False
random_ruehl_mask,mixed,54,270920314,3,BOMB,BOMB,0.09279092773795128,False,False,False,True,False,False,False
random_ruehl_mask,mixed,54,270920314,4,LEFT,LEFT,0.05583302117884159,False,False,False,False,False,False,False
random_ruehl_mask,mixed,54,270920314,5,UP,UP,0.06137497257441282,False,False,False,False,False,False,False
random_ruehl_mask,mixed,54,270920314,6,WAIT,WAIT,0.05879194941371679,False,False,False,False,False,False,False
random_ruehl_mask,mixed,54,270920314,7,WAIT,WAIT,0.06116693839430809,False,False,False,False,False,False,False
random_ruehl_mask,mixed,54,270920314,8,WAIT,WAIT,0.041958061046898365,False,False,False,False,False,False,False
random_ruehl_mask,mixed,54,270920314,9,WAIT,WAIT,0.061875092796981335,False,False,False,False,False,False,False
random_ruehl_mask,mixed,54,270920314,10,DOWN,DOWN,0.07716706022620201,False,False,False,False,False,False,False
random_ruehl_mask,mixed,54,270920314,11,UP,UP,0.08279201574623585,False,True,False,False,False,False,False
random_ruehl_mask,mixed,54,270920314,12,DOWN,DOWN,0.10554201435297728,False,False,False,False,False,False,True
random_ruehl_mask,mixed,54,270920314,13,BOMB,BOMB,0.11520797852426767,False,False,False,True,False,False,True
random_ruehl_mask,mixed,54,270920314,14,UP,UP,0.07933401502668858,False,False,False,False,False,False,True
random_ruehl_mask,mixed,54,270920314,15,WAIT,WAIT,0.08562509901821613,False,False,False,False,False,False,True
random_ruehl_mask,mixed,54,270920314,16,WAIT,WAIT,0.05725002847611904,False,False,False,False,False,False,True
random_ruehl_mask,mixed,54,270920314,17,WAIT,WAIT,0.04962494131177664,False,False,False,False,False,False,True
random_ruehl_mask,mixed,55,270920315,1,RIGHT,RIGHT,0.10175001807510853,False,True,False,False,False,False,False
random_ruehl_mask,mixed,55,270920315,2,LEFT,LEFT,0.07520790677517653,False,False,False,False,False,False,False
random_ruehl_mask,mixed,55,270920315,3,WAIT,WAIT,0.07045897655189037,False,False,False,False,False,False,False
random_ruehl_mask,mixed,55,270920315,4,DOWN,DOWN,0.08062494453042746,False,False,False,False,False,False,False
random_ruehl_mask,mixed,55,270920315,5,UP,UP,0.08291692938655615,False,False,False,False,False,False,False
random_ruehl_mask,mixed,55,270920315,6,RIGHT,RIGHT,0.07791700772941113,False,False,False,False,False,False,False
random_ruehl_mask,mixed,55,270920315,7,LEFT,LEFT,0.07800001185387373,False,False,False,False,False,False,False
random_ruehl_mask,mixed,55,270920315,8,WAIT,WAIT,0.07245899178087711,False,False,False,False,False,False,False
random_ruehl_mask,mixed,55,270920315,9,DOWN,DOWN,0.10750000365078449,False,False,False,False,False,False,False
random_ruehl_mask,mixed,55,270920315,10,UP,UP,0.08825003169476986,False,False,False,False,False,False,False
random_ruehl_mask,mixed,55,270920315,11,WAIT,WAIT,0.09608292020857334,False,True,False,False,False,False,False
random_ruehl_mask,mixed,55,270920315,12,WAIT,WAIT,0.09416707325726748,False,False,False,False,False,False,False
random_ruehl_mask,mixed,55,270920315,13,RIGHT,RIGHT,0.10658300016075373,False,False,False,False,False,False,False
random_ruehl_mask,mixed,55,270920315,14,WAIT,WAIT,0.08349993731826544,False,False,False,False,False,False,False
random_ruehl_mask,mixed,55,270920315,15,WAIT,WAIT,0.08908298332244158,False,False,False,False,False,False,False
random_ruehl_mask,mixed,55,270920315,16,LEFT,LEFT,0.07616693619638681,False,False,False,False,False,False,False
random_ruehl_mask,mixed,55,270920315,17,RIGHT,RIGHT,0.0790419289842248,False,False,False,False,False,False,False
random_ruehl_mask,mixed,55,270920315,18,BOMB,BOMB,0.06874999962747097,False,False,False,True,False,False,False
random_ruehl_mask,mixed,55,270920315,19,LEFT,LEFT,0.04475004971027374,False,False,False,False,False,False,False
random_ruehl_mask,mixed,55,270920315,20,WAIT,WAIT,0.049083027988672256,False,False,False,False,False,False,False
random_ruehl_mask,mixed,55,270920315,21,DOWN,DOWN,0.058875069953501225,False,True,False,False,False,False,False
random_ruehl_mask,mixed,55,270920315,22,WAIT,WAIT,0.06724998820573092,False,False,False,False,False,False,False
random_ruehl_mask,mixed,55,270920315,23,WAIT,WAIT,0.05949998740106821,False,False,False,False,False,False,False
random_ruehl_mask,mixed,55,270920315,24,WAIT,WAIT,0.06779201794415712,False,False,False,False,False,False,False
random_ruehl_mask,mixed,55,270920315,25,WAIT,WAIT,0.0815410166978836,False,False,False,False,False,False,False
random_ruehl_mask,mixed,55,270920315,26,WAIT,WAIT,0.06887491326779127,False,False,False,False,False,False,False
random_ruehl_mask,mixed,55,270920315,27,UP,UP,0.06437499541789293,False,False,False,False,False,False,False
random_ruehl_mask,mixed,55,270920315,28,DOWN,DOWN,0.0915419077500701,False,False,False,False,False,False,False
random_ruehl_mask,mixed,55,270920315,29,WAIT,WAIT,0.06524997297674417,False,False,False,False,False,False,False
random_ruehl_mask,mixed,55,270920315,30,UP,UP,0.07508299313485622,False,False,False,False,False,False,False
random_ruehl_mask,mixed,55,270920315,31,DOWN,DOWN,0.08308293763548136,False,True,False,False,False,False,False
random_ruehl_mask,mixed,55,270920315,32,BOMB,BOMB,0.08783407974988222,False,False,False,True,False,False,False
random_ruehl_mask,mixed,55,270920315,33,UP,UP,0.07370905950665474,False,False,False,False,False,False,False
random_ruehl_mask,mixed,55,270920315,34,WAIT,WAIT,0.06550003308802843,False,False,False,False,False,False,False
random_ruehl_mask,mixed,55,270920315,35,RIGHT,RIGHT,0.06062490865588188,False,False,False,False,False,False,False
random_ruehl_mask,mixed,55,270920315,36,RIGHT,RIGHT,0.0737080117687583,False,False,False,False,False,False,False
random_ruehl_mask,mixed,55,270920315,37,LEFT,LEFT,0.0500410096719861,False,False,False,False,False,False,False
random_ruehl_mask,mixed,55,270920315,38,WAIT,WAIT,0.05441601388156414,False,False,False,False,False,False,False
random_ruehl_mask,mixed,55,270920315,39,WAIT,WAIT,0.06458302959799767,False,False,False,False,False,False,False
random_ruehl_mask,mixed,55,270920315,40,RIGHT,RIGHT,0.07570895832031965,False,False,False,False,False,False,False
random_ruehl_mask,mixed,55,270920315,41,WAIT,WAIT,0.09295798372477293,False,True,False,False,False,False,False
random_ruehl_mask,mixed,55,270920315,42,RIGHT,RIGHT,0.10637508239597082,False,False,False,False,False,False,False
random_ruehl_mask,mixed,55,270920315,43,LEFT,LEFT,0.08954200893640518,False,False,False,False,False,False,False
random_ruehl_mask,mixed,55,270920315,44,BOMB,BOMB,0.09179196786135435,False,False,False,True,False,False,False
random_ruehl_mask,mixed,55,270920315,45,LEFT,LEFT,0.05104194860905409,False,False,False,False,False,False,False
random_ruehl_mask,mixed,55,270920315,46,LEFT,LEFT,0.04125002305954695,False,False,False,False,False,False,False
random_ruehl_mask,mixed,55,270920315,47,DOWN,DOWN,0.06550003308802843,False,False,False,False,False,False,False
random_ruehl_mask,mixed,55,270920315,48,WAIT,WAIT,0.08241704199463129,False,False,False,False,False,False,False
random_ruehl_mask,mixed,55,270920315,49,WAIT,WAIT,0.06454205140471458,False,False,False,False,False,False,False
random_ruehl_mask,mixed,55,270920315,50,DOWN,DOWN,0.06499991286545992,False,False,False,False,False,False,False
random_ruehl_mask,mixed,55,270920315,51,BOMB,BOMB,0.10270893108099699,False,True,False,True,False,False,False
random_ruehl_mask,mixed,55,270920315,52,UP,UP,0.06570806726813316,False,False,False,False,False,False,False
random_ruehl_mask,mixed,55,270920315,53,UP,UP,0.11262495536357164,False,False,False,False,False,False,False
random_ruehl_mask,mixed,55,270920315,54,RIGHT,RIGHT,0.06920797750353813,False,False,False,False,False,False,False
random_ruehl_mask,mixed,55,270920315,55,WAIT,WAIT,0.05962501745671034,False,False,False,False,False,False,False
random_ruehl_mask,mixed,55,270920315,56,WAIT,WAIT,0.06687489803880453,False,False,False,False,False,False,False
random_ruehl_mask,mixed,55,270920315,57,WAIT,WAIT,0.05508307367563248,False,False,False,False,False,False,False
random_ruehl_mask,mixed,55,270920315,58,RIGHT,RIGHT,0.08174998220056295,False,False,False,False,False,False,False
random_ruehl_mask,mixed,55,270920315,59,RIGHT,RIGHT,0.06979191675782204,False,False,False,False,False,False,False
random_ruehl_mask,mixed,55,270920315,60,WAIT,WAIT,0.05320797208696604,False,False,False,False,False,False,False
random_ruehl_mask,mixed,55,270920315,61,LEFT,LEFT,0.052541960030794144,False,True,False,False,False,False,False
random_ruehl_mask,mixed,55,270920315,62,RIGHT,RIGHT,0.07187505252659321,False,False,False,False,False,False,False
random_ruehl_mask,mixed,55,270920315,63,WAIT,WAIT,0.06891600787639618,False,False,False,False,False,False,False
random_ruehl_mask,mixed,55,270920315,64,LEFT,LEFT,0.09104202035814524,False,False,False,False,False,False,False
random_ruehl_mask,mixed,55,270920315,65,WAIT,WAIT,0.08000002708286047,False,False,False,False,False,False,False
random_ruehl_mask,mixed,55,270920315,66,WAIT,WAIT,0.07987499702721834,False,False,False,False,False,False,False
random_ruehl_mask,mixed,55,270920315,67,DOWN,DOWN,0.10262499563395977,False,False,False,False,False,False,False
random_ruehl_mask,mixed,55,270920315,68,UP,UP,0.09550002869218588,False,False,False,False,False,False,False
random_ruehl_mask,mixed,55,270920315,69,LEFT,LEFT,0.07737497799098492,False,False,False,False,False,False,False
random_ruehl_mask,mixed,55,270920315,70,LEFT,LEFT,0.05958392284810543,False,False,False,False,False,False,False
random_ruehl_mask,mixed,55,270920315,71,WAIT,WAIT,0.10133406613022089,False,True,False,False,False,False,False
random_ruehl_mask,mixed,55,270920315,72,WAIT,WAIT,0.08012494072318077,False,False,False,False,False,False,False
random_ruehl_mask,mixed,55,270920315,73,RIGHT,RIGHT,0.06904196925461292,False,False,False,False,False,False,False
random_ruehl_mask,mixed,55,270920315,74,WAIT,WAIT,0.05608401261270046,False,False,False,False,False,False,False
random_ruehl_mask,mixed,55,270920315,75,RIGHT,RIGHT,0.07924996316432953,False,False,False,False,False,False,False
random_ruehl_mask,mixed,55,270920315,76,DOWN,DOWN,0.06874999962747097,False,False,False,False,False,False,False
random_ruehl_mask,mixed,55,270920315,77,DOWN,DOWN,0.08704105857759714,False,False,False,False,False,False,False
random_ruehl_mask,mixed,55,270920315,78,LEFT,LEFT,0.14920905232429504,False,False,False,False,False,False,False
random_ruehl_mask,mixed,55,270920315,79,LEFT,LEFT,0.08537503890693188,False,False,False,False,False,False,False
random_ruehl_mask,mixed,55,270920315,80,WAIT,WAIT,0.07404200732707977,False,False,False,False,False,False,False
random_ruehl_mask,mixed,55,270920315,81,UP,UP,0.05920801777392626,False,True,False,False,False,False,False
random_ruehl_mask,mixed,55,270920315,82,WAIT,WAIT,0.05237502045929432,False,False,False,False,False,False,False
random_ruehl_mask,mixed,55,270920315,83,DOWN,DOWN,0.06916699931025505,False,False,False,False,False,False,False
random_ruehl_mask,mixed,55,270920315,84,UP,UP,0.07333408575505018,False,False,False,False,False,False,False
random_ruehl_mask,mixed,55,270920315,85,DOWN,DOWN,0.059999991208314896,False,False,False,False,False,False,False
random_ruehl_mask,mixed,55,270920315,86,RIGHT,RIGHT,0.06354099605232477,False,False,False,False,False,False,False
random_ruehl_mask,mixed,55,270920315,87,LEFT,LEFT,0.049459049478173256,False,False,False,False,False,False,False
random_ruehl_mask,mixed,55,270920315,88,DOWN,DOWN,0.06579095497727394,False,False,False,False,False,False,False
random_ruehl_mask,mixed,55,270920315,89,DOWN,DOWN,0.10708405170589685,False,False,False,False,False,False,False
random_ruehl_mask,mixed,55,270920315,90,DOWN,DOWN,0.10862504132091999,False,False,False,False,False,False,False
random_ruehl_mask,mixed,55,270920315,91,UP,UP,0.10604097042232752,False,True,False,False,False,False,False
random_ruehl_mask,mixed,55,270920315,92,RIGHT,RIGHT,0.09970797691494226,False,False,False,False,False,False,False
random_ruehl_mask,mixed,55,270920315,93,LEFT,LEFT,0.10570802260190248,False,False,False,False,False,False,False
random_ruehl_mask,mixed,55,270920315,94,DOWN,DOWN,0.13349996879696846,False,False,False,False,False,False,False
random_ruehl_mask,mixed,55,270920315,95,BOMB,BOMB,0.14749995898455381,False,False,False,True,True,False,False
random_ruehl_mask,mixed,55,270920315,96,UP,UP,0.056333024986088276,False,False,False,False,False,False,False
random_ruehl_mask,mixed,55,270920315,97,UP,UP,0.09383296128362417,False,False,False,False,False,False,False
random_ruehl_mask,mixed,55,270920315,98,UP,UP,0.0867919297888875,False,False,False,False,False,False,False
random_ruehl_mask,mixed,55,270920315,99,UP,UP,0.07366703357547522,False,False,False,False,False,False,False
random_ruehl_mask,mixed,55,270920315,100,WAIT,WAIT,0.06841693539172411,False,False,False,False,False,False,False
random_ruehl_mask,mixed,55,270920315,101,DOWN,DOWN,0.05945796146988869,False,True,False,False,False,False,False
random_ruehl_mask,mixed,55,270920315,102,WAIT,WAIT,0.0652919989079237,False,False,False,False,False,False,False
random_ruehl_mask,mixed,55,270920315,103,DOWN,DOWN,0.0772910425439477,False,False,False,False,False,False,False
random_ruehl_mask,mixed,55,270920315,104,UP,UP,0.10825006756931543,False,False,False,False,False,False,False
random_ruehl_mask,mixed,55,270920315,105,UP,UP,0.11925003491342068,False,False,False,False,False,False,False
random_ruehl_mask,mixed,55,270920315,106,BOMB,BOMB,0.09537499863654375,False,False,False,True,True,False,False
random_ruehl_mask,mixed,55,270920315,107,UP,UP,0.04604097921401262,False,False,False,False,False,False,False
random_ruehl_mask,mixed,55,270920315,108,RIGHT,RIGHT,0.04170800093561411,False,False,False,False,False,False,False
random_ruehl_mask,mixed,55,270920315,109,RIGHT,RIGHT,0.08408399298787117,False,False,False,False,False,False,False
random_ruehl_mask,mixed,55,270920315,110,RIGHT,RIGHT,0.08345802780240774,False,False,False,False,False,False,False
random_ruehl_mask,mixed,55,270920315,111,RIGHT,RIGHT,0.06450002547353506,False,True,False,False,False,False,False
random_ruehl_mask,mixed,55,270920315,112,LEFT,LEFT,0.09504205081611872,False,False,False,False,False,False,False
random_ruehl_mask,mixed,55,270920315,113,WAIT,WAIT,0.06908399518579245,False,False,False,False,False,False,False
random_ruehl_mask,mixed,55,270920315,114,WAIT,WAIT,0.06516696885228157,False,False,False,False,False,False,False
random_ruehl_mask,mixed,55,270920315,115,RIGHT,RIGHT,0.06841705180704594,False,False,False,False,False,False,False
random_ruehl_mask,mixed,55,270920315,116,WAIT,WAIT,0.13745797332376242,False,False,False,False,False,False,False
random_ruehl_mask,mixed,55,270920315,117,WAIT,WAIT,0.10487507097423077,False,False,False,False,False,False,False
random_ruehl_mask,mixed,55,270920315,118,LEFT,LEFT,0.09479199070483446,False,False,False,False,False,False,False
random_ruehl_mask,mixed,55,270920315,119,LEFT,LEFT,0.077415956184268,False,False,False,False,False,False,False
random_ruehl_mask,mixed,55,270920315,120,WAIT,WAIT,0.06724998820573092,False,False,False,False,False,False,False
random_ruehl_mask,mixed,55,270920315,121,WAIT,WAIT,0.06954092532396317,False,True,False,False,False,False,False
random_ruehl_mask,mixed,55,270920315,122,WAIT,WAIT,0.07933308370411396,False,False,False,False,False,False,False
random_ruehl_mask,mixed,55,270920315,123,DOWN,DOWN,0.12379197869449854,False,False,False,False,False,False,False
random_ruehl_mask,mixed,55,270920315,124,WAIT,WAIT,0.1068750862032175,False,False,False,False,False,False,False
random_ruehl_mask,mixed,55,270920315,125,UP,UP,0.06116693839430809,False,False,False,False,False,False,False
random_ruehl_mask,mixed,55,270920315,126,LEFT,LEFT,0.10912492871284485,False,False,False,False,False,False,False
random_ruehl_mask,mixed,55,270920315,127,LEFT,LEFT,0.06308301817625761,False,False,False,False,False,False,False
random_ruehl_mask,mixed,55,270920315,128,DOWN,DOWN,0.06545893847942352,False,False,False,False,False,False,False
random_ruehl_mask,mixed,55,270920315,129,DOWN,DOWN,0.05941605195403099,False,False,False,False,False,False,False
random_ruehl_mask,mixed,55,270920315,130,RIGHT,RIGHT,0.0725829740986228,False,False,False,False,False,False,False
random_ruehl_mask,mixed,55,270920315,131,RIGHT,RIGHT,0.0826249597594142,False,True,False,False,False,False,False
random_ruehl_mask,mixed,55,270920315,132,RIGHT,RIGHT,0.07716694381088018,False,False,False,False,False,False,False
random_ruehl_mask,mixed,55,270920315,133,WAIT,WAIT,0.0717920484021306,False,False,False,False,False,False,False
random_ruehl_mask,mixed,55,270920315,134,LEFT,LEFT,0.08404103573411703,False,False,False,False,False,False,False
random_ruehl_mask,mixed,55,270920315,135,UP,UP,0.07466599345207214,False,False,False,False,False,False,False
random_ruehl_mask,mixed,55,270920315,136,UP,UP,0.051833922043442726,False,False,False,False,False,False,False
random_ruehl_mask,mixed,55,270920315,137,DOWN,DOWN,0.05408294964581728,False,False,False,False,False,False,False
random_ruehl_mask,mixed,55,270920315,138,DOWN,DOWN,0.049999915063381195,False,False,False,False,False,False,False
random_ruehl_mask,mixed,55,270920315,139,UP,UP,0.12395903468132019,False,False,False,False,False,False,False
random_ruehl_mask,mixed,55,270920315,140,WAIT,WAIT,0.05849997978657484,False,False,False,False,False,False,False
random_ruehl_mask,mixed,55,270920315,141,WAIT,WAIT,0.05100003909319639,False,True,False,False,False,False,False
random_ruehl_mask,mixed,55,270920315,142,UP,UP,0.050459057092666626,False,False,False,False,False,False,False
random_ruehl_mask,mixed,55,270920315,143,LEFT,LEFT,0.08016603533178568,False,False,False,False,False,False,False
random_ruehl_mask,mixed,55,270920315,144,RIGHT,RIGHT,0.06895896513015032,False,False,False,False,False,False,False
random_ruehl_mask,mixed,55,270920315,145,WAIT,WAIT,0.077791977673769,False,False,False,False,False,False,False
random_ruehl_mask,mixed,55,270920315,146,LEFT,LEFT,0.06737490184605122,False,False,False,False,False,False,False
random_ruehl_mask,mixed,55,270920315,147,LEFT,LEFT,0.06029102951288223,False,False,False,False,False,False,False
random_ruehl_mask,mixed,55,270920315,148,RIGHT,RIGHT,0.05300005432218313,False,False,False,False,False,False,False
random_ruehl_mask,mixed,55,270920315,149,RIGHT,RIGHT,0.059999991208314896,False,False,False,False,False,False,False
random_ruehl_mask,mixed,55,270920315,150,WAIT,WAIT,0.0665000407025218,False,False,False,False,False,False,False
random_ruehl_mask,mixed,55,270920315,151,WAIT,WAIT,0.05866598803550005,False,True,False,False,False,False,False
random_ruehl_mask,mixed,55,270920315,152,RIGHT,RIGHT,0.07041706703603268,False,False,False,False,False,False,False
random_ruehl_mask,mixed,55,270920315,153,LEFT,LEFT,0.08537503890693188,False,False,False,False,False,False,False
random_ruehl_mask,mixed,55,270920315,154,DOWN,DOWN,0.11020794045180082,False,False,False,False,False,False,False
random_ruehl_mask,mixed,55,270920315,155,DOWN,DOWN,0.06312504410743713,False,False,False,False,False,False,False
random_ruehl_mask,mixed,55,270920315,156,LEFT,LEFT,0.10662502609193325,False,False,False,False,False,False,False
random_ruehl_mask,mixed,55,270920315,157,LEFT,LEFT,0.051541952416300774,False,False,False,False,False,False,False
random_ruehl_mask,mixed,55,270920315,158,RIGHT,RIGHT,0.08383404929190874,False,False,False,False,False,False,True
random_ruehl_mask,mixed,55,270920315,159,BOMB,BOMB,0.08829194121062756,False,False,False,True,True,False,True
random_ruehl_mask,mixed,55,270920315,160,UP,UP,0.0515839783474803,False,False,False,False,False,False,True
random_ruehl_mask,mixed,55,270920315,161,WAIT,WAIT,0.067290966399014,False,True,False,False,False,False,True
random_ruehl_mask,mixed,55,270920315,162,WAIT,WAIT,0.07587496656924486,False,False,False,False,False,False,True
random_ruehl_mask,mixed,55,270920315,163,UP,UP,0.06458302959799767,False,False,False,False,False,False,True
random_ruehl_mask,mixed,56,270920316,1,RIGHT,RIGHT,0.11741591151803732,False,True,False,False,False,False,False
random_ruehl_mask,mixed,56,270920316,2,RIGHT,RIGHT,0.08600007276982069,False,False,False,False,False,False,False
random_ruehl_mask,mixed,56,270920316,3,LEFT,LEFT,0.08662499021738768,False,False,False,False,False,False,False
random_ruehl_mask,mixed,56,270920316,4,BOMB,BOMB,0.07604097481817007,False,False,False,True,False,False,False
random_ruehl_mask,mixed,56,270920316,5,RIGHT,RIGHT,0.05349994171410799,False,False,False,False,False,False,False
random_ruehl_mask,mixed,56,270920316,6,DOWN,DOWN,0.08391705341637135,False,False,False,False,False,False,False
random_ruehl_mask,mixed,56,270920316,7,WAIT,WAIT,0.06762496195733547,False,False,False,False,False,False,False
random_ruehl_mask,mixed,56,270920316,8,WAIT,WAIT,0.04891701973974705,False,False,False,False,False,False,False
random_ruehl_mask,mixed,56,270920316,9,WAIT,WAIT,0.0426670303568244,False,False,False,False,False,False,False
random_ruehl_mask,mixed,56,270920316,10,WAIT,WAIT,0.06250001024454832,False,False,False,False,False,False,False
random_ruehl_mask,mixed,56,270920316,11,UP,UP,0.07487495895475149,False,True,False,False,False,False,False
random_ruehl_mask,mixed,56,270920316,12,WAIT,WAIT,0.09833392687141895,False,False,False,False,False,False,True
random_ruehl_mask,mixed,56,270920316,13,BOMB,BOMB,0.10366691276431084,False,False,False,True,False,False,True
random_ruehl_mask,mixed,56,270920316,14,DOWN,DOWN,0.07683306466788054,False,False,False,False,False,False,True
random_ruehl_mask,mixed,56,270920316,15,WAIT,WAIT,0.055750017054378986,False,False,False,False,False,False,True
random_ruehl_mask,mixed,56,270920316,16,WAIT,WAIT,0.050165923312306404,False,False,False,False,False,False,True
random_ruehl_mask,mixed,56,270920316,17,WAIT,WAIT,0.048042042180895805,False,False,False,False,False,False,True
random_ruehl_mask,mixed,57,270920317,1,RIGHT,RIGHT,0.09466696064919233,False,True,False,False,False,False,False
random_ruehl_mask,mixed,57,270920317,2,LEFT,LEFT,0.10004197247326374,False,False,False,False,False,False,False
random_ruehl_mask,mixed,57,270920317,3,RIGHT,RIGHT,0.08129200432449579,False,False,False,False,False,False,False
random_ruehl_mask,mixed,57,270920317,4,WAIT,WAIT,0.0712500186637044,False,False,False,False,False,False,False
random_ruehl_mask,mixed,57,270920317,5,WAIT,WAIT,0.07820792961865664,False,False,False,False,False,False,False
random_ruehl_mask,mixed,57,270920317,6,WAIT,WAIT,0.08341704960912466,False,False,False,False,False,False,False
random_ruehl_mask,mixed,57,270920317,7,WAIT,WAIT,0.08270901162177324,False,False,False,False,False,False,False
random_ruehl_mask,mixed,57,270920317,8,WAIT,WAIT,0.07266702596098185,False,False,False,False,False,False,False
random_ruehl_mask,mixed,57,270920317,9,BOMB,BOMB,0.06237498018890619,False,False,False,True,False,False,False
random_ruehl_mask,mixed,57,270920317,10,LEFT,LEFT,0.054458039812743664,False,False,False,False,False,False,False
random_ruehl_mask,mixed,57,270920317,11,WAIT,WAIT,0.04058401100337505,False,True,False,False,False,False,False
random_ruehl_mask,mixed,57,270920317,12,DOWN,DOWN,0.05495804361999035,False,False,False,False,False,False,False
random_ruehl_mask,mixed,57,270920317,13,WAIT,WAIT,0.08933397475630045,False,False,False,False,False,False,False
random_ruehl_mask,mixed,57,270920317,14,WAIT,WAIT,0.06975000724196434,False,False,False,False,False,False,False
random_ruehl_mask,mixed,57,270920317,15,WAIT,WAIT,0.05441601388156414,False,False,False,False,False,False,False
random_ruehl_mask,mixed,57,270920317,16,BOMB,BOMB,0.07287494372576475,False,False,False,True,False,False,False
random_ruehl_mask,mixed,57,270920317,17,UP,UP,0.050458009354770184,False,False,False,False,False,False,False
random_ruehl_mask,mixed,57,270920317,18,WAIT,WAIT,0.04445796366780996,False,False,False,False,False,False,False
random_ruehl_mask,mixed,57,270920317,19,RIGHT,RIGHT,0.0504589406773448,False,False,False,False,False,False,False
random_ruehl_mask,mixed,57,270920317,20,WAIT,WAIT,0.052541960030794144,False,False,False,False,False,False,False
random_ruehl_mask,mixed,57,270920317,21,RIGHT,RIGHT,0.052749994210898876,False,True,False,False,False,False,False
random_ruehl_mask,mixed,57,270920317,22,LEFT,LEFT,0.06029102951288223,False,False,False,False,False,False,False
random_ruehl_mask,mixed,57,270920317,23,WAIT,WAIT,0.0688750296831131,False,False,False,False,False,False,False
random_ruehl_mask,mixed,57,270920317,24,RIGHT,RIGHT,0.060832942835986614,False,False,False,False,False,False,False
random_ruehl_mask,mixed,57,270920317,25,RIGHT,RIGHT,0.09187508840113878,False,False,False,False,False,False,False
random_ruehl_mask,mixed,57,270920317,26,LEFT,LEFT,0.07433304563164711,False,False,False,False,False,False,False
random_ruehl_mask,mixed,57,270920317,27,LEFT,LEFT,0.07554097101092339,False,False,False,False,False,False,False
random_ruehl_mask,mixed,57,270920317,28,WAIT,WAIT,0.04800001624971628,False,False,False,False,False,False,False
random_ruehl_mask,mixed,57,270920317,29,RIGHT,RIGHT,0.054709031246602535,False,False,False,False,False,False,False
random_ruehl_mask,mixed,57,270920317,30,WAIT,WAIT,0.08804199751466513,False,False,False,False,False,False,False
random_ruehl_mask,mixed,57,270920317,31,RIGHT,RIGHT,0.12795801740139723,False,True,False,False,False,False,False
random_ruehl_mask,mixed,57,270920317,32,RIGHT,RIGHT,0.11454091873019934,False,False,False,False,False,False,False
random_ruehl_mask,mixed,57,270920317,33,WAIT,WAIT,0.18933298997581005,False,False,False,False,False,False,False
random_ruehl_mask,mixed,57,270920317,34,LEFT,LEFT,0.10487507097423077,False,False,False,False,False,False,True
random_ruehl_mask,mixed,57,270920317,35,BOMB,BOMB,0.10391604155302048,False,False,False,True,False,False,True
random_ruehl_mask,mixed,57,270920317,36,RIGHT,RIGHT,0.04329206421971321,False,False,False,False,False,False,True
random_ruehl_mask,mixed,57,270920317,37,WAIT,WAIT,0.04058296326547861,False,False,False,False,False,False,True
random_ruehl_mask,mixed,57,270920317,38,WAIT,WAIT,0.05737494211643934,False,False,False,False,False,False,True
random_ruehl_mask,mixed,57,270920317,39,WAIT,WAIT,0.051999930292367935,False,False,False,False,False,False,True
random_ruehl_mask,mixed,58,270920318,1,DOWN,DOWN,0.1016249880194664,False,True,False,False,False,False,False
random_ruehl_mask,mixed,58,270920318,2,BOMB,BOMB,0.08012494072318077,False,False,False,True,False,False,False
random_ruehl_mask,mixed,58,270920318,3,UP,UP,0.0415000831708312,False,False,False,False,False,False,False
random_ruehl_mask,mixed,58,270920318,4,RIGHT,RIGHT,0.0730419997125864,False,False,False,False,False,False,False
random_ruehl_mask,mixed,58,270920318,5,WAIT,WAIT,0.06566708907485008,False,False,False,False,False,False,False
random_ruehl_mask,mixed,58,270920318,6,WAIT,WAIT,0.060416990891098976,False,False,False,False,False,False,False
random_ruehl_mask,mixed,58,270920318,7,WAIT,WAIT,0.05200004670768976,False,False,False,False,False,False,False
random_ruehl_mask,mixed,58,270920318,8,LEFT,LEFT,0.03379094414412975,False,False,False,False,False,False,False
random_ruehl_mask,mixed,58,270920318,9,RIGHT,RIGHT,0.09583297651261091,False,False,False,False,False,False,False
random_ruehl_mask,mixed,58,270920318,10,LEFT,LEFT,0.06520794704556465,False,False,False,False,False,False,False
random_ruehl_mask,mixed,58,270920318,11,RIGHT,RIGHT,0.07529102731496096,False,True,False,False,False,False,False
random_ruehl_mask,mixed,58,270920318,12,BOMB,BOMB,0.10354199912399054,False,False,False,True,False,False,False
random_ruehl_mask,mixed,58,270920318,13,LEFT,LEFT,0.06454205140471458,False,False,False,False,False,False,False
random_ruehl_mask,mixed,58,270920318,14,WAIT,WAIT,0.07441593334078789,False,False,False,False,False,False,False
random_ruehl_mask,mixed,58,270920318,15,DOWN,DOWN,0.06916699931025505,False,False,False,False,False,False,False
random_ruehl_mask,mixed,58,270920318,16,WAIT,WAIT,0.06712495815008879,False,False,False,False,False,False,False
random_ruehl_mask,mixed,58,270920318,17,WAIT,WAIT,0.04624994471669197,False,False,False,False,False,False,False
random_ruehl_mask,mixed,58,270920318,18,WAIT,WAIT,0.03750005271285772,False,False,False,False,False,False,False
random_ruehl_mask,mixed,58,270920318,19,UP,UP,0.08583301678299904,False,False,False,False,False,False,False
random_ruehl_mask,mixed,58,270920318,20,RIGHT,RIGHT,0.06929098162800074,False,False,False,False,False,False,False
random_ruehl_mask,mixed,58,270920318,21,WAIT,WAIT,0.07091695442795753,False,True,False,False,False,False,False
random_ruehl_mask,mixed,58,270920318,22,RIGHT,RIGHT,0.10187493171542883,False,False,False,False,False,False,False
random_ruehl_mask,mixed,58,270920318,23,WAIT,WAIT,0.09799993131309748,False,False,False,False,False,False,False
random_ruehl_mask,mixed,58,270920318,24,RIGHT,RIGHT,0.08162495214492083,False,False,False,False,False,False,False
random_ruehl_mask,mixed,58,270920318,25,LEFT,LEFT,0.10483292862772942,False,False,False,False,False,False,False
random_ruehl_mask,mixed,58,270920318,26,LEFT,LEFT,0.10270904749631882,False,False,False,False,False,False,False
random_ruehl_mask,mixed,58,270920318,27,RIGHT,RIGHT,0.0522910850122571,False,False,False,False,False,False,False
random_ruehl_mask,mixed,58,270920318,28,WAIT,WAIT,0.10345899499952793,False,False,False,False,False,False,True
random_ruehl_mask,mixed,58,270920318,29,BOMB,BOMB,0.08783303201198578,False,False,False,True,False,False,True
random_ruehl_mask,mixed,58,270920318,30,RIGHT,RIGHT,0.0631249276921153,False,False,False,False,False,False,True
random_ruehl_mask,mixed,58,270920318,31,RIGHT,RIGHT,0.05962501745671034,False,False,False,False,False,False,True
random_ruehl_mask,mixed,58,270920318,32,WAIT,WAIT,0.08445803541690111,False,False,False,False,False,False,True
random_ruehl_mask,mixed,58,270920318,33,LEFT,LEFT,0.06250001024454832,False,False,False,False,False,False,True
random_ruehl_mask,mixed,59,270920319,1,WAIT,WAIT,0.10212499182671309,False,True,False,False,False,False,False
random_ruehl_mask,mixed,59,270920319,2,LEFT,LEFT,0.08712499402463436,False,False,False,False,False,False,False
random_ruehl_mask,mixed,59,270920319,3,WAIT,WAIT,0.06879190914332867,False,False,False,False,False,False,False
random_ruehl_mask,mixed,59,270920319,4,WAIT,WAIT,0.06983394268900156,False,False,False,False,False,False,False
random_ruehl_mask,mixed,59,270920319,5,WAIT,WAIT,0.08287501987069845,False,False,False,False,False,False,False
random_ruehl_mask,mixed,59,270920319,6,RIGHT,RIGHT,0.07891596760600805,False,False,False,False,False,False,False
random_ruehl_mask,mixed,59,270920319,7,LEFT,LEFT,0.08358294144272804,False,False,False,False,False,False,False
random_ruehl_mask,mixed,59,270920319,8,RIGHT,RIGHT,0.06491702515631914,False,False,False,False,False,False,False
random_ruehl_mask,mixed,59,270920319,9,LEFT,LEFT,0.11662498582154512,False,False,False,False,False,False,False
random_ruehl_mask,mixed,59,270920319,10,RIGHT,RIGHT,0.09304191917181015,False,False,False,False,False,False,False
random_ruehl_mask,mixed,59,270920319,11,DOWN,DOWN,0.08175009861588478,False,True,False,False,False,False,False
random_ruehl_mask,mixed,59,270920319,12,WAIT,WAIT,0.06866594776511192,False,False,False,False,False,False,False
random_ruehl_mask,mixed,59,270920319,13,WAIT,WAIT,0.08179200813174248,False,False,False,False,False,False,False
random_ruehl_mask,mixed,59,270920319,14,UP,UP,0.10333303362131119,False,False,False,False,False,False,False
random_ruehl_mask,mixed,59,270920319,15,WAIT,WAIT,0.1015000743791461,False,False,False,False,False,False,False
random_ruehl_mask,mixed,59,270920319,16,WAIT,WAIT,0.07637497037649155,False,False,False,False,False,False,False
random_ruehl_mask,mixed,59,270920319,17,LEFT,LEFT,0.07062498480081558,False,False,False,False,False,False,False
random_ruehl_mask,mixed,59,270920319,18,BOMB,BOMB,0.09887502528727055,False,False,False,True,False,False,False
random_ruehl_mask,mixed,59,270920319,19,RIGHT,RIGHT,0.05349994171410799,False,False,False,False,False,False,False
random_ruehl_mask,mixed,59,270920319,20,WAIT,WAIT,0.06179104093462229,False,False,False,False,False,False,False
random_ruehl_mask,mixed,59,270920319,21,DOWN,DOWN,0.053750001825392246,False,True,False,False,False,False,False
random_ruehl_mask,mixed,59,270920319,22,WAIT,WAIT,0.053582945838570595,False,False,False,False,False,False,False
random_ruehl_mask,mixed,59,270920319,23,WAIT,WAIT,0.04324992187321186,False,False,False,False,False,False,False
random_ruehl_mask,mixed,59,270920319,24,UP,UP,0.03770797047764063,False,False,False,False,False,False,False
random_ruehl_mask,mixed,59,270920319,25,WAIT,WAIT,0.08762499783188105,False,False,False,False,False,False,False
random_ruehl_mask,mixed,59,270920319,26,WAIT,WAIT,0.0830839853733778,False,False,False,False,False,False,True
random_ruehl_mask,mixed,59,270920319,27,BOMB,BOMB,0.11270807590335608,False,False,False,True,False,False,True
random_ruehl_mask,mixed,59,270920319,28,DOWN,DOWN,0.052666058763861656,False,False,False,False,False,False,True
random_ruehl_mask,mixed,59,270920319,29,WAIT,WAIT,0.04724995233118534,False,False,False,False,False,False,True
random_ruehl_mask,mixed,59,270920319,30,WAIT,WAIT,0.06004201713949442,False,False,False,False,False,False,True
random_ruehl_mask,mixed,59,270920319,31,WAIT,WAIT,0.04483305383473635,False,False,False,False,False,False,True
random_ruehl_mask,mixed,60,270920320,1,WAIT,WAIT,0.09687489364296198,False,True,False,False,False,False,False
random_ruehl_mask,mixed,60,270920320,2,DOWN,DOWN,0.08558295667171478,False,False,False,False,False,False,False
random_ruehl_mask,mixed,60,270920320,3,UP,UP,0.07433397695422173,False,False,False,False,False,False,False
random_ruehl_mask,mixed,60,270920320,4,RIGHT,RIGHT,0.07295806426554918,False,False,False,False,False,False,False
random_ruehl_mask,mixed,60,270920320,5,LEFT,LEFT,0.08200004231184721,False,False,False,False,False,False,False
random_ruehl_mask,mixed,60,270920320,6,WAIT,WAIT,0.10933401063084602,False,False,False,False,False,False,False
random_ruehl_mask,mixed,60,270920320,7,WAIT,WAIT,0.08862500544637442,False,False,False,False,False,False,False
random_ruehl_mask,mixed,60,270920320,8,RIGHT,RIGHT,0.071333022788167,False,False,False,False,False,False,False
random_ruehl_mask,mixed,60,270920320,9,BOMB,BOMB,0.06495800334960222,False,False,False,True,False,False,False
random_ruehl_mask,mixed,60,270920320,10,LEFT,LEFT,0.058957957662642,False,False,False,False,False,False,False
random_ruehl_mask,mixed,60,270920320,11,WAIT,WAIT,0.05712499842047691,False,True,False,False,False,False,False
random_ruehl_mask,mixed,60,270920320,12,DOWN,DOWN,0.05091691855341196,False,False,False,False,False,False,False
random_ruehl_mask,mixed,60,270920320,13,WAIT,WAIT,0.06350001785904169,False,False,False,False,False,False,False
random_ruehl_mask,mixed,60,270920320,14,WAIT,WAIT,0.06854196544736624,False,False,False,False,False,False,False
random_ruehl_mask,mixed,60,270920320,15,UP,UP,0.05908298771828413,False,False,False,False,False,False,False
random_ruehl_mask,mixed,60,270920320,16,RIGHT,RIGHT,0.07862504571676254,False,False,False,False,False,False,False
random_ruehl_mask,mixed,60,270920320,17,LEFT,LEFT,0.04587508738040924,False,False,False,False,False,False,False
random_ruehl_mask,mixed,60,270920320,18,DOWN,DOWN,0.0737080117687583,False,False,False,False,False,False,False
random_ruehl_mask,mixed,60,270920320,19,WAIT,WAIT,0.10349997319281101,False,False,False,False,False,False,False
random_ruehl_mask,mixed,60,270920320,20,WAIT,WAIT,0.08887494914233685,False,False,False,False,False,False,False
random_ruehl_mask,mixed,60,270920320,21,UP,UP,0.1153749180957675,False,True,False,False,False,False,True
random_ruehl_mask,mixed,60,270920320,22,BOMB,BOMB,0.10337505955249071,False,False,False,True,False,False,True
random_ruehl_mask,mixed,60,270920320,23,RIGHT,RIGHT,0.03712496254593134,False,False,False,False,False,False,True
random_ruehl_mask,mixed,60,270920320,24,WAIT,WAIT,0.03845791798084974,False,False,False,False,False,False,True
random_ruehl_mask,mixed,60,270920320,25,RIGHT,RIGHT,0.04470907151699066,False,False,False,False,False,False,True
random_ruehl_mask,mixed,60,270920320,26,RIGHT,RIGHT,0.04349998198449612,False,False,False,False,False,False,True
random_ruehl_mask,mixed,61,270920321,1,DOWN,DOWN,0.1811670372262597,False,True,False,False,False,False,True
random_ruehl_mask,mixed,61,270920321,2,BOMB,BOMB,0.11479202657938004,False,False,False,True,False,False,True
random_ruehl_mask,mixed,61,270920321,3,DOWN,DOWN,0.056541990488767624,False,False,False,False,False,False,True
random_ruehl_mask,mixed,61,270920321,4,WAIT,WAIT,0.07204106077551842,False,False,False,False,False,False,True
random_ruehl_mask,mixed,61,270920321,5,WAIT,WAIT,0.07720803841948509,False,False,False,False,False,False,True
random_ruehl_mask,mixed,61,270920321,6,DOWN,DOWN,0.07033301517367363,False,False,False,False,False,False,True
random_ruehl_mask,mixed,62,270920322,1,LEFT,LEFT,0.11162494774907827,False,True,False,False,False,False,False
random_ruehl_mask,mixed,62,270920322,2,WAIT,WAIT,0.08133298251777887,False,False,False,False,False,False,False
random_ruehl_mask,mixed,62,270920322,3,WAIT,WAIT,0.11558295227587223,False,False,False,False,False,False,False
random_ruehl_mask,mixed,62,270920322,4,RIGHT,RIGHT,0.1392079284414649,False,False,False,False,False,False,False
random_ruehl_mask,mixed,62,270920322,5,LEFT,LEFT,0.10870897676795721,False,False,False,False,False,False,False
random_ruehl_mask,mixed,62,270920322,6,RIGHT,RIGHT,0.0937500735744834,False,False,False,False,False,False,False
random_ruehl_mask,mixed,62,270920322,7,WAIT,WAIT,0.09679107461124659,False,False,False,False,False,False,False
random_ruehl_mask,mixed,62,270920322,8,WAIT,WAIT,0.07741700392216444,False,False,False,False,False,False,False
random_ruehl_mask,mixed,62,270920322,9,LEFT,LEFT,0.08008396252989769,False,False,False,False,False,False,True
random_ruehl_mask,mixed,62,270920322,10,BOMB,BOMB,0.0927080400288105,False,False,False,True,False,False,True
random_ruehl_mask,mixed,62,270920322,11,LEFT,LEFT,0.04616705700755119,False,True,True,False,False,False,True
random_ruehl_mask,mixed,62,270920322,12,WAIT,WAIT,0.05658390000462532,False,False,False,False,False,False,True
random_ruehl_mask,mixed,62,270920322,13,WAIT,WAIT,0.06649992428719997,False,False,False,False,False,False,True
random_ruehl_mask,mixed,62,270920322,14,WAIT,WAIT,0.07229205220937729,False,False,False,False,False,False,True
random_ruehl_mask,mixed,63,270920323,1,RIGHT,RIGHT,0.10670791380107403,False,True,False,False,False,False,False
random_ruehl_mask,mixed,63,270920323,2,WAIT,WAIT,0.07749989163130522,False,False,False,False,False,False,False
random_ruehl_mask,mixed,63,270920323,3,WAIT,WAIT,0.07737497799098492,False,False,False,False,False,False,False
random_ruehl_mask,mixed,63,270920323,4,WAIT,WAIT,0.09949994273483753,False,False,False,False,False,False,False
random_ruehl_mask,mixed,63,270920323,5,BOMB,BOMB,0.10220904368907213,False,False,False,True,False,False,False
random_ruehl_mask,mixed,63,270920323,6,LEFT,LEFT,0.06904103793203831,False,False,False,False,False,False,False
random_ruehl_mask,mixed,63,270920323,7,UP,UP,0.052875024266541004,False,False,False,False,False,False,False
random_ruehl_mask,mixed,63,270920323,8,WAIT,WAIT,0.06904103793203831,False,False,False,False,False,False,False
random_ruehl_mask,mixed,63,270920323,9,WAIT,WAIT,0.04958396311849356,False,False,False,False,False,False,False
random_ruehl_mask,mixed,63,270920323,10,WAIT,WAIT,0.04866695962846279,False,False,False,False,False,False,False
random_ruehl_mask,mixed,63,270920323,11,WAIT,WAIT,0.04254095256328583,False,True,False,False,False,False,False
random_ruehl_mask,mixed,63,270920323,12,BOMB,BOMB,0.07708300836384296,False,False,False,True,False,False,False
random_ruehl_mask,mixed,63,270920323,13,DOWN,DOWN,0.08837506175041199,False,False,False,False,False,False,False
random_ruehl_mask,mixed,63,270920323,14,WAIT,WAIT,0.08112506475299597,False,False,False,False,False,False,False
random_ruehl_mask,mixed,63,270920323,15,RIGHT,RIGHT,0.08645898196846247,False,False,False,False,False,False,False
random_ruehl_mask,mixed,63,270920323,16,WAIT,WAIT,0.057958997786045074,False,False,False,False,False,False,False
random_ruehl_mask,mixed,63,270920323,17,WAIT,WAIT,0.06762496195733547,False,False,False,False,False,False,False
random_ruehl_mask,mixed,63,270920323,18,RIGHT,RIGHT,0.0411659711971879,False,False,False,False,False,False,False
random_ruehl_mask,mixed,63,270920323,19,WAIT,WAIT,0.16004103235900402,False,False,False,False,False,False,False
random_ruehl_mask,mixed,63,270920323,20,UP,UP,0.10729196947067976,False,False,False,False,False,False,False
random_ruehl_mask,mixed,63,270920323,21,DOWN,DOWN,0.10979198850691319,False,True,False,False,False,False,False
random_ruehl_mask,mixed,63,270920323,22,RIGHT,RIGHT,0.14304195065051317,False,False,False,False,False,False,False
random_ruehl_mask,mixed,63,270920323,23,RIGHT,RIGHT,0.09324995335191488,False,False,False,False,False,False,False
random_ruehl_mask,mixed,63,270920323,24,LEFT,LEFT,0.09216589387506247,False,False,False,False,False,False,False
random_ruehl_mask,mixed,63,270920323,25,RIGHT,RIGHT,0.07708393968641758,False,False,False,False,False,False,False
random_ruehl_mask,mixed,63,270920323,26,BOMB,BOMB,0.07479102350771427,False,False,False,True,False,False,False
random_ruehl_mask,mixed,63,270920323,27,LEFT,LEFT,0.03687501884996891,False,False,False,False,False,False,False
random_ruehl_mask,mixed,63,270920323,28,WAIT,WAIT,0.05050003528594971,False,False,False,False,False,False,False
random_ruehl_mask,mixed,63,270920323,29,LEFT,LEFT,0.061208964325487614,False,False,False,False,False,False,False
random_ruehl_mask,mixed,63,270920323,30,UP,UP,0.06258301436901093,False,False,False,False,False,False,False
random_ruehl_mask,mixed,63,270920323,31,WAIT,WAIT,0.050999922677874565,False,True,False,False,False,False,False
random_ruehl_mask,mixed,63,270920323,32,DOWN,DOWN,0.04900002386420965,False,False,False,False,False,False,False
random_ruehl_mask,mixed,63,270920323,33,LEFT,LEFT,0.10758393909782171,False,False,False,False,False,False,False
random_ruehl_mask,mixed,63,270920323,34,LEFT,LEFT,0.05533394869416952,False,False,False,False,False,False,False
random_ruehl_mask,mixed,63,270920323,35,WAIT,WAIT,0.0742919510230422,False,False,False,False,False,False,False
random_ruehl_mask,mixed,63,270920323,36,WAIT,WAIT,0.06545893847942352,False,False,False,False,False,False,False
random_ruehl_mask,mixed,63,270920323,37,RIGHT,RIGHT,0.06429199129343033,False,False,False,False,False,False,False
random_ruehl_mask,mixed,63,270920323,38,RIGHT,RIGHT,0.0639590434730053,False,False,False,False,False,False,False
random_ruehl_mask,mixed,63,270920323,39,RIGHT,RIGHT,0.0956669682636857,False,False,False,False,False,False,False
random_ruehl_mask,mixed,63,270920323,40,LEFT,LEFT,0.054292031563818455,False,False,False,False,False,False,False
random_ruehl_mask,mixed,63,270920323,41,RIGHT,RIGHT,0.0914999982342124,False,True,False,False,False,False,False
random_ruehl_mask,mixed,63,270920323,42,LEFT,LEFT,0.08270901162177324,False,False,False,False,False,False,False
random_ruehl_mask,mixed,63,270920323,43,BOMB,BOMB,0.11079094838351011,False,False,False,True,False,False,False
random_ruehl_mask,mixed,63,270920323,44,LEFT,LEFT,0.056459102779626846,False,False,False,False,False,False,False
random_ruehl_mask,mixed,63,270920323,45,LEFT,LEFT,0.0435409601777792,False,False,False,False,False,False,False
random_ruehl_mask,mixed,63,270920323,46,UP,UP,0.06633298471570015,False,False,False,False,False,False,False
random_ruehl_mask,mixed,63,270920323,47,WAIT,WAIT,0.061041093431413174,False,False,False,False,False,False,False
random_ruehl_mask,mixed,63,270920323,48,UP,UP,0.05720800254493952,False,False,False,False,False,False,False
random_ruehl_mask,mixed,63,270920323,49,RIGHT,RIGHT,0.039082951843738556,False,False,False,False,False,False,False
random_ruehl_mask,mixed,63,270920323,50,BOMB,BOMB,0.07412501145154238,False,False,False,True,False,False,False
random_ruehl_mask,mixed,63,270920323,51,LEFT,LEFT,0.05066592711955309,False,True,False,False,False,False,False
random_ruehl_mask,mixed,63,270920323,52,WAIT,WAIT,0.05249993409961462,False,False,False,False,False,False,False
random_ruehl_mask,mixed,63,270920323,53,UP,UP,0.091583002358675,False,False,False,False,False,False,False
random_ruehl_mask,mixed,63,270920323,54,WAIT,WAIT,0.06654206663370132,False,False,False,False,False,False,False
random_ruehl_mask,mixed,63,270920323,55,UP,UP,0.0604590168222785,False,False,False,False,False,False,False
random_ruehl_mask,mixed,63,270920323,56,DOWN,DOWN,0.05691708065569401,False,False,False,False,False,False,False
random_ruehl_mask,mixed,63,270920323,57,WAIT,WAIT,0.09037507697939873,False,False,False,False,False,False,False
random_ruehl_mask,mixed,63,270920323,58,BOMB,BOMB,0.1141249667853117,False,False,False,True,False,False,False
random_ruehl_mask,mixed,63,270920323,59,DOWN,DOWN,0.05929195322096348,False,False,False,False,False,False,False
random_ruehl_mask,mixed,63,270920323,60,RIGHT,RIGHT,0.04979199729859829,False,False,False,False,False,False,False
random_ruehl_mask,mixed,63,270920323,61,RIGHT,RIGHT,0.06366707384586334,False,True,False,False,False,False,False
random_ruehl_mask,mixed,63,270920323,62,WAIT,WAIT,0.06758293602615595,False,False,False,False,False,False,False
random_ruehl_mask,mixed,63,270920323,63,UP,UP,0.0749579630792141,False,False,False,False,False,False,False
random_ruehl_mask,mixed,63,270920323,64,DOWN,DOWN,0.07837498560547829,False,False,False,False,False,False,False
random_ruehl_mask,mixed,63,270920323,65,LEFT,LEFT,0.13291696086525917,False,False,False,False,False,False,False
random_ruehl_mask,mixed,63,270920323,66,RIGHT,RIGHT,0.06062502507120371,False,False,False,False,False,False,False
random_ruehl_mask,mixed,63,270920323,67,UP,UP,0.13037503231316805,False,False,False,False,False,False,False
random_ruehl_mask,mixed,63,270920323,68,WAIT,WAIT,0.09991694241762161,False,False,False,False,False,False,False
random_ruehl_mask,mixed,63,270920323,69,BOMB,BOMB,0.08354207966476679,False,False,False,True,False,False,False
random_ruehl_mask,mixed,63,270920323,70,DOWN,DOWN,0.056541990488767624,False,False,False,False,False,False,False
random_ruehl_mask,mixed,63,270920323,71,RIGHT,RIGHT,0.048958929255604744,False,True,False,False,False,False,False
random_ruehl_mask,mixed,63,270920323,72,RIGHT,RIGHT,0.07579091470688581,False,False,False,False,False,False,False
random_ruehl_mask,mixed,63,270920323,73,WAIT,WAIT,0.08008407894521952,False,False,False,False,False,False,False
random_ruehl_mask,mixed,63,270920323,74,WAIT,WAIT,0.0624579843133688,False,False,False,False,False,False,False
random_ruehl_mask,mixed,63,270920323,75,LEFT,LEFT,0.04650000482797623,False,False,False,False,False,False,False
random_ruehl_mask,mixed,63,270920323,76,BOMB,BOMB,0.07574993651360273,False,False,False,True,False,False,False
random_ruehl_mask,mixed,63,270920323,77,LEFT,LEFT,0.06337498780339956,False,False,False,False,False,False,False
random_ruehl_mask,mixed,63,270920323,78,DOWN,DOWN,0.051332986913621426,False,False,False,False,False,False,False
random_ruehl_mask,mixed,63,270920323,79,DOWN,DOWN,0.06837502587586641,False,False,False,False,False,False,False
random_ruehl_mask,mixed,63,270920323,80,WAIT,WAIT,0.061583006754517555,False,False,False,False,False,False,False
random_ruehl_mask,mixed,63,270920323,81,UP,UP,0.08295802399516106,False,True,False,False,False,False,False
random_ruehl_mask,mixed,63,270920323,82,WAIT,WAIT,0.048915972001850605,False,False,False,False,False,False,False
random_ruehl_mask,mixed,63,270920323,83,DOWN,DOWN,0.06133399438112974,False,False,False,False,False,False,False
random_ruehl_mask,mixed,63,270920323,84,UP,UP,0.07595808710902929,False,False,False,False,False,False,False
random_ruehl_mask,mixed,63,270920323,85,DOWN,DOWN,0.08525000885128975,False,False,False,False,False,False,False
random_ruehl_mask,mixed,63,270920323,86,RIGHT,RIGHT,0.08174998220056295,False,False,False,False,False,False,False
random_ruehl_mask,mixed,63,270920323,87,WAIT,WAIT,0.05987496115267277,False,False,False,False,False,False,False
random_ruehl_mask,mixed,63,270920323,88,LEFT,LEFT,0.10462501086294651,False,False,False,False,False,False,False
random_ruehl_mask,mixed,63,270920323,89,LEFT,LEFT,0.07595797069370747,False,False,False,False,False,False,False
random_ruehl_mask,mixed,63,270920323,90,LEFT,LEFT,0.09108404628932476,False,False,False,False,False,False,False
random_ruehl_mask,mixed,63,270920323,91,RIGHT,RIGHT,0.07462501525878906,False,True,False,False,False,False,False
random_ruehl_mask,mixed,63,270920323,92,WAIT,WAIT,0.07320893928408623,False,False,False,False,False,False,False
random_ruehl_mask,mixed,63,270920323,93,LEFT,LEFT,0.062166014686226845,False,False,False,False,False,False,False
random_ruehl_mask,mixed,63,270920323,94,WAIT,WAIT,0.07079099304974079,False,False,False,False,False,False,False
random_ruehl_mask,mixed,63,270920323,95,UP,UP,0.0702079851180315,False,False,False,False,False,False,False
random_ruehl_mask,mixed,63,270920323,96,UP,UP,0.06987492088228464,False,False,False,False,False,False,False
random_ruehl_mask,mixed,63,270920323,97,UP,UP,0.05470798350870609,False,False,False,False,False,False,False
random_ruehl_mask,mixed,63,270920323,98,UP,UP,0.0688750296831131,False,False,False,False,False,False,True
random_ruehl_mask,mixed,63,270920323,99,BOMB,BOMB,0.09491702076047659,False,False,False,True,False,False,True
random_ruehl_mask,mixed,63,270920323,100,UP,UP,0.03975001163780689,False,False,False,False,False,False,True
random_ruehl_mask,mixed,63,270920323,101,UP,UP,0.04754203837364912,False,True,False,False,False,False,True
random_ruehl_mask,mixed,63,270920323,102,WAIT,WAIT,0.081458012573421,False,False,False,False,False,False,True
random_ruehl_mask,mixed,63,270920323,103,WAIT,WAIT,0.069082947447896,False,False,False,False,False,False,True
random_ruehl_mask,mixed,64,270920324,1,BOMB,BOMB,0.11741695925593376,False,True,False,True,False,False,True
random_ruehl_mask,mixed,64,270920324,2,DOWN,DOWN,0.050582922995090485,False,False,False,False,False,False,True
random_ruehl_mask,mixed,64,270920324,3,WAIT,WAIT,0.03875000402331352,False,False,False,False,False,False,True
random_ruehl_mask,mixed,64,270920324,4,WAIT,WAIT,0.048291985876858234,False,False,False,False,False,False,True
random_ruehl_mask,mixed,64,270920324,5,WAIT,WAIT,0.05837506614625454,False,False,False,False,False,False,True
random_ruehl_mask,mixed,65,270920325,1,WAIT,WAIT,0.09824999142438173,False,True,False,False,False,False,False
random_ruehl_mask,mixed,65,270920325,2,DOWN,DOWN,0.0754999928176403,False,False,False,False,False,False,False
random_ruehl_mask,mixed,65,270920325,3,BOMB,BOMB,0.0675420742481947,False,False,False,True,False,False,False
random_ruehl_mask,mixed,65,270920325,4,UP,UP,0.04087504930794239,False,False,False,False,False,False,False
random_ruehl_mask,mixed,65,270920325,5,LEFT,LEFT,0.054750009439885616,False,False,False,False,False,False,False
random_ruehl_mask,mixed,65,270920325,6,WAIT,WAIT,0.056709046475589275,False,False,False,False,False,False,False
random_ruehl_mask,mixed,65,270920325,7,WAIT,WAIT,0.0563750509172678,False,False,False,False,False,False,False
random_ruehl_mask,mixed,65,270920325,8,WAIT,WAIT,0.04370801616460085,False,False,False,False,False,False,False
random_ruehl_mask,mixed,65,270920325,9,RIGHT,RIGHT,0.03574998117983341,False,False,False,False,False,False,True
random_ruehl_mask,mixed,65,270920325,10,BOMB,BOMB,0.07812492549419403,False,False,False,True,False,False,True
random_ruehl_mask,mixed,65,270920325,11,DOWN,DOWN,0.03708305303007364,False,True,False,False,False,False,True
random_ruehl_mask,mixed,65,270920325,12,WAIT,WAIT,0.037624966353178024,False,False,False,False,False,False,True
random_ruehl_mask,mixed,65,270920325,13,WAIT,WAIT,0.06683391984552145,False,False,False,False,False,False,True
random_ruehl_mask,mixed,65,270920325,14,DOWN,DOWN,0.06508291698992252,False,False,False,False,False,False,True
random_ruehl_mask,mixed,66,270920326,1,UP,UP,0.1026670215651393,False,True,False,False,False,False,False
random_ruehl_mask,mixed,66,270920326,2,BOMB,BOMB,0.09637500625103712,False,False,False,True,False,False,False
random_ruehl_mask,mixed,66,270920326,3,DOWN,DOWN,0.04525005351752043,False,False,False,False,False,False,False
random_ruehl_mask,mixed,66,270920326,4,RIGHT,RIGHT,0.041082967072725296,False,False,False,False,False,False,False
random_ruehl_mask,mixed,66,270920326,5,WAIT,WAIT,0.09383400902152061,False,False,False,False,False,False,False
random_ruehl_mask,mixed,66,270920326,6,WAIT,WAIT,0.0694170594215393,False,False,False,False,False,False,False
random_ruehl_mask,mixed,66,270920326,7,WAIT,WAIT,0.057541998103260994,False,False,False,False,False,False,False
random_ruehl_mask,mixed,66,270920326,8,LEFT,LEFT,0.0517088919878006,False,False,False,False,False,False,False
random_ruehl_mask,mixed,66,270920326,9,WAIT,WAIT,0.0867500202730298,False,False,False,False,False,False,False
random_ruehl_mask,mixed,66,270920326,10,UP,UP,0.07724994793534279,False,False,False,False,False,False,False
random_ruehl_mask,mixed,66,270920326,11,WAIT,WAIT,0.05229096859693527,False,True,False,False,False,False,False
random_ruehl_mask,mixed,66,270920326,12,UP,UP,0.05541706923395395,False,False,False,False,False,False,False
random_ruehl_mask,mixed,66,270920326,13,UP,UP,0.1103340182453394,False,False,False,False,False,False,True
random_ruehl_mask,mixed,66,270920326,14,BOMB,BOMB,0.09929202497005463,False,False,False,True,False,False,True
random_ruehl_mask,mixed,66,270920326,15,UP,UP,0.043375068344175816,False,False,False,False,False,False,True
random_ruehl_mask,mixed,66,270920326,16,WAIT,WAIT,0.07083301898092031,False,False,False,False,False,False,True
random_ruehl_mask,mixed,66,270920326,17,WAIT,WAIT,0.054165953770279884,False,False,False,False,False,False,True
random_ruehl_mask,mixed,66,270920326,18,WAIT,WAIT,0.048791058361530304,False,False,False,False,False,False,True
random_ruehl_mask,mixed,67,270920327,1,UP,UP,0.09824999142438173,False,True,False,False,False,False,False
random_ruehl_mask,mixed,67,270920327,2,WAIT,WAIT,0.0805840827524662,False,False,False,False,False,False,False
random_ruehl_mask,mixed,67,270920327,3,BOMB,BOMB,0.06708304863423109,False,False,False,True,False,False,False
random_ruehl_mask,mixed,67,270920327,4,DOWN,DOWN,0.03958307206630707,False,False,False,False,False,False,False
random_ruehl_mask,mixed,67,270920327,5,WAIT,WAIT,0.054916017688810825,False,False,False,False,False,False,False
random_ruehl_mask,mixed,67,270920327,6,LEFT,LEFT,0.057582976296544075,False,False,False,False,False,False,False
random_ruehl_mask,mixed,67,270920327,7,WAIT,WAIT,0.06029102951288223,False,False,False,False,False,False,False
random_ruehl_mask,mixed,67,270920327,8,WAIT,WAIT,0.04291604273021221,False,False,False,False,False,False,False
random_ruehl_mask,mixed,67,270920327,9,RIGHT,RIGHT,0.08145894389599562,False,False,False,False,False,False,False
random_ruehl_mask,mixed,67,270920327,10,UP,UP,0.10066700633615255,False,False,False,False,False,False,False
random_ruehl_mask,mixed,67,270920327,11,WAIT,WAIT,0.05612499080598354,False,True,False,False,False,False,False
random_ruehl_mask,mixed,67,270920327,12,WAIT,WAIT,0.05291705019772053,False,False,False,False,False,False,False
random_ruehl_mask,mixed,67,270920327,13,DOWN,DOWN,0.06191700231283903,False,False,False,False,False,False,False
random_ruehl_mask,mixed,67,270920327,14,LEFT,LEFT,0.09229104034602642,False,False,False,False,False,False,False
random_ruehl_mask,mixed,67,270920327,15,RIGHT,RIGHT,0.07620803080499172,False,False,False,False,False,False,False
random_ruehl_mask,mixed,67,270920327,16,WAIT,WAIT,0.09966699872165918,False,False,False,False,False,False,False
random_ruehl_mask,mixed,67,270920327,17,UP,UP,0.08595909457653761,False,False,False,False,False,False,False
random_ruehl_mask,mixed,67,270920327,18,UP,UP,0.05370797589421272,False,False,False,False,False,False,False
random_ruehl_mask,mixed,67,270920327,19,WAIT,WAIT,0.08429191075265408,False,False,False,False,False,False,False
random_ruehl_mask,mixed,67,270920327,20,UP,UP,0.10462501086294651,False,False,False,False,False,False,False
random_ruehl_mask,mixed,67,270920327,21,UP,UP,0.0979589531198144,False,True,False,False,False,False,False
random_ruehl_mask,mixed,67,270920327,22,DOWN,DOWN,0.09562494233250618,False,False,False,False,False,False,False
random_ruehl_mask,mixed,67,270920327,23,DOWN,DOWN,0.1056670444086194,False,False,False,False,False,False,False
random_ruehl_mask,mixed,67,270920327,24,WAIT,WAIT,0.09212503209710121,False,False,False,False,False,False,True
random_ruehl_mask,mixed,67,270920327,25,BOMB,BOMB,0.10125001426786184,False,False,False,True,False,False,True
random_ruehl_mask,mixed,67,270920327,26,UP,UP,0.049999915063381195,False,False,False,False,False,False,True
random_ruehl_mask,mixed,67,270920327,27,WAIT,WAIT,0.04037492908537388,False,False,False,False,False,False,True
random_ruehl_mask,mixed,67,270920327,28,UP,UP,0.06295798812061548,False,False,False,False,False,False,True
random_ruehl_mask,mixed,67,270920327,29,WAIT,WAIT,0.04933401942253113,False,False,False,False,False,False,True
random_ruehl_mask,mixed,68,270920328,1,UP,UP,0.13266701716929674,False,True,False,False,False,False,False
random_ruehl_mask,mixed,68,270920328,2,DOWN,DOWN,0.08575001265853643,False,False,False,False,False,False,False
random_ruehl_mask,mixed,68,270920328,3,UP,UP,0.0849580392241478,False,False,False,False,False,False,False
random_ruehl_mask,mixed,68,270920328,4,WAIT,WAIT,0.07349997758865356,False,False,False,False,False,False,False
random_ruehl_mask,mixed,68,270920328,5,WAIT,WAIT,0.08945900481194258,False,False,False,False,False,False,False
random_ruehl_mask,mixed,68,270920328,6,BOMB,BOMB,0.09600003249943256,False,False,False,True,False,False,False
random_ruehl_mask,mixed,68,270920328,7,DOWN,DOWN,0.053999945521354675,False,False,False,False,False,False,False
random_ruehl_mask,mixed,68,270920328,8,LEFT,LEFT,0.04083395469933748,False,False,False,False,False,False,False
random_ruehl_mask,mixed,68,270920328,9,WAIT,WAIT,0.04466704558581114,False,False,False,False,False,False,False
random_ruehl_mask,mixed,68,270920328,10,WAIT,WAIT,0.04600000102072954,False,False,False,False,False,False,False
random_ruehl_mask,mixed,68,270920328,11,WAIT,WAIT,0.05608308129012585,False,True,False,False,False,False,False
random_ruehl_mask,mixed,68,270920328,12,RIGHT,RIGHT,0.053958967328071594,False,False,False,False,False,False,False
random_ruehl_mask,mixed,68,270920328,13,LEFT,LEFT,0.09691703598946333,False,False,False,False,False,False,False
random_ruehl_mask,mixed,68,270920328,14,WAIT,WAIT,0.10916695464402437,False,False,False,False,False,False,False
random_ruehl_mask,mixed,68,270920328,15,BOMB,BOMB,0.09045901242643595,False,False,False,True,False,False,False
random_ruehl_mask,mixed,68,270920328,16,RIGHT,RIGHT,0.04316703416407108,False,False,False,False,False,False,False
random_ruehl_mask,mixed,68,270920328,17,UP,UP,0.060415943153202534,False,False,False,False,False,False,False
random_ruehl_mask,mixed,68,270920328,18,WAIT,WAIT,0.05083298310637474,False,False,False,False,False,False,False
random_ruehl_mask,mixed,68,270920328,19,WAIT,WAIT,0.04858395550400019,False,False,False,False,False,False,False
random_ruehl_mask,mixed,68,270920328,20,UP,UP,0.055625103414058685,False,False,False,False,False,False,False
random_ruehl_mask,mixed,68,270920328,21,WAIT,WAIT,0.06058404687792063,False,True,False,False,False,False,False
random_ruehl_mask,mixed,68,270920328,22,UP,UP,0.20441703964024782,False,False,False,False,False,False,False
random_ruehl_mask,mixed,68,270920328,23,UP,UP,0.10208296589553356,False,False,False,False,False,False,False
random_ruehl_mask,mixed,68,270920328,24,DOWN,DOWN,0.08529203478246927,False,False,False,False,False,False,True
random_ruehl_mask,mixed,68,270920328,25,BOMB,BOMB,0.07679103873670101,False,False,False,True,False,False,True
random_ruehl_mask,mixed,68,270920328,26,UP,UP,0.040499959141016006,False,False,False,False,False,False,True
random_ruehl_mask,mixed,68,270920328,27,WAIT,WAIT,0.08454197086393833,False,False,False,False,False,False,True
random_ruehl_mask,mixed,68,270920328,28,WAIT,WAIT,0.059416983276605606,False,False,False,False,False,False,True
random_ruehl_mask,mixed,68,270920328,29,WAIT,WAIT,0.06262504030019045,False,False,False,False,False,False,True
random_ruehl_mask,mixed,69,270920329,1,LEFT,LEFT,0.09799993131309748,False,True,False,False,False,False,False
random_ruehl_mask,mixed,69,270920329,2,RIGHT,RIGHT,0.09754206985235214,False,False,False,False,False,False,False
random_ruehl_mask,mixed,69,270920329,3,LEFT,LEFT,0.09979191236197948,False,False,False,False,False,False,False
random_ruehl_mask,mixed,69,270920329,4,WAIT,WAIT,0.0974580179899931,False,False,False,False,False,False,False
random_ruehl_mask,mixed,69,270920329,5,RIGHT,RIGHT,0.10895798914134502,False,False,False,False,False,False,False
random_ruehl_mask,mixed,69,270920329,6,LEFT,LEFT,0.09841693099588156,False,False,False,False,False,False,False
random_ruehl_mask,mixed,69,270920329,7,BOMB,BOMB,0.09620899800211191,False,False,False,True,False,False,False
random_ruehl_mask,mixed,69,270920329,8,RIGHT,RIGHT,0.0477079302072525,False,False,False,False,False,False,False
random_ruehl_mask,mixed,69,270920329,9,WAIT,WAIT,0.04329206421971321,False,False,False,False,False,False,False
random_ruehl_mask,mixed,69,270920329,10,UP,UP,0.05608296487480402,False,False,False,False,False,False,False
random_ruehl_mask,mixed,69,270920329,11,WAIT,WAIT,0.04979199729859829,False,True,False,False,False,False,False
random_ruehl_mask,mixed,69,270920329,12,WAIT,WAIT,0.04724995233118534,False,False,False,False,False,False,False
random_ruehl_mask,mixed,69,270920329,13,DOWN,DOWN,0.06616697646677494,False,False,False,False,False,False,False
random_ruehl_mask,mixed,69,270920329,14,WAIT,WAIT,0.11012505274266005,False,False,False,False,False,False,False
random_ruehl_mask,mixed,69,270920329,15,WAIT,WAIT,0.09470805525779724,False,False,False,False,False,False,False
random_ruehl_mask,mixed,69,270920329,16,LEFT,LEFT,0.08899997919797897,False,False,False,False,False,False,False
random_ruehl_mask,mixed,69,270920329,17,RIGHT,RIGHT,0.06087496876716614,False,False,False,False,False,False,False
random_ruehl_mask,mixed,69,270920329,18,WAIT,WAIT,0.09774998761713505,False,False,False,False,False,False,False
random_ruehl_mask,mixed,69,270920329,19,WAIT,WAIT,0.08037500083446503,False,False,False,False,False,False,False
random_ruehl_mask,mixed,69,270920329,20,WAIT,WAIT,0.11833291500806808,False,False,False,False,False,False,False
random_ruehl_mask,mixed,69,270920329,21,UP,UP,0.10933296289294958,False,True,False,False,False,False,False
random_ruehl_mask,mixed,69,270920329,22,BOMB,BOMB,0.08899997919797897,False,False,False,True,False,False,False
random_ruehl_mask,mixed,69,270920329,23,DOWN,DOWN,0.05983305163681507,False,False,False,False,False,False,False
random_ruehl_mask,mixed,69,270920329,24,WAIT,WAIT,0.05641602911055088,False,False,False,False,False,False,False
random_ruehl_mask,mixed,69,270920329,25,LEFT,LEFT,0.07724994793534279,False,False,False,False,False,False,False
random_ruehl_mask,mixed,69,270920329,26,LEFT,LEFT,0.0700830714777112,False,False,False,False,False,False,False
random_ruehl_mask,mixed,69,270920329,27,LEFT,LEFT,0.06674998439848423,False,False,False,False,False,False,False
random_ruehl_mask,mixed,69,270920329,28,RIGHT,RIGHT,0.043625012040138245,False,False,False,False,False,False,False
random_ruehl_mask,mixed,69,270920329,29,LEFT,LEFT,0.09066599886864424,False,False,False,False,False,False,False
random_ruehl_mask,mixed,69,270920329,30,LEFT,LEFT,0.08099991828203201,False,False,False,False,False,False,False
random_ruehl_mask,mixed,69,270920329,31,RIGHT,RIGHT,0.1077079214155674,False,True,False,False,False,False,False
random_ruehl_mask,mixed,69,270920329,32,LEFT,LEFT,0.08720799814909697,False,False,False,False,False,False,False
random_ruehl_mask,mixed,69,270920329,33,RIGHT,RIGHT,0.07933296728879213,False,False,False,False,False,False,False
random_ruehl_mask,mixed,69,270920329,34,RIGHT,RIGHT,0.09554193820804358,False,False,False,False,False,False,False
random_ruehl_mask,mixed,69,270920329,35,LEFT,LEFT,0.09233294986188412,False,False,False,False,False,False,True
random_ruehl_mask,mixed,69,270920329,36,BOMB,BOMB,0.09504088666290045,False,False,False,True,False,False,True
random_ruehl_mask,mixed,69,270920329,37,LEFT,LEFT,0.05708297248929739,False,False,False,False,False,False,True
random_ruehl_mask,mixed,69,270920329,38,WAIT,WAIT,0.052458024583756924,False,False,False,False,False,False,True
random_ruehl_mask,mixed,69,270920329,39,WAIT,WAIT,0.06741692777723074,False,False,False,False,False,False,True
random_ruehl_mask,mixed,69,270920329,40,WAIT,WAIT,0.056541990488767624,False,False,False,False,False,False,True
random_ruehl_mask,mixed,70,270920330,1,WAIT,WAIT,0.11070899199694395,False,True,False,False,False,False,False
random_ruehl_mask,mixed,70,270920330,2,UP,UP,0.08145789615809917,False,False,False,False,False,False,False
random_ruehl_mask,mixed,70,270920330,3,WAIT,WAIT,0.06874999962747097,False,False,False,False,False,False,False
random_ruehl_mask,mixed,70,270920330,4,BOMB,BOMB,0.08850009180605412,False,False,False,True,False,False,False
random_ruehl_mask,mixed,70,270920330,5,DOWN,DOWN,0.06841705180704594,False,False,False,False,False,False,False
random_ruehl_mask,mixed,70,270920330,6,RIGHT,RIGHT,0.05604198668152094,False,False,False,False,False,False,False
random_ruehl_mask,mixed,70,270920330,7,WAIT,WAIT,0.08541694842278957,False,False,False,False,False,False,False
random_ruehl_mask,mixed,70,270920330,8,WAIT,WAIT,0.04954100586473942,False,False,False,False,False,False,False
random_ruehl_mask,mixed,70,270920330,9,WAIT,WAIT,0.04483305383473635,False,False,False,False,False,False,False
random_ruehl_mask,mixed,70,270920330,10,WAIT,WAIT,0.03758305683732033,False,False,False,False,False,False,False
random_ruehl_mask,mixed,70,270920330,11,BOMB,BOMB,0.07095804903656244,False,True,False,True,False,False,False
random_ruehl_mask,mixed,70,270920330,12,LEFT,LEFT,0.04629208706319332,False,False,False,False,False,False,False
random_ruehl_mask,mixed,70,270920330,13,UP,UP,0.05195802077651024,False,False,False,False,False,False,False
random_ruehl_mask,mixed,70,270920330,14,UP,UP,0.07116596680134535,False,False,False,False,False,False,False
random_ruehl_mask,mixed,70,270920330,15,RIGHT,RIGHT,0.052749994210898876,False,False,False,False,False,False,False
random_ruehl_mask,mixed,70,270920330,16,WAIT,WAIT,0.041665975004434586,False,False,False,False,False,False,False
random_ruehl_mask,mixed,70,270920330,17,LEFT,LEFT,0.04299997817724943,False,False,False,False,False,False,False
random_ruehl_mask,mixed,70,270920330,18,DOWN,DOWN,0.12079207226634026,False,False,False,False,False,False,False
random_ruehl_mask,mixed,70,270920330,19,UP,UP,0.06587500683963299,False,False,False,False,False,False,False
random_ruehl_mask,mixed,70,270920330,20,DOWN,DOWN,0.11083402205258608,False,False,False,False,False,False,False
random_ruehl_mask,mixed,70,270920330,21,WAIT,WAIT,0.08079200051724911,False,True,False,False,False,False,False
random_ruehl_mask,mixed,70,270920330,22,DOWN,DOWN,0.07858301978558302,False,False,False,False,False,False,False
random_ruehl_mask,mixed,70,270920330,23,WAIT,WAIT,0.0689169391989708,False,False,False,False,False,False,False
random_ruehl_mask,mixed,70,270920330,24,WAIT,WAIT,0.07608393207192421,False,False,False,False,False,False,False
random_ruehl_mask,mixed,70,270920330,25,UP,UP,0.058959005400538445,False,False,False,False,False,False,False
random_ruehl_mask,mixed,70,270920330,26,UP,UP,0.06870797369629145,False,False,False,False,False,False,True
random_ruehl_mask,mixed,70,270920330,27,BOMB,BOMB,0.0956669682636857,False,False,False,True,False,False,True
random_ruehl_mask,mixed,70,270920330,28,UP,UP,0.054750009439885616,False,False,False,False,False,False,True
random_ruehl_mask,mixed,70,270920330,29,UP,UP,0.04270800855010748,False,False,False,False,False,False,True
random_ruehl_mask,mixed,70,270920330,30,WAIT,WAIT,0.06112491246312857,False,False,False,False,False,False,True
random_ruehl_mask,mixed,70,270920330,31,DOWN,DOWN,0.08533394429832697,False,False,False,False,False,False,True
random_ruehl_mask,mixed,71,270920331,1,WAIT,WAIT,0.09491597302258015,False,True,False,False,False,False,False
random_ruehl_mask,mixed,71,270920331,2,WAIT,WAIT,0.101707992143929,False,False,False,False,False,False,False
random_ruehl_mask,mixed,71,270920331,3,DOWN,DOWN,0.11791707947850227,False,False,False,False,False,False,False
random_ruehl_mask,mixed,71,270920331,4,WAIT,WAIT,0.0892080133780837,False,False,False,False,False,False,False
random_ruehl_mask,mixed,71,270920331,5,BOMB,BOMB,0.10933296289294958,False,False,False,True,False,False,False
random_ruehl_mask,mixed,71,270920331,6,UP,UP,0.05929195322096348,False,False,False,False,False,False,False
random_ruehl_mask,mixed,71,270920331,7,LEFT,LEFT,0.05604198668152094,False,False,False,False,False,False,False
random_ruehl_mask,mixed,71,270920331,8,WAIT,WAIT,0.06420898716896772,False,False,False,False,False,False,False
random_ruehl_mask,mixed,71,270920331,9,WAIT,WAIT,0.050332979299128056,False,False,False,False,False,False,False
random_ruehl_mask,mixed,71,270920331,10,WAIT,WAIT,0.06479199510067701,False,False,False,False,False,False,False
random_ruehl_mask,mixed,71,270920331,11,WAIT,WAIT,0.053040916100144386,False,True,False,False,False,False,False
random_ruehl_mask,mixed,71,270920331,12,WAIT,WAIT,0.07849989924579859,False,False,False,False,False,False,False
random_ruehl_mask,mixed,71,270920331,13,WAIT,WAIT,0.09970797691494226,False,False,False,False,False,False,False
random_ruehl_mask,mixed,71,270920331,14,BOMB,BOMB,0.09058299474418163,False,False,False,True,False,False,False
random_ruehl_mask,mixed,71,270920331,15,RIGHT,RIGHT,0.055582961067557335,False,False,False,False,False,False,False
random_ruehl_mask,mixed,71,270920331,16,WAIT,WAIT,0.04091695882380009,False,False,False,False,False,False,False
random_ruehl_mask,mixed,71,270920331,17,DOWN,DOWN,0.05808298010379076,False,False,False,False,False,False,False
random_ruehl_mask,mixed,71,270920331,18,DOWN,DOWN,0.05425000563263893,False,False,False,False,False,False,False
random_ruehl_mask,mixed,71,270920331,19,DOWN,DOWN,0.0464579788967967,False,False,False,False,False,False,False
random_ruehl_mask,mixed,71,270920331,20,DOWN,DOWN,0.0516669824719429,False,False,False,False,False,False,False
random_ruehl_mask,mixed,71,270920331,21,UP,UP,0.10662502609193325,False,True,False,False,False,False,False
random_ruehl_mask,mixed,71,270920331,22,BOMB,BOMB,0.1015000743791461,False,False,False,True,False,False,False
random_ruehl_mask,mixed,71,270920331,23,DOWN,DOWN,0.06225006654858589,False,False,False,False,False,False,False
random_ruehl_mask,mixed,71,270920331,24,LEFT,LEFT,0.04191696643829346,False,False,False,False,False,False,False
random_ruehl_mask,mixed,71,270920331,25,WAIT,WAIT,0.04941597580909729,False,False,False,False,False,False,False
random_ruehl_mask,mixed,71,270920331,26,WAIT,WAIT,0.048708985559642315,False,False,False,False,False,False,False
random_ruehl_mask,mixed,71,270920331,27,WAIT,WAIT,0.0641250517219305,False,False,False,False,False,False,False
random_ruehl_mask,mixed,71,270920331,28,WAIT,WAIT,0.06391701754182577,False,False,False,False,False,False,False
random_ruehl_mask,mixed,71,270920331,29,RIGHT,RIGHT,0.09083293844014406,False,False,False,False,False,False,True
random_ruehl_mask,mixed,71,270920331,30,BOMB,BOMB,0.1489589922130108,False,False,False,True,False,False,True
random_ruehl_mask,mixed,71,270920331,31,LEFT,LEFT,0.055666896514594555,False,True,True,False,False,False,True
random_ruehl_mask,mixed,71,270920331,32,WAIT,WAIT,0.0540419714525342,False,False,False,False,False,False,True
random_ruehl_mask,mixed,71,270920331,33,WAIT,WAIT,0.060582999140024185,False,False,False,False,False,False,True
random_ruehl_mask,mixed,71,270920331,34,WAIT,WAIT,0.06058404687792063,False,False,False,False,False,False,True
random_ruehl_mask,mixed,72,270920332,1,LEFT,LEFT,0.09595800656825304,False,True,False,False,False,False,False
random_ruehl_mask,mixed,72,270920332,2,BOMB,BOMB,0.08829194121062756,False,False,False,True,False,False,False
random_ruehl_mask,mixed,72,270920332,3,RIGHT,RIGHT,0.07120904047042131,False,False,False,False,False,False,False
random_ruehl_mask,mixed,72,270920332,4,DOWN,DOWN,0.051709008403122425,False,False,False,False,False,False,False
random_ruehl_mask,mixed,72,270920332,5,WAIT,WAIT,0.07116701453924179,False,False,False,False,False,False,False
random_ruehl_mask,mixed,72,270920332,6,WAIT,WAIT,0.06145797669887543,False,False,False,False,False,False,False
random_ruehl_mask,mixed,72,270920332,7,WAIT,WAIT,0.08054194040596485,False,False,False,False,False,False,False
random_ruehl_mask,mixed,72,270920332,8,UP,UP,0.04549999721348286,False,False,False,False,False,False,True
random_ruehl_mask,mixed,72,270920332,9,BOMB,BOMB,0.09108404628932476,False,False,False,True,False,False,True
random_ruehl_mask,mixed,72,270920332,10,LEFT,LEFT,0.06925000343471766,False,False,False,False,False,False,True
random_ruehl_mask,mixed,72,270920332,11,WAIT,WAIT,0.044291955418884754,False,True,True,False,False,False,True
random_ruehl_mask,mixed,72,270920332,12,WAIT,WAIT,0.0702909892424941,False,False,False,False,False,False,True
random_ruehl_mask,mixed,72,270920332,13,WAIT,WAIT,0.0918341102078557,False,False,False,False,False,False,True
random_ruehl_mask,mixed,73,270920333,1,LEFT,LEFT,0.10845798533409834,False,True,False,False,False,False,False
random_ruehl_mask,mixed,73,270920333,2,BOMB,BOMB,0.07670896593481302,False,False,False,True,False,False,False
random_ruehl_mask,mixed,73,270920333,3,RIGHT,RIGHT,0.06400002166628838,False,False,False,False,False,False,False
random_ruehl_mask,mixed,73,270920333,4,WAIT,WAIT,0.0479590380564332,False,False,False,False,False,False,False
random_ruehl_mask,mixed,73,270920333,5,DOWN,DOWN,0.07054198067635298,False,False,False,False,False,False,False
random_ruehl_mask,mixed,73,270920333,6,WAIT,WAIT,0.06645894609391689,False,False,False,False,False,False,False
random_ruehl_mask,mixed,73,270920333,7,WAIT,WAIT,0.07229193579405546,False,False,False,False,False,False,False
random_ruehl_mask,mixed,73,270920333,8,UP,UP,0.04558300133794546,False,False,False,False,False,False,False
random_ruehl_mask,mixed,73,270920333,9,WAIT,WAIT,0.08775002788752317,False,False,False,False,False,False,False
random_ruehl_mask,mixed,73,270920333,10,WAIT,WAIT,0.07966696284711361,False,False,False,False,False,False,False
random_ruehl_mask,mixed,73,270920333,11,DOWN,DOWN,0.11433300096541643,False,True,False,False,False,False,False
random_ruehl_mask,mixed,73,270920333,12,UP,UP,0.07824995554983616,False,False,False,False,False,False,False
random_ruehl_mask,mixed,73,270920333,13,LEFT,LEFT,0.09325006976723671,False,False,False,False,False,False,False
random_ruehl_mask,mixed,73,270920333,14,RIGHT,RIGHT,0.06274995394051075,False,False,False,False,False,False,False
random_ruehl_mask,mixed,73,270920333,15,DOWN,DOWN,0.11100003030151129,False,False,False,False,False,False,False
random_ruehl_mask,mixed,73,270920333,16,BOMB,BOMB,0.09766709990799427,False,False,False,True,False,False,False
random_ruehl_mask,mixed,73,270920333,17,UP,UP,0.05162495654076338,False,False,False,False,False,False,False
random_ruehl_mask,mixed,73,270920333,18,WAIT,WAIT,0.052875024266541004,False,False,False,False,False,False,False
random_ruehl_mask,mixed,73,270920333,19,LEFT,LEFT,0.07700000423938036,False,False,False,False,False,False,False
random_ruehl_mask,mixed,73,270920333,20,LEFT,LEFT,0.09445904288440943,False,False,False,False,False,False,False
random_ruehl_mask,mixed,73,270920333,21,DOWN,DOWN,0.07508404087275267,False,True,False,False,False,False,False
random_ruehl_mask,mixed,73,270920333,22,WAIT,WAIT,0.09712495375424623,False,False,False,False,False,False,False
random_ruehl_mask,mixed,73,270920333,23,UP,UP,0.08645805064588785,False,False,False,False,False,False,True
random_ruehl_mask,mixed,73,270920333,24,BOMB,BOMB,0.09079102892428637,False,False,False,True,False,False,True
random_ruehl_mask,mixed,73,270920333,25,LEFT,LEFT,0.042458996176719666,False,False,False,False,False,False,True
random_ruehl_mask,mixed,73,270920333,26,WAIT,WAIT,0.0577499158680439,False,False,False,False,False,False,True
random_ruehl_mask,mixed,73,270920333,27,LEFT,LEFT,0.06299989763647318,False,False,False,False,False,False,True
random_ruehl_mask,mixed,73,270920333,28,RIGHT,RIGHT,0.07595797069370747,False,False,False,False,False,False,True
random_ruehl_mask,mixed,74,270920334,1,WAIT,WAIT,0.11049991007894278,False,True,False,False,False,False,False
random_ruehl_mask,mixed,74,270920334,2,WAIT,WAIT,0.07966707926243544,False,False,False,False,False,False,False
random_ruehl_mask,mixed,74,270920334,3,RIGHT,RIGHT,0.10320893488824368,False,False,False,False,False,False,False
random_ruehl_mask,mixed,74,270920334,4,WAIT,WAIT,0.07420789916068316,False,False,False,False,False,False,False
random_ruehl_mask,mixed,74,270920334,5,BOMB,BOMB,0.10945799294859171,False,False,False,True,False,False,False
random_ruehl_mask,mixed,74,270920334,6,LEFT,LEFT,0.0594588927924633,False,False,False,False,False,False,False
random_ruehl_mask,mixed,74,270920334,7,WAIT,WAIT,0.050083035603165627,False,False,False,False,False,False,False
random_ruehl_mask,mixed,74,270920334,8,DOWN,DOWN,0.049416907131671906,False,False,False,False,False,False,False
random_ruehl_mask,mixed,74,270920334,9,WAIT,WAIT,0.044665997847914696,False,False,False,False,False,False,False
random_ruehl_mask,mixed,74,270920334,10,WAIT,WAIT,0.04320894367992878,False,False,False,False,False,False,False
random_ruehl_mask,mixed,74,270920334,11,UP,UP,0.03487500362098217,False,True,False,False,False,False,True
random_ruehl_mask,mixed,74,270920334,12,BOMB,BOMB,0.13541604857891798,False,False,False,True,False,False,True
random_ruehl_mask,mixed,74,270920334,13,DOWN,DOWN,0.0612910371273756,False,False,False,False,False,False,True
random_ruehl_mask,mixed,74,270920334,14,WAIT,WAIT,0.08212495595216751,False,False,False,False,False,False,True
random_ruehl_mask,mixed,74,270920334,15,WAIT,WAIT,0.06291596218943596,False,False,False,False,False,False,True
random_ruehl_mask,mixed,74,270920334,16,WAIT,WAIT,0.06437499541789293,False,False,False,False,False,False,True
random_ruehl_mask,mixed,75,270920335,1,LEFT,LEFT,0.10616600047796965,False,True,False,False,False,False,False
random_ruehl_mask,mixed,75,270920335,2,BOMB,BOMB,0.07841596379876137,False,False,False,True,False,False,False
random_ruehl_mask,mixed,75,270920335,3,RIGHT,RIGHT,0.04249997437000275,False,False,False,False,False,False,False
random_ruehl_mask,mixed,75,270920335,4,WAIT,WAIT,0.04558393266052008,False,False,False,False,False,False,False
random_ruehl_mask,mixed,75,270920335,5,DOWN,DOWN,0.06654101889580488,False,False,False,False,False,False,False
random_ruehl_mask,mixed,75,270920335,6,DOWN,DOWN,0.0701249809935689,False,False,False,False,False,False,False
random_ruehl_mask,mixed,75,270920335,7,UP,UP,0.07466692477464676,False,False,False,False,False,False,False
random_ruehl_mask,mixed,75,270920335,8,DOWN,DOWN,0.05170796066522598,False,False,False,False,False,False,False
random_ruehl_mask,mixed,75,270920335,9,WAIT,WAIT,0.07895799353718758,False,False,False,False,False,False,True
random_ruehl_mask,mixed,75,270920335,10,BOMB,BOMB,0.07187505252659321,False,False,False,True,False,False,True
random_ruehl_mask,mixed,75,270920335,11,UP,UP,0.061249942518770695,False,True,False,False,False,False,True
random_ruehl_mask,mixed,75,270920335,12,WAIT,WAIT,0.048291985876858234,False,False,False,False,False,False,True
random_ruehl_mask,mixed,75,270920335,13,WAIT,WAIT,0.08725002408027649,False,False,False,False,False,False,True
random_ruehl_mask,mixed,75,270920335,14,WAIT,WAIT,0.0860830768942833,False,False,False,False,False,False,True
random_ruehl_mask,mixed,76,270920336,1,UP,UP,0.10854098945856094,False,True,False,False,False,False,False
random_ruehl_mask,mixed,76,270920336,2,WAIT,WAIT,0.10433397255837917,False,False,False,False,False,False,False
random_ruehl_mask,mixed,76,270920336,3,DOWN,DOWN,0.08820800576359034,False,False,False,False,False,False,True
random_ruehl_mask,mixed,76,270920336,4,BOMB,BOMB,0.11312495917081833,False,False,False,True,False,False,True
random_ruehl_mask,mixed,76,270920336,5,UP,UP,0.05820801015943289,False,False,False,False,False,False,True
random_ruehl_mask,mixed,76,270920336,6,UP,UP,0.055458047427237034,False,False,False,False,False,False,True
random_ruehl_mask,mixed,76,270920336,7,DOWN,DOWN,0.05954108200967312,False,False,False,False,False,False,True
random_ruehl_mask,mixed,76,270920336,8,UP,UP,0.06866606418043375,False,False,False,False,False,False,True
random_ruehl_mask,mixed,77,270920337,1,RIGHT,RIGHT,0.10487495455890894,False,True,False,False,False,False,False
random_ruehl_mask,mixed,77,270920337,2,LEFT,LEFT,0.07395900320261717,False,False,False,False,False,False,False
random_ruehl_mask,mixed,77,270920337,3,WAIT,WAIT,0.11541706044226885,False,False,False,False,False,False,False
random_ruehl_mask,mixed,77,270920337,4,UP,UP,0.08170900400727987,False,False,False,False,False,False,False
random_ruehl_mask,mixed,77,270920337,5,BOMB,BOMB,0.09112502448260784,False,False,False,True,False,False,False
random_ruehl_mask,mixed,77,270920337,6,DOWN,DOWN,0.06208301056176424,False,False,False,False,False,False,False
random_ruehl_mask,mixed,77,270920337,7,WAIT,WAIT,0.05037500523030758,False,False,False,False,False,False,False
random_ruehl_mask,mixed,77,270920337,8,RIGHT,RIGHT,0.05666702054440975,False,False,False,False,False,False,False
random_ruehl_mask,mixed,77,270920337,9,WAIT,WAIT,0.06708304863423109,False,False,False,False,False,False,False
random_ruehl_mask,mixed,77,270920337,10,WAIT,WAIT,0.06750004831701517,False,False,False,False,False,False,False
random_ruehl_mask,mixed,77,270920337,11,WAIT,WAIT,0.04695798270404339,False,True,False,False,False,False,False
random_ruehl_mask,mixed,77,270920337,12,WAIT,WAIT,0.08466595318168402,False,False,False,False,False,False,False
random_ruehl_mask,mixed,77,270920337,13,LEFT,LEFT,0.08670904207974672,False,False,False,False,False,False,False
random_ruehl_mask,mixed,77,270920337,14,RIGHT,RIGHT,0.09424996096640825,False,False,False,False,False,False,False
random_ruehl_mask,mixed,77,270920337,15,LEFT,LEFT,0.13337505515664816,False,False,False,False,False,False,False
random_ruehl_mask,mixed,77,270920337,16,WAIT,WAIT,0.10641594417393208,False,False,False,False,False,False,False
random_ruehl_mask,mixed,77,270920337,17,WAIT,WAIT,0.08491706103086472,False,False,False,False,False,False,False
random_ruehl_mask,mixed,77,270920337,18,RIGHT,RIGHT,0.11516606900840998,False,False,False,False,False,False,False
random_ruehl_mask,mixed,77,270920337,19,WAIT,WAIT,0.07862504571676254,False,False,False,False,False,False,False
random_ruehl_mask,mixed,77,270920337,20,BOMB,BOMB,0.073749921284616,False,False,False,True,False,False,False
random_ruehl_mask,mixed,77,270920337,21,LEFT,LEFT,0.09350001346319914,False,True,False,False,False,False,False
random_ruehl_mask,mixed,77,270920337,22,WAIT,WAIT,0.08324999362230301,False,False,False,False,False,False,False
random_ruehl_mask,mixed,77,270920337,23,UP,UP,0.07658288814127445,False,False,False,False,False,False,False
random_ruehl_mask,mixed,77,270920337,24,WAIT,WAIT,0.0737080117687583,False,False,False,False,False,False,False
random_ruehl_mask,mixed,77,270920337,25,UP,UP,0.04691700451076031,False,False,False,False,False,False,False
random_ruehl_mask,mixed,77,270920337,26,DOWN,DOWN,0.06183399818837643,False,False,False,False,False,False,False
random_ruehl_mask,mixed,77,270920337,27,DOWN,DOWN,0.06258301436901093,False,False,False,False,False,False,False
random_ruehl_mask,mixed,77,270920337,28,WAIT,WAIT,0.06291596218943596,False,False,False,False,False,False,False
random_ruehl_mask,mixed,77,270920337,29,WAIT,WAIT,0.07116596680134535,False,False,False,False,False,False,False
random_ruehl_mask,mixed,77,270920337,30,WAIT,WAIT,0.08220900781452656,False,False,False,False,False,False,False
random_ruehl_mask,mixed,77,270920337,31,UP,UP,0.09733403567224741,False,True,False,False,False,False,False
random_ruehl_mask,mixed,77,270920337,32,UP,UP,0.07149996235966682,False,False,False,False,False,False,False
random_ruehl_mask,mixed,77,270920337,33,BOMB,BOMB,0.10179192759096622,False,False,False,True,False,False,False
random_ruehl_mask,mixed,77,270920337,34,UP,UP,0.06958306767046452,False,False,False,False,False,False,False
random_ruehl_mask,mixed,77,270920337,35,UP,UP,0.06583391223102808,False,False,False,False,False,False,False
random_ruehl_mask,mixed,77,270920337,36,RIGHT,RIGHT,0.08725002408027649,False,False,False,False,False,False,False
random_ruehl_mask,mixed,77,270920337,37,RIGHT,RIGHT,0.08970906492322683,False,False,False,False,False,False,False
random_ruehl_mask,mixed,77,270920337,38,LEFT,LEFT,0.07166701834648848,False,False,False,False,False,False,False
random_ruehl_mask,mixed,77,270920337,39,LEFT,LEFT,0.05366699770092964,False,False,False,False,False,False,False
random_ruehl_mask,mixed,77,270920337,40,DOWN,DOWN,0.09487499482929707,False,False,False,False,False,False,False
random_ruehl_mask,mixed,77,270920337,41,WAIT,WAIT,0.09958294685930014,False,True,False,False,False,False,True
random_ruehl_mask,mixed,77,270920337,42,BOMB,BOMB,0.09016692638397217,False,False,False,True,False,False,True
random_ruehl_mask,mixed,77,270920337,43,UP,UP,0.04720897413790226,False,False,False,False,False,False,True
random_ruehl_mask,mixed,77,270920337,44,UP,UP,0.07370905950665474,False,False,False,False,False,False,True
random_ruehl_mask,mixed,77,270920337,45,WAIT,WAIT,0.06874999962747097,False,False,False,False,False,False,True
random_ruehl_mask,mixed,77,270920337,46,WAIT,WAIT,0.0813750084489584,False,False,False,False,False,False,True
random_ruehl_mask,mixed,78,270920338,1,RIGHT,RIGHT,0.10745902545750141,False,True,False,False,False,False,False
random_ruehl_mask,mixed,78,270920338,2,BOMB,BOMB,0.08183298632502556,False,False,False,True,False,False,False
random_ruehl_mask,mixed,78,270920338,3,LEFT,LEFT,0.07820792961865664,False,False,False,False,False,False,False
random_ruehl_mask,mixed,78,270920338,4,UP,UP,0.07087492849677801,False,False,False,False,False,False,False
random_ruehl_mask,mixed,78,270920338,5,WAIT,WAIT,0.0743749551475048,False,False,False,False,False,False,False
random_ruehl_mask,mixed,78,270920338,6,WAIT,WAIT,0.09124993812292814,False,False,False,False,False,False,False
random_ruehl_mask,mixed,78,270920338,7,WAIT,WAIT,0.06683298852294683,False,False,False,False,False,False,False
random_ruehl_mask,mixed,78,270920338,8,DOWN,DOWN,0.041624996811151505,False,False,False,False,False,False,False
random_ruehl_mask,mixed,78,270920338,9,WAIT,WAIT,0.09712495375424623,False,False,False,False,False,False,False
random_ruehl_mask,mixed,78,270920338,10,WAIT,WAIT,0.10820908937603235,False,False,False,False,False,False,False
random_ruehl_mask,mixed,78,270920338,11,WAIT,WAIT,0.08825003169476986,False,True,False,False,False,False,False
random_ruehl_mask,mixed,78,270920338,12,WAIT,WAIT,0.08475000504404306,False,False,False,False,False,False,False
random_ruehl_mask,mixed,78,270920338,13,RIGHT,RIGHT,0.09845790918916464,False,False,False,False,False,False,False
random_ruehl_mask,mixed,78,270920338,14,LEFT,LEFT,0.06316695362329483,False,False,False,False,False,False,False
random_ruehl_mask,mixed,78,270920338,15,WAIT,WAIT,0.08874991908669472,False,False,False,False,False,False,True
random_ruehl_mask,mixed,78,270920338,16,BOMB,BOMB,0.09979202877730131,False,False,False,True,False,False,True
random_ruehl_mask,mixed,78,270920338,17,UP,UP,0.041792052797973156,False,False,False,False,False,False,True
random_ruehl_mask,mixed,78,270920338,18,WAIT,WAIT,0.08395896293222904,False,False,False,False,False,False,True
random_ruehl_mask,mixed,78,270920338,19,WAIT,WAIT,0.07466704118996859,False,False,False,False,False,False,True
random_ruehl_mask,mixed,78,270920338,20,WAIT,WAIT,0.07195794023573399,False,False,False,False,False,False,True
random_ruehl_mask,mixed,79,270920339,1,RIGHT,RIGHT,0.1123339170590043,False,True,False,False,False,False,False
random_ruehl_mask,mixed,79,270920339,2,BOMB,BOMB,0.07874995935708284,False,False,False,True,False,False,False
random_ruehl_mask,mixed,79,270920339,3,LEFT,LEFT,0.03999995533376932,False,False,False,False,False,False,False
random_ruehl_mask,mixed,79,270920339,4,WAIT,WAIT,0.04041590727865696,False,False,False,False,False,False,False
random_ruehl_mask,mixed,79,270920339,5,UP,UP,0.08187501225620508,False,False,False,False,False,False,False
random_ruehl_mask,mixed,79,270920339,6,WAIT,WAIT,0.08533301297575235,False,False,False,False,False,False,False
random_ruehl_mask,mixed,79,270920339,7,WAIT,WAIT,0.06570795085281134,False,False,False,False,False,False,False
random_ruehl_mask,mixed,79,270920339,8,DOWN,DOWN,0.04145805723965168,False,False,False,False,False,False,False
random_ruehl_mask,mixed,79,270920339,9,UP,UP,0.09070790838450193,False,False,False,False,False,False,False
random_ruehl_mask,mixed,79,270920339,10,DOWN,DOWN,0.07333303801715374,False,False,False,False,False,False,False
random_ruehl_mask,mixed,79,270920339,11,UP,UP,0.07504201494157314,False,True,False,False,False,False,False
random_ruehl_mask,mixed,79,270920339,12,DOWN,DOWN,0.10416703298687935,False,False,False,False,False,False,False
random_ruehl_mask,mixed,79,270920339,13,RIGHT,RIGHT,0.12187508400529623,False,False,False,False,False,False,False
random_ruehl_mask,mixed,79,270920339,14,RIGHT,RIGHT,0.0932919792830944,False,False,False,False,False,False,False
random_ruehl_mask,mixed,79,270920339,15,RIGHT,RIGHT,0.10887498501688242,False,False,False,False,False,False,False
random_ruehl_mask,mixed,79,270920339,16,BOMB,BOMB,0.07779209408909082,False,False,False,True,False,False,False
random_ruehl_mask,mixed,79,270920339,17,LEFT,LEFT,0.04216702654957771,False,False,False,False,False,False,False
random_ruehl_mask,mixed,79,270920339,18,UP,UP,0.07420801557600498,False,False,False,False,False,False,False
random_ruehl_mask,mixed,79,270920339,19,WAIT,WAIT,0.06054108962416649,False,False,False,False,False,False,False
random_ruehl_mask,mixed,79,270920339,20,WAIT,WAIT,0.24920795112848282,False,False,False,False,False,False,False
random_ruehl_mask,mixed,79,270920339,21,WAIT,WAIT,0.17012504395097494,False,True,False,False,False,False,False
random_ruehl_mask,mixed,79,270920339,22,DOWN,DOWN,0.0658340286463499,False,False,False,False,False,False,False
random_ruehl_mask,mixed,79,270920339,23,RIGHT,RIGHT,0.13825006317347288,False,False,False,False,False,False,False
random_ruehl_mask,mixed,79,270920339,24,LEFT,LEFT,0.06716710049659014,False,False,False,False,False,False,False
random_ruehl_mask,mixed,79,270920339,25,RIGHT,RIGHT,0.09666697587817907,False,False,False,False,False,False,False
random_ruehl_mask,mixed,79,270920339,26,LEFT,LEFT,0.063000014051795,False,False,False,False,False,False,False
random_ruehl_mask,mixed,79,270920339,27,RIGHT,RIGHT,0.09666604455560446,False,False,False,False,False,False,False
random_ruehl_mask,mixed,79,270920339,28,WAIT,WAIT,0.077791977673769,False,False,False,False,False,False,False
random_ruehl_mask,mixed,79,270920339,29,RIGHT,RIGHT,0.0624579843133688,False,False,False,False,False,False,False
random_ruehl_mask,mixed,79,270920339,30,WAIT,WAIT,0.1260410062968731,False,False,False,False,False,False,False
random_ruehl_mask,mixed,79,270920339,31,LEFT,LEFT,0.12099999003112316,False,True,False,False,False,False,False
random_ruehl_mask,mixed,79,270920339,32,LEFT,LEFT,0.07666705641895533,False,False,False,False,False,False,False
random_ruehl_mask,mixed,79,270920339,33,RIGHT,RIGHT,0.1152500044554472,False,False,False,False,False,False,False
random_ruehl_mask,mixed,79,270920339,34,RIGHT,RIGHT,0.05720893386751413,False,False,False,False,False,False,False
random_ruehl_mask,mixed,79,270920339,35,WAIT,WAIT,0.12170802801847458,False,False,False,False,False,False,False
random_ruehl_mask,mixed,79,270920339,36,RIGHT,RIGHT,0.10179099626839161,False,False,False,False,False,False,False
random_ruehl_mask,mixed,79,270920339,37,RIGHT,RIGHT,0.0660829246044159,False,False,False,False,False,False,False
random_ruehl_mask,mixed,79,270920339,38,WAIT,WAIT,0.09758304804563522,False,False,False,False,False,False,False
random_ruehl_mask,mixed,79,270920339,39,LEFT,LEFT,0.0878339633345604,False,False,False,False,False,False,False
random_ruehl_mask,mixed,79,270920339,40,WAIT,WAIT,0.05208305083215237,False,False,False,False,False,False,False
random_ruehl_mask,mixed,79,270920339,41,WAIT,WAIT,0.049291993491351604,False,True,False,False,False,False,False
random_ruehl_mask,mixed,79,270920339,42,LEFT,LEFT,0.3522500628605485,False,False,False,False,False,False,False
random_ruehl_mask,mixed,79,270920339,43,WAIT,WAIT,0.10833295527845621,False,False,False,False,False,False,False
random_ruehl_mask,mixed,79,270920339,44,BOMB,BOMB,0.1076249172911048,False,False,False,True,False,False,False
random_ruehl_mask,mixed,79,270920339,45,RIGHT,RIGHT,0.05083309952169657,False,False,False,False,False,False,False
random_ruehl_mask,mixed,79,270920339,46,RIGHT,RIGHT,0.08208304643630981,False,False,False,False,False,False,False
random_ruehl_mask,mixed,79,270920339,47,RIGHT,RIGHT,0.07025001104921103,False,False,False,False,False,False,False
random_ruehl_mask,mixed,79,270920339,48,RIGHT,RIGHT,0.07149996235966682,False,False,False,False,False,False,False
random_ruehl_mask,mixed,79,270920339,49,UP,UP,0.07654097862541676,False,False,False,False,False,False,False
random_ruehl_mask,mixed,79,270920339,50,UP,UP,0.06591703277081251,False,False,False,False,False,False,False
random_ruehl_mask,mixed,79,270920339,51,DOWN,DOWN,0.12874999083578587,False,True,False,False,False,False,False
random_ruehl_mask,mixed,79,270920339,52,UP,UP,0.08454092312604189,False,False,False,False,False,False,False
random_ruehl_mask,mixed,79,270920339,53,DOWN,DOWN,0.08433405309915543,False,False,False,False,False,False,False
random_ruehl_mask,mixed,79,270920339,54,BOMB,BOMB,0.09474996477365494,False,False,False,True,False,False,False
random_ruehl_mask,mixed,79,270920339,55,UP,UP,0.07441593334078789,False,False,False,False,False,False,False
random_ruehl_mask,mixed,79,270920339,56,RIGHT,RIGHT,0.061125028878450394,False,False,False,False,False,False,False
random_ruehl_mask,mixed,79,270920339,57,WAIT,WAIT,0.0890420051291585,False,False,False,False,False,False,False
random_ruehl_mask,mixed,79,270920339,58,WAIT,WAIT,0.0629589194431901,False,False,False,False,False,False,False
random_ruehl_mask,mixed,79,270920339,59,WAIT,WAIT,0.07612502668052912,False,False,False,False,False,False,False
random_ruehl_mask,mixed,79,270920339,60,RIGHT,RIGHT,0.10075001046061516,False,False,False,False,False,False,True
random_ruehl_mask,mixed,79,270920339,61,BOMB,BOMB,0.12170791160315275,False,True,False,True,False,False,True
random_ruehl_mask,mixed,79,270920339,62,RIGHT,RIGHT,0.05937507376074791,False,False,False,False,False,False,True
random_ruehl_mask,mixed,79,270920339,63,WAIT,WAIT,0.05712499842047691,False,False,False,False,False,False,True
random_ruehl_mask,mixed,79,270920339,64,WAIT,WAIT,0.07016700692474842,False,False,False,False,False,False,True
random_ruehl_mask,mixed,79,270920339,65,WAIT,WAIT,0.07008295506238937,False,False,False,False,False,False,True
random_ruehl_mask,mixed,80,270920340,1,LEFT,LEFT,0.1216670498251915,False,True,False,False,False,False,False
random_ruehl_mask,mixed,80,270920340,2,LEFT,LEFT,0.12579199392348528,False,False,False,False,False,False,False
random_ruehl_mask,mixed,80,270920340,3,BOMB,BOMB,0.08600007276982069,False,False,False,True,False,False,False
random_ruehl_mask,mixed,80,270920340,4,RIGHT,RIGHT,0.07666600868105888,False,False,False,False,False,False,False
random_ruehl_mask,mixed,80,270920340,5,WAIT,WAIT,0.06849993951618671,False,False,False,False,False,False,False
random_ruehl_mask,mixed,80,270920340,6,RIGHT,RIGHT,0.0712500186637044,False,False,False,False,False,False,False
random_ruehl_mask,mixed,80,270920340,7,UP,UP,0.06687501445412636,False,False,False,False,False,False,False
random_ruehl_mask,mixed,80,270920340,8,WAIT,WAIT,0.049291993491351604,False,False,False,False,False,False,False
random_ruehl_mask,mixed,80,270920340,9,WAIT,WAIT,0.06379210390150547,False,False,False,False,False,False,False
random_ruehl_mask,mixed,80,270920340,10,DOWN,DOWN,0.12987502850592136,False,False,False,False,False,False,False
random_ruehl_mask,mixed,80,270920340,11,WAIT,WAIT,0.08462497498840094,False,True,False,False,False,False,False
random_ruehl_mask,mixed,80,270920340,12,BOMB,BOMB,0.09824999142438173,False,False,False,True,False,False,False
random_ruehl_mask,mixed,80,270920340,13,LEFT,LEFT,0.08795794565230608,False,False,False,False,False,False,False
random_ruehl_mask,mixed,80,270920340,14,LEFT,LEFT,0.07316598203033209,False,False,False,False,False,False,False
random_ruehl_mask,mixed,80,270920340,15,UP,UP,0.08404208347201347,False,False,False,False,False,False,False
random_ruehl_mask,mixed,80,270920340,16,WAIT,WAIT,0.056999968364834785,False,False,False,False,False,False,False
random_ruehl_mask,mixed,80,270920340,17,UP,UP,0.10300008580088615,False,False,False,False,False,False,False
random_ruehl_mask,mixed,80,270920340,18,DOWN,DOWN,0.04866695962846279,False,False,False,False,False,False,True
random_ruehl_mask,mixed,80,270920340,19,BOMB,BOMB,0.08487503509968519,False,False,False,True,False,False,True
random_ruehl_mask,mixed,80,270920340,20,UP,UP,0.4035830497741699,False,False,False,False,False,False,True
random_ruehl_mask,mixed,80,270920340,21,WAIT,WAIT,0.06945803761482239,False,False,False,False,False,False,True
random_ruehl_mask,mixed,80,270920340,22,WAIT,WAIT,0.0660829246044159,False,False,False,False,False,False,True
random_ruehl_mask,mixed,80,270920340,23,WAIT,WAIT,0.04562491085380316,False,False,False,False,False,False,True
random_ruehl_mask,mixed,81,270920341,1,LEFT,LEFT,0.10862504132091999,False,True,False,False,False,False,False
random_ruehl_mask,mixed,81,270920341,2,WAIT,WAIT,0.11358305346220732,False,False,False,False,False,False,False
random_ruehl_mask,mixed,81,270920341,3,WAIT,WAIT,0.08741696365177631,False,False,False,False,False,False,False
random_ruehl_mask,mixed,81,270920341,4,WAIT,WAIT,0.10149995796382427,False,False,False,False,False,False,False
random_ruehl_mask,mixed,81,270920341,5,RIGHT,RIGHT,0.09691703598946333,False,False,False,False,False,False,False
random_ruehl_mask,mixed,81,270920341,6,WAIT,WAIT,0.09966699872165918,False,False,False,False,False,False,False
random_ruehl_mask,mixed,81,270920341,7,WAIT,WAIT,0.11750007979571819,False,False,False,False,False,False,False
random_ruehl_mask,mixed,81,270920341,8,LEFT,LEFT,0.08020794484764338,False,False,False,False,False,False,False
random_ruehl_mask,mixed,81,270920341,9,RIGHT,RIGHT,0.07399998139590025,False,False,False,False,False,False,False
random_ruehl_mask,mixed,81,270920341,10,LEFT,LEFT,0.10458298493176699,False,False,False,False,False,False,False
random_ruehl_mask,mixed,81,270920341,11,WAIT,WAIT,0.0803329749032855,False,True,False,False,False,False,False
random_ruehl_mask,mixed,81,270920341,12,RIGHT,RIGHT,0.093999900855124,False,False,False,False,False,False,False
random_ruehl_mask,mixed,81,270920341,13,DOWN,DOWN,0.12270896695554256,False,False,False,False,False,False,False
random_ruehl_mask,mixed,81,270920341,14,UP,UP,0.10079203639179468,False,False,False,False,False,False,False
random_ruehl_mask,mixed,81,270920341,15,WAIT,WAIT,0.11333392467349768,False,False,False,False,False,False,False
random_ruehl_mask,mixed,81,270920341,16,DOWN,DOWN,0.09637500625103712,False,False,False,False,False,False,False
random_ruehl_mask,mixed,81,270920341,17,WAIT,WAIT,0.0773329520598054,False,False,False,False,False,False,False
random_ruehl_mask,mixed,81,270920341,18,BOMB,BOMB,0.08670904207974672,False,False,False,True,False,False,False
random_ruehl_mask,mixed,81,270920341,19,UP,UP,0.05041598342359066,False,False,False,False,False,False,False
random_ruehl_mask,mixed,81,270920341,20,LEFT,LEFT,0.05862500984221697,False,False,False,False,False,False,False
random_ruehl_mask,mixed,81,270920341,21,WAIT,WAIT,0.06445799954235554,False,True,False,False,False,False,False
random_ruehl_mask,mixed,81,270920341,22,WAIT,WAIT,0.05500006955116987,False,False,False,False,False,False,False
random_ruehl_mask,mixed,81,270920341,23,WAIT,WAIT,0.05124998278915882,False,False,False,False,False,False,False
random_ruehl_mask,mixed,81,270920341,24,WAIT,WAIT,0.058666919358074665,False,False,False,False,False,False,False
random_ruehl_mask,mixed,81,270920341,25,RIGHT,RIGHT,0.08962501306086779,False,False,False,False,False,False,False
random_ruehl_mask,mixed,81,270920341,26,WAIT,WAIT,0.10916695464402437,False,False,False,False,False,False,False
random_ruehl_mask,mixed,81,270920341,27,LEFT,LEFT,0.09945896454155445,False,False,False,False,False,False,False
random_ruehl_mask,mixed,81,270920341,28,RIGHT,RIGHT,0.09391689673066139,False,False,False,False,False,False,False
random_ruehl_mask,mixed,81,270920341,29,DOWN,DOWN,0.11283403728157282,False,False,False,False,False,False,False
random_ruehl_mask,mixed,81,270920341,30,UP,UP,0.06258301436901093,False,False,False,False,False,False,False
random_ruehl_mask,mixed,81,270920341,31,LEFT,LEFT,0.10612502228468657,False,True,False,False,False,False,False
random_ruehl_mask,mixed,81,270920341,32,BOMB,BOMB,0.08183298632502556,False,False,False,True,False,False,False
random_ruehl_mask,mixed,81,270920341,33,RIGHT,RIGHT,0.08899997919797897,False,False,False,False,False,False,False
random_ruehl_mask,mixed,81,270920341,34,WAIT,WAIT,0.06329105235636234,False,False,False,False,False,False,False
random_ruehl_mask,mixed,81,270920341,35,DOWN,DOWN,0.06770796608179808,False,False,False,False,False,False,False
random_ruehl_mask,mixed,81,270920341,36,WAIT,WAIT,0.05958403926342726,False,False,False,False,False,False,False
random_ruehl_mask,mixed,81,270920341,37,WAIT,WAIT,0.05504104774445295,False,False,False,False,False,False,False
random_ruehl_mask,mixed,81,270920341,38,WAIT,WAIT,0.04491605795919895,False,False,False,False,False,False,False
random_ruehl_mask,mixed,81,270920341,39,DOWN,DOWN,0.06366695743054152,False,False,False,False,False,False,False
random_ruehl_mask,mixed,81,270920341,40,UP,UP,0.29083399567753077,False,False,False,False,False,False,False
random_ruehl_mask,mixed,81,270920341,41,DOWN,DOWN,0.06649992428719997,False,True,False,False,False,False,False
random_ruehl_mask,mixed,81,270920341,42,UP,UP,0.16950001008808613,False,False,False,False,False,False,False
random_ruehl_mask,mixed,81,270920341,43,DOWN,DOWN,0.08087488822638988,False,False,False,False,False,False,False
random_ruehl_mask,mixed,81,270920341,44,WAIT,WAIT,0.12945907656103373,False,False,False,False,False,False,False
random_ruehl_mask,mixed,81,270920341,45,BOMB,BOMB,0.12170802801847458,False,False,False,True,False,False,False
random_ruehl_mask,mixed,81,270920341,46,DOWN,DOWN,0.07529195863753557,False,False,False,False,False,False,False
random_ruehl_mask,mixed,81,270920341,47,DOWN,DOWN,0.05362497176975012,False,False,False,False,False,False,False
random_ruehl_mask,mixed,81,270920341,48,LEFT,LEFT,0.07224990986287594,False,False,False,False,False,False,False
random_ruehl_mask,mixed,81,270920341,49,LEFT,LEFT,0.06975000724196434,False,False,False,False,False,False,False
random_ruehl_mask,mixed,81,270920341,50,RIGHT,RIGHT,0.06412493530660868,False,False,False,False,False,False,False
random_ruehl_mask,mixed,81,270920341,51,WAIT,WAIT,0.06312504410743713,False,True,False,False,False,False,False
random_ruehl_mask,mixed,81,270920341,52,WAIT,WAIT,0.0878750579431653,False,False,False,False,False,False,False
random_ruehl_mask,mixed,81,270920341,53,BOMB,BOMB,0.08258398156613111,False,False,False,True,False,False,False
random_ruehl_mask,mixed,81,270920341,54,LEFT,LEFT,0.09216694161295891,False,False,False,False,False,False,False
random_ruehl_mask,mixed,81,270920341,55,WAIT,WAIT,0.11162494774907827,False,False,False,False,False,False,False
random_ruehl_mask,mixed,81,270920341,56,UP,UP,0.05749997217208147,False,False,False,False,False,False,False
random_ruehl_mask,mixed,81,270920341,57,WAIT,WAIT,0.08549995254725218,False,False,False,False,False,False,False
random_ruehl_mask,mixed,81,270920341,58,WAIT,WAIT,0.0737080117687583,False,False,False,False,False,False,False
random_ruehl_mask,mixed,81,270920341,59,UP,UP,0.0475000124424696,False,False,False,False,False,False,False
random_ruehl_mask,mixed,81,270920341,60,LEFT,LEFT,0.10583293624222279,False,False,False,False,False,False,False
random_ruehl_mask,mixed,81,270920341,61,BOMB,BOMB,0.08804199751466513,False,True,False,True,False,False,False
random_ruehl_mask,mixed,81,270920341,62,RIGHT,RIGHT,0.06408302579075098,False,False,False,False,False,False,False
random_ruehl_mask,mixed,81,270920341,63,DOWN,DOWN,0.0825000461190939,False,False,False,False,False,False,False
random_ruehl_mask,mixed,81,270920341,64,WAIT,WAIT,0.08587504271417856,False,False,False,False,False,False,False
random_ruehl_mask,mixed,81,270920341,65,WAIT,WAIT,0.06995897274464369,False,False,False,False,False,False,False
random_ruehl_mask,mixed,81,270920341,66,DOWN,DOWN,0.06641598884016275,False,False,False,False,False,False,False
random_ruehl_mask,mixed,81,270920341,67,RIGHT,RIGHT,0.05366699770092964,False,False,False,False,False,False,False
random_ruehl_mask,mixed,81,270920341,68,RIGHT,RIGHT,0.06754102651029825,False,False,False,False,False,False,False
random_ruehl_mask,mixed,81,270920341,69,DOWN,DOWN,0.0576250022277236,False,False,False,False,False,False,False
random_ruehl_mask,mixed,81,270920341,70,UP,UP,0.06870797369629145,False,False,False,False,False,False,False
random_ruehl_mask,mixed,81,270920341,71,UP,UP,0.08624990005046129,False,True,False,False,False,False,False
random_ruehl_mask,mixed,81,270920341,72,UP,UP,0.07479102350771427,False,False,False,False,False,False,False
random_ruehl_mask,mixed,81,270920341,73,UP,UP,0.0802499707788229,False,False,False,False,False,False,False
random_ruehl_mask,mixed,81,270920341,74,WAIT,WAIT,0.08245790377259254,False,False,False,False,False,False,False
random_ruehl_mask,mixed,81,270920341,75,DOWN,DOWN,0.08229096420109272,False,False,False,False,False,False,False
random_ruehl_mask,mixed,81,270920341,76,LEFT,LEFT,0.08954200893640518,False,False,False,False,False,False,False
random_ruehl_mask,mixed,81,270920341,77,LEFT,LEFT,0.09637500625103712,False,False,False,False,False,False,False
random_ruehl_mask,mixed,81,270920341,78,LEFT,LEFT,0.12145901564508677,False,False,False,False,False,False,False
random_ruehl_mask,mixed,81,270920341,79,WAIT,WAIT,0.07433304563164711,False,False,False,False,False,False,False
random_ruehl_mask,mixed,81,270920341,80,LEFT,LEFT,1.4523330610245466,False,False,False,False,False,False,False
random_ruehl_mask,mixed,81,270920341,81,WAIT,WAIT,0.124584068544209,False,True,False,False,False,False,False
random_ruehl_mask,mixed,81,270920341,82,WAIT,WAIT,0.1170419855043292,False,False,False,False,False,False,False
random_ruehl_mask,mixed,81,270920341,83,LEFT,LEFT,0.11729099787771702,False,False,False,False,False,False,False
random_ruehl_mask,mixed,81,270920341,84,RIGHT,RIGHT,0.08633302059024572,False,False,False,False,False,False,False
random_ruehl_mask,mixed,81,270920341,85,RIGHT,RIGHT,0.11279096361249685,False,False,False,False,False,False,False
random_ruehl_mask,mixed,81,270920341,86,RIGHT,RIGHT,0.05825003609061241,False,False,False,False,False,False,False
random_ruehl_mask,mixed,81,270920341,87,LEFT,LEFT,0.1212910283356905,False,False,False,False,False,False,False
random_ruehl_mask,mixed,81,270920341,88,RIGHT,RIGHT,0.08816597983241081,False,False,False,False,False,False,False
random_ruehl_mask,mixed,81,270920341,89,RIGHT,RIGHT,0.12820796109735966,False,False,False,False,False,False,False
random_ruehl_mask,mixed,81,270920341,90,WAIT,WAIT,0.0826249597594142,False,False,False,False,False,False,False
random_ruehl_mask,mixed,81,270920341,91,LEFT,LEFT,0.12400001287460327,False,True,False,False,False,False,False
random_ruehl_mask,mixed,81,270920341,92,UP,UP,0.12833299115300179,False,False,False,False,False,False,False
random_ruehl_mask,mixed,81,270920341,93,WAIT,WAIT,0.09462505113333464,False,False,False,False,False,False,False
random_ruehl_mask,mixed,81,270920341,94,WAIT,WAIT,0.09512505494058132,False,False,False,False,False,False,False
random_ruehl_mask,mixed,81,270920341,95,UP,UP,0.09949994273483753,False,False,False,False,False,False,True
random_ruehl_mask,mixed,81,270920341,96,BOMB,BOMB,0.11558306869119406,False,False,False,True,True,False,True
random_ruehl_mask,mixed,81,270920341,97,DOWN,DOWN,0.0512079568579793,False,False,False,False,False,False,True
random_ruehl_mask,mixed,81,270920341,98,DOWN,DOWN,0.04833401180803776,False,False,False,False,False,False,True
random_ruehl_mask,mixed,81,270920341,99,WAIT,WAIT,0.052042072638869286,False,False,False,False,False,False,True
random_ruehl_mask,mixed,81,270920341,100,WAIT,WAIT,0.049458001740276814,False,False,False,False,False,False,True
random_ruehl_mask,mixed,82,270920342,1,WAIT,WAIT,0.09591609705239534,False,True,False,False,False,False,False
random_ruehl_mask,mixed,82,270920342,2,LEFT,LEFT,0.07458298932760954,False,False,False,False,False,False,False
random_ruehl_mask,mixed,82,270920342,3,RIGHT,RIGHT,0.06958306767046452,False,False,False,False,False,False,False
random_ruehl_mask,mixed,82,270920342,4,WAIT,WAIT,0.06858306005597115,False,False,False,False,False,False,False
random_ruehl_mask,mixed,82,270920342,5,WAIT,WAIT,0.08287490345537663,False,False,False,False,False,False,False
random_ruehl_mask,mixed,82,270920342,6,DOWN,DOWN,0.08324999362230301,False,False,False,False,False,False,False
random_ruehl_mask,mixed,82,270920342,7,BOMB,BOMB,0.10854203719645739,False,False,False,True,False,False,False
random_ruehl_mask,mixed,82,270920342,8,UP,UP,0.04675006493926048,False,False,False,False,False,False,False
random_ruehl_mask,mixed,82,270920342,9,WAIT,WAIT,0.04083395469933748,False,False,False,False,False,False,False
random_ruehl_mask,mixed,82,270920342,10,LEFT,LEFT,0.06437499541789293,False,False,False,False,False,False,False
random_ruehl_mask,mixed,82,270920342,11,WAIT,WAIT,0.050666043534874916,False,True,False,False,False,False,False
random_ruehl_mask,mixed,82,270920342,12,WAIT,WAIT,0.0452499371021986,False,False,False,False,False,False,False
random_ruehl_mask,mixed,82,270920342,13,RIGHT,RIGHT,0.051332986913621426,False,False,False,False,False,False,True
random_ruehl_mask,mixed,82,270920342,14,BOMB,BOMB,0.12195797171443701,False,False,False,True,False,False,True
random_ruehl_mask,mixed,82,270920342,15,LEFT,LEFT,0.06562494672834873,False,False,False,False,False,False,True
random_ruehl_mask,mixed,82,270920342,16,WAIT,WAIT,0.04950002767145634,False,False,False,False,False,False,True
random_ruehl_mask,mixed,82,270920342,17,WAIT,WAIT,0.047791050747036934,False,False,False,False,False,False,True
random_ruehl_mask,mixed,82,270920342,18,WAIT,WAIT,0.044082989916205406,False,False,False,False,False,False,True
random_ruehl_mask,mixed,83,270920343,1,WAIT,WAIT,0.09829108603298664,False,True,False,False,False,False,False
random_ruehl_mask,mixed,83,270920343,2,WAIT,WAIT,0.07879198528826237,False,False,False,False,False,False,False
random_ruehl_mask,mixed,83,270920343,3,UP,UP,0.07091695442795753,False,False,False,False,False,False,False
random_ruehl_mask,mixed,83,270920343,4,BOMB,BOMB,0.06504205521196127,False,False,False,True,False,False,False
random_ruehl_mask,mixed,83,270920343,5,DOWN,DOWN,0.07441698107868433,False,False,False,False,False,False,False
random_ruehl_mask,mixed,83,270920343,6,LEFT,LEFT,0.07795903366059065,False,False,False,False,False,False,False
random_ruehl_mask,mixed,83,270920343,7,WAIT,WAIT,0.06308301817625761,False,False,False,False,False,False,False
random_ruehl_mask,mixed,83,270920343,8,WAIT,WAIT,0.08412497118115425,False,False,False,False,False,False,False
random_ruehl_mask,mixed,83,270920343,9,WAIT,WAIT,0.05449994932860136,False,False,False,False,False,False,False
random_ruehl_mask,mixed,83,270920343,10,WAIT,WAIT,0.04125002305954695,False,False,False,False,False,False,False
random_ruehl_mask,mixed,83,270920343,11,WAIT,WAIT,0.08570810314267874,False,True,False,False,False,False,False
random_ruehl_mask,mixed,83,270920343,12,RIGHT,RIGHT,0.07870804984122515,False,False,False,False,False,False,False
random_ruehl_mask,mixed,83,270920343,13,BOMB,BOMB,0.10470801498740911,False,False,False,True,False,False,False
random_ruehl_mask,mixed,83,270920343,14,UP,UP,0.06308301817625761,False,False,False,False,False,False,False
random_ruehl_mask,mixed,83,270920343,15,UP,UP,0.05208305083215237,False,False,False,False,False,False,False
random_ruehl_mask,mixed,83,270920343,16,LEFT,LEFT,0.051875016652047634,False,False,False,False,False,False,False
random_ruehl_mask,mixed,83,270920343,17,WAIT,WAIT,0.04529103171080351,False,False,False,False,False,False,False
random_ruehl_mask,mixed,83,270920343,18,WAIT,WAIT,0.045874970965087414,False,False,False,False,False,False,False
random_ruehl_mask,mixed,83,270920343,19,RIGHT,RIGHT,0.03599992487579584,False,False,False,False,False,False,True
random_ruehl_mask,mixed,83,270920343,20,BOMB,BOMB,0.09058299474418163,False,False,False,True,False,False,True
random_ruehl_mask,mixed,83,270920343,21,UP,UP,0.06479199510067701,False,True,True,False,False,False,True
random_ruehl_mask,mixed,83,270920343,22,UP,UP,0.057582976296544075,False,False,False,False,False,False,True
random_ruehl_mask,mixed,83,270920343,23,WAIT,WAIT,0.06654101889580488,False,False,False,False,False,False,True
random_ruehl_mask,mixed,83,270920343,24,WAIT,WAIT,0.0654999166727066,False,False,False,False,False,False,True
random_ruehl_mask,mixed,84,270920344,1,LEFT,LEFT,0.09949994273483753,False,True,False,False,False,False,False
random_ruehl_mask,mixed,84,270920344,2,WAIT,WAIT,0.0952909467741847,False,False,False,False,False,False,False
random_ruehl_mask,mixed,84,270920344,3,RIGHT,RIGHT,0.07758289575576782,False,False,False,False,False,False,False
random_ruehl_mask,mixed,84,270920344,4,WAIT,WAIT,0.10366702917963266,False,False,False,False,False,False,False
random_ruehl_mask,mixed,84,270920344,5,LEFT,LEFT,0.12258393689990044,False,False,False,False,False,False,False
random_ruehl_mask,mixed,84,270920344,6,RIGHT,RIGHT,0.10554201435297728,False,False,False,False,False,False,False
random_ruehl_mask,mixed,84,270920344,7,UP,UP,0.09708304423838854,False,False,False,False,False,False,False
random_ruehl_mask,mixed,84,270920344,8,DOWN,DOWN,0.1087080454453826,False,False,False,False,False,False,False
random_ruehl_mask,mixed,84,270920344,9,UP,UP,0.08370901923626661,False,False,False,False,False,False,False
random_ruehl_mask,mixed,84,270920344,10,WAIT,WAIT,0.06958306767046452,False,False,False,False,False,False,False
random_ruehl_mask,mixed,84,270920344,11,WAIT,WAIT,0.06604194641113281,False,True,False,False,False,False,False
random_ruehl_mask,mixed,84,270920344,12,DOWN,DOWN,0.07258390542119741,False,False,False,False,False,False,False
random_ruehl_mask,mixed,84,270920344,13,UP,UP,0.10287505574524403,False,False,False,False,False,False,False
random_ruehl_mask,mixed,84,270920344,14,BOMB,BOMB,0.0910409726202488,False,False,False,True,False,False,False
random_ruehl_mask,mixed,84,270920344,15,DOWN,DOWN,0.06570795085281134,False,False,False,False,False,False,False
random_ruehl_mask,mixed,84,270920344,16,LEFT,LEFT,0.04224991425871849,False,False,False,False,False,False,False
random_ruehl_mask,mixed,84,270920344,17,WAIT,WAIT,0.04879198968410492,False,False,False,False,False,False,False
random_ruehl_mask,mixed,84,270920344,18,WAIT,WAIT,0.04704191815108061,False,False,False,False,False,False,False
random_ruehl_mask,mixed,84,270920344,19,WAIT,WAIT,0.11250004172325134,False,False,False,False,False,False,False
random_ruehl_mask,mixed,84,270920344,20,WAIT,WAIT,0.05570892244577408,False,False,False,False,False,False,False
random_ruehl_mask,mixed,84,270920344,21,RIGHT,RIGHT,0.0914999982342124,False,True,False,False,False,False,False
random_ruehl_mask,mixed,84,270920344,22,BOMB,BOMB,0.11250004172325134,False,False,False,True,False,False,False
random_ruehl_mask,mixed,84,270920344,23,UP,UP,0.0517918961122632,False,False,False,False,False,False,False
random_ruehl_mask,mixed,84,270920344,24,WAIT,WAIT,0.03791600465774536,False,False,False,False,False,False,False
random_ruehl_mask,mixed,84,270920344,25,UP,UP,0.04600000102072954,False,False,False,False,False,False,False
random_ruehl_mask,mixed,84,270920344,26,LEFT,LEFT,0.0700000673532486,False,False,False,False,False,False,False
random_ruehl_mask,mixed,84,270920344,27,WAIT,WAIT,0.05124998278915882,False,False,False,False,False,False,False
random_ruehl_mask,mixed,84,270920344,28,RIGHT,RIGHT,0.039125094190239906,False,False,False,False,False,False,False
random_ruehl_mask,mixed,84,270920344,29,DOWN,DOWN,0.11333299335092306,False,False,False,False,False,False,False
random_ruehl_mask,mixed,84,270920344,30,WAIT,WAIT,0.06954197306185961,False,False,False,False,False,False,False
random_ruehl_mask,mixed,84,270920344,31,WAIT,WAIT,0.09374995715916157,False,True,False,False,False,False,False
random_ruehl_mask,mixed,84,270920344,32,DOWN,DOWN,0.06354099605232477,False,False,False,False,False,False,False
random_ruehl_mask,mixed,84,270920344,33,UP,UP,0.058750039897859097,False,False,False,False,False,False,False
random_ruehl_mask,mixed,84,270920344,34,WAIT,WAIT,0.04795799031853676,False,False,False,False,False,False,False
random_ruehl_mask,mixed,84,270920344,35,WAIT,WAIT,0.05495804361999035,False,False,False,False,False,False,False
random_ruehl_mask,mixed,84,270920344,36,WAIT,WAIT,0.05204195622354746,False,False,False,False,False,False,False
random_ruehl_mask,mixed,84,270920344,37,UP,UP,0.05925004370510578,False,False,False,False,False,False,True
random_ruehl_mask,mixed,84,270920344,38,BOMB,BOMB,0.09962508920580149,False,False,False,True,False,False,True
random_ruehl_mask,mixed,84,270920344,39,UP,UP,0.05933293141424656,False,False,False,False,False,False,True
random_ruehl_mask,mixed,84,270920344,40,UP,UP,0.045332941226661205,False,False,False,False,False,False,True
random_ruehl_mask,mixed,84,270920344,41,WAIT,WAIT,0.0766250304877758,False,False,False,False,False,False,True
random_ruehl_mask,mixed,84,270920344,42,WAIT,WAIT,0.05345896352082491,False,False,False,False,False,False,True
random_ruehl_mask,mixed,85,270920345,1,WAIT,WAIT,0.14233298134058714,False,True,False,False,False,False,False
random_ruehl_mask,mixed,85,270920345,2,UP,UP,0.08412497118115425,False,False,False,False,False,False,False
random_ruehl_mask,mixed,85,270920345,3,DOWN,DOWN,0.06616604514420033,False,False,False,False,False,False,False
random_ruehl_mask,mixed,85,270920345,4,UP,UP,0.07479090709239244,False,False,False,False,False,False,False
random_ruehl_mask,mixed,85,270920345,5,BOMB,BOMB,0.10712491348385811,False,False,False,True,False,False,False
random_ruehl_mask,mixed,85,270920345,6,DOWN,DOWN,0.06383308209478855,False,False,False,False,False,False,False
random_ruehl_mask,mixed,85,270920345,7,WAIT,WAIT,0.06487499922513962,False,False,False,False,False,False,False
random_ruehl_mask,mixed,85,270920345,8,LEFT,LEFT,0.05208305083215237,False,False,False,False,False,False,False
random_ruehl_mask,mixed,85,270920345,9,WAIT,WAIT,0.045082997530698776,False,False,False,False,False,False,False
random_ruehl_mask,mixed,85,270920345,10,WAIT,WAIT,0.04395900759845972,False,False,False,False,False,False,False
random_ruehl_mask,mixed,85,270920345,11,RIGHT,RIGHT,0.03641610965132713,False,True,False,False,False,False,False
random_ruehl_mask,mixed,85,270920345,12,LEFT,LEFT,0.11499994434416294,False,False,False,False,False,False,False
random_ruehl_mask,mixed,85,270920345,13,RIGHT,RIGHT,0.10274990927428007,False,False,False,False,False,False,True
random_ruehl_mask,mixed,85,270920345,14,BOMB,BOMB,0.09904103353619576,False,False,False,True,False,False,True
random_ruehl_mask,mixed,85,270920345,15,LEFT,LEFT,0.04604097921401262,False,False,False,False,False,False,True
random_ruehl_mask,mixed,85,270920345,16,WAIT,WAIT,0.03487500362098217,False,False,False,False,False,False,True
random_ruehl_mask,mixed,85,270920345,17,WAIT,WAIT,0.06320804823189974,False,False,False,False,False,False,True
random_ruehl_mask,mixed,85,270920345,18,WAIT,WAIT,0.04966696724295616,False,False,False,False,False,False,True
random_ruehl_mask,mixed,86,270920346,1,WAIT,WAIT,0.09574997238814831,False,True,False,False,False,False,False
random_ruehl_mask,mixed,86,270920346,2,WAIT,WAIT,0.07287506014108658,False,False,False,False,False,False,False
random_ruehl_mask,mixed,86,270920346,3,WAIT,WAIT,0.10429206304252148,False,False,False,False,False,False,False
random_ruehl_mask,mixed,86,270920346,4,WAIT,WAIT,0.081458012573421,False,False,False,False,False,False,False
random_ruehl_mask,mixed,86,270920346,5,RIGHT,RIGHT,0.08899997919797897,False,False,False,False,False,False,False
random_ruehl_mask,mixed,86,270920346,6,BOMB,BOMB,0.08362496737390757,False,False,False,True,False,False,False
random_ruehl_mask,mixed,86,270920346,7,LEFT,LEFT,0.04866695962846279,False,False,False,False,False,False,False
random_ruehl_mask,mixed,86,270920346,8,WAIT,WAIT,0.06762496195733547,False,False,False,False,False,False,False
random_ruehl_mask,mixed,86,270920346,9,DOWN,DOWN,0.07670803461223841,False,False,False,False,False,False,False
random_ruehl_mask,mixed,86,270920346,10,WAIT,WAIT,0.07508404087275267,False,False,False,False,False,False,False
random_ruehl_mask,mixed,86,270920346,11,WAIT,WAIT,0.09949994273483753,False,True,False,False,False,False,False
random_ruehl_mask,mixed,86,270920346,12,WAIT,WAIT,0.05979207344353199,False,False,False,False,False,False,False
random_ruehl_mask,mixed,86,270920346,13,WAIT,WAIT,0.09591691195964813,False,False,False,False,False,False,False
random_ruehl_mask,mixed,86,270920346,14,UP,UP,0.08341704960912466,False,False,False,False,False,False,False
random_ruehl_mask,mixed,86,270920346,15,RIGHT,RIGHT,0.09287497960031033,False,False,False,False,False,False,False
random_ruehl_mask,mixed,86,270920346,16,LEFT,LEFT,0.06858294364064932,False,False,False,False,False,False,True
random_ruehl_mask,mixed,86,270920346,17,BOMB,BOMB,0.08958298712968826,False,False,False,True,False,False,True
random_ruehl_mask,mixed,86,270920346,18,DOWN,DOWN,0.04425004590302706,False,False,False,False,False,False,True
random_ruehl_mask,mixed,86,270920346,19,WAIT,WAIT,0.039291102439165115,False,False,False,False,False,False,True
random_ruehl_mask,mixed,86,270920346,20,WAIT,WAIT,0.048416899517178535,False,False,False,False,False,False,True
random_ruehl_mask,mixed,86,270920346,21,WAIT,WAIT,0.08700008038431406,False,False,False,False,False,False,True
random_ruehl_mask,mixed,87,270920347,1,BOMB,BOMB,0.09979098103940487,False,True,False,True,False,False,True
random_ruehl_mask,mixed,87,270920347,2,UP,UP,0.04554202314466238,False,False,False,False,False,False,True
random_ruehl_mask,mixed,87,270920347,3,WAIT,WAIT,0.059666926972568035,False,False,False,False,False,False,True
random_ruehl_mask,mixed,87,270920347,4,WAIT,WAIT,0.0761660048738122,False,False,False,False,False,False,True
random_ruehl_mask,mixed,87,270920347,5,WAIT,WAIT,0.0790419289842248,False,False,False,False,False,False,True
random_ruehl_mask,mixed,88,270920348,1,UP,UP,0.11754198931157589,False,True,False,False,False,False,False
random_ruehl_mask,mixed,88,270920348,2,WAIT,WAIT,0.09741703979671001,False,False,False,False,False,False,False
random_ruehl_mask,mixed,88,270920348,3,BOMB,BOMB,0.08616596460342407,False,False,False,True,False,False,False
random_ruehl_mask,mixed,88,270920348,4,DOWN,DOWN,0.04941597580909729,False,False,False,False,False,False,False
random_ruehl_mask,mixed,88,270920348,5,WAIT,WAIT,0.06854103412479162,False,False,False,False,False,False,False
random_ruehl_mask,mixed,88,270920348,6,RIGHT,RIGHT,0.0760830007493496,False,False,False,False,False,False,False
random_ruehl_mask,mixed,88,270920348,7,WAIT,WAIT,0.0730419997125864,False,False,False,False,False,False,False
random_ruehl_mask,mixed,88,270920348,8,WAIT,WAIT,0.07708300836384296,False,False,False,False,False,False,False
random_ruehl_mask,mixed,88,270920348,9,LEFT,LEFT,0.04229205660521984,False,False,False,False,False,False,False
random_ruehl_mask,mixed,88,270920348,10,WAIT,WAIT,0.08941697888076305,False,False,False,False,False,False,False
random_ruehl_mask,mixed,88,270920348,11,RIGHT,RIGHT,0.0839160056784749,False,True,False,False,False,False,False
random_ruehl_mask,mixed,88,270920348,12,WAIT,WAIT,0.18112501129508018,False,False,False,False,False,False,False
random_ruehl_mask,mixed,88,270920348,13,BOMB,BOMB,0.09049999061971903,False,False,False,True,False,False,False
random_ruehl_mask,mixed,88,270920348,14,LEFT,LEFT,0.05570799112319946,False,False,False,False,False,False,False
random_ruehl_mask,mixed,88,270920348,15,WAIT,WAIT,0.05845900159329176,False,False,False,False,False,False,False
random_ruehl_mask,mixed,88,270920348,16,UP,UP,0.06600003689527512,False,False,False,False,False,False,False
random_ruehl_mask,mixed,88,270920348,17,UP,UP,0.0511660473421216,False,False,False,False,False,False,False
random_ruehl_mask,mixed,88,270920348,18,WAIT,WAIT,0.05975004751235247,False,False,False,False,False,False,False
random_ruehl_mask,mixed,88,270920348,19,WAIT,WAIT,0.049291993491351604,False,False,False,False,False,False,False
random_ruehl_mask,mixed,88,270920348,20,BOMB,BOMB,0.09908294305205345,False,False,False,True,False,False,False
random_ruehl_mask,mixed,88,270920348,21,DOWN,DOWN,0.06649992428719997,False,True,False,False,False,False,False
random_ruehl_mask,mixed,88,270920348,22,DOWN,DOWN,0.0624579843133688,False,False,False,False,False,False,False
random_ruehl_mask,mixed,88,270920348,23,RIGHT,RIGHT,0.07075001485645771,False,False,False,False,False,False,False
random_ruehl_mask,mixed,88,270920348,24,RIGHT,RIGHT,0.08416699711233377,False,False,False,False,False,False,False
random_ruehl_mask,mixed,88,270920348,25,WAIT,WAIT,0.07283396553248167,False,False,False,False,False,False,False
random_ruehl_mask,mixed,88,270920348,26,LEFT,LEFT,0.03995909355580807,False,False,False,False,False,False,False
random_ruehl_mask,mixed,88,270920348,27,RIGHT,RIGHT,0.05116697866469622,False,False,False,False,False,False,False
random_ruehl_mask,mixed,88,270920348,28,LEFT,LEFT,0.08366699330508709,False,False,False,False,False,False,False
random_ruehl_mask,mixed,88,270920348,29,LEFT,LEFT,0.04975008778274059,False,False,False,False,False,False,False
random_ruehl_mask,mixed,88,270920348,30,UP,UP,0.08266698569059372,False,False,False,False,False,False,False
random_ruehl_mask,mixed,88,270920348,31,WAIT,WAIT,0.06437499541789293,False,True,False,False,False,False,False
random_ruehl_mask,mixed,88,270920348,32,DOWN,DOWN,0.08054100908339024,False,False,False,False,False,False,False
random_ruehl_mask,mixed,88,270920348,33,WAIT,WAIT,0.054459087550640106,False,False,False,False,False,False,False
random_ruehl_mask,mixed,88,270920348,34,UP,UP,0.07974996697157621,False,False,False,False,False,False,False
random_ruehl_mask,mixed,88,270920348,35,UP,UP,0.08004193659871817,False,False,False,False,False,False,False
random_ruehl_mask,mixed,88,270920348,36,UP,UP,0.06799993570894003,False,False,False,False,False,False,True
random_ruehl_mask,mixed,88,270920348,37,BOMB,BOMB,0.08116697426885366,False,False,False,True,False,False,True
random_ruehl_mask,mixed,88,270920348,38,UP,UP,0.041749910451471806,False,False,False,False,False,False,True
random_ruehl_mask,mixed,88,270920348,39,WAIT,WAIT,0.03825000021606684,False,False,False,False,False,False,True
random_ruehl_mask,mixed,88,270920348,40,WAIT,WAIT,0.07154198829084635,False,False,False,False,False,False,True
random_ruehl_mask,mixed,88,270920348,41,WAIT,WAIT,0.06833299994468689,False,False,False,False,False,False,True
random_ruehl_mask,mixed,89,270920349,1,LEFT,LEFT,0.11424999684095383,False,True,False,False,False,False,False
random_ruehl_mask,mixed,89,270920349,2,BOMB,BOMB,0.09104190394282341,False,False,False,True,False,False,False
random_ruehl_mask,mixed,89,270920349,3,LEFT,LEFT,0.04449998959898949,False,False,False,False,False,False,False
random_ruehl_mask,mixed,89,270920349,4,UP,UP,0.051958952099084854,False,False,False,False,False,False,False
random_ruehl_mask,mixed,89,270920349,5,WAIT,WAIT,0.06870809011161327,False,False,False,False,False,False,False
random_ruehl_mask,mixed,89,270920349,6,WAIT,WAIT,0.061333063058555126,False,False,False,False,False,False,False
random_ruehl_mask,mixed,89,270920349,7,WAIT,WAIT,0.05520798731595278,False,False,False,False,False,False,False
random_ruehl_mask,mixed,89,270920349,8,DOWN,DOWN,0.07037504110485315,False,False,False,False,False,False,False
random_ruehl_mask,mixed,89,270920349,9,RIGHT,RIGHT,0.11595804244279861,False,False,False,False,False,False,False
random_ruehl_mask,mixed,89,270920349,10,RIGHT,RIGHT,0.07158401422202587,False,False,False,False,False,False,False
random_ruehl_mask,mixed,89,270920349,11,WAIT,WAIT,0.11675001587718725,False,True,False,False,False,False,False
random_ruehl_mask,mixed,89,270920349,12,LEFT,LEFT,0.13037503231316805,False,False,False,False,False,False,False
random_ruehl_mask,mixed,89,270920349,13,LEFT,LEFT,0.07904204539954662,False,False,False,False,False,False,False
random_ruehl_mask,mixed,89,270920349,14,WAIT,WAIT,0.15079102013260126,False,False,False,False,False,False,False
random_ruehl_mask,mixed,89,270920349,15,WAIT,WAIT,2.9862080700695515,False,False,False,False,False,False,False
random_ruehl_mask,mixed,89,270920349,16,UP,UP,0.1115420600399375,False,False,False,False,False,False,False
random_ruehl_mask,mixed,89,270920349,17,WAIT,WAIT,0.15537498984485865,False,False,False,False,False,False,False
random_ruehl_mask,mixed,89,270920349,18,DOWN,DOWN,0.09229197166860104,False,False,False,False,False,False,True
random_ruehl_mask,mixed,89,270920349,19,BOMB,BOMB,0.6550410762429237,False,False,False,True,False,False,True
random_ruehl_mask,mixed,89,270920349,20,UP,UP,0.06829202175140381,False,False,False,False,False,False,True
random_ruehl_mask,mixed,89,270920349,21,WAIT,WAIT,0.08083402644842863,False,False,False,False,False,False,True
random_ruehl_mask,mixed,89,270920349,22,WAIT,WAIT,0.10016688611358404,False,False,False,False,False,False,True
random_ruehl_mask,mixed,89,270920349,23,WAIT,WAIT,0.1230000052601099,False,False,False,False,False,False,True
random_ruehl_mask,mixed,90,270920350,1,DOWN,DOWN,0.12558302842080593,False,True,False,False,False,False,False
random_ruehl_mask,mixed,90,270920350,2,WAIT,WAIT,0.07712503429502249,False,False,False,False,False,False,False
random_ruehl_mask,mixed,90,270920350,3,BOMB,BOMB,0.06929098162800074,False,False,False,True,False,False,False
random_ruehl_mask,mixed,90,270920350,4,UP,UP,0.03758398815989494,False,False,False,False,False,False,False
random_ruehl_mask,mixed,90,270920350,5,RIGHT,RIGHT,0.0464579788967967,False,False,False,False,False,False,False
random_ruehl_mask,mixed,90,270920350,6,WAIT,WAIT,0.06158289033919573,False,False,False,False,False,False,False
random_ruehl_mask,mixed,90,270920350,7,WAIT,WAIT,0.07783295586705208,False,False,False,False,False,False,False
random_ruehl_mask,mixed,90,270920350,8,WAIT,WAIT,0.06354204379022121,False,False,False,False,False,False,False
random_ruehl_mask,mixed,90,270920350,9,WAIT,WAIT,0.043625012040138245,False,False,False,False,False,False,False
random_ruehl_mask,mixed,90,270920350,10,LEFT,LEFT,0.07250008638948202,False,False,False,False,False,False,True
random_ruehl_mask,mixed,90,270920350,11,BOMB,BOMB,0.09504100307822227,False,True,False,True,False,False,True
random_ruehl_mask,mixed,90,270920350,12,RIGHT,RIGHT,0.042291940189898014,False,False,False,False,False,False,True
random_ruehl_mask,mixed,90,270920350,13,WAIT,WAIT,0.05245895590633154,False,False,False,False,False,False,True
random_ruehl_mask,mixed,90,270920350,14,WAIT,WAIT,0.06429105997085571,False,False,False,False,False,False,True
random_ruehl_mask,mixed,90,270920350,15,WAIT,WAIT,0.06354099605232477,False,False,False,False,False,False,True
random_ruehl_mask,mixed,91,270920351,1,LEFT,LEFT,0.10308402124792337,False,True,False,False,False,False,False
random_ruehl_mask,mixed,91,270920351,2,WAIT,WAIT,0.07554201874881983,False,False,False,False,False,False,False
random_ruehl_mask,mixed,91,270920351,3,BOMB,BOMB,0.0865840120241046,False,False,False,True,False,False,False
random_ruehl_mask,mixed,91,270920351,4,RIGHT,RIGHT,0.050292001105844975,False,False,False,False,False,False,False
random_ruehl_mask,mixed,91,270920351,5,WAIT,WAIT,0.07045792881399393,False,False,False,False,False,False,False
random_ruehl_mask,mixed,91,270920351,6,UP,UP,0.0975410221144557,False,False,False,False,False,False,False
random_ruehl_mask,mixed,91,270920351,7,WAIT,WAIT,0.060416990891098976,False,False,False,False,False,False,False
random_ruehl_mask,mixed,91,270920351,8,WAIT,WAIT,0.06437499541789293,False,False,False,False,False,False,False
random_ruehl_mask,mixed,91,270920351,9,WAIT,WAIT,0.06137497257441282,False,False,False,False,False,False,False
random_ruehl_mask,mixed,91,270920351,10,WAIT,WAIT,0.08179200813174248,False,False,False,False,False,False,False
random_ruehl_mask,mixed,91,270920351,11,DOWN,DOWN,0.08970801718533039,False,True,False,False,False,False,True
random_ruehl_mask,mixed,91,270920351,12,BOMB,BOMB,0.09862496517598629,False,False,False,True,False,False,True
random_ruehl_mask,mixed,91,270920351,13,LEFT,LEFT,0.061542028561234474,False,False,False,False,False,False,True
random_ruehl_mask,mixed,91,270920351,14,LEFT,LEFT,0.05854095797985792,False,False,False,False,False,False,True
random_ruehl_mask,mixed,91,270920351,15,RIGHT,RIGHT,0.057541998103260994,False,False,False,False,False,False,True
random_ruehl_mask,mixed,91,270920351,16,WAIT,WAIT,0.04604191053658724,False,False,False,False,False,False,True
random_ruehl_mask,mixed,92,270920352,1,UP,UP,0.10916695464402437,False,True,False,False,False,False,False
random_ruehl_mask,mixed,92,270920352,2,WAIT,WAIT,0.1165829598903656,False,False,False,False,False,False,False
random_ruehl_mask,mixed,92,270920352,3,BOMB,BOMB,0.14575000386685133,False,False,False,True,False,False,False
random_ruehl_mask,mixed,92,270920352,4,DOWN,DOWN,0.05133391823619604,False,False,False,False,False,False,False
random_ruehl_mask,mixed,92,270920352,5,WAIT,WAIT,0.10383292101323605,False,False,False,False,False,False,False
random_ruehl_mask,mixed,92,270920352,6,LEFT,LEFT,0.06862496957182884,False,False,False,False,False,False,False
random_ruehl_mask,mixed,92,270920352,7,LEFT,LEFT,0.08200004231184721,False,False,False,False,False,False,False
random_ruehl_mask,mixed,92,270920352,8,RIGHT,RIGHT,0.04554202314466238,False,False,False,False,False,False,False
random_ruehl_mask,mixed,92,270920352,9,LEFT,LEFT,0.05000003147870302,False,False,False,False,False,False,False
random_ruehl_mask,mixed,92,270920352,10,BOMB,BOMB,0.09816605597734451,False,False,False,True,False,False,False
random_ruehl_mask,mixed,92,270920352,11,RIGHT,RIGHT,0.04441698547452688,False,True,False,False,False,False,False
random_ruehl_mask,mixed,92,270920352,12,WAIT,WAIT,0.049458001740276814,False,False,False,False,False,False,False
random_ruehl_mask,mixed,92,270920352,13,RIGHT,RIGHT,0.07329101208597422,False,False,False,False,False,False,False
random_ruehl_mask,mixed,92,270920352,14,UP,UP,0.07837510202080011,False,False,False,False,False,False,False
random_ruehl_mask,mixed,92,270920352,15,WAIT,WAIT,0.06712507456541061,False,False,False,False,False,False,False
random_ruehl_mask,mixed,92,270920352,16,WAIT,WAIT,0.04199997056275606,False,False,False,False,False,False,False
random_ruehl_mask,mixed,92,270920352,17,UP,UP,0.05904189310967922,False,False,False,False,False,False,False
random_ruehl_mask,mixed,92,270920352,18,UP,UP,0.09804207365959883,False,False,False,False,False,False,False
random_ruehl_mask,mixed,92,270920352,19,WAIT,WAIT,0.09312492329627275,False,False,False,False,False,False,False
random_ruehl_mask,mixed,92,270920352,20,DOWN,DOWN,0.09474996477365494,False,False,False,False,False,False,False
random_ruehl_mask,mixed,92,270920352,21,WAIT,WAIT,0.09791611228138208,False,True,False,False,False,False,True
random_ruehl_mask,mixed,92,270920352,22,BOMB,BOMB,0.11404103133827448,False,False,False,True,False,False,True
random_ruehl_mask,mixed,92,270920352,23,UP,UP,0.048874993808567524,False,False,False,False,False,False,True
random_ruehl_mask,mixed,92,270920352,24,WAIT,WAIT,0.06808293983340263,False,False,False,False,False,False,True
random_ruehl_mask,mixed,92,270920352,25,UP,UP,0.0677499920129776,False,False,False,False,False,False,True
random_ruehl_mask,mixed,92,270920352,26,WAIT,WAIT,0.05633407272398472,False,False,False,False,False,False,True
random_ruehl_mask,mixed,93,270920353,1,RIGHT,RIGHT,0.09820796549320221,False,True,False,False,False,False,False
random_ruehl_mask,mixed,93,270920353,2,WAIT,WAIT,0.0754999928176403,False,False,False,False,False,False,False
random_ruehl_mask,mixed,93,270920353,3,BOMB,BOMB,0.08341704960912466,False,False,False,True,False,False,False
random_ruehl_mask,mixed,93,270920353,4,LEFT,LEFT,0.04358298610895872,False,False,False,False,False,False,False
random_ruehl_mask,mixed,93,270920353,5,DOWN,DOWN,0.07625005673617125,False,False,False,False,False,False,False
random_ruehl_mask,mixed,93,270920353,6,WAIT,WAIT,0.06337498780339956,False,False,False,False,False,False,False
random_ruehl_mask,mixed,93,270920353,7,WAIT,WAIT,0.061416998505592346,False,False,False,False,False,False,False
random_ruehl_mask,mixed,93,270920353,8,WAIT,WAIT,0.08829100988805294,False,False,False,False,False,False,False
random_ruehl_mask,mixed,93,270920353,9,UP,UP,0.052541960030794144,False,False,False,False,False,False,True
random_ruehl_mask,mixed,93,270920353,10,BOMB,BOMB,0.08970801718533039,False,False,False,True,False,False,True
random_ruehl_mask,mixed,93,270920353,11,DOWN,DOWN,0.06704195402562618,False,True,True,False,False,False,True
random_ruehl_mask,mixed,93,270920353,12,WAIT,WAIT,0.06600003689527512,False,False,False,False,False,False,True
random_ruehl_mask,mixed,93,270920353,13,WAIT,WAIT,0.05866598803550005,False,False,False,False,False,False,True
random_ruehl_mask,mixed,93,270920353,14,WAIT,WAIT,0.08091691415756941,False,False,False,False,False,False,True
random_ruehl_mask,mixed,94,270920354,1,LEFT,LEFT,0.11666701175272465,False,True,False,False,False,False,False
random_ruehl_mask,mixed,94,270920354,2,BOMB,BOMB,0.091583002358675,False,False,False,True,False,False,False
random_ruehl_mask,mixed,94,270920354,3,RIGHT,RIGHT,0.055333017371594906,False,False,False,False,False,False,False
random_ruehl_mask,mixed,94,270920354,4,DOWN,DOWN,0.042874948121607304,False,False,False,False,False,False,False
random_ruehl_mask,mixed,94,270920354,5,WAIT,WAIT,0.07541605737060308,False,False,False,False,False,False,False
random_ruehl_mask,mixed,94,270920354,6,WAIT,WAIT,0.0635830219835043,False,False,False,False,False,False,False
random_ruehl_mask,mixed,94,270920354,7,DOWN,DOWN,0.0684160040691495,False,False,False,False,False,False,False
random_ruehl_mask,mixed,94,270920354,8,UP,UP,0.042375060729682446,False,False,False,False,False,False,True
random_ruehl_mask,mixed,94,270920354,9,BOMB,BOMB,0.0868749339133501,False,False,False,True,False,False,True
random_ruehl_mask,mixed,94,270920354,10,DOWN,DOWN,0.04183303099125624,False,False,False,False,False,False,True
random_ruehl_mask,mixed,94,270920354,11,WAIT,WAIT,0.058542005717754364,False,False,False,False,False,False,True
random_ruehl_mask,mixed,94,270920354,12,WAIT,WAIT,0.07545808330178261,False,False,False,False,False,False,True
random_ruehl_mask,mixed,94,270920354,13,WAIT,WAIT,0.06900005973875523,False,False,False,False,False,False,True
random_ruehl_mask,mixed,95,270920355,1,DOWN,DOWN,0.09583402425050735,False,True,False,False,False,False,False
random_ruehl_mask,mixed,95,270920355,2,WAIT,WAIT,0.0701249809935689,False,False,False,False,False,False,False
random_ruehl_mask,mixed,95,270920355,3,BOMB,BOMB,0.06524997297674417,False,False,False,True,False,False,False
random_ruehl_mask,mixed,95,270920355,4,UP,UP,0.0576250022277236,False,False,False,False,False,False,False
random_ruehl_mask,mixed,95,270920355,5,LEFT,LEFT,0.06283295806497335,False,False,False,False,False,False,False
random_ruehl_mask,mixed,95,270920355,6,WAIT,WAIT,0.059125013649463654,False,False,False,False,False,False,False
random_ruehl_mask,mixed,95,270920355,7,WAIT,WAIT,0.055541982874274254,False,False,False,False,False,False,False
random_ruehl_mask,mixed,95,270920355,8,WAIT,WAIT,0.05254207644611597,False,False,False,False,False,False,False
random_ruehl_mask,mixed,95,270920355,9,RIGHT,RIGHT,0.03787502646446228,False,False,False,False,False,False,False
random_ruehl_mask,mixed,95,270920355,10,LEFT,LEFT,0.08087500464171171,False,False,False,False,False,False,False
random_ruehl_mask,mixed,95,270920355,11,WAIT,WAIT,0.08608296047896147,False,True,False,False,False,False,False
random_ruehl_mask,mixed,95,270920355,12,RIGHT,RIGHT,0.07591606117784977,False,False,False,False,False,False,False
random_ruehl_mask,mixed,95,270920355,13,DOWN,DOWN,0.11374999303370714,False,False,False,False,False,False,False
random_ruehl_mask,mixed,95,270920355,14,UP,UP,0.09195797611027956,False,False,False,False,False,False,True
random_ruehl_mask,mixed,95,270920355,15,BOMB,BOMB,0.11237501166760921,False,False,False,True,False,False,True
random_ruehl_mask,mixed,95,270920355,16,DOWN,DOWN,0.04854204598814249,False,False,False,False,False,False,True
random_ruehl_mask,mixed,95,270920355,17,DOWN,DOWN,0.039082951843738556,False,False,False,False,False,False,True
random_ruehl_mask,mixed,95,270920355,18,UP,UP,0.049416907131671906,False,False,False,False,False,False,True
random_ruehl_mask,mixed,95,270920355,19,DOWN,DOWN,0.04725006874650717,False,False,False,False,False,False,True
random_ruehl_mask,mixed,96,270920356,1,WAIT,WAIT,0.09545893408358097,False,True,False,False,False,False,False
random_ruehl_mask,mixed,96,270920356,2,UP,UP,0.09045901242643595,False,False,False,False,False,False,False
random_ruehl_mask,mixed,96,270920356,3,DOWN,DOWN,0.08549995254725218,False,False,False,False,False,False,False
random_ruehl_mask,mixed,96,270920356,4,UP,UP,0.08074997458606958,False,False,False,False,False,False,False
random_ruehl_mask,mixed,96,270920356,5,DOWN,DOWN,0.1004169462248683,False,False,False,False,False,False,False
random_ruehl_mask,mixed,96,270920356,6,WAIT,WAIT,0.11149991769343615,False,False,False,False,False,False,False
random_ruehl_mask,mixed,96,270920356,7,UP,UP,0.10604108683764935,False,False,False,False,False,False,False
random_ruehl_mask,mixed,96,270920356,8,DOWN,DOWN,0.06966607179492712,False,False,False,False,False,False,False
random_ruehl_mask,mixed,96,270920356,9,WAIT,WAIT,0.10487507097423077,False,False,False,False,False,False,False
random_ruehl_mask,mixed,96,270920356,10,LEFT,LEFT,0.08158304262906313,False,False,False,False,False,False,False
random_ruehl_mask,mixed,96,270920356,11,WAIT,WAIT,0.06695801857858896,False,True,False,False,False,False,False
random_ruehl_mask,mixed,96,270920356,12,RIGHT,RIGHT,0.06687501445412636,False,False,False,False,False,False,False
random_ruehl_mask,mixed,96,270920356,13,UP,UP,0.11137500405311584,False,False,False,False,False,False,False
random_ruehl_mask,mixed,96,270920356,14,WAIT,WAIT,0.09279197547584772,False,False,False,False,False,False,False
random_ruehl_mask,mixed,96,270920356,15,DOWN,DOWN,0.08929206524044275,False,False,False,False,False,False,False
random_ruehl_mask,mixed,96,270920356,16,UP,UP,0.1008340623229742,False,False,False,False,False,False,False
random_ruehl_mask,mixed,96,270920356,17,DOWN,DOWN,0.09391701314598322,False,False,False,False,False,False,False
random_ruehl_mask,mixed,96,270920356,18,LEFT,LEFT,0.07929198909550905,False,False,False,False,False,False,False
random_ruehl_mask,mixed,96,270920356,19,WAIT,WAIT,0.06999995093792677,False,False,False,False,False,False,False
random_ruehl_mask,mixed,96,270920356,20,WAIT,WAIT,0.09933300316333771,False,False,False,False,False,False,False
random_ruehl_mask,mixed,96,270920356,21,RIGHT,RIGHT,0.08437491487711668,False,True,False,False,False,False,False
random_ruehl_mask,mixed,96,270920356,22,UP,UP,0.10483292862772942,False,False,False,False,False,False,False
random_ruehl_mask,mixed,96,270920356,23,WAIT,WAIT,0.0789170153439045,False,False,False,False,False,False,False
random_ruehl_mask,mixed,96,270920356,24,BOMB,BOMB,0.09033398237079382,False,False,False,True,False,False,False
random_ruehl_mask,mixed,96,270920356,25,DOWN,DOWN,0.060582999140024185,False,False,False,False,False,False,False
random_ruehl_mask,mixed,96,270920356,26,LEFT,LEFT,0.049875001423060894,False,False,False,False,False,False,False
random_ruehl_mask,mixed,96,270920356,27,WAIT,WAIT,0.06216706242412329,False,False,False,False,False,False,False
random_ruehl_mask,mixed,96,270920356,28,WAIT,WAIT,0.049166963435709476,False,False,False,False,False,False,False
random_ruehl_mask,mixed,96,270920356,29,WAIT,WAIT,0.0636660261079669,False,False,False,False,False,False,False
random_ruehl_mask,mixed,96,270920356,30,RIGHT,RIGHT,0.0439999857917428,False,False,False,False,False,False,False
random_ruehl_mask,mixed,96,270920356,31,WAIT,WAIT,0.08525000885128975,False,True,False,False,False,False,False
random_ruehl_mask,mixed,96,270920356,32,UP,UP,0.08925003930926323,False,False,False,False,False,False,False
random_ruehl_mask,mixed,96,270920356,33,UP,UP,0.07258402183651924,False,False,False,False,False,False,False
random_ruehl_mask,mixed,96,270920356,34,DOWN,DOWN,0.14883303083479404,False,False,False,False,False,False,False
random_ruehl_mask,mixed,96,270920356,35,UP,UP,0.0702079851180315,False,False,False,False,False,False,False
random_ruehl_mask,mixed,96,270920356,36,BOMB,BOMB,0.09841599967330694,False,False,False,True,False,False,False
random_ruehl_mask,mixed,96,270920356,37,DOWN,DOWN,0.045042019337415695,False,False,False,False,False,False,False
random_ruehl_mask,mixed,96,270920356,38,DOWN,DOWN,0.04033301956951618,False,False,False,False,False,False,False
random_ruehl_mask,mixed,96,270920356,39,LEFT,LEFT,0.050875009037554264,False,False,False,False,False,False,False
random_ruehl_mask,mixed,96,270920356,40,WAIT,WAIT,0.06008311174809933,False,False,False,False,False,False,False
random_ruehl_mask,mixed,96,270920356,41,WAIT,WAIT,0.07700000423938036,False,True,False,False,False,False,False
random_ruehl_mask,mixed,96,270920356,42,WAIT,WAIT,0.050999922677874565,False,False,False,False,False,False,False
random_ruehl_mask,mixed,96,270920356,43,RIGHT,RIGHT,0.07308297790586948,False,False,False,False,False,False,False
random_ruehl_mask,mixed,96,270920356,44,BOMB,BOMB,0.10066688992083073,False,False,False,True,False,False,False
random_ruehl_mask,mixed,96,270920356,45,UP,UP,0.06387499161064625,False,False,False,False,False,False,False
random_ruehl_mask,mixed,96,270920356,46,UP,UP,0.06204203236848116,False,False,False,False,False,False,False
random_ruehl_mask,mixed,96,270920356,47,LEFT,LEFT,0.06950006354600191,False,False,False,False,False,False,False
random_ruehl_mask,mixed,96,270920356,48,WAIT,WAIT,0.07041590288281441,False,False,False,False,False,False,False
random_ruehl_mask,mixed,96,270920356,49,LEFT,LEFT,0.061208033002913,False,False,False,False,False,False,False
random_ruehl_mask,mixed,96,270920356,50,WAIT,WAIT,0.1015419838950038,False,False,False,False,False,False,False
random_ruehl_mask,mixed,96,270920356,51,LEFT,LEFT,0.14887494035065174,False,True,False,False,False,False,False
random_ruehl_mask,mixed,96,270920356,52,LEFT,LEFT,0.08200004231184721,False,False,False,False,False,False,False
random_ruehl_mask,mixed,96,270920356,53,WAIT,WAIT,0.1076249172911048,False,False,False,False,False,False,False
random_ruehl_mask,mixed,96,270920356,54,RIGHT,RIGHT,0.10258296970278025,False,False,False,False,False,False,False
random_ruehl_mask,mixed,96,270920356,55,LEFT,LEFT,0.06216706242412329,False,False,False,False,False,False,True
random_ruehl_mask,mixed,96,270920356,56,BOMB,BOMB,0.10999990627169609,False,False,False,True,False,False,True
random_ruehl_mask,mixed,96,270920356,57,UP,UP,0.04108308348804712,False,False,False,False,False,False,True
random_ruehl_mask,mixed,96,270920356,58,WAIT,WAIT,0.0504589406773448,False,False,False,False,False,False,True
random_ruehl_mask,mixed,96,270920356,59,WAIT,WAIT,0.054541975259780884,False,False,False,False,False,False,True
random_ruehl_mask,mixed,96,270920356,60,WAIT,WAIT,0.0677499920129776,False,False,False,False,False,False,True
random_ruehl_mask,mixed,97,270920357,1,RIGHT,RIGHT,0.1093749888241291,False,True,False,False,False,False,False
random_ruehl_mask,mixed,97,270920357,2,BOMB,BOMB,0.1093749888241291,False,False,False,True,False,False,False
random_ruehl_mask,mixed,97,270920357,3,LEFT,LEFT,0.042291940189898014,False,False,False,False,False,False,False
random_ruehl_mask,mixed,97,270920357,4,UP,UP,0.0374580267816782,False,False,False,False,False,False,False
random_ruehl_mask,mixed,97,270920357,5,WAIT,WAIT,0.07829198148101568,False,False,False,False,False,False,False
random_ruehl_mask,mixed,97,270920357,6,WAIT,WAIT,0.06520806346088648,False,False,False,False,False,False,False
random_ruehl_mask,mixed,97,270920357,7,WAIT,WAIT,0.05549995694309473,False,False,False,False,False,False,False
random_ruehl_mask,mixed,97,270920357,8,DOWN,DOWN,0.03441609442234039,False,False,False,False,False,False,False
random_ruehl_mask,mixed,97,270920357,9,UP,UP,0.07854204159229994,False,False,False,False,False,False,False
random_ruehl_mask,mixed,97,270920357,10,DOWN,DOWN,0.06404099985957146,False,False,False,False,False,False,False
random_ruehl_mask,mixed,97,270920357,11,RIGHT,RIGHT,0.07870804984122515,False,True,False,False,False,False,False
random_ruehl_mask,mixed,97,270920357,12,WAIT,WAIT,0.04812492989003658,False,False,False,False,False,False,False
random_ruehl_mask,mixed,97,270920357,13,LEFT,LEFT,0.06025005131959915,False,False,False,False,False,False,False
random_ruehl_mask,mixed,97,270920357,14,WAIT,WAIT,0.08583394810557365,False,False,False,False,False,False,False
random_ruehl_mask,mixed,97,270920357,15,UP,UP,0.08462497498840094,False,False,False,False,False,False,False
random_ruehl_mask,mixed,97,270920357,16,BOMB,BOMB,0.10591594036668539,False,False,False,True,False,False,False
random_ruehl_mask,mixed,97,270920357,17,DOWN,DOWN,0.06487499922513962,False,False,False,False,False,False,False
random_ruehl_mask,mixed,97,270920357,18,WAIT,WAIT,0.0399160198867321,False,False,False,False,False,False,False
random_ruehl_mask,mixed,97,270920357,19,RIGHT,RIGHT,0.0649159774184227,False,False,False,False,False,False,False
random_ruehl_mask,mixed,97,270920357,20,RIGHT,RIGHT,0.05741603672504425,False,False,False,False,False,False,False
random_ruehl_mask,mixed,97,270920357,21,RIGHT,RIGHT,0.08904188871383667,False,True,False,False,False,False,False
random_ruehl_mask,mixed,97,270920357,22,WAIT,WAIT,0.05962501745671034,False,False,False,False,False,False,False
random_ruehl_mask,mixed,97,270920357,23,LEFT,LEFT,0.0950000248849392,False,False,False,False,False,False,False
random_ruehl_mask,mixed,97,270920357,24,BOMB,BOMB,0.10800000745803118,False,False,False,True,False,False,False
random_ruehl_mask,mixed,97,270920357,25,LEFT,LEFT,0.040624989196658134,False,False,False,False,False,False,False
random_ruehl_mask,mixed,97,270920357,26,WAIT,WAIT,0.05266699008643627,False,False,False,False,False,False,False
random_ruehl_mask,mixed,97,270920357,27,LEFT,LEFT,0.048332964070141315,False,False,False,False,False,False,False
random_ruehl_mask,mixed,97,270920357,28,UP,UP,0.04770804662257433,False,False,False,False,False,False,False
random_ruehl_mask,mixed,97,270920357,29,UP,UP,0.060582999140024185,False,False,False,False,False,False,False
random_ruehl_mask,mixed,97,270920357,30,UP,UP,0.054333009757101536,False,False,False,False,False,False,True
random_ruehl_mask,mixed,97,270920357,31,BOMB,BOMB,0.10458298493176699,False,True,False,True,False,False,True
random_ruehl_mask,mixed,97,270920357,32,UP,UP,0.07945799734443426,False,False,False,False,False,False,True
random_ruehl_mask,mixed,97,270920357,33,WAIT,WAIT,0.0552500132471323,False,False,False,False,False,False,True
random_ruehl_mask,mixed,97,270920357,34,WAIT,WAIT,0.04995905328541994,False,False,False,False,False,False,True
random_ruehl_mask,mixed,97,270920357,35,UP,UP,0.046874978579580784,False,False,False,False,False,False,True
random_ruehl_mask,mixed,98,270920358,1,LEFT,LEFT,0.10541605297476053,False,True,False,False,False,False,False
random_ruehl_mask,mixed,98,270920358,2,LEFT,LEFT,0.09129091631621122,False,False,False,False,False,False,False
random_ruehl_mask,mixed,98,270920358,3,WAIT,WAIT,0.0825000461190939,False,False,False,False,False,False,False
random_ruehl_mask,mixed,98,270920358,4,UP,UP,0.07870898116379976,False,False,False,False,False,False,False
random_ruehl_mask,mixed,98,270920358,5,DOWN,DOWN,0.10774994734674692,False,False,False,False,False,False,False
random_ruehl_mask,mixed,98,270920358,6,UP,UP,0.10345899499952793,False,False,False,False,False,False,False
random_ruehl_mask,mixed,98,270920358,7,DOWN,DOWN,0.08041702676564455,False,False,False,False,False,False,False
random_ruehl_mask,mixed,98,270920358,8,RIGHT,RIGHT,0.07704098243266344,False,False,False,False,False,False,False
random_ruehl_mask,mixed,98,270920358,9,LEFT,LEFT,0.0737080117687583,False,False,False,False,False,False,False
random_ruehl_mask,mixed,98,270920358,10,BOMB,BOMB,0.07712503429502249,False,False,False,True,False,False,False
random_ruehl_mask,mixed,98,270920358,11,RIGHT,RIGHT,0.0374580267816782,False,True,False,False,False,False,False
random_ruehl_mask,mixed,98,270920358,12,RIGHT,RIGHT,0.037917052395641804,False,False,False,False,False,False,False
random_ruehl_mask,mixed,98,270920358,13,UP,UP,0.06491702515631914,False,False,False,False,False,False,False
random_ruehl_mask,mixed,98,270920358,14,UP,UP,0.06208301056176424,False,False,False,False,False,False,False
random_ruehl_mask,mixed,98,270920358,15,DOWN,DOWN,0.05570799112319946,False,False,False,False,False,False,False
random_ruehl_mask,mixed,98,270920358,16,WAIT,WAIT,0.038041966035962105,False,False,False,False,False,False,False
random_ruehl_mask,mixed,98,270920358,17,UP,UP,0.0787921017035842,False,False,False,False,False,False,False
random_ruehl_mask,mixed,98,270920358,18,BOMB,BOMB,0.07316702976822853,False,False,False,True,False,False,False
random_ruehl_mask,mixed,98,270920358,19,DOWN,DOWN,0.03462505992501974,False,False,False,False,False,False,False
random_ruehl_mask,mixed,98,270920358,20,DOWN,DOWN,0.03608397673815489,False,False,False,False,False,False,False
random_ruehl_mask,mixed,98,270920358,21,LEFT,LEFT,0.06637501064687967,False,True,False,False,False,False,False
random_ruehl_mask,mixed,98,270920358,22,WAIT,WAIT,0.06716593634337187,False,False,False,False,False,False,False
random_ruehl_mask,mixed,98,270920358,23,WAIT,WAIT,0.06858399137854576,False,False,False,False,False,False,False
random_ruehl_mask,mixed,98,270920358,24,RIGHT,RIGHT,0.0367090106010437,False,False,False,False,False,False,False
random_ruehl_mask,mixed,98,270920358,25,UP,UP,0.047874986194074154,False,False,False,False,False,False,False
random_ruehl_mask,mixed,98,270920358,26,UP,UP,0.04733307287096977,False,False,False,False,False,False,False
random_ruehl_mask,mixed,98,270920358,27,LEFT,LEFT,0.0517918961122632,False,False,False,False,False,False,False
random_ruehl_mask,mixed,98,270920358,28,LEFT,LEFT,0.10025000665336847,False,False,False,False,False,False,False
random_ruehl_mask,mixed,98,270920358,29,UP,UP,0.11058407835662365,False,False,False,False,False,False,False
random_ruehl_mask,mixed,98,270920358,30,BOMB,BOMB,0.10304094757884741,False,False,False,True,False,False,False
random_ruehl_mask,mixed,98,270920358,31,DOWN,DOWN,0.05245895590633154,False,True,False,False,False,False,False
random_ruehl_mask,mixed,98,270920358,32,WAIT,WAIT,0.04966708365827799,False,False,False,False,False,False,False
random_ruehl_mask,mixed,98,270920358,33,RIGHT,RIGHT,0.05295802839100361,False,False,False,False,False,False,False
random_ruehl_mask,mixed,98,270920358,34,RIGHT,RIGHT,0.0464579788967967,False,False,False,False,False,False,False
random_ruehl_mask,mixed,98,270920358,35,LEFT,LEFT,0.04895799793303013,False,False,False,False,False,False,False
random_ruehl_mask,mixed,98,270920358,36,RIGHT,RIGHT,0.03833300434052944,False,False,False,False,False,False,False
random_ruehl_mask,mixed,98,270920358,37,LEFT,LEFT,0.06483402103185654,False,False,False,False,False,False,False
random_ruehl_mask,mixed,98,270920358,38,RIGHT,RIGHT,0.0903749605640769,False,False,False,False,False,False,False
random_ruehl_mask,mixed,98,270920358,39,WAIT,WAIT,0.07200008258223534,False,False,False,False,False,False,False
random_ruehl_mask,mixed,98,270920358,40,WAIT,WAIT,0.059249927289783955,False,False,False,False,False,False,False
random_ruehl_mask,mixed,98,270920358,41,DOWN,DOWN,0.07337506394833326,False,True,False,False,False,False,False
random_ruehl_mask,mixed,98,270920358,42,DOWN,DOWN,0.053333002142608166,False,False,False,False,False,False,False
random_ruehl_mask,mixed,98,270920358,43,UP,UP,0.05337491165846586,False,False,False,False,False,False,False
random_ruehl_mask,mixed,98,270920358,44,DOWN,DOWN,0.05104101728647947,False,False,False,False,False,False,False
random_ruehl_mask,mixed,98,270920358,45,UP,UP,0.06225006654858589,False,False,False,False,False,False,False
random_ruehl_mask,mixed,98,270920358,46,WAIT,WAIT,0.054750009439885616,False,False,False,False,False,False,False
random_ruehl_mask,mixed,98,270920358,47,WAIT,WAIT,0.06254203617572784,False,False,False,False,False,False,False
random_ruehl_mask,mixed,98,270920358,48,DOWN,DOWN,0.08395803160965443,False,False,False,False,False,False,False
random_ruehl_mask,mixed,98,270920358,49,UP,UP,0.0854170648381114,False,False,False,False,False,False,False
random_ruehl_mask,mixed,98,270920358,50,WAIT,WAIT,0.06220804061740637,False,False,False,False,False,False,False
random_ruehl_mask,mixed,98,270920358,51,WAIT,WAIT,0.059333979152143,False,True,False,False,False,False,False
random_ruehl_mask,mixed,98,270920358,52,DOWN,DOWN,0.052040908485651016,False,False,False,False,False,False,False
random_ruehl_mask,mixed,98,270920358,53,UP,UP,0.055958982557058334,False,False,False,False,False,False,False
random_ruehl_mask,mixed,98,270920358,54,DOWN,DOWN,0.06008404307067394,False,False,False,False,False,False,False
random_ruehl_mask,mixed,98,270920358,55,LEFT,LEFT,0.059875077567994595,False,False,False,False,False,False,False
random_ruehl_mask,mixed,98,270920358,56,RIGHT,RIGHT,0.06633298471570015,False,False,False,False,False,False,False
random_ruehl_mask,mixed,98,270920358,57,LEFT,LEFT,0.06062502507120371,False,False,False,False,False,False,False
random_ruehl_mask,mixed,98,270920358,58,LEFT,LEFT,0.04583399277180433,False,False,False,False,False,False,False
random_ruehl_mask,mixed,98,270920358,59,RIGHT,RIGHT,0.048749963752925396,False,False,False,False,False,False,False
random_ruehl_mask,mixed,98,270920358,60,WAIT,WAIT,0.05487492308020592,False,False,False,False,False,False,False
random_ruehl_mask,mixed,98,270920358,61,LEFT,LEFT,0.05487492308020592,False,True,False,False,False,False,False
random_ruehl_mask,mixed,98,270920358,62,WAIT,WAIT,0.0588749535381794,False,False,False,False,False,False,False
random_ruehl_mask,mixed,98,270920358,63,WAIT,WAIT,0.0564999645575881,False,False,False,False,False,False,False
random_ruehl_mask,mixed,98,270920358,64,LEFT,LEFT,0.059292069636285305,False,False,False,False,False,False,False
random_ruehl_mask,mixed,98,270920358,65,RIGHT,RIGHT,0.0743749551475048,False,False,False,False,False,False,False
random_ruehl_mask,mixed,98,270920358,66,LEFT,LEFT,0.08091703057289124,False,False,False,False,False,False,False
random_ruehl_mask,mixed,98,270920358,67,RIGHT,RIGHT,0.062000006437301636,False,False,False,False,False,False,False
random_ruehl_mask,mixed,98,270920358,68,UP,UP,0.08274998981505632,False,False,False,False,False,False,False
random_ruehl_mask,mixed,98,270920358,69,WAIT,WAIT,0.06779097020626068,False,False,False,False,False,False,False
random_ruehl_mask,mixed,98,270920358,70,WAIT,WAIT,0.07325003389269114,False,False,False,False,False,False,False
random_ruehl_mask,mixed,98,270920358,71,UP,UP,0.07887498941272497,False,True,False,False,False,False,False
random_ruehl_mask,mixed,98,270920358,72,DOWN,DOWN,0.06791693158447742,False,False,False,False,False,False,False
random_ruehl_mask,mixed,98,270920358,73,WAIT,WAIT,0.06004201713949442,False,False,False,False,False,False,False
random_ruehl_mask,mixed,98,270920358,74,WAIT,WAIT,0.051458016969263554,False,False,False,False,False,False,False
random_ruehl_mask,mixed,98,270920358,75,DOWN,DOWN,0.04962494131177664,False,False,False,False,False,False,False
random_ruehl_mask,mixed,98,270920358,76,RIGHT,RIGHT,0.08579203858971596,False,False,False,False,False,False,False
random_ruehl_mask,mixed,98,270920358,77,RIGHT,RIGHT,0.05462497938424349,False,False,False,False,False,False,False
random_ruehl_mask,mixed,98,270920358,78,UP,UP,0.048874993808567524,False,False,False,False,False,False,False
random_ruehl_mask,mixed,98,270920358,79,DOWN,DOWN,0.04837499000132084,False,False,False,False,False,False,False
random_ruehl_mask,mixed,98,270920358,80,WAIT,WAIT,0.07604097481817007,False,False,False,False,False,False,False
random_ruehl_mask,mixed,98,270920358,81,WAIT,WAIT,0.06329093594104052,False,True,False,False,False,False,False
random_ruehl_mask,mixed,98,270920358,82,LEFT,LEFT,0.08783303201198578,False,False,False,False,False,False,False
random_ruehl_mask,mixed,98,270920358,83,WAIT,WAIT,0.06379105616360903,False,False,False,False,False,False,False
random_ruehl_mask,mixed,98,270920358,84,RIGHT,RIGHT,0.08283404167741537,False,False,False,False,False,False,False
random_ruehl_mask,mixed,98,270920358,85,UP,UP,0.05670799873769283,False,False,False,False,False,False,False
random_ruehl_mask,mixed,98,270920358,86,WAIT,WAIT,0.08645805064588785,False,False,False,False,False,False,False
random_ruehl_mask,mixed,98,270920358,87,UP,UP,0.10874995496124029,False,False,False,False,False,False,False
random_ruehl_mask,mixed,98,270920358,88,BOMB,BOMB,0.08787494152784348,False,False,False,True,True,False,False
random_ruehl_mask,mixed,98,270920358,89,DOWN,DOWN,0.04854204598814249,False,False,False,False,False,False,False
random_ruehl_mask,mixed,98,270920358,90,WAIT,WAIT,0.03958400338888168,False,False,False,False,False,False,False
random_ruehl_mask,mixed,98,270920358,91,LEFT,LEFT,0.05949998740106821,False,True,False,False,False,False,False
random_ruehl_mask,mixed,98,270920358,92,WAIT,WAIT,0.049291993491351604,False,False,False,False,False,False,False
random_ruehl_mask,mixed,98,270920358,93,LEFT,LEFT,0.0564999645575881,False,False,False,False,False,False,False
random_ruehl_mask,mixed,98,270920358,94,UP,UP,0.04158297087997198,False,False,False,False,False,False,False
random_ruehl_mask,mixed,98,270920358,95,WAIT,WAIT,0.06204191595315933,False,False,False,False,False,False,False
random_ruehl_mask,mixed,98,270920358,96,WAIT,WAIT,0.05758402403444052,False,False,False,False,False,False,False
random_ruehl_mask,mixed,98,270920358,97,WAIT,WAIT,0.05137501284480095,False,False,False,False,False,False,False
random_ruehl_mask,mixed,98,270920358,98,DOWN,DOWN,0.060416990891098976,False,False,False,False,False,False,False
random_ruehl_mask,mixed,98,270920358,99,RIGHT,RIGHT,0.05666702054440975,False,False,False,False,False,False,False
random_ruehl_mask,mixed,98,270920358,100,RIGHT,RIGHT,0.057416968047618866,False,False,False,False,False,False,False
random_ruehl_mask,mixed,98,270920358,101,LEFT,LEFT,0.05800009239464998,False,True,False,False,False,False,False
random_ruehl_mask,mixed,98,270920358,102,RIGHT,RIGHT,0.07058295886963606,False,False,False,False,False,False,False
random_ruehl_mask,mixed,98,270920358,103,UP,UP,0.06870797369629145,False,False,False,False,False,False,False
random_ruehl_mask,mixed,98,270920358,104,DOWN,DOWN,0.05379098001867533,False,False,False,False,False,False,False
random_ruehl_mask,mixed,98,270920358,105,WAIT,WAIT,0.05358306225389242,False,False,False,False,False,False,False
random_ruehl_mask,mixed,98,270920358,106,UP,UP,0.04995788913220167,False,False,False,False,False,False,False
random_ruehl_mask,mixed,98,270920358,107,WAIT,WAIT,0.06620795466005802,False,False,False,False,False,False,False
random_ruehl_mask,mixed,98,270920358,108,WAIT,WAIT,0.05520798731595278,False,False,False,False,False,False,False
random_ruehl_mask,mixed,98,270920358,109,UP,UP,0.05337502807378769,False,False,False,False,False,False,False
random_ruehl_mask,mixed,98,270920358,110,UP,UP,0.08654198609292507,False,False,False,False,False,False,False
random_ruehl_mask,mixed,98,270920358,111,UP,UP,0.05412509199231863,False,True,False,False,False,False,False
random_ruehl_mask,mixed,98,270920358,112,DOWN,DOWN,0.0902919564396143,False,False,False,False,False,False,False
random_ruehl_mask,mixed,98,270920358,113,UP,UP,0.10270799975842237,False,False,False,False,False,False,False
random_ruehl_mask,mixed,98,270920358,114,UP,UP,0.10595808271318674,False,False,False,False,False,False,False
random_ruehl_mask,mixed,98,270920358,115,UP,UP,0.07491698488593102,False,False,False,False,False,False,False
random_ruehl_mask,mixed,98,270920358,116,UP,UP,0.10108400601893663,False,False,False,False,False,False,False
random_ruehl_mask,mixed,98,270920358,117,DOWN,DOWN,0.067290966399014,False,False,False,False,False,False,True
random_ruehl_mask,mixed,98,270920358,118,BOMB,BOMB,0.1015419838950038,False,False,False,True,False,False,True
random_ruehl_mask,mixed,98,270920358,119,UP,UP,0.03791600465774536,False,False,False,False,False,False,True
random_ruehl_mask,mixed,98,270920358,120,WAIT,WAIT,0.04499999340623617,False,False,False,False,False,False,True
random_ruehl_mask,mixed,98,270920358,121,UP,UP,0.051582930609583855,False,False,False,False,False,False,True
random_ruehl_mask,mixed,98,270920358,122,UP,UP,0.04754192195832729,False,False,False,False,False,False,True
random_ruehl_mask,mixed,99,270920359,1,WAIT,WAIT,0.1165829598903656,False,True,False,False,False,False,False
random_ruehl_mask,mixed,99,270920359,2,DOWN,DOWN,0.07904204539954662,False,False,False,False,False,False,False
random_ruehl_mask,mixed,99,270920359,3,DOWN,DOWN,0.07045897655189037,False,False,False,False,False,False,True
random_ruehl_mask,mixed,99,270920359,4,BOMB,BOMB,0.07599999662488699,False,False,False,True,False,False,True
random_ruehl_mask,mixed,99,270920359,5,UP,UP,0.06350001785904169,False,False,False,False,False,False,True
random_ruehl_mask,mixed,99,270920359,6,WAIT,WAIT,0.05520798731595278,False,False,False,False,False,False,True
random_ruehl_mask,mixed,99,270920359,7,WAIT,WAIT,0.06383401341736317,False,False,False,False,False,False,True
random_ruehl_mask,mixed,99,270920359,8,WAIT,WAIT,0.04879198968410492,False,False,False,False,False,False,True
random_ruehl_mask,mixed,100,270920360,1,BOMB,BOMB,0.10562501847743988,False,True,False,True,False,False,True
random_ruehl_mask,mixed,100,270920360,2,LEFT,LEFT,0.046375091187655926,False,False,False,False,False,False,True
random_ruehl_mask,mixed,100,270920360,3,WAIT,WAIT,0.038917060010135174,False,False,False,False,False,False,True
random_ruehl_mask,mixed,100,270920360,4,WAIT,WAIT,0.04858302418142557,False,False,False,False,False,False,True
random_ruehl_mask,mixed,100,270920360,5,LEFT,LEFT,0.06804207805544138,False,False,False,False,False,False,True
random_ruehl_mask,mixed,101,270920361,1,UP,UP,0.10104198008775711,False,True,False,False,False,False,False
random_ruehl_mask,mixed,101,270920361,2,DOWN,DOWN,0.08929101750254631,False,False,False,False,False,False,False
random_ruehl_mask,mixed,101,270920361,3,WAIT,WAIT,0.08283392526209354,False,False,False,False,False,False,False
random_ruehl_mask,mixed,101,270920361,4,UP,UP,0.07599999662488699,False,False,False,False,False,False,False
random_ruehl_mask,mixed,101,270920361,5,WAIT,WAIT,0.09904091712087393,False,False,False,False,False,False,False
random_ruehl_mask,mixed,101,270920361,6,BOMB,BOMB,0.08270901162177324,False,False,False,True,False,False,False
random_ruehl_mask,mixed,101,270920361,7,DOWN,DOWN,0.048042042180895805,False,False,False,False,False,False,False
random_ruehl_mask,mixed,101,270920361,8,RIGHT,RIGHT,0.04099996294826269,False,False,False,False,False,False,False
random_ruehl_mask,mixed,101,270920361,9,WAIT,WAIT,0.04650000482797623,False,False,False,False,False,False,False
random_ruehl_mask,mixed,101,270920361,10,WAIT,WAIT,0.053333002142608166,False,False,False,False,False,False,False
random_ruehl_mask,mixed,101,270920361,11,WAIT,WAIT,0.04891701973974705,False,True,False,False,False,False,False
random_ruehl_mask,mixed,101,270920361,12,WAIT,WAIT,0.04600000102072954,False,False,False,False,False,False,False
random_ruehl_mask,mixed,101,270920361,13,BOMB,BOMB,0.08941697888076305,False,False,False,True,False,False,False
random_ruehl_mask,mixed,101,270920361,14,LEFT,LEFT,0.05691708065569401,False,False,False,False,False,False,False
random_ruehl_mask,mixed,101,270920361,15,WAIT,WAIT,0.055833952501416206,False,False,False,False,False,False,False
random_ruehl_mask,mixed,101,270920361,16,UP,UP,0.057333032600581646,False,False,False,False,False,False,False
random_ruehl_mask,mixed,101,270920361,17,UP,UP,0.0563750509172678,False,False,False,False,False,False,False
random_ruehl_mask,mixed,101,270920361,18,WAIT,WAIT,0.04854204598814249,False,False,False,False,False,False,False
random_ruehl_mask,mixed,101,270920361,19,WAIT,WAIT,0.03950006794184446,False,False,False,False,False,False,False
random_ruehl_mask,mixed,101,270920361,20,WAIT,WAIT,0.0956669682636857,False,False,False,False,False,False,False
random_ruehl_mask,mixed,101,270920361,21,BOMB,BOMB,0.10320800356566906,False,True,False,True,False,False,False
random_ruehl_mask,mixed,101,270920361,22,DOWN,DOWN,0.09462493471801281,False,False,False,False,False,False,False
random_ruehl_mask,mixed,101,270920361,23,DOWN,DOWN,0.058249919675290585,False,False,False,False,False,False,False
random_ruehl_mask,mixed,101,270920361,24,RIGHT,RIGHT,0.05408306606113911,False,False,False,False,False,False,False
random_ruehl_mask,mixed,101,270920361,25,RIGHT,RIGHT,0.04920910578221083,False,False,False,False,False,False,False
random_ruehl_mask,mixed,101,270920361,26,WAIT,WAIT,0.06487499922513962,False,False,False,False,False,False,False
random_ruehl_mask,mixed,101,270920361,27,UP,UP,0.04549999721348286,False,False,False,False,False,False,False
random_ruehl_mask,mixed,101,270920361,28,UP,UP,0.079583958722651,False,False,False,False,False,False,False
random_ruehl_mask,mixed,101,270920361,29,LEFT,LEFT,0.11791696306318045,False,False,False,False,False,False,False
random_ruehl_mask,mixed,101,270920361,30,BOMB,BOMB,0.120542012155056,False,False,False,True,False,False,False
random_ruehl_mask,mixed,101,270920361,31,LEFT,LEFT,0.06354204379022121,False,True,False,False,False,False,False
random_ruehl_mask,mixed,101,270920361,32,WAIT,WAIT,0.05891697946935892,False,False,False,False,False,False,False
random_ruehl_mask,mixed,101,270920361,33,DOWN,DOWN,0.046791043132543564,False,False,False,False,False,False,False
random_ruehl_mask,mixed,101,270920361,34,DOWN,DOWN,0.05879101809114218,False,False,False,False,False,False,False
random_ruehl_mask,mixed,101,270920361,35,RIGHT,RIGHT,0.0475830165669322,False,False,False,False,False,False,False
random_ruehl_mask,mixed,101,270920361,36,RIGHT,RIGHT,0.04129204899072647,False,False,False,False,False,False,False
random_ruehl_mask,mixed,101,270920361,37,RIGHT,RIGHT,0.11154194362461567,False,False,False,False,False,False,False
random_ruehl_mask,mixed,101,270920361,38,RIGHT,RIGHT,0.10637508239597082,False,False,False,False,False,False,False
random_ruehl_mask,mixed,101,270920361,39,RIGHT,RIGHT,0.10087504051625729,False,False,False,False,False,False,False
random_ruehl_mask,mixed,101,270920361,40,LEFT,LEFT,0.06975000724196434,False,False,False,False,False,False,False
random_ruehl_mask,mixed,101,270920361,41,LEFT,LEFT,0.10141602251678705,False,True,False,False,False,False,False
random_ruehl_mask,mixed,101,270920361,42,RIGHT,RIGHT,0.0967920059338212,False,False,False,False,False,False,False
random_ruehl_mask,mixed,101,270920361,43,BOMB,BOMB,0.10916590690612793,False,False,False,True,False,False,False
random_ruehl_mask,mixed,101,270920361,44,LEFT,LEFT,0.0468340003862977,False,False,False,False,False,False,False
random_ruehl_mask,mixed,101,270920361,45,LEFT,LEFT,0.04854099825024605,False,False,False,False,False,False,False
random_ruehl_mask,mixed,101,270920361,46,UP,UP,0.06437499541789293,False,False,False,False,False,False,False
random_ruehl_mask,mixed,101,270920361,47,UP,UP,0.06329105235636234,False,False,False,False,False,False,False
random_ruehl_mask,mixed,101,270920361,48,DOWN,DOWN,0.05445897113531828,False,False,False,False,False,False,False
random_ruehl_mask,mixed,101,270920361,49,WAIT,WAIT,0.03770901821553707,False,False,False,False,False,False,False
random_ruehl_mask,mixed,101,270920361,50,WAIT,WAIT,0.10062498040497303,False,False,False,False,False,False,False
random_ruehl_mask,mixed,101,270920361,51,WAIT,WAIT,0.08975004311650991,False,True,False,False,False,False,False
random_ruehl_mask,mixed,101,270920361,52,BOMB,BOMB,0.08362496737390757,False,False,False,True,False,False,False
random_ruehl_mask,mixed,101,270920361,53,DOWN,DOWN,0.03950006794184446,False,False,False,False,False,False,False
random_ruehl_mask,mixed,101,270920361,54,LEFT,LEFT,0.05112495273351669,False,False,False,False,False,False,False
random_ruehl_mask,mixed,101,270920361,55,LEFT,LEFT,0.05162495654076338,False,False,False,False,False,False,False
random_ruehl_mask,mixed,101,270920361,56,UP,UP,0.04758394788950682,False,False,False,False,False,False,False
random_ruehl_mask,mixed,101,270920361,57,DOWN,DOWN,0.044042011722922325,False,False,False,False,False,False,False
random_ruehl_mask,mixed,101,270920361,58,RIGHT,RIGHT,0.06624998059123755,False,False,False,False,False,False,False
random_ruehl_mask,mixed,101,270920361,59,RIGHT,RIGHT,0.06979203317314386,False,False,False,False,False,False,False
random_ruehl_mask,mixed,101,270920361,60,WAIT,WAIT,0.08954107761383057,False,False,False,False,False,False,False
random_ruehl_mask,mixed,101,270920361,61,UP,UP,0.05845900159329176,False,True,False,False,False,False,False
random_ruehl_mask,mixed,101,270920361,62,DOWN,DOWN,0.05312508437782526,False,False,False,False,False,False,False
random_ruehl_mask,mixed,101,270920361,63,LEFT,LEFT,0.05416700150817633,False,False,False,False,False,False,False
random_ruehl_mask,mixed,101,270920361,64,WAIT,WAIT,0.055832904763519764,False,False,False,False,False,False,False
random_ruehl_mask,mixed,101,270920361,65,LEFT,LEFT,0.049708993174135685,False,False,False,False,False,False,False
random_ruehl_mask,mixed,101,270920361,66,UP,UP,0.05791697185486555,False,False,False,False,False,False,False
random_ruehl_mask,mixed,101,270920361,67,WAIT,WAIT,0.06766594015061855,False,False,False,False,False,False,False
random_ruehl_mask,mixed,101,270920361,68,WAIT,WAIT,0.06029196083545685,False,False,False,False,False,False,False
random_ruehl_mask,mixed,101,270920361,69,UP,UP,0.048749963752925396,False,False,False,False,False,False,False
random_ruehl_mask,mixed,101,270920361,70,UP,UP,0.050833914428949356,False,False,False,False,False,False,False
random_ruehl_mask,mixed,101,270920361,71,DOWN,DOWN,0.07624994032084942,False,True,False,False,False,False,False
random_ruehl_mask,mixed,101,270920361,72,DOWN,DOWN,0.050541944801807404,False,False,False,False,False,False,False
random_ruehl_mask,mixed,101,270920361,73,UP,UP,0.04916603211313486,False,False,False,False,False,False,False
random_ruehl_mask,mixed,101,270920361,74,UP,UP,0.0813750084489584,False,False,False,False,False,False,False
random_ruehl_mask,mixed,101,270920361,75,UP,UP,0.11112494394183159,False,False,False,False,False,False,True
random_ruehl_mask,mixed,101,270920361,76,BOMB,BOMB,0.10249996557831764,False,False,False,True,False,False,True
random_ruehl_mask,mixed,101,270920361,77,DOWN,DOWN,0.04249997437000275,False,False,False,False,False,False,True
random_ruehl_mask,mixed,101,270920361,78,DOWN,DOWN,0.03887503407895565,False,False,False,False,False,False,True
random_ruehl_mask,mixed,101,270920361,79,RIGHT,RIGHT,0.05745899397879839,False,False,False,False,False,False,True
random_ruehl_mask,mixed,101,270920361,80,UP,UP,0.05058397073298693,False,False,False,False,False,False,True
random_ruehl_mask,mixed,102,270920362,1,LEFT,LEFT,0.10495795868337154,False,True,False,False,False,False,False
random_ruehl_mask,mixed,102,270920362,2,BOMB,BOMB,0.08954200893640518,False,False,False,True,False,False,False
random_ruehl_mask,mixed,102,270920362,3,RIGHT,RIGHT,0.052459072321653366,False,False,False,False,False,False,False
random_ruehl_mask,mixed,102,270920362,4,UP,UP,0.05037500523030758,False,False,False,False,False,False,False
random_ruehl_mask,mixed,102,270920362,5,WAIT,WAIT,0.07724994793534279,False,False,False,False,False,False,False
random_ruehl_mask,mixed,102,270920362,6,WAIT,WAIT,0.0687920255586505,False,False,False,False,False,False,False
random_ruehl_mask,mixed,102,270920362,7,WAIT,WAIT,0.06933300755918026,False,False,False,False,False,False,False
random_ruehl_mask,mixed,102,270920362,8,WAIT,WAIT,0.039207981899380684,False,False,False,False,False,False,False
random_ruehl_mask,mixed,102,270920362,9,DOWN,DOWN,0.071333022788167,False,False,False,False,False,False,False
random_ruehl_mask,mixed,102,270920362,10,LEFT,LEFT,0.0790000194683671,False,False,False,False,False,False,False
random_ruehl_mask,mixed,102,270920362,11,RIGHT,RIGHT,0.05162495654076338,False,True,False,False,False,False,False
random_ruehl_mask,mixed,102,270920362,12,UP,UP,0.0955420546233654,False,False,False,False,False,False,False
random_ruehl_mask,mixed,102,270920362,13,WAIT,WAIT,0.10466703679412603,False,False,False,False,False,False,False
random_ruehl_mask,mixed,102,270920362,14,WAIT,WAIT,0.08558307308703661,False,False,False,False,False,False,False
random_ruehl_mask,mixed,102,270920362,15,DOWN,DOWN,0.08074997458606958,False,False,False,False,False,False,False
random_ruehl_mask,mixed,102,270920362,16,UP,UP,0.07566704880446196,False,False,False,False,False,False,False
random_ruehl_mask,mixed,102,270920362,17,BOMB,BOMB,0.08812500163912773,False,False,False,True,False,False,False
random_ruehl_mask,mixed,102,270920362,18,DOWN,DOWN,0.050083035603165627,False,False,False,False,False,False,False
random_ruehl_mask,mixed,102,270920362,19,WAIT,WAIT,0.045291963033378124,False,False,False,False,False,False,False
random_ruehl_mask,mixed,102,270920362,20,LEFT,LEFT,0.05612499080598354,False,False,False,False,False,False,False
random_ruehl_mask,mixed,102,270920362,21,WAIT,WAIT,0.07670803461223841,False,True,False,False,False,False,False
random_ruehl_mask,mixed,102,270920362,22,LEFT,LEFT,0.0761660048738122,False,False,False,False,False,False,False
random_ruehl_mask,mixed,102,270920362,23,WAIT,WAIT,0.05458306986838579,False,False,False,False,False,False,False
random_ruehl_mask,mixed,102,270920362,24,WAIT,WAIT,0.10137492790818214,False,False,False,False,False,False,False
random_ruehl_mask,mixed,102,270920362,25,WAIT,WAIT,0.08987495675683022,False,False,False,False,False,False,False
random_ruehl_mask,mixed,102,270920362,26,LEFT,LEFT,0.09808293543756008,False,False,False,False,False,False,False
random_ruehl_mask,mixed,102,270920362,27,RIGHT,RIGHT,0.07512501906603575,False,False,False,False,False,False,False
random_ruehl_mask,mixed,102,270920362,28,WAIT,WAIT,0.10058400221168995,False,False,False,False,False,False,False
random_ruehl_mask,mixed,102,270920362,29,LEFT,LEFT,0.09516708087176085,False,False,False,False,False,False,False
random_ruehl_mask,mixed,102,270920362,30,LEFT,LEFT,0.10520790237933397,False,False,False,False,False,False,False
random_ruehl_mask,mixed,102,270920362,31,WAIT,WAIT,0.08995796088129282,False,True,False,False,False,False,False
random_ruehl_mask,mixed,102,270920362,32,WAIT,WAIT,0.10254094377160072,False,False,False,False,False,False,False
random_ruehl_mask,mixed,102,270920362,33,WAIT,WAIT,0.08591706864535809,False,False,False,False,False,False,False
random_ruehl_mask,mixed,102,270920362,34,BOMB,BOMB,0.07637497037649155,False,False,False,True,False,False,False
random_ruehl_mask,mixed,102,270920362,35,RIGHT,RIGHT,0.32308301888406277,False,False,False,False,False,False,False
random_ruehl_mask,mixed,102,270920362,36,RIGHT,RIGHT,0.05070806946605444,False,False,False,False,False,False,False
random_ruehl_mask,mixed,102,270920362,37,UP,UP,0.06145797669887543,False,False,False,False,False,False,False
random_ruehl_mask,mixed,102,270920362,38,WAIT,WAIT,0.06583298090845346,False,False,False,False,False,False,False
random_ruehl_mask,mixed,102,270920362,39,WAIT,WAIT,0.06324995774775743,False,False,False,False,False,False,False
random_ruehl_mask,mixed,102,270920362,40,DOWN,DOWN,0.04800001624971628,False,False,False,False,False,False,False
random_ruehl_mask,mixed,102,270920362,41,RIGHT,RIGHT,0.08983304724097252,False,True,False,False,False,False,False
random_ruehl_mask,mixed,102,270920362,42,LEFT,LEFT,0.07725006435066462,False,False,False,False,False,False,False
random_ruehl_mask,mixed,102,270920362,43,RIGHT,RIGHT,0.11795794125646353,False,False,False,False,False,False,False
random_ruehl_mask,mixed,102,270920362,44,RIGHT,RIGHT,0.20224996842443943,False,False,False,False,False,False,False
random_ruehl_mask,mixed,102,270920362,45,WAIT,WAIT,0.08187501225620508,False,False,False,False,False,False,False
random_ruehl_mask,mixed,102,270920362,46,WAIT,WAIT,0.0617919722571969,False,False,False,False,False,False,False
random_ruehl_mask,mixed,102,270920362,47,UP,UP,0.0666249543428421,False,False,False,False,False,False,False
random_ruehl_mask,mixed,102,270920362,48,UP,UP,0.07216702215373516,False,False,False,False,False,False,False
random_ruehl_mask,mixed,102,270920362,49,UP,UP,0.1028330298140645,False,False,False,False,False,False,False
random_ruehl_mask,mixed,102,270920362,50,DOWN,DOWN,0.1397080486640334,False,False,False,False,False,False,False
random_ruehl_mask,mixed,102,270920362,51,BOMB,BOMB,0.13462500646710396,False,True,False,True,False,False,False
random_ruehl_mask,mixed,102,270920362,52,UP,UP,0.0802499707788229,False,False,False,False,False,False,False
random_ruehl_mask,mixed,102,270920362,53,UP,UP,0.07291696965694427,False,False,False,False,False,False,False
random_ruehl_mask,mixed,102,270920362,54,LEFT,LEFT,0.06016693077981472,False,False,False,False,False,False,False
random_ruehl_mask,mixed,102,270920362,55,WAIT,WAIT,0.05904200952500105,False,False,False,False,False,False,False
random_ruehl_mask,mixed,102,270920362,56,LEFT,LEFT,0.0914580887183547,False,False,False,False,False,False,False
random_ruehl_mask,mixed,102,270920362,57,WAIT,WAIT,0.05050003528594971,False,False,False,False,False,False,False
random_ruehl_mask,mixed,102,270920362,58,RIGHT,RIGHT,0.1755841076374054,False,False,False,False,False,False,False
random_ruehl_mask,mixed,102,270920362,59,RIGHT,RIGHT,0.11062505654990673,False,False,False,False,False,False,False
random_ruehl_mask,mixed,102,270920362,60,WAIT,WAIT,0.1400420442223549,False,False,False,False,False,False,False
random_ruehl_mask,mixed,102,270920362,61,LEFT,LEFT,0.13016699813306332,False,True,False,False,False,False,False
random_ruehl_mask,mixed,102,270920362,62,RIGHT,RIGHT,0.07874995935708284,False,False,False,False,False,False,False
random_ruehl_mask,mixed,102,270920362,63,LEFT,LEFT,0.12624997179955244,False,False,False,False,False,False,False
random_ruehl_mask,mixed,102,270920362,64,WAIT,WAIT,0.09454204700887203,False,False,False,False,False,False,False
random_ruehl_mask,mixed,102,270920362,65,RIGHT,RIGHT,0.08091691415756941,False,False,False,False,False,False,False
random_ruehl_mask,mixed,102,270920362,66,UP,UP,0.18162501510232687,False,False,False,False,False,False,False
random_ruehl_mask,mixed,102,270920362,67,BOMB,BOMB,0.09233399759978056,False,False,False,True,False,False,False
random_ruehl_mask,mixed,102,270920362,68,DOWN,DOWN,0.0743749551475048,False,False,False,False,False,False,False
random_ruehl_mask,mixed,102,270920362,69,LEFT,LEFT,0.052458024583756924,False,False,False,False,False,False,False
random_ruehl_mask,mixed,102,270920362,70,WAIT,WAIT,0.07745891343802214,False,False,False,False,False,False,False
random_ruehl_mask,mixed,102,270920362,71,LEFT,LEFT,0.06270792800933123,False,True,False,False,False,False,False
random_ruehl_mask,mixed,102,270920362,72,RIGHT,RIGHT,0.06704090628772974,False,False,False,False,False,False,False
random_ruehl_mask,mixed,102,270920362,73,LEFT,LEFT,0.050999922677874565,False,False,False,False,False,False,False
random_ruehl_mask,mixed,102,270920362,74,RIGHT,RIGHT,0.08158397395163774,False,False,False,False,False,False,False
random_ruehl_mask,mixed,102,270920362,75,WAIT,WAIT,0.06970891263335943,False,False,False,False,False,False,False
random_ruehl_mask,mixed,102,270920362,76,WAIT,WAIT,0.06633298471570015,False,False,False,False,False,False,True
random_ruehl_mask,mixed,102,270920362,77,WAIT,WAIT,0.08654093835502863,False,False,False,False,False,False,True
random_ruehl_mask,mixed,102,270920362,78,WAIT,WAIT,0.0688750296831131,False,False,False,False,False,False,True
random_ruehl_mask,mixed,102,270920362,79,WAIT,WAIT,0.06937503349035978,False,False,False,False,False,False,True
random_ruehl_mask,mixed,102,270920362,80,LEFT,LEFT,0.1017499016597867,False,False,False,False,False,False,True
random_ruehl_mask,mixed,102,270920362,81,WAIT,WAIT,0.09845802560448647,False,False,False,False,False,False,True
random_ruehl_mask,mixed,103,270920363,1,DOWN,DOWN,0.09529106318950653,False,True,False,False,False,False,False
random_ruehl_mask,mixed,103,270920363,2,WAIT,WAIT,0.0964159844443202,False,False,False,False,False,False,False
random_ruehl_mask,mixed,103,270920363,3,WAIT,WAIT,0.15341700054705143,False,False,False,False,False,False,False
random_ruehl_mask,mixed,103,270920363,4,BOMB,BOMB,0.08720799814909697,False,False,False,True,False,False,False
random_ruehl_mask,mixed,103,270920363,5,UP,UP,0.07704203017055988,False,False,False,False,False,False,False
random_ruehl_mask,mixed,103,270920363,6,RIGHT,RIGHT,0.06883300375193357,False,False,False,False,False,False,False
random_ruehl_mask,mixed,103,270920363,7,WAIT,WAIT,0.06595801096409559,False,False,False,False,False,False,False
random_ruehl_mask,mixed,103,270920363,8,WAIT,WAIT,0.05508307367563248,False,False,False,False,False,False,False
random_ruehl_mask,mixed,103,270920363,9,WAIT,WAIT,0.04537496715784073,False,False,False,False,False,False,False
random_ruehl_mask,mixed,103,270920363,10,WAIT,WAIT,0.08787494152784348,False,False,False,False,False,False,False
random_ruehl_mask,mixed,103,270920363,11,WAIT,WAIT,0.08266698569059372,False,True,False,False,False,False,False
random_ruehl_mask,mixed,103,270920363,12,BOMB,BOMB,0.0712500186637044,False,False,False,True,False,False,False
random_ruehl_mask,mixed,103,270920363,13,LEFT,LEFT,0.07154210470616817,False,False,False,False,False,False,False
random_ruehl_mask,mixed,103,270920363,14,WAIT,WAIT,0.05370890721678734,False,False,False,False,False,False,False
random_ruehl_mask,mixed,103,270920363,15,DOWN,DOWN,0.0749579630792141,False,False,False,False,False,False,False
random_ruehl_mask,mixed,103,270920363,16,WAIT,WAIT,0.0499580055475235,False,False,False,False,False,False,False
random_ruehl_mask,mixed,103,270920363,17,WAIT,WAIT,0.05495804361999035,False,False,False,False,False,False,False
random_ruehl_mask,mixed,103,270920363,18,WAIT,WAIT,0.04095898475497961,False,False,False,False,False,False,False
random_ruehl_mask,mixed,103,270920363,19,UP,UP,0.0635830219835043,False,False,False,False,False,False,False
random_ruehl_mask,mixed,103,270920363,20,RIGHT,RIGHT,0.05470891483128071,False,False,False,False,False,False,False
random_ruehl_mask,mixed,103,270920363,21,LEFT,LEFT,0.08670799434185028,False,True,False,False,False,False,False
random_ruehl_mask,mixed,103,270920363,22,DOWN,DOWN,0.07383304182440042,False,False,False,False,False,False,False
random_ruehl_mask,mixed,103,270920363,23,UP,UP,0.08479203097522259,False,False,False,False,False,False,False
random_ruehl_mask,mixed,103,270920363,24,RIGHT,RIGHT,0.05458306986838579,False,False,False,False,False,False,False
random_ruehl_mask,mixed,103,270920363,25,WAIT,WAIT,0.04716706462204456,False,False,False,False,False,False,False
random_ruehl_mask,mixed,103,270920363,26,RIGHT,RIGHT,0.04516600165516138,False,False,False,False,False,False,False
random_ruehl_mask,mixed,103,270920363,27,BOMB,BOMB,0.0806670868769288,False,False,False,True,False,False,False
random_ruehl_mask,mixed,103,270920363,28,LEFT,LEFT,0.037125078961253166,False,False,False,False,False,False,False
random_ruehl_mask,mixed,103,270920363,29,WAIT,WAIT,0.036375015042722225,False,False,False,False,False,False,False
random_ruehl_mask,mixed,103,270920363,30,LEFT,LEFT,0.06737501826137304,False,False,False,False,False,False,False
random_ruehl_mask,mixed,103,270920363,31,DOWN,DOWN,0.06587500683963299,False,True,False,False,False,False,False
random_ruehl_mask,mixed,103,270920363,32,DOWN,DOWN,0.07479090709239244,False,False,False,False,False,False,False
random_ruehl_mask,mixed,103,270920363,33,UP,UP,0.05866598803550005,False,False,False,False,False,False,False
random_ruehl_mask,mixed,103,270920363,34,UP,UP,0.06037496495991945,False,False,False,False,False,False,False
random_ruehl_mask,mixed,103,270920363,35,WAIT,WAIT,0.05791708827018738,False,False,False,False,False,False,False
random_ruehl_mask,mixed,103,270920363,36,RIGHT,RIGHT,0.10037492029368877,False,False,False,False,False,False,False
random_ruehl_mask,mixed,103,270920363,37,WAIT,WAIT,0.0665000407025218,False,False,False,False,False,False,False
random_ruehl_mask,mixed,103,270920363,38,RIGHT,RIGHT,0.06350001785904169,False,False,False,False,False,False,False
random_ruehl_mask,mixed,103,270920363,39,LEFT,LEFT,0.0629170099273324,False,False,False,False,False,False,False
random_ruehl_mask,mixed,103,270920363,40,WAIT,WAIT,0.05137501284480095,False,False,False,False,False,False,False
random_ruehl_mask,mixed,103,270920363,41,RIGHT,RIGHT,0.04879198968410492,False,True,False,False,False,False,False
random_ruehl_mask,mixed,103,270920363,42,RIGHT,RIGHT,0.06370805203914642,False,False,False,False,False,False,False
random_ruehl_mask,mixed,103,270920363,43,BOMB,BOMB,0.0855419784784317,False,False,False,True,False,False,False
random_ruehl_mask,mixed,103,270920363,44,LEFT,LEFT,0.08345895912498236,False,False,False,False,False,False,False
random_ruehl_mask,mixed,103,270920363,45,DOWN,DOWN,0.05495804361999035,False,False,False,False,False,False,False
random_ruehl_mask,mixed,103,270920363,46,DOWN,DOWN,0.06550003308802843,False,False,False,False,False,False,False
random_ruehl_mask,mixed,103,270920363,47,UP,UP,0.0468340003862977,False,False,False,False,False,False,False
random_ruehl_mask,mixed,103,270920363,48,WAIT,WAIT,0.04941597580909729,False,False,False,False,False,False,False
random_ruehl_mask,mixed,103,270920363,49,WAIT,WAIT,0.04612503107637167,False,False,False,False,False,False,True
random_ruehl_mask,mixed,103,270920363,50,BOMB,BOMB,0.08008407894521952,False,False,False,True,False,False,True
random_ruehl_mask,mixed,103,270920363,51,DOWN,DOWN,0.0452499371021986,False,True,True,False,False,False,True
random_ruehl_mask,mixed,103,270920363,52,WAIT,WAIT,0.03816699609160423,False,False,False,False,False,False,True
random_ruehl_mask,mixed,103,270920363,53,WAIT,WAIT,0.053333002142608166,False,False,False,False,False,False,True
random_ruehl_mask,mixed,103,270920363,54,WAIT,WAIT,0.05479203537106514,False,False,False,False,False,False,True
random_ruehl_mask,mixed,104,270920364,1,RIGHT,RIGHT,0.1009589759632945,False,True,False,False,False,False,False
random_ruehl_mask,mixed,104,270920364,2,WAIT,WAIT,0.09450002107769251,False,False,False,False,False,False,False
random_ruehl_mask,mixed,104,270920364,3,LEFT,LEFT,0.0952909467741847,False,False,False,False,False,False,False
random_ruehl_mask,mixed,104,270920364,4,DOWN,DOWN,0.08541601710021496,False,False,False,False,False,False,False
random_ruehl_mask,mixed,104,270920364,5,BOMB,BOMB,0.1015419838950038,False,False,False,True,False,False,False
random_ruehl_mask,mixed,104,270920364,6,UP,UP,0.08541694842278957,False,False,False,False,False,False,False
random_ruehl_mask,mixed,104,270920364,7,WAIT,WAIT,0.05054101347923279,False,False,False,False,False,False,False
random_ruehl_mask,mixed,104,270920364,8,RIGHT,RIGHT,0.05354091990739107,False,False,False,False,False,False,False
random_ruehl_mask,mixed,104,270920364,9,WAIT,WAIT,0.07424992509186268,False,False,False,False,False,False,False
random_ruehl_mask,mixed,104,270920364,10,WAIT,WAIT,0.04924996756017208,False,False,False,False,False,False,False
random_ruehl_mask,mixed,104,270920364,11,WAIT,WAIT,0.04000007174909115,False,True,False,False,False,False,False
random_ruehl_mask,mixed,104,270920364,12,WAIT,WAIT,0.07770804222673178,False,False,False,False,False,False,False
random_ruehl_mask,mixed,104,270920364,13,BOMB,BOMB,0.09783299174159765,False,False,False,True,False,False,False
random_ruehl_mask,mixed,104,270920364,14,LEFT,LEFT,0.056875054724514484,False,False,False,False,False,False,False
random_ruehl_mask,mixed,104,270920364,15,DOWN,DOWN,0.04441698547452688,False,False,False,False,False,False,False
random_ruehl_mask,mixed,104,270920364,16,DOWN,DOWN,0.0652919989079237,False,False,False,False,False,False,False
random_ruehl_mask,mixed,104,270920364,17,RIGHT,RIGHT,0.0512079568579793,False,False,False,False,False,False,False
random_ruehl_mask,mixed,104,270920364,18,LEFT,LEFT,0.05758402403444052,False,False,False,False,False,False,False
random_ruehl_mask,mixed,104,270920364,19,WAIT,WAIT,0.041874940507113934,False,False,False,False,False,False,False
random_ruehl_mask,mixed,104,270920364,20,DOWN,DOWN,0.08929101750254631,False,False,False,False,False,False,False
random_ruehl_mask,mixed,104,270920364,21,DOWN,DOWN,0.11675001587718725,False,True,False,False,False,False,False
random_ruehl_mask,mixed,104,270920364,22,WAIT,WAIT,0.1933329040184617,False,False,False,False,False,False,True
random_ruehl_mask,mixed,104,270920364,23,BOMB,BOMB,0.10429089888930321,False,False,False,True,False,False,True
random_ruehl_mask,mixed,104,270920364,24,UP,UP,0.06954092532396317,False,False,False,False,False,False,True
random_ruehl_mask,mixed,104,270920364,25,WAIT,WAIT,0.37700007669627666,False,False,False,False,False,False,True
random_ruehl_mask,mixed,104,270920364,26,WAIT,WAIT,0.05983305163681507,False,False,False,False,False,False,True
random_ruehl_mask,mixed,104,270920364,27,UP,UP,0.06504193879663944,False,False,False,False,False,False,True
random_ruehl_mask,mixed,105,270920365,1,WAIT,WAIT,0.09958306327462196,False,True,False,False,False,False,False
random_ruehl_mask,mixed,105,270920365,2,UP,UP,0.0914580887183547,False,False,False,False,False,False,False
random_ruehl_mask,mixed,105,270920365,3,WAIT,WAIT,0.08612510282546282,False,False,False,False,False,False,False
random_ruehl_mask,mixed,105,270920365,4,BOMB,BOMB,0.07695797830820084,False,False,False,True,False,False,False
random_ruehl_mask,mixed,105,270920365,5,DOWN,DOWN,0.06624998059123755,False,False,False,False,False,False,False
random_ruehl_mask,mixed,105,270920365,6,RIGHT,RIGHT,0.08812500163912773,False,False,False,False,False,False,False
random_ruehl_mask,mixed,105,270920365,7,WAIT,WAIT,0.08925003930926323,False,False,False,False,False,False,False
random_ruehl_mask,mixed,105,270920365,8,WAIT,WAIT,0.05537504330277443,False,False,False,False,False,False,False
random_ruehl_mask,mixed,105,270920365,9,WAIT,WAIT,0.05833292379975319,False,False,False,False,False,False,False
random_ruehl_mask,mixed,105,270920365,10,WAIT,WAIT,0.041624996811151505,False,False,False,False,False,False,False
random_ruehl_mask,mixed,105,270920365,11,WAIT,WAIT,0.07349997758865356,False,True,False,False,False,False,False
random_ruehl_mask,mixed,105,270920365,12,LEFT,LEFT,0.5067919846624136,False,False,False,False,False,False,False
random_ruehl_mask,mixed,105,270920365,13,RIGHT,RIGHT,0.10645901784300804,False,False,False,False,False,False,False
random_ruehl_mask,mixed,105,270920365,14,WAIT,WAIT,0.08745898958295584,False,False,False,False,False,False,False
random_ruehl_mask,mixed,105,270920365,15,WAIT,WAIT,0.08787494152784348,False,False,False,False,False,False,False
random_ruehl_mask,mixed,105,270920365,16,BOMB,BOMB,0.0849999487400055,False,False,False,True,False,False,False
random_ruehl_mask,mixed,105,270920365,17,LEFT,LEFT,0.03954209387302399,False,False,False,False,False,False,False
random_ruehl_mask,mixed,105,270920365,18,UP,UP,0.051875016652047634,False,False,False,False,False,False,False
random_ruehl_mask,mixed,105,270920365,19,WAIT,WAIT,0.05162495654076338,False,False,False,False,False,False,False
random_ruehl_mask,mixed,105,270920365,20,WAIT,WAIT,0.05470798350870609,False,False,False,False,False,False,False
random_ruehl_mask,mixed,105,270920365,21,WAIT,WAIT,3.133291960693896,False,True,False,False,False,False,False
random_ruehl_mask,mixed,105,270920365,22,UP,UP,0.07274991367012262,False,False,False,False,False,False,False
random_ruehl_mask,mixed,105,270920365,23,BOMB,BOMB,0.12012501247227192,False,False,False,True,False,False,False
random_ruehl_mask,mixed,105,270920365,24,DOWN,DOWN,0.044665997847914696,False,False,False,False,False,False,False
random_ruehl_mask,mixed,105,270920365,25,DOWN,DOWN,0.05062494892627001,False,False,False,False,False,False,False
random_ruehl_mask,mixed,105,270920365,26,RIGHT,RIGHT,0.05716702435165644,False,False,False,False,False,False,False
random_ruehl_mask,mixed,105,270920365,27,WAIT,WAIT,0.058415927924215794,False,False,False,False,False,False,False
random_ruehl_mask,mixed,105,270920365,28,RIGHT,RIGHT,0.07708300836384296,False,False,False,False,False,False,False
random_ruehl_mask,mixed,105,270920365,29,RIGHT,RIGHT,0.05100003909319639,False,False,False,False,False,False,True
random_ruehl_mask,mixed,105,270920365,30,BOMB,BOMB,0.09374995715916157,False,False,False,True,False,False,True
random_ruehl_mask,mixed,105,270920365,31,RIGHT,RIGHT,0.06933300755918026,False,True,True,False,False,False,True
random_ruehl_mask,mixed,105,270920365,32,WAIT,WAIT,0.0628340058028698,False,False,False,False,False,False,True
random_ruehl_mask,mixed,105,270920365,33,WAIT,WAIT,0.08212507236748934,False,False,False,False,False,False,True
random_ruehl_mask,mixed,105,270920365,34,WAIT,WAIT,0.09512505494058132,False,False,False,False,False,False,True
random_ruehl_mask,mixed,106,270920366,1,RIGHT,RIGHT,0.10133301839232445,False,True,False,False,False,False,False
random_ruehl_mask,mixed,106,270920366,2,LEFT,LEFT,0.08829100988805294,False,False,False,False,False,False,False
random_ruehl_mask,mixed,106,270920366,3,DOWN,DOWN,0.07708393968641758,False,False,False,False,False,False,False
random_ruehl_mask,mixed,106,270920366,4,BOMB,BOMB,0.13358297292143106,False,False,False,True,False,False,False
random_ruehl_mask,mixed,106,270920366,5,UP,UP,0.06816594395786524,False,False,False,False,False,False,False
random_ruehl_mask,mixed,106,270920366,6,RIGHT,RIGHT,0.05850009620189667,False,False,False,False,False,False,False
random_ruehl_mask,mixed,106,270920366,7,WAIT,WAIT,0.07045897655189037,False,False,False,False,False,False,False
random_ruehl_mask,mixed,106,270920366,8,WAIT,WAIT,0.05745794624090195,False,False,False,False,False,False,False
random_ruehl_mask,mixed,106,270920366,9,WAIT,WAIT,0.04700000863522291,False,False,False,False,False,False,False
random_ruehl_mask,mixed,106,270920366,10,WAIT,WAIT,0.040958053432404995,False,False,False,False,False,False,False
random_ruehl_mask,mixed,106,270920366,11,LEFT,LEFT,0.09691703598946333,False,True,False,False,False,False,False
random_ruehl_mask,mixed,106,270920366,12,WAIT,WAIT,0.10079110506922007,False,False,False,False,False,False,False
random_ruehl_mask,mixed,106,270920366,13,WAIT,WAIT,0.1295410329475999,False,False,False,False,False,False,False
random_ruehl_mask,mixed,106,270920366,14,RIGHT,RIGHT,0.11145800817757845,False,False,False,False,False,False,False
random_ruehl_mask,mixed,106,270920366,15,LEFT,LEFT,0.07654097862541676,False,False,False,False,False,False,False
random_ruehl_mask,mixed,106,270920366,16,DOWN,DOWN,0.08091598283499479,False,False,False,False,False,False,False
random_ruehl_mask,mixed,106,270920366,17,UP,UP,0.05212496034801006,False,False,False,False,False,False,False
random_ruehl_mask,mixed,106,270920366,18,DOWN,DOWN,0.09495799895375967,False,False,False,False,False,False,False
random_ruehl_mask,mixed,106,270920366,19,DOWN,DOWN,0.06587500683963299,False,False,False,False,False,False,False
random_ruehl_mask,mixed,106,270920366,20,UP,UP,0.1063330564647913,False,False,False,False,False,False,False
random_ruehl_mask,mixed,106,270920366,21,UP,UP,0.06133399438112974,False,True,False,False,False,False,False
random_ruehl_mask,mixed,106,270920366,22,WAIT,WAIT,0.20216696429997683,False,False,False,False,False,False,False
random_ruehl_mask,mixed,106,270920366,23,RIGHT,RIGHT,0.11841696687042713,False,False,False,False,False,False,False
random_ruehl_mask,mixed,106,270920366,24,WAIT,WAIT,0.08762499783188105,False,False,False,False,False,False,False
random_ruehl_mask,mixed,106,270920366,25,LEFT,LEFT,0.0680841039866209,False,False,False,False,False,False,False
random_ruehl_mask,mixed,106,270920366,26,RIGHT,RIGHT,0.07962493691593409,False,False,False,False,False,False,False
random_ruehl_mask,mixed,106,270920366,27,BOMB,BOMB,0.06345892325043678,False,False,False,True,False,False,False
random_ruehl_mask,mixed,106,270920366,28,LEFT,LEFT,0.03800005652010441,False,False,False,False,False,False,False
random_ruehl_mask,mixed,106,270920366,29,DOWN,DOWN,0.03670796286314726,False,False,False,False,False,False,False
random_ruehl_mask,mixed,106,270920366,30,DOWN,DOWN,0.07391709368675947,False,False,False,False,False,False,False
random_ruehl_mask,mixed,106,270920366,31,WAIT,WAIT,0.06054108962416649,False,True,False,False,False,False,False
random_ruehl_mask,mixed,106,270920366,32,DOWN,DOWN,0.08737493772059679,False,False,False,False,False,False,False
random_ruehl_mask,mixed,106,270920366,33,UP,UP,0.04516600165516138,False,False,False,False,False,False,True
random_ruehl_mask,mixed,106,270920366,34,BOMB,BOMB,0.09362504351884127,False,False,False,True,False,False,True
random_ruehl_mask,mixed,106,270920366,35,UP,UP,0.05429191514849663,False,False,False,False,False,False,True
random_ruehl_mask,mixed,106,270920366,36,WAIT,WAIT,0.6253340980038047,False,False,False,False,False,False,True
random_ruehl_mask,mixed,106,270920366,37,WAIT,WAIT,0.0773329520598054,False,False,False,False,False,False,True
random_ruehl_mask,mixed,106,270920366,38,WAIT,WAIT,0.06633391603827477,False,False,False,False,False,False,True
random_ruehl_mask,mixed,107,270920367,1,WAIT,WAIT,0.11670892126858234,False,True,False,False,False,False,False
random_ruehl_mask,mixed,107,270920367,2,DOWN,DOWN,0.0902919564396143,False,False,False,False,False,False,False
random_ruehl_mask,mixed,107,270920367,3,UP,UP,0.09020895231515169,False,False,False,False,False,False,False
random_ruehl_mask,mixed,107,270920367,4,RIGHT,RIGHT,0.11112506035715342,False,False,False,False,False,False,False
random_ruehl_mask,mixed,107,270920367,5,BOMB,BOMB,0.08795794565230608,False,False,False,True,False,False,False
random_ruehl_mask,mixed,107,270920367,6,LEFT,LEFT,0.05212496034801006,False,False,False,False,False,False,False
random_ruehl_mask,mixed,107,270920367,7,WAIT,WAIT,0.0512079568579793,False,False,False,False,False,False,False
random_ruehl_mask,mixed,107,270920367,8,DOWN,DOWN,0.04312500823289156,False,False,False,False,False,False,False
random_ruehl_mask,mixed,107,270920367,9,WAIT,WAIT,0.043082982301712036,False,False,False,False,False,False,False
random_ruehl_mask,mixed,107,270920367,10,WAIT,WAIT,0.04425004590302706,False,False,False,False,False,False,False
random_ruehl_mask,mixed,107,270920367,11,DOWN,DOWN,0.036541023291647434,False,True,False,False,False,False,False
random_ruehl_mask,mixed,107,270920367,12,UP,UP,0.11637492571026087,False,False,False,False,False,False,False
random_ruehl_mask,mixed,107,270920367,13,WAIT,WAIT,0.11029199231415987,False,False,False,False,False,False,False
random_ruehl_mask,mixed,107,270920367,14,UP,UP,0.0963329803198576,False,False,False,False,False,False,False
random_ruehl_mask,mixed,107,270920367,15,RIGHT,RIGHT,0.07800001185387373,False,False,False,False,False,False,False
random_ruehl_mask,mixed,107,270920367,16,RIGHT,RIGHT,0.05541706923395395,False,False,False,False,False,False,False
random_ruehl_mask,mixed,107,270920367,17,RIGHT,RIGHT,0.09983300697058439,False,False,False,False,False,False,False
random_ruehl_mask,mixed,107,270920367,18,RIGHT,RIGHT,0.08570891804993153,False,False,False,False,False,False,False
random_ruehl_mask,mixed,107,270920367,19,LEFT,LEFT,0.08475000504404306,False,False,False,False,False,False,False
random_ruehl_mask,mixed,107,270920367,20,RIGHT,RIGHT,0.08324999362230301,False,False,False,False,False,False,False
random_ruehl_mask,mixed,107,270920367,21,LEFT,LEFT,0.10099995415657759,False,True,False,False,False,False,False
random_ruehl_mask,mixed,107,270920367,22,RIGHT,RIGHT,0.10087504051625729,False,False,False,False,False,False,False
random_ruehl_mask,mixed,107,270920367,23,RIGHT,RIGHT,0.11758296750485897,False,False,False,False,False,False,False
random_ruehl_mask,mixed,107,270920367,24,WAIT,WAIT,0.07816695142537355,False,False,False,False,False,False,False
random_ruehl_mask,mixed,107,270920367,25,WAIT,WAIT,0.09066693019121885,False,False,False,False,False,False,False
random_ruehl_mask,mixed,107,270920367,26,LEFT,LEFT,0.0770840561017394,False,False,False,False,False,False,True
random_ruehl_mask,mixed,107,270920367,27,BOMB,BOMB,0.0801669666543603,False,False,False,True,False,False,True
random_ruehl_mask,mixed,107,270920367,28,RIGHT,RIGHT,0.03970798570662737,False,False,False,False,False,False,True
random_ruehl_mask,mixed,107,270920367,29,WAIT,WAIT,0.052749994210898876,False,False,False,False,False,False,True
random_ruehl_mask,mixed,107,270920367,30,WAIT,WAIT,0.05545897874981165,False,False,False,False,False,False,True
random_ruehl_mask,mixed,107,270920367,31,WAIT,WAIT,0.07616705261170864,False,False,False,False,False,False,True
random_ruehl_mask,mixed,108,270920368,1,RIGHT,RIGHT,0.10020798072218895,False,True,False,False,False,False,False
random_ruehl_mask,mixed,108,270920368,2,RIGHT,RIGHT,0.08058303501456976,False,False,False,False,False,False,False
random_ruehl_mask,mixed,108,270920368,3,BOMB,BOMB,0.10187493171542883,False,False,False,True,False,False,False
random_ruehl_mask,mixed,108,270920368,4,LEFT,LEFT,0.05962501745671034,False,False,False,False,False,False,False
random_ruehl_mask,mixed,108,270920368,5,LEFT,LEFT,0.06216694600880146,False,False,False,False,False,False,False
random_ruehl_mask,mixed,108,270920368,6,DOWN,DOWN,0.06520806346088648,False,False,False,False,False,False,False
random_ruehl_mask,mixed,108,270920368,7,WAIT,WAIT,0.06095797289162874,False,False,False,False,False,False,False
random_ruehl_mask,mixed,108,270920368,8,WAIT,WAIT,0.046083005145192146,False,False,False,False,False,False,False
random_ruehl_mask,mixed,108,270920368,9,UP,UP,0.036084093153476715,False,False,False,False,False,False,True
random_ruehl_mask,mixed,108,270920368,10,BOMB,BOMB,0.0819170381873846,False,False,False,True,False,False,True
random_ruehl_mask,mixed,108,270920368,11,DOWN,DOWN,0.03687501884996891,False,True,True,False,False,False,True
random_ruehl_mask,mixed,108,270920368,12,WAIT,WAIT,0.0374580267816782,False,False,False,False,False,False,True
random_ruehl_mask,mixed,108,270920368,13,WAIT,WAIT,0.060333055444061756,False,False,False,False,False,False,True
random_ruehl_mask,mixed,108,270920368,14,WAIT,WAIT,0.08508306927978992,False,False,False,False,False,False,True
random_ruehl_mask,mixed,109,270920369,1,WAIT,WAIT,0.10741699952632189,False,True,False,False,False,False,False
random_ruehl_mask,mixed,109,270920369,2,WAIT,WAIT,0.07575005292892456,False,False,False,False,False,False,False
random_ruehl_mask,mixed,109,270920369,3,UP,UP,0.0753339845687151,False,False,False,False,False,False,False
random_ruehl_mask,mixed,109,270920369,4,DOWN,DOWN,0.06429210770875216,False,False,False,False,False,False,False
random_ruehl_mask,mixed,109,270920369,5,WAIT,WAIT,0.08087488822638988,False,False,False,False,False,False,False
random_ruehl_mask,mixed,109,270920369,6,UP,UP,0.08604198228567839,False,False,False,False,False,False,False
random_ruehl_mask,mixed,109,270920369,7,DOWN,DOWN,0.07754191756248474,False,False,False,False,False,False,False
random_ruehl_mask,mixed,109,270920369,8,WAIT,WAIT,0.10195805225521326,False,False,False,False,False,False,False
random_ruehl_mask,mixed,109,270920369,9,RIGHT,RIGHT,0.08591706864535809,False,False,False,False,False,False,False
random_ruehl_mask,mixed,109,270920369,10,WAIT,WAIT,0.06524997297674417,False,False,False,False,False,False,False
random_ruehl_mask,mixed,109,270920369,11,LEFT,LEFT,0.06708304863423109,False,True,False,False,False,False,False
random_ruehl_mask,mixed,109,270920369,12,UP,UP,0.07187505252659321,False,False,False,False,False,False,False
random_ruehl_mask,mixed,109,270920369,13,BOMB,BOMB,0.13704097364097834,False,False,False,True,False,False,False
random_ruehl_mask,mixed,109,270920369,14,DOWN,DOWN,0.06441702134907246,False,False,False,False,False,False,False
random_ruehl_mask,mixed,109,270920369,15,WAIT,WAIT,0.058999983593821526,False,False,False,False,False,False,False
random_ruehl_mask,mixed,109,270920369,16,RIGHT,RIGHT,0.0551670091226697,False,False,False,False,False,False,False
random_ruehl_mask,mixed,109,270920369,17,WAIT,WAIT,0.04483398515731096,False,False,False,False,False,False,False
random_ruehl_mask,mixed,109,270920369,18,WAIT,WAIT,0.04016607999801636,False,False,False,False,False,False,False
random_ruehl_mask,mixed,109,270920369,19,LEFT,LEFT,0.03883300814777613,False,False,False,False,False,False,False
random_ruehl_mask,mixed,109,270920369,20,BOMB,BOMB,0.08254207205027342,False,False,False,True,False,False,False
random_ruehl_mask,mixed,109,270920369,21,UP,UP,0.07029203698039055,False,True,False,False,False,False,False
random_ruehl_mask,mixed,109,270920369,22,UP,UP,0.06129196844995022,False,False,False,False,False,False,False
random_ruehl_mask,mixed,109,270920369,23,UP,UP,0.07412501145154238,False,False,False,False,False,False,False
random_ruehl_mask,mixed,109,270920369,24,UP,UP,0.05625002086162567,False,False,False,False,False,False,False
random_ruehl_mask,mixed,109,270920369,25,WAIT,WAIT,0.06574997678399086,False,False,False,False,False,False,False
random_ruehl_mask,mixed,109,270920369,26,WAIT,WAIT,0.04099996294826269,False,False,False,False,False,False,False
random_ruehl_mask,mixed,109,270920369,27,RIGHT,RIGHT,0.09412493091076612,False,False,False,False,False,False,False
random_ruehl_mask,mixed,109,270920369,28,RIGHT,RIGHT,0.0705840066075325,False,False,False,False,False,False,False
random_ruehl_mask,mixed,109,270920369,29,LEFT,LEFT,0.09900005534291267,False,False,False,False,False,False,False
random_ruehl_mask,mixed,109,270920369,30,RIGHT,RIGHT,0.08337502367794514,False,False,False,False,False,False,False
random_ruehl_mask,mixed,109,270920369,31,WAIT,WAIT,0.11429097503423691,False,True,False,False,False,False,False
random_ruehl_mask,mixed,109,270920369,32,WAIT,WAIT,0.12750003952533007,False,False,False,False,False,False,False
random_ruehl_mask,mixed,109,270920369,33,LEFT,LEFT,0.13758300337940454,False,False,False,False,False,False,False
random_ruehl_mask,mixed,109,270920369,34,RIGHT,RIGHT,0.08633302059024572,False,False,False,False,False,False,False
random_ruehl_mask,mixed,109,270920369,35,LEFT,LEFT,0.08200004231184721,False,False,False,False,False,False,False
random_ruehl_mask,mixed,109,270920369,36,BOMB,BOMB,0.07533305324614048,False,False,False,True,False,False,False
random_ruehl_mask,mixed,109,270920369,37,LEFT,LEFT,0.046708970330655575,False,False,False,False,False,False,False
random_ruehl_mask,mixed,109,270920369,38,DOWN,DOWN,0.046874978579580784,False,False,False,False,False,False,False
random_ruehl_mask,mixed,109,270920369,39,DOWN,DOWN,0.05662499461323023,False,False,False,False,False,False,False
random_ruehl_mask,mixed,109,270920369,40,WAIT,WAIT,0.044291955418884754,False,False,False,False,False,False,False
random_ruehl_mask,mixed,109,270920369,41,UP,UP,0.05137501284480095,False,True,False,False,False,False,False
random_ruehl_mask,mixed,109,270920369,42,WAIT,WAIT,0.046083005145192146,False,False,False,False,False,False,False
random_ruehl_mask,mixed,109,270920369,43,DOWN,DOWN,0.057750032283365726,False,False,False,False,False,False,False
random_ruehl_mask,mixed,109,270920369,44,UP,UP,0.10708300396800041,False,False,False,False,False,False,False
random_ruehl_mask,mixed,109,270920369,45,UP,UP,0.060999998822808266,False,False,False,False,False,False,False
random_ruehl_mask,mixed,109,270920369,46,RIGHT,RIGHT,0.06387499161064625,False,False,False,False,False,False,False
random_ruehl_mask,mixed,109,270920369,47,RIGHT,RIGHT,0.0499160960316658,False,False,False,False,False,False,False
random_ruehl_mask,mixed,109,270920369,48,WAIT,WAIT,0.09583297651261091,False,False,False,False,False,False,False
random_ruehl_mask,mixed,109,270920369,49,BOMB,BOMB,0.11170795187354088,False,False,False,True,False,False,False
random_ruehl_mask,mixed,109,270920369,50,LEFT,LEFT,0.060999998822808266,False,False,False,False,False,False,False
random_ruehl_mask,mixed,109,270920369,51,WAIT,WAIT,0.053333002142608166,False,True,False,False,False,False,False
random_ruehl_mask,mixed,109,270920369,52,LEFT,LEFT,0.06916595157235861,False,False,False,False,False,False,False
random_ruehl_mask,mixed,109,270920369,53,DOWN,DOWN,0.06579095497727394,False,False,False,False,False,False,False
random_ruehl_mask,mixed,109,270920369,54,DOWN,DOWN,0.07633399218320847,False,False,False,False,False,False,False
random_ruehl_mask,mixed,109,270920369,55,DOWN,DOWN,0.060165999457240105,False,False,False,False,False,False,False
random_ruehl_mask,mixed,109,270920369,56,DOWN,DOWN,0.07116701453924179,False,False,False,False,False,False,False
random_ruehl_mask,mixed,109,270920369,57,UP,UP,0.0826660543680191,False,False,False,False,False,False,False
random_ruehl_mask,mixed,109,270920369,58,WAIT,WAIT,0.06679201032966375,False,False,False,False,False,False,False
random_ruehl_mask,mixed,109,270920369,59,UP,UP,0.06037496495991945,False,False,False,False,False,False,True
random_ruehl_mask,mixed,109,270920369,60,BOMB,BOMB,0.08887494914233685,False,False,False,True,False,False,True
random_ruehl_mask,mixed,109,270920369,61,DOWN,DOWN,0.046874978579580784,False,True,False,False,False,False,True
random_ruehl_mask,mixed,109,270920369,62,WAIT,WAIT,0.04891701973974705,False,False,False,False,False,False,True
random_ruehl_mask,mixed,109,270920369,63,WAIT,WAIT,0.053750001825392246,False,False,False,False,False,False,True
random_ruehl_mask,mixed,109,270920369,64,WAIT,WAIT,0.048291985876858234,False,False,False,False,False,False,True
random_ruehl_mask,mixed,110,270920370,1,UP,UP,0.09929202497005463,False,True,False,False,False,False,False
random_ruehl_mask,mixed,110,270920370,2,DOWN,DOWN,0.07570791058242321,False,False,False,False,False,False,False
random_ruehl_mask,mixed,110,270920370,3,UP,UP,0.07625005673617125,False,False,False,False,False,False,False
random_ruehl_mask,mixed,110,270920370,4,BOMB,BOMB,0.06691599264740944,False,False,False,True,False,False,False
random_ruehl_mask,mixed,110,270920370,5,DOWN,DOWN,0.056999968364834785,False,False,False,False,False,False,False
random_ruehl_mask,mixed,110,270920370,6,LEFT,LEFT,0.06587500683963299,False,False,False,False,False,False,False
random_ruehl_mask,mixed,110,270920370,7,WAIT,WAIT,0.0600829953327775,False,False,False,False,False,False,False
random_ruehl_mask,mixed,110,270920370,8,WAIT,WAIT,0.07287506014108658,False,False,False,False,False,False,False
random_ruehl_mask,mixed,110,270920370,9,WAIT,WAIT,0.07312488742172718,False,False,False,False,False,False,False
random_ruehl_mask,mixed,110,270920370,10,WAIT,WAIT,0.04254200030118227,False,False,False,False,False,False,False
random_ruehl_mask,mixed,110,270920370,11,RIGHT,RIGHT,0.0718339579179883,False,True,False,False,False,False,False
random_ruehl_mask,mixed,110,270920370,12,UP,UP,0.0815410166978836,False,False,False,False,False,False,False
random_ruehl_mask,mixed,110,270920370,13,UP,UP,0.08162506856024265,False,False,False,False,False,False,False
random_ruehl_mask,mixed,110,270920370,14,WAIT,WAIT,0.1231249189004302,False,False,False,False,False,False,False
random_ruehl_mask,mixed,110,270920370,15,UP,UP,0.10199996177107096,False,False,False,False,False,False,False
random_ruehl_mask,mixed,110,270920370,16,UP,UP,0.08883397094905376,False,False,False,False,False,False,True
random_ruehl_mask,mixed,110,270920370,17,BOMB,BOMB,0.08345802780240774,False,False,False,True,False,False,True
random_ruehl_mask,mixed,110,270920370,18,DOWN,DOWN,0.037917052395641804,False,False,False,False,False,False,True
random_ruehl_mask,mixed,110,270920370,19,WAIT,WAIT,0.03687501884996891,False,False,False,False,False,False,True
random_ruehl_mask,mixed,110,270920370,20,WAIT,WAIT,0.047291978262364864,False,False,False,False,False,False,True
random_ruehl_mask,mixed,110,270920370,21,DOWN,DOWN,0.04595797508955002,False,False,False,False,False,False,True
random_ruehl_mask,mixed,111,270920371,1,RIGHT,RIGHT,0.09583297651261091,False,True,False,False,False,False,False
random_ruehl_mask,mixed,111,270920371,2,BOMB,BOMB,0.0963329803198576,False,False,False,True,False,False,False
random_ruehl_mask,mixed,111,270920371,3,LEFT,LEFT,0.04470802377909422,False,False,False,False,False,False,False
random_ruehl_mask,mixed,111,270920371,4,WAIT,WAIT,0.04033301956951618,False,False,False,False,False,False,False
random_ruehl_mask,mixed,111,270920371,5,DOWN,DOWN,0.07295806426554918,False,False,False,False,False,False,False
random_ruehl_mask,mixed,111,270920371,6,WAIT,WAIT,0.060542020946741104,False,False,False,False,False,False,False
random_ruehl_mask,mixed,111,270920371,7,WAIT,WAIT,0.05520798731595278,False,False,False,False,False,False,False
random_ruehl_mask,mixed,111,270920371,8,UP,UP,0.03541703335940838,False,False,False,False,False,False,False
random_ruehl_mask,mixed,111,270920371,9,RIGHT,RIGHT,0.08208397775888443,False,False,False,False,False,False,False
random_ruehl_mask,mixed,111,270920371,10,WAIT,WAIT,0.04725006874650717,False,False,False,False,False,False,False
random_ruehl_mask,mixed,111,270920371,11,LEFT,LEFT,0.05616701673716307,False,True,False,False,False,False,False
random_ruehl_mask,mixed,111,270920371,12,BOMB,BOMB,0.09858293924480677,False,False,False,True,False,False,False
random_ruehl_mask,mixed,111,270920371,13,RIGHT,RIGHT,0.06312504410743713,False,False,False,False,False,False,False
random_ruehl_mask,mixed,111,270920371,14,RIGHT,RIGHT,0.05608401261270046,False,False,False,False,False,False,False
random_ruehl_mask,mixed,111,270920371,15,DOWN,DOWN,0.0742919510230422,False,False,False,False,False,False,False
random_ruehl_mask,mixed,111,270920371,16,WAIT,WAIT,0.05370797589421272,False,False,False,False,False,False,False
random_ruehl_mask,mixed,111,270920371,17,WAIT,WAIT,0.047874986194074154,False,False,False,False,False,False,False
random_ruehl_mask,mixed,111,270920371,18,UP,UP,0.05891697946935892,False,False,False,False,False,False,False
random_ruehl_mask,mixed,111,270920371,19,RIGHT,RIGHT,0.09637500625103712,False,False,False,False,False,False,False
random_ruehl_mask,mixed,111,270920371,20,LEFT,LEFT,0.09312503971159458,False,False,False,False,False,False,False
random_ruehl_mask,mixed,111,270920371,21,DOWN,DOWN,0.10287505574524403,False,True,False,False,False,False,False
random_ruehl_mask,mixed,111,270920371,22,BOMB,BOMB,0.09250000584870577,False,False,False,True,False,False,False
random_ruehl_mask,mixed,111,270920371,23,UP,UP,0.03799994010478258,False,False,False,False,False,False,False
random_ruehl_mask,mixed,111,270920371,24,RIGHT,RIGHT,0.0362499849870801,False,False,False,False,False,False,False
random_ruehl_mask,mixed,111,270920371,25,WAIT,WAIT,0.05379202775657177,False,False,False,False,False,False,False
random_ruehl_mask,mixed,111,270920371,26,WAIT,WAIT,0.08408294524997473,False,False,False,False,False,False,False
random_ruehl_mask,mixed,111,270920371,27,WAIT,WAIT,0.04966696724295616,False,False,False,False,False,False,False
random_ruehl_mask,mixed,111,270920371,28,RIGHT,RIGHT,0.04970794543623924,False,False,False,False,False,False,False
random_ruehl_mask,mixed,111,270920371,29,DOWN,DOWN,0.09904196485877037,False,False,False,False,False,False,False
random_ruehl_mask,mixed,111,270920371,30,BOMB,BOMB,0.09533297270536423,False,False,False,True,False,False,False
random_ruehl_mask,mixed,111,270920371,31,UP,UP,0.052541960030794144,False,True,False,False,False,False,False
random_ruehl_mask,mixed,111,270920371,32,WAIT,WAIT,0.049666035920381546,False,False,False,False,False,False,False
random_ruehl_mask,mixed,111,270920371,33,LEFT,LEFT,0.04395900759845972,False,False,False,False,False,False,False
random_ruehl_mask,mixed,111,270920371,34,LEFT,LEFT,0.05991698708385229,False,False,False,False,False,False,False
random_ruehl_mask,mixed,111,270920371,35,RIGHT,RIGHT,0.05591590888798237,False,False,False,False,False,False,False
random_ruehl_mask,mixed,111,270920371,36,LEFT,LEFT,0.05358306225389242,False,False,False,False,False,False,False
random_ruehl_mask,mixed,111,270920371,37,DOWN,DOWN,0.09979202877730131,False,False,False,False,False,False,False
random_ruehl_mask,mixed,111,270920371,38,DOWN,DOWN,0.048874993808567524,False,False,False,False,False,False,False
random_ruehl_mask,mixed,111,270920371,39,BOMB,BOMB,0.0938749872148037,False,False,False,True,False,False,False
random_ruehl_mask,mixed,111,270920371,40,LEFT,LEFT,0.03875000402331352,False,False,False,False,False,False,False
random_ruehl_mask,mixed,111,270920371,41,WAIT,WAIT,0.03466603811830282,False,True,False,False,False,False,False
random_ruehl_mask,mixed,111,270920371,42,LEFT,LEFT,0.04854204598814249,False,False,False,False,False,False,False
random_ruehl_mask,mixed,111,270920371,43,UP,UP,0.054875039495527744,False,False,False,False,False,False,False
random_ruehl_mask,mixed,111,270920371,44,UP,UP,0.07333292160183191,False,False,False,False,False,False,False
random_ruehl_mask,mixed,111,270920371,45,RIGHT,RIGHT,0.049416907131671906,False,False,False,False,False,False,False
random_ruehl_mask,mixed,111,270920371,46,LEFT,LEFT,0.060125021263957024,False,False,False,False,False,False,False
random_ruehl_mask,mixed,111,270920371,47,RIGHT,RIGHT,0.08008303120732307,False,False,False,False,False,False,False
random_ruehl_mask,mixed,111,270920371,48,RIGHT,RIGHT,0.06291596218943596,False,False,False,False,False,False,False
random_ruehl_mask,mixed,111,270920371,49,BOMB,BOMB,0.0931670656427741,False,False,False,True,False,False,False
random_ruehl_mask,mixed,111,270920371,50,DOWN,DOWN,0.053292023949325085,False,False,False,False,False,False,False
random_ruehl_mask,mixed,111,270920371,51,WAIT,WAIT,0.04237494431436062,False,True,False,False,False,False,False
random_ruehl_mask,mixed,111,270920371,52,DOWN,DOWN,0.05324999801814556,False,False,False,False,False,False,False
random_ruehl_mask,mixed,111,270920371,53,RIGHT,RIGHT,0.04670792259275913,False,False,False,False,False,False,False
random_ruehl_mask,mixed,111,270920371,54,RIGHT,RIGHT,0.05662499461323023,False,False,False,False,False,False,False
random_ruehl_mask,mixed,111,270920371,55,UP,UP,0.04191603511571884,False,False,False,False,False,False,False
random_ruehl_mask,mixed,111,270920371,56,WAIT,WAIT,0.05650008097290993,False,False,False,False,False,False,False
random_ruehl_mask,mixed,111,270920371,57,UP,UP,0.08741696365177631,False,False,False,False,False,False,False
random_ruehl_mask,mixed,111,270920371,58,DOWN,DOWN,0.10891607962548733,False,False,False,False,False,False,False
random_ruehl_mask,mixed,111,270920371,59,UP,UP,0.06629200652241707,False,False,False,False,False,False,False
random_ruehl_mask,mixed,111,270920371,60,WAIT,WAIT,0.08591706864535809,False,False,False,False,False,False,False
random_ruehl_mask,mixed,111,270920371,61,WAIT,WAIT,0.08083309512585402,False,True,False,False,False,False,True
random_ruehl_mask,mixed,111,270920371,62,BOMB,BOMB,0.07975008338689804,False,False,False,True,True,False,True
random_ruehl_mask,mixed,111,270920371,63,RIGHT,RIGHT,0.03599992487579584,False,False,False,False,False,False,True
random_ruehl_mask,mixed,111,270920371,64,WAIT,WAIT,0.035375007428228855,False,False,False,False,False,False,True
random_ruehl_mask,mixed,111,270920371,65,WAIT,WAIT,0.04620896652340889,False,False,False,False,False,False,True
random_ruehl_mask,mixed,111,270920371,66,WAIT,WAIT,0.05241704639047384,False,False,False,False,False,False,True
random_ruehl_mask,mixed,112,270920372,1,WAIT,WAIT,0.10229204781353474,False,True,False,False,False,False,False
random_ruehl_mask,mixed,112,270920372,2,LEFT,LEFT,0.07816590368747711,False,False,False,False,False,False,False
random_ruehl_mask,mixed,112,270920372,3,BOMB,BOMB,0.07083290256559849,False,False,False,True,False,False,False
random_ruehl_mask,mixed,112,270920372,4,RIGHT,RIGHT,0.03774999640882015,False,False,False,False,False,False,False
random_ruehl_mask,mixed,112,270920372,5,UP,UP,0.07695809472352266,False,False,False,False,False,False,False
random_ruehl_mask,mixed,112,270920372,6,WAIT,WAIT,0.0642499653622508,False,False,False,False,False,False,False
random_ruehl_mask,mixed,112,270920372,7,WAIT,WAIT,0.05949998740106821,False,False,False,False,False,False,False
random_ruehl_mask,mixed,112,270920372,8,WAIT,WAIT,0.04454096779227257,False,False,False,False,False,False,False
random_ruehl_mask,mixed,112,270920372,9,DOWN,DOWN,0.03854196984320879,False,False,False,False,False,False,True
random_ruehl_mask,mixed,112,270920372,10,BOMB,BOMB,0.0802080612629652,False,False,False,True,False,False,True
random_ruehl_mask,mixed,112,270920372,11,UP,UP,0.039499951526522636,False,True,True,False,False,False,True
random_ruehl_mask,mixed,112,270920372,12,WAIT,WAIT,0.04883401561528444,False,False,False,False,False,False,True
random_ruehl_mask,mixed,112,270920372,13,WAIT,WAIT,0.09033293463289738,False,False,False,False,False,False,True
random_ruehl_mask,mixed,112,270920372,14,WAIT,WAIT,0.11029199231415987,False,False,False,False,False,False,True
random_ruehl_mask,mixed,113,270920373,1,UP,UP,0.10487507097423077,False,True,False,False,False,False,False
random_ruehl_mask,mixed,113,270920373,2,DOWN,DOWN,0.08775002788752317,False,False,False,False,False,False,False
random_ruehl_mask,mixed,113,270920373,3,LEFT,LEFT,0.07983297109603882,False,False,False,False,False,False,True
random_ruehl_mask,mixed,113,270920373,4,BOMB,BOMB,0.10383292101323605,False,False,False,True,False,False,True
random_ruehl_mask,mixed,113,270920373,5,LEFT,LEFT,0.05433394107967615,False,False,False,False,False,False,True
random_ruehl_mask,mixed,113,270920373,6,WAIT,WAIT,0.0944170169532299,False,False,False,False,False,False,True
random_ruehl_mask,mixed,113,270920373,7,WAIT,WAIT,0.06874999962747097,False,False,False,False,False,False,True
random_ruehl_mask,mixed,113,270920373,8,WAIT,WAIT,0.0540000619366765,False,False,False,False,False,False,True
random_ruehl_mask,mixed,114,270920374,1,LEFT,LEFT,0.0939579913392663,False,True,False,False,False,False,False
random_ruehl_mask,mixed,114,270920374,2,RIGHT,RIGHT,0.07554097101092339,False,False,False,False,False,False,False
random_ruehl_mask,mixed,114,270920374,3,DOWN,DOWN,0.07262500002980232,False,False,False,False,False,False,False
random_ruehl_mask,mixed,114,270920374,4,BOMB,BOMB,0.07766601629555225,False,False,False,True,False,False,False
random_ruehl_mask,mixed,114,270920374,5,UP,UP,0.052458024583756924,False,False,False,False,False,False,False
random_ruehl_mask,mixed,114,270920374,6,LEFT,LEFT,0.05370809230953455,False,False,False,False,False,False,False
random_ruehl_mask,mixed,114,270920374,7,WAIT,WAIT,0.07962493691593409,False,False,False,False,False,False,False
random_ruehl_mask,mixed,114,270920374,8,WAIT,WAIT,0.05491706542670727,False,False,False,False,False,False,False
random_ruehl_mask,mixed,114,270920374,9,WAIT,WAIT,0.06229197606444359,False,False,False,False,False,False,False
random_ruehl_mask,mixed,114,270920374,10,RIGHT,RIGHT,0.0552500132471323,False,False,False,False,False,False,False
random_ruehl_mask,mixed,114,270920374,11,DOWN,DOWN,0.08954200893640518,False,True,False,False,False,False,False
random_ruehl_mask,mixed,114,270920374,12,WAIT,WAIT,0.077415956184268,False,False,False,False,False,False,False
random_ruehl_mask,mixed,114,270920374,13,UP,UP,0.07270893547683954,False,False,False,False,False,False,True
random_ruehl_mask,mixed,114,270920374,14,BOMB,BOMB,0.11383404489606619,False,False,False,True,False,False,True
random_ruehl_mask,mixed,114,270920374,15,LEFT,LEFT,0.05083298310637474,False,False,False,False,False,False,True
random_ruehl_mask,mixed,114,270920374,16,WAIT,WAIT,0.037416000850498676,False,False,False,False,False,False,True
random_ruehl_mask,mixed,114,270920374,17,WAIT,WAIT,0.06441702134907246,False,False,False,False,False,False,True
random_ruehl_mask,mixed,114,270920374,18,WAIT,WAIT,0.0552500132471323,False,False,False,False,False,False,True
random_ruehl_mask,mixed,115,270920375,1,RIGHT,RIGHT,0.11349993292242289,False,True,False,False,False,False,False
random_ruehl_mask,mixed,115,270920375,2,LEFT,LEFT,0.07787509821355343,False,False,False,False,False,False,False
random_ruehl_mask,mixed,115,270920375,3,WAIT,WAIT,0.09833299554884434,False,False,False,False,False,False,True
random_ruehl_mask,mixed,115,270920375,4,BOMB,BOMB,0.08129200432449579,False,False,False,True,False,False,True
random_ruehl_mask,mixed,115,270920375,5,UP,UP,0.07037504110485315,False,False,False,False,False,False,True
random_ruehl_mask,mixed,115,270920375,6,WAIT,WAIT,0.055875047110021114,False,False,False,False,False,False,True
random_ruehl_mask,mixed,115,270920375,7,WAIT,WAIT,0.05966704338788986,False,False,False,False,False,False,True
random_ruehl_mask,mixed,115,270920375,8,UP,UP,0.04916603211313486,False,False,False,False,False,False,True
random_ruehl_mask,mixed,116,270920376,1,UP,UP,0.09795802179723978,False,True,False,False,False,False,False
random_ruehl_mask,mixed,116,270920376,2,WAIT,WAIT,0.07700000423938036,False,False,False,False,False,False,False
random_ruehl_mask,mixed,116,270920376,3,BOMB,BOMB,0.07120904047042131,False,False,False,True,False,False,False
random_ruehl_mask,mixed,116,270920376,4,DOWN,DOWN,0.05154102109372616,False,False,False,False,False,False,False
random_ruehl_mask,mixed,116,270920376,5,WAIT,WAIT,0.07449998520314693,False,False,False,False,False,False,False
random_ruehl_mask,mixed,116,270920376,6,RIGHT,RIGHT,0.06604206282645464,False,False,False,False,False,False,False
random_ruehl_mask,mixed,116,270920376,7,WAIT,WAIT,0.08083297871053219,False,False,False,False,False,False,False
random_ruehl_mask,mixed,116,270920376,8,WAIT,WAIT,0.044459011405706406,False,False,False,False,False,False,False
random_ruehl_mask,mixed,116,270920376,9,WAIT,WAIT,0.03616698086261749,False,False,False,False,False,False,False
random_ruehl_mask,mixed,116,270920376,10,LEFT,LEFT,0.07166701834648848,False,False,False,False,False,False,False
random_ruehl_mask,mixed,116,270920376,11,WAIT,WAIT,0.08129200432449579,False,True,False,False,False,False,False
random_ruehl_mask,mixed,116,270920376,12,UP,UP,0.08095800876617432,False,False,False,False,False,False,False
random_ruehl_mask,mixed,116,270920376,13,WAIT,WAIT,0.059875077567994595,False,False,False,False,False,False,False
random_ruehl_mask,mixed,116,270920376,14,DOWN,DOWN,0.06066705100238323,False,False,False,False,False,False,False
random_ruehl_mask,mixed,116,270920376,15,UP,UP,0.08820800576359034,False,False,False,False,False,False,False
random_ruehl_mask,mixed,116,270920376,16,UP,UP,0.06579200271517038,False,False,False,False,False,False,False
random_ruehl_mask,mixed,116,270920376,17,UP,UP,0.12116599828004837,False,False,False,False,False,False,False
random_ruehl_mask,mixed,116,270920376,18,WAIT,WAIT,0.13837497681379318,False,False,False,False,False,False,True
random_ruehl_mask,mixed,116,270920376,19,BOMB,BOMB,0.0914999982342124,False,False,False,True,False,False,True
random_ruehl_mask,mixed,116,270920376,20,UP,UP,0.04958303179591894,False,False,False,False,False,False,True
random_ruehl_mask,mixed,116,270920376,21,WAIT,WAIT,0.058542005717754364,False,False,False,False,False,False,True
random_ruehl_mask,mixed,116,270920376,22,WAIT,WAIT,0.06554101128131151,False,False,False,False,False,False,True
random_ruehl_mask,mixed,116,270920376,23,WAIT,WAIT,0.06174994632601738,False,False,False,False,False,False,True
random_ruehl_mask,mixed,117,270920377,1,BOMB,BOMB,0.10599999222904444,False,True,False,True,False,False,False
random_ruehl_mask,mixed,117,270920377,2,DOWN,DOWN,0.05866598803550005,False,False,False,False,False,False,False
random_ruehl_mask,mixed,117,270920377,3,DOWN,DOWN,0.04508404526859522,False,False,False,False,False,False,False
random_ruehl_mask,mixed,117,270920377,4,LEFT,LEFT,0.05220796447247267,False,False,False,False,False,False,False
random_ruehl_mask,mixed,117,270920377,5,WAIT,WAIT,0.06941694300621748,False,False,False,False,False,False,False
random_ruehl_mask,mixed,117,270920377,6,WAIT,WAIT,0.08737493772059679,False,False,False,False,False,False,False
random_ruehl_mask,mixed,117,270920377,7,WAIT,WAIT,0.07650000043213367,False,False,False,False,False,False,False
random_ruehl_mask,mixed,117,270920377,8,BOMB,BOMB,0.077791977673769,False,False,False,True,False,False,False
random_ruehl_mask,mixed,117,270920377,9,RIGHT,RIGHT,0.039917067624628544,False,False,False,False,False,False,False
random_ruehl_mask,mixed,117,270920377,10,WAIT,WAIT,0.048874993808567524,False,False,False,False,False,False,False
random_ruehl_mask,mixed,117,270920377,11,UP,UP,0.04708394408226013,False,True,False,False,False,False,False
random_ruehl_mask,mixed,117,270920377,12,WAIT,WAIT,0.04658300895243883,False,False,False,False,False,False,False
random_ruehl_mask,mixed,117,270920377,13,UP,UP,0.0601249048486352,False,False,False,False,False,False,False
random_ruehl_mask,mixed,117,270920377,14,DOWN,DOWN,0.06804103031754494,False,False,False,False,False,False,False
random_ruehl_mask,mixed,117,270920377,15,WAIT,WAIT,0.09058299474418163,False,False,False,False,False,False,False
random_ruehl_mask,mixed,117,270920377,16,BOMB,BOMB,0.0742500415071845,False,False,False,True,False,False,False
random_ruehl_mask,mixed,117,270920377,17,DOWN,DOWN,0.04070799332112074,False,False,False,False,False,False,False
random_ruehl_mask,mixed,117,270920377,18,DOWN,DOWN,0.03808399196714163,False,False,False,False,False,False,False
random_ruehl_mask,mixed,117,270920377,19,UP,UP,0.04908395931124687,False,False,False,False,False,False,False
random_ruehl_mask,mixed,117,270920377,20,LEFT,LEFT,0.04654203075915575,False,False,False,False,False,False,False
random_ruehl_mask,mixed,117,270920377,21,WAIT,WAIT,0.06325007416307926,False,True,False,False,False,False,False
random_ruehl_mask,mixed,117,270920377,22,RIGHT,RIGHT,0.06079091690480709,False,False,False,False,False,False,False
random_ruehl_mask,mixed,117,270920377,23,LEFT,LEFT,0.1116669736802578,False,False,False,False,False,False,False
random_ruehl_mask,mixed,117,270920377,24,WAIT,WAIT,0.05712499842047691,False,False,False,False,False,False,False
random_ruehl_mask,mixed,117,270920377,25,RIGHT,RIGHT,0.05620799493044615,False,False,False,False,False,False,False
random_ruehl_mask,mixed,117,270920377,26,WAIT,WAIT,0.05583302117884159,False,False,False,False,False,False,False
random_ruehl_mask,mixed,117,270920377,27,LEFT,LEFT,0.051875016652047634,False,False,False,False,False,False,False
random_ruehl_mask,mixed,117,270920377,28,LEFT,LEFT,0.04837499000132084,False,False,False,False,False,False,False
random_ruehl_mask,mixed,117,270920377,29,WAIT,WAIT,0.0945419305935502,False,False,False,False,False,False,True
random_ruehl_mask,mixed,117,270920377,30,BOMB,BOMB,0.08258398156613111,False,False,False,True,False,False,True
random_ruehl_mask,mixed,117,270920377,31,LEFT,LEFT,0.044958083890378475,False,True,False,False,False,False,True
random_ruehl_mask,mixed,117,270920377,32,WAIT,WAIT,0.06579200271517038,False,False,False,False,False,False,True
random_ruehl_mask,mixed,117,270920377,33,WAIT,WAIT,0.06779201794415712,False,False,False,False,False,False,True
random_ruehl_mask,mixed,117,270920377,34,LEFT,LEFT,0.07479195483028889,False,False,False,False,False,False,True
random_ruehl_mask,mixed,118,270920378,1,WAIT,WAIT,0.10975007899105549,False,True,False,False,False,False,False
random_ruehl_mask,mixed,118,270920378,2,UP,UP,0.07704203017055988,False,False,False,False,False,False,False
random_ruehl_mask,mixed,118,270920378,3,BOMB,BOMB,0.07070798892527819,False,False,False,True,False,False,False
random_ruehl_mask,mixed,118,270920378,4,DOWN,DOWN,0.03912497777491808,False,False,False,False,False,False,False
random_ruehl_mask,mixed,118,270920378,5,LEFT,LEFT,0.07695902604609728,False,False,False,False,False,False,False
random_ruehl_mask,mixed,118,270920378,6,WAIT,WAIT,0.0752090709283948,False,False,False,False,False,False,False
random_ruehl_mask,mixed,118,270920378,7,WAIT,WAIT,0.06037496495991945,False,False,False,False,False,False,False
random_ruehl_mask,mixed,118,270920378,8,WAIT,WAIT,0.057333032600581646,False,False,False,False,False,False,False
random_ruehl_mask,mixed,118,270920378,9,WAIT,WAIT,0.04075001925230026,False,False,False,False,False,False,False
random_ruehl_mask,mixed,118,270920378,10,WAIT,WAIT,0.07479195483028889,False,False,False,False,False,False,False
random_ruehl_mask,mixed,118,270920378,11,BOMB,BOMB,0.0677499920129776,False,True,False,True,False,False,False
random_ruehl_mask,mixed,118,270920378,12,RIGHT,RIGHT,0.041624996811151505,False,False,False,False,False,False,False
random_ruehl_mask,mixed,118,270920378,13,WAIT,WAIT,0.05433405749499798,False,False,False,False,False,False,False
random_ruehl_mask,mixed,118,270920378,14,UP,UP,0.05754095036536455,False,False,False,False,False,False,False
random_ruehl_mask,mixed,118,270920378,15,WAIT,WAIT,0.1088329590857029,False,False,False,False,False,False,False
random_ruehl_mask,mixed,118,270920378,16,UP,UP,0.053625088185071945,False,False,False,False,False,False,False
random_ruehl_mask,mixed,118,270920378,17,WAIT,WAIT,0.03925000783056021,False,False,False,False,False,False,False
random_ruehl_mask,mixed,118,270920378,18,WAIT,WAIT,0.12437498662620783,False,False,False,False,False,False,False
random_ruehl_mask,mixed,118,270920378,19,WAIT,WAIT,0.09991705883294344,False,False,False,False,False,False,False
random_ruehl_mask,mixed,118,270920378,20,DOWN,DOWN,0.10191602632403374,False,False,False,False,False,False,False
random_ruehl_mask,mixed,118,270920378,21,UP,UP,0.09733298793435097,False,True,False,False,False,False,False
random_ruehl_mask,mixed,118,270920378,22,WAIT,WAIT,0.1163750421255827,False,False,False,False,False,False,False
random_ruehl_mask,mixed,118,270920378,23,DOWN,DOWN,0.09845895692706108,False,False,False,False,False,False,False
random_ruehl_mask,mixed,118,270920378,24,WAIT,WAIT,0.05179096478968859,False,False,False,False,False,False,False
random_ruehl_mask,mixed,118,270920378,25,UP,UP,0.0475830165669322,False,False,False,False,False,False,True
random_ruehl_mask,mixed,118,270920378,26,BOMB,BOMB,0.0843339366838336,False,False,False,True,False,False,True
random_ruehl_mask,mixed,118,270920378,27,DOWN,DOWN,0.03554194699972868,False,False,False,False,False,False,True
random_ruehl_mask,mixed,118,270920378,28,WAIT,WAIT,0.045082997530698776,False,False,False,False,False,False,True
random_ruehl_mask,mixed,118,270920378,29,WAIT,WAIT,0.05029106978327036,False,False,False,False,False,False,True
random_ruehl_mask,mixed,118,270920378,30,DOWN,DOWN,0.07179100066423416,False,False,False,False,False,False,True
random_ruehl_mask,mixed,119,270920379,1,WAIT,WAIT,0.09858410339802504,False,True,False,False,False,False,False
random_ruehl_mask,mixed,119,270920379,2,WAIT,WAIT,0.08287501987069845,False,False,False,False,False,False,False
random_ruehl_mask,mixed,119,270920379,3,LEFT,LEFT,0.07345899939537048,False,False,False,False,False,False,False
random_ruehl_mask,mixed,119,270920379,4,BOMB,BOMB,0.06612506695091724,False,False,False,True,False,False,False
random_ruehl_mask,mixed,119,270920379,5,RIGHT,RIGHT,0.071709044277668,False,False,False,False,False,False,False
random_ruehl_mask,mixed,119,270920379,6,WAIT,WAIT,0.0588330440223217,False,False,False,False,False,False,False
random_ruehl_mask,mixed,119,270920379,7,DOWN,DOWN,0.059165991842746735,False,False,False,False,False,False,False
random_ruehl_mask,mixed,119,270920379,8,WAIT,WAIT,0.045082997530698776,False,False,False,False,False,False,False
random_ruehl_mask,mixed,119,270920379,9,WAIT,WAIT,0.041792052797973156,False,False,False,False,False,False,False
random_ruehl_mask,mixed,119,270920379,10,UP,UP,0.048749963752925396,False,False,False,False,False,False,False
random_ruehl_mask,mixed,119,270920379,11,WAIT,WAIT,0.09333295747637749,False,True,False,False,False,False,False
random_ruehl_mask,mixed,119,270920379,12,BOMB,BOMB,0.08645898196846247,False,False,False,True,False,False,False
random_ruehl_mask,mixed,119,270920379,13,LEFT,LEFT,0.053292023949325085,False,False,False,False,False,False,False
random_ruehl_mask,mixed,119,270920379,14,LEFT,LEFT,0.051042065024375916,False,False,False,False,False,False,False
random_ruehl_mask,mixed,119,270920379,15,LEFT,LEFT,0.06400002166628838,False,False,False,False,False,False,False
random_ruehl_mask,mixed,119,270920379,16,LEFT,LEFT,0.04499999340623617,False,False,False,False,False,False,False
random_ruehl_mask,mixed,119,270920379,17,DOWN,DOWN,0.052332994528114796,False,False,False,False,False,False,False
random_ruehl_mask,mixed,119,270920379,18,WAIT,WAIT,0.038792029954493046,False,False,False,False,False,False,False
random_ruehl_mask,mixed,119,270920379,19,UP,UP,0.0765839358791709,False,False,False,False,False,False,False
random_ruehl_mask,mixed,119,270920379,20,WAIT,WAIT,0.09841599967330694,False,False,False,False,False,False,False
random_ruehl_mask,mixed,119,270920379,21,LEFT,LEFT,0.13820803724229336,False,True,False,False,False,False,False
random_ruehl_mask,mixed,119,270920379,22,WAIT,WAIT,0.09424996096640825,False,False,False,False,False,False,False
random_ruehl_mask,mixed,119,270920379,23,BOMB,BOMB,0.0830839853733778,False,False,False,True,False,False,False
random_ruehl_mask,mixed,119,270920379,24,RIGHT,RIGHT,0.03808306064456701,False,False,False,False,False,False,False
random_ruehl_mask,mixed,119,270920379,25,RIGHT,RIGHT,0.04079192876815796,False,False,False,False,False,False,False
random_ruehl_mask,mixed,119,270920379,26,RIGHT,RIGHT,0.04895799793303013,False,False,False,False,False,False,False
random_ruehl_mask,mixed,119,270920379,27,RIGHT,RIGHT,0.0576250022277236,False,False,False,False,False,False,False
random_ruehl_mask,mixed,119,270920379,28,RIGHT,RIGHT,0.05062494892627001,False,False,False,False,False,False,False
random_ruehl_mask,mixed,119,270920379,29,DOWN,DOWN,0.04091695882380009,False,False,False,False,False,False,False
random_ruehl_mask,mixed,119,270920379,30,WAIT,WAIT,0.06979191675782204,False,False,False,False,False,False,False
random_ruehl_mask,mixed,119,270920379,31,BOMB,BOMB,0.0766250304877758,False,True,False,True,False,False,False
random_ruehl_mask,mixed,119,270920379,32,UP,UP,0.06341596599668264,False,False,False,False,False,False,False
random_ruehl_mask,mixed,119,270920379,33,WAIT,WAIT,0.05716690793633461,False,False,False,False,False,False,False
random_ruehl_mask,mixed,119,270920379,34,LEFT,LEFT,0.057750032283365726,False,False,False,False,False,False,False
random_ruehl_mask,mixed,119,270920379,35,WAIT,WAIT,0.04891608841717243,False,False,False,False,False,False,False
random_ruehl_mask,mixed,119,270920379,36,WAIT,WAIT,0.047625042498111725,False,False,False,False,False,False,False
random_ruehl_mask,mixed,119,270920379,37,RIGHT,RIGHT,0.03658398054540157,False,False,False,False,False,False,False
random_ruehl_mask,mixed,119,270920379,38,WAIT,WAIT,0.050875009037554264,False,False,False,False,False,False,False
random_ruehl_mask,mixed,119,270920379,39,DOWN,DOWN,0.07599999662488699,False,False,False,False,False,False,False
random_ruehl_mask,mixed,119,270920379,40,UP,UP,0.062208971939980984,False,False,False,False,False,False,False
random_ruehl_mask,mixed,119,270920379,41,WAIT,WAIT,0.05837506614625454,False,True,False,False,False,False,False
random_ruehl_mask,mixed,119,270920379,42,DOWN,DOWN,0.0743749551475048,False,False,False,False,False,False,False
random_ruehl_mask,mixed,119,270920379,43,WAIT,WAIT,0.1490000868216157,False,False,False,False,False,False,False
random_ruehl_mask,mixed,119,270920379,44,UP,UP,0.09354203939437866,False,False,False,False,False,False,False
random_ruehl_mask,mixed,119,270920379,45,DOWN,DOWN,0.06845803000032902,False,False,False,False,False,False,False
random_ruehl_mask,mixed,119,270920379,46,WAIT,WAIT,0.07487507537007332,False,False,False,False,False,False,False
random_ruehl_mask,mixed,119,270920379,47,UP,UP,0.06341596599668264,False,False,False,False,False,False,False
random_ruehl_mask,mixed,119,270920379,48,LEFT,LEFT,0.07716601248830557,False,False,False,False,False,False,False
random_ruehl_mask,mixed,119,270920379,49,WAIT,WAIT,0.05941605195403099,False,False,False,False,False,False,False
random_ruehl_mask,mixed,119,270920379,50,WAIT,WAIT,0.07308297790586948,False,False,False,False,False,False,False
random_ruehl_mask,mixed,119,270920379,51,RIGHT,RIGHT,0.10312499944120646,False,True,False,False,False,False,True
random_ruehl_mask,mixed,119,270920379,52,BOMB,BOMB,0.09504205081611872,False,False,False,True,True,False,True
random_ruehl_mask,mixed,119,270920379,53,LEFT,LEFT,0.05012506153434515,False,False,False,False,False,False,True
random_ruehl_mask,mixed,119,270920379,54,WAIT,WAIT,0.04845799412578344,False,False,False,False,False,False,True
random_ruehl_mask,mixed,119,270920379,55,WAIT,WAIT,0.0539170578122139,False,False,False,False,False,False,True
random_ruehl_mask,mixed,119,270920379,56,WAIT,WAIT,0.04541594535112381,False,False,False,False,False,False,True
random_ruehl_mask,mixed,120,270920380,1,UP,UP,0.09816698729991913,False,True,False,False,False,False,False
random_ruehl_mask,mixed,120,270920380,2,DOWN,DOWN,0.07770897354930639,False,False,False,False,False,False,False
random_ruehl_mask,mixed,120,270920380,3,UP,UP,0.0724999699741602,False,False,False,False,False,False,False
random_ruehl_mask,mixed,120,270920380,4,BOMB,BOMB,0.09579199831932783,False,False,False,True,False,False,False
random_ruehl_mask,mixed,120,270920380,5,DOWN,DOWN,0.05295907612890005,False,False,False,False,False,False,False
random_ruehl_mask,mixed,120,270920380,6,RIGHT,RIGHT,0.06862496957182884,False,False,False,False,False,False,False
random_ruehl_mask,mixed,120,270920380,7,WAIT,WAIT,0.0635830219835043,False,False,False,False,False,False,False
random_ruehl_mask,mixed,120,270920380,8,WAIT,WAIT,0.057666911743581295,False,False,False,False,False,False,False
random_ruehl_mask,mixed,120,270920380,9,WAIT,WAIT,0.05141599103808403,False,False,False,False,False,False,False
random_ruehl_mask,mixed,120,270920380,10,LEFT,LEFT,0.047874986194074154,False,False,False,False,False,False,True
random_ruehl_mask,mixed,120,270920380,11,BOMB,BOMB,0.08737505413591862,False,True,False,True,False,False,True
random_ruehl_mask,mixed,120,270920380,12,RIGHT,RIGHT,0.04629092290997505,False,False,False,False,False,False,True
random_ruehl_mask,mixed,120,270920380,13,WAIT,WAIT,0.049666035920381546,False,False,False,False,False,False,True
random_ruehl_mask,mixed,120,270920380,14,WAIT,WAIT,0.0862909946590662,False,False,False,False,False,False,True
random_ruehl_mask,mixed,120,270920380,15,WAIT,WAIT,0.06950006354600191,False,False,False,False,False,False,True
random_ruehl_mask,mixed,121,270920381,1,RIGHT,RIGHT,0.09895896073430777,False,True,False,False,False,False,False
random_ruehl_mask,mixed,121,270920381,2,LEFT,LEFT,0.07075001485645771,False,False,False,False,False,False,False
random_ruehl_mask,mixed,121,270920381,3,UP,UP,0.07516704499721527,False,False,False,False,False,False,False
random_ruehl_mask,mixed,121,270920381,4,DOWN,DOWN,0.07037492468953133,False,False,False,False,False,False,False
random_ruehl_mask,mixed,121,270920381,5,RIGHT,RIGHT,0.12037495616823435,False,False,False,False,False,False,False
random_ruehl_mask,mixed,121,270920381,6,LEFT,LEFT,0.08429097943007946,False,False,False,False,False,False,False
random_ruehl_mask,mixed,121,270920381,7,UP,UP,0.09770796168595552,False,False,False,False,False,False,False
random_ruehl_mask,mixed,121,270920381,8,UP,UP,0.0777500681579113,False,False,False,False,False,False,False
random_ruehl_mask,mixed,121,270920381,9,WAIT,WAIT,0.07037504110485315,False,False,False,False,False,False,True
random_ruehl_mask,mixed,121,270920381,10,BOMB,BOMB,0.07195898797363043,False,False,False,True,False,False,True
random_ruehl_mask,mixed,121,270920381,11,DOWN,DOWN,0.042208004742860794,False,True,False,False,False,False,True
random_ruehl_mask,mixed,121,270920381,12,WAIT,WAIT,0.046791043132543564,False,False,False,False,False,False,True
random_ruehl_mask,mixed,121,270920381,13,WAIT,WAIT,0.06420898716896772,False,False,False,False,False,False,True
random_ruehl_mask,mixed,121,270920381,14,DOWN,DOWN,0.08208397775888443,False,False,False,False,False,False,True
random_ruehl_mask,mixed,122,270920382,1,WAIT,WAIT,0.10329193901270628,False,True,False,False,False,False,False
random_ruehl_mask,mixed,122,270920382,2,RIGHT,RIGHT,0.07991690654307604,False,False,False,False,False,False,False
random_ruehl_mask,mixed,122,270920382,3,WAIT,WAIT,0.06962497718632221,False,False,False,False,False,False,False
random_ruehl_mask,mixed,122,270920382,4,LEFT,LEFT,0.06620807107537985,False,False,False,False,False,False,False
random_ruehl_mask,mixed,122,270920382,5,RIGHT,RIGHT,0.08350005373358727,False,False,False,False,False,False,False
random_ruehl_mask,mixed,122,270920382,6,LEFT,LEFT,0.07995800115168095,False,False,False,False,False,False,False
random_ruehl_mask,mixed,122,270920382,7,RIGHT,RIGHT,0.07929094135761261,False,False,False,False,False,False,False
random_ruehl_mask,mixed,122,270920382,8,BOMB,BOMB,0.0630419235676527,False,False,False,True,False,False,False
random_ruehl_mask,mixed,122,270920382,9,LEFT,LEFT,0.03474997356534004,False,False,False,False,False,False,False
random_ruehl_mask,mixed,122,270920382,10,DOWN,DOWN,0.03745791036635637,False,False,False,False,False,False,False
random_ruehl_mask,mixed,122,270920382,11,WAIT,WAIT,0.04441698547452688,False,True,False,False,False,False,False
random_ruehl_mask,mixed,122,270920382,12,WAIT,WAIT,0.04366703797131777,False,False,False,False,False,False,False
random_ruehl_mask,mixed,122,270920382,13,WAIT,WAIT,0.08208397775888443,False,False,False,False,False,False,False
random_ruehl_mask,mixed,122,270920382,14,UP,UP,0.05362497176975012,False,False,False,False,False,False,False
random_ruehl_mask,mixed,122,270920382,15,WAIT,WAIT,0.11245801579207182,False,False,False,False,False,False,False
random_ruehl_mask,mixed,122,270920382,16,RIGHT,RIGHT,0.08079200051724911,False,False,False,False,False,False,False
random_ruehl_mask,mixed,122,270920382,17,LEFT,LEFT,0.04691700451076031,False,False,False,False,False,False,True
random_ruehl_mask,mixed,122,270920382,18,BOMB,BOMB,0.07858301978558302,False,False,False,True,False,False,True
random_ruehl_mask,mixed,122,270920382,19,DOWN,DOWN,0.0434160465374589,False,False,False,False,False,False,True
random_ruehl_mask,mixed,122,270920382,20,WAIT,WAIT,0.06220792420208454,False,False,False,False,False,False,True
random_ruehl_mask,mixed,122,270920382,21,WAIT,WAIT,0.06937503349035978,False,False,False,False,False,False,True
random_ruehl_mask,mixed,122,270920382,22,WAIT,WAIT,0.06837490946054459,False,False,False,False,False,False,True
random_ruehl_mask,mixed,123,270920383,1,LEFT,LEFT,0.0952909467741847,False,True,False,False,False,False,False
random_ruehl_mask,mixed,123,270920383,2,LEFT,LEFT,0.08908298332244158,False,False,False,False,False,False,False
random_ruehl_mask,mixed,123,270920383,3,WAIT,WAIT,0.08287501987069845,False,False,False,False,False,False,False
random_ruehl_mask,mixed,123,270920383,4,WAIT,WAIT,0.09416602551937103,False,False,False,False,False,False,False
random_ruehl_mask,mixed,123,270920383,5,WAIT,WAIT,0.11016707867383957,False,False,False,False,False,False,False
random_ruehl_mask,mixed,123,270920383,6,RIGHT,RIGHT,0.12033293023705482,False,False,False,False,False,False,False
random_ruehl_mask,mixed,123,270920383,7,RIGHT,RIGHT,0.0886659836396575,False,False,False,False,False,False,True
random_ruehl_mask,mixed,123,270920383,8,BOMB,BOMB,0.07695890963077545,False,False,False,True,False,False,True
random_ruehl_mask,mixed,123,270920383,9,UP,UP,0.03766606096178293,False,False,False,False,False,False,True
random_ruehl_mask,mixed,123,270920383,10,WAIT,WAIT,0.03591598942875862,False,False,False,False,False,False,True
random_ruehl_mask,mixed,123,270920383,11,WAIT,WAIT,0.06154098082333803,False,False,False,False,False,False,True
random_ruehl_mask,mixed,123,270920383,12,WAIT,WAIT,0.04879198968410492,False,False,False,False,False,False,True
random_ruehl_mask,mixed,124,270920384,1,WAIT,WAIT,0.0967920059338212,False,True,False,False,False,False,False
random_ruehl_mask,mixed,124,270920384,2,LEFT,LEFT,0.0760830007493496,False,False,False,False,False,False,False
random_ruehl_mask,mixed,124,270920384,3,RIGHT,RIGHT,0.06604206282645464,False,False,False,False,False,False,False
random_ruehl_mask,mixed,124,270920384,4,WAIT,WAIT,0.10475004091858864,False,False,False,False,False,False,False
random_ruehl_mask,mixed,124,270920384,5,UP,UP,0.09737501386553049,False,False,False,False,False,False,False
random_ruehl_mask,mixed,124,270920384,6,WAIT,WAIT,0.08074997458606958,False,False,False,False,False,False,False
random_ruehl_mask,mixed,124,270920384,7,WAIT,WAIT,0.07524993270635605,False,False,False,False,False,False,False
random_ruehl_mask,mixed,124,270920384,8,BOMB,BOMB,0.06154109723865986,False,False,False,True,False,False,False
random_ruehl_mask,mixed,124,270920384,9,DOWN,DOWN,0.05679100286215544,False,False,False,False,False,False,False
random_ruehl_mask,mixed,124,270920384,10,LEFT,LEFT,0.059916055761277676,False,False,False,False,False,False,False
random_ruehl_mask,mixed,124,270920384,11,WAIT,WAIT,0.0577080063521862,False,True,False,False,False,False,False
random_ruehl_mask,mixed,124,270920384,12,WAIT,WAIT,0.049459049478173256,False,False,False,False,False,False,False
random_ruehl_mask,mixed,124,270920384,13,LEFT,LEFT,0.08650007657706738,False,False,False,False,False,False,False
random_ruehl_mask,mixed,124,270920384,14,RIGHT,RIGHT,0.05124998278915882,False,False,False,False,False,False,False
random_ruehl_mask,mixed,124,270920384,15,WAIT,WAIT,0.08045800495892763,False,False,False,False,False,False,False
random_ruehl_mask,mixed,124,270920384,16,WAIT,WAIT,0.06687501445412636,False,False,False,False,False,False,False
random_ruehl_mask,mixed,124,270920384,17,BOMB,BOMB,0.06512494292110205,False,False,False,True,False,False,False
random_ruehl_mask,mixed,124,270920384,18,RIGHT,RIGHT,0.06441702134907246,False,False,False,False,False,False,False
random_ruehl_mask,mixed,124,270920384,19,UP,UP,0.03787502646446228,False,False,False,False,False,False,False
random_ruehl_mask,mixed,124,270920384,20,WAIT,WAIT,0.051999930292367935,False,False,False,False,False,False,False
random_ruehl_mask,mixed,124,270920384,21,WAIT,WAIT,0.059875077567994595,False,True,False,False,False,False,False
random_ruehl_mask,mixed,124,270920384,22,WAIT,WAIT,0.07266702596098185,False,False,False,False,False,False,False
random_ruehl_mask,mixed,124,270920384,23,WAIT,WAIT,0.04629103932529688,False,False,False,False,False,False,False
random_ruehl_mask,mixed,124,270920384,24,UP,UP,0.04700000863522291,False,False,False,False,False,False,False
random_ruehl_mask,mixed,124,270920384,25,DOWN,DOWN,0.07645809091627598,False,False,False,False,False,False,False
random_ruehl_mask,mixed,124,270920384,26,UP,UP,0.06033293902873993,False,False,False,False,False,False,False
random_ruehl_mask,mixed,124,270920384,27,UP,UP,0.08162506856024265,False,False,False,False,False,False,False
random_ruehl_mask,mixed,124,270920384,28,WAIT,WAIT,0.07458392065018415,False,False,False,False,False,False,False
random_ruehl_mask,mixed,124,270920384,29,UP,UP,0.08054089266806841,False,False,False,False,False,False,False
random_ruehl_mask,mixed,124,270920384,30,DOWN,DOWN,0.09666697587817907,False,False,False,False,False,False,False
random_ruehl_mask,mixed,124,270920384,31,DOWN,DOWN,0.08958298712968826,False,True,False,False,False,False,False
random_ruehl_mask,mixed,124,270920384,32,UP,UP,0.09895802941173315,False,False,False,False,False,False,True
random_ruehl_mask,mixed,124,270920384,33,BOMB,BOMB,0.08341600187122822,False,False,False,True,False,False,True
random_ruehl_mask,mixed,124,270920384,34,UP,UP,0.03754196222871542,False,False,False,False,False,False,True
random_ruehl_mask,mixed,124,270920384,35,WAIT,WAIT,0.03550003748387098,False,False,False,False,False,False,True
random_ruehl_mask,mixed,124,270920384,36,WAIT,WAIT,0.05991698708385229,False,False,False,False,False,False,True
random_ruehl_mask,mixed,124,270920384,37,WAIT,WAIT,0.0752920750528574,False,False,False,False,False,False,True
random_ruehl_mask,mixed,125,270920385,1,WAIT,WAIT,0.09604194201529026,False,True,False,False,False,False,False
random_ruehl_mask,mixed,125,270920385,2,UP,UP,0.07929105777293444,False,False,False,False,False,False,False
random_ruehl_mask,mixed,125,270920385,3,BOMB,BOMB,0.06612506695091724,False,False,False,True,False,False,False
random_ruehl_mask,mixed,125,270920385,4,DOWN,DOWN,0.038624973967671394,False,False,False,False,False,False,False
random_ruehl_mask,mixed,125,270920385,5,WAIT,WAIT,0.07745798211544752,False,False,False,False,False,False,False
random_ruehl_mask,mixed,125,270920385,6,RIGHT,RIGHT,0.08291599806398153,False,False,False,False,False,False,False
random_ruehl_mask,mixed,125,270920385,7,WAIT,WAIT,0.06337510421872139,False,False,False,False,False,False,False
random_ruehl_mask,mixed,125,270920385,8,WAIT,WAIT,0.045208027586340904,False,False,False,False,False,False,False
random_ruehl_mask,mixed,125,270920385,9,LEFT,LEFT,0.03641704097390175,False,False,False,False,False,False,True
random_ruehl_mask,mixed,125,270920385,10,BOMB,BOMB,0.09979098103940487,False,False,False,True,False,False,True
random_ruehl_mask,mixed,125,270920385,11,UP,UP,0.04287506453692913,False,True,False,False,False,False,True
random_ruehl_mask,mixed,125,270920385,12,WAIT,WAIT,0.03991695120930672,False,False,False,False,False,False,True
random_ruehl_mask,mixed,125,270920385,13,WAIT,WAIT,0.06162503268569708,False,False,False,False,False,False,True
random_ruehl_mask,mixed,125,270920385,14,UP,UP,0.08016591891646385,False,False,False,False,False,False,True
random_ruehl_mask,mixed,126,270920386,1,WAIT,WAIT,0.1082499511539936,False,True,False,False,False,False,False
random_ruehl_mask,mixed,126,270920386,2,UP,UP,0.10291696526110172,False,False,False,False,False,False,False
random_ruehl_mask,mixed,126,270920386,3,DOWN,DOWN,0.07800001185387373,False,False,False,False,False,False,False
random_ruehl_mask,mixed,126,270920386,4,WAIT,WAIT,0.07737497799098492,False,False,False,False,False,False,False
random_ruehl_mask,mixed,126,270920386,5,UP,UP,0.08979195263236761,False,False,False,False,False,False,False
random_ruehl_mask,mixed,126,270920386,6,WAIT,WAIT,0.10416703298687935,False,False,False,False,False,False,False
random_ruehl_mask,mixed,126,270920386,7,BOMB,BOMB,0.08687505032867193,False,False,False,True,False,False,False
random_ruehl_mask,mixed,126,270920386,8,DOWN,DOWN,0.0398330157622695,False,False,False,False,False,False,False
random_ruehl_mask,mixed,126,270920386,9,WAIT,WAIT,0.03758398815989494,False,False,False,False,False,False,False
random_ruehl_mask,mixed,126,270920386,10,LEFT,LEFT,0.0653750030323863,False,False,False,False,False,False,False
random_ruehl_mask,mixed,126,270920386,11,WAIT,WAIT,0.05350005812942982,False,True,False,False,False,False,False
random_ruehl_mask,mixed,126,270920386,12,WAIT,WAIT,0.04804099444299936,False,False,False,False,False,False,False
random_ruehl_mask,mixed,126,270920386,13,WAIT,WAIT,0.0588749535381794,False,False,False,False,False,False,False
random_ruehl_mask,mixed,126,270920386,14,LEFT,LEFT,0.1045839162543416,False,False,False,False,False,False,False
random_ruehl_mask,mixed,126,270920386,15,BOMB,BOMB,0.11312495917081833,False,False,False,True,False,False,False
random_ruehl_mask,mixed,126,270920386,16,RIGHT,RIGHT,0.04454201553016901,False,False,False,False,False,False,False
random_ruehl_mask,mixed,126,270920386,17,RIGHT,RIGHT,0.04816707223653793,False,False,False,False,False,False,False
random_ruehl_mask,mixed,126,270920386,18,UP,UP,0.052875024266541004,False,False,False,False,False,False,False
random_ruehl_mask,mixed,126,270920386,19,WAIT,WAIT,0.04950002767145634,False,False,False,False,False,False,False
random_ruehl_mask,mixed,126,270920386,20,WAIT,WAIT,0.062083941884338856,False,False,False,False,False,False,False
random_ruehl_mask,mixed,126,270920386,21,DOWN,DOWN,0.057833967730402946,False,True,False,False,False,False,False
random_ruehl_mask,mixed,126,270920386,22,UP,UP,0.08941604755818844,False,False,False,False,False,False,False
random_ruehl_mask,mixed,126,270920386,23,DOWN,DOWN,0.06620795466005802,False,False,False,False,False,False,False
random_ruehl_mask,mixed,126,270920386,24,LEFT,LEFT,0.052332994528114796,False,False,False,False,False,False,False
random_ruehl_mask,mixed,126,270920386,25,RIGHT,RIGHT,0.0499160960316658,False,False,False,False,False,False,False
random_ruehl_mask,mixed,126,270920386,26,UP,UP,0.049584079533815384,False,False,False,False,False,False,False
random_ruehl_mask,mixed,126,270920386,27,UP,UP,0.049708993174135685,False,False,False,False,False,False,False
random_ruehl_mask,mixed,126,270920386,28,WAIT,WAIT,0.0904579646885395,False,False,False,False,False,False,False
random_ruehl_mask,mixed,126,270920386,29,DOWN,DOWN,0.09258300997316837,False,False,False,False,False,False,False
random_ruehl_mask,mixed,126,270920386,30,DOWN,DOWN,0.09049999061971903,False,False,False,False,False,False,False
random_ruehl_mask,mixed,126,270920386,31,WAIT,WAIT,0.06420898716896772,False,True,False,False,False,False,False
random_ruehl_mask,mixed,126,270920386,32,LEFT,LEFT,0.05954096559435129,False,False,False,False,False,False,False
random_ruehl_mask,mixed,126,270920386,33,RIGHT,RIGHT,0.06545800715684891,False,False,False,False,False,False,False
random_ruehl_mask,mixed,126,270920386,34,UP,UP,0.05866703577339649,False,False,False,False,False,False,False
random_ruehl_mask,mixed,126,270920386,35,UP,UP,0.05633407272398472,False,False,False,False,False,False,False
random_ruehl_mask,mixed,126,270920386,36,WAIT,WAIT,0.09241700172424316,False,False,False,False,False,False,False
random_ruehl_mask,mixed,126,270920386,37,WAIT,WAIT,0.10599999222904444,False,False,False,False,False,False,False
random_ruehl_mask,mixed,126,270920386,38,BOMB,BOMB,0.09124993812292814,False,False,False,True,False,False,False
random_ruehl_mask,mixed,126,270920386,39,DOWN,DOWN,0.04962494131177664,False,False,False,False,False,False,False
random_ruehl_mask,mixed,126,270920386,40,DOWN,DOWN,0.04841701593250036,False,False,False,False,False,False,False
random_ruehl_mask,mixed,126,270920386,41,LEFT,LEFT,0.057541998103260994,False,True,False,False,False,False,False
random_ruehl_mask,mixed,126,270920386,42,WAIT,WAIT,0.0499580055475235,False,False,False,False,False,False,False
random_ruehl_mask,mixed,126,270920386,43,WAIT,WAIT,0.05633395630866289,False,False,False,False,False,False,False
random_ruehl_mask,mixed,126,270920386,44,WAIT,WAIT,0.05633407272398472,False,False,False,False,False,False,False
random_ruehl_mask,mixed,126,270920386,45,RIGHT,RIGHT,0.07158401422202587,False,False,False,False,False,False,False
random_ruehl_mask,mixed,126,270920386,46,WAIT,WAIT,0.05220796447247267,False,False,False,False,False,False,False
random_ruehl_mask,mixed,126,270920386,47,LEFT,LEFT,0.04875008016824722,False,False,False,False,False,False,False
random_ruehl_mask,mixed,126,270920386,48,WAIT,WAIT,0.046042026951909065,False,False,False,False,False,False,False
random_ruehl_mask,mixed,126,270920386,49,LEFT,LEFT,0.05754106678068638,False,False,False,False,False,False,False
random_ruehl_mask,mixed,126,270920386,50,LEFT,LEFT,0.0547909876331687,False,False,False,False,False,False,True
random_ruehl_mask,mixed,126,270920386,51,BOMB,BOMB,0.08770800195634365,False,True,False,True,False,False,True
random_ruehl_mask,mixed,126,270920386,52,LEFT,LEFT,0.06962497718632221,False,False,False,False,False,False,True
random_ruehl_mask,mixed,126,270920386,53,WAIT,WAIT,0.05308305844664574,False,False,False,False,False,False,True
random_ruehl_mask,mixed,126,270920386,54,WAIT,WAIT,0.04724995233118534,False,False,False,False,False,False,True
random_ruehl_mask,mixed,126,270920386,55,WAIT,WAIT,0.04541699308902025,False,False,False,False,False,False,True
random_ruehl_mask,mixed,127,270920387,1,LEFT,LEFT,0.10716693941503763,False,True,False,False,False,False,False
random_ruehl_mask,mixed,127,270920387,2,RIGHT,RIGHT,0.07525004912167788,False,False,False,False,False,False,False
random_ruehl_mask,mixed,127,270920387,3,DOWN,DOWN,0.11566595640033484,False,False,False,False,False,False,False
random_ruehl_mask,mixed,127,270920387,4,WAIT,WAIT,0.07454189471900463,False,False,False,False,False,False,False
random_ruehl_mask,mixed,127,270920387,5,BOMB,BOMB,0.09033293463289738,False,False,False,True,False,False,False
random_ruehl_mask,mixed,127,270920387,6,UP,UP,0.05220796447247267,False,False,False,False,False,False,False
random_ruehl_mask,mixed,127,270920387,7,WAIT,WAIT,0.05237502045929432,False,False,False,False,False,False,False
random_ruehl_mask,mixed,127,270920387,8,LEFT,LEFT,0.0730419997125864,False,False,False,False,False,False,False
random_ruehl_mask,mixed,127,270920387,9,WAIT,WAIT,0.054582953453063965,False,False,False,False,False,False,False
random_ruehl_mask,mixed,127,270920387,10,WAIT,WAIT,0.04783400800079107,False,False,False,False,False,False,False
random_ruehl_mask,mixed,127,270920387,11,WAIT,WAIT,0.03929098602384329,False,True,False,False,False,False,False
random_ruehl_mask,mixed,127,270920387,12,WAIT,WAIT,0.1284159952774644,False,False,False,False,False,False,False
random_ruehl_mask,mixed,127,270920387,13,WAIT,WAIT,0.10154210031032562,False,False,False,False,False,False,False
random_ruehl_mask,mixed,127,270920387,14,RIGHT,RIGHT,0.08854200132191181,False,False,False,False,False,False,False
random_ruehl_mask,mixed,127,270920387,15,LEFT,LEFT,0.0962080666795373,False,False,False,False,False,False,False
random_ruehl_mask,mixed,127,270920387,16,RIGHT,RIGHT,0.06366695743054152,False,False,False,False,False,False,False
random_ruehl_mask,mixed,127,270920387,17,LEFT,LEFT,0.07541594095528126,False,False,False,False,False,False,False
random_ruehl_mask,mixed,127,270920387,18,BOMB,BOMB,0.05866703577339649,False,False,False,True,False,False,False
random_ruehl_mask,mixed,127,270920387,19,RIGHT,RIGHT,0.03550003748387098,False,False,False,False,False,False,False
random_ruehl_mask,mixed,127,270920387,20,WAIT,WAIT,0.03504101186990738,False,False,False,False,False,False,False
random_ruehl_mask,mixed,127,270920387,21,DOWN,DOWN,0.053458032198250294,False,True,False,False,False,False,False
random_ruehl_mask,mixed,127,270920387,22,DOWN,DOWN,0.09275006595999002,False,False,False,False,False,False,False
random_ruehl_mask,mixed,127,270920387,23,UP,UP,0.081458012573421,False,False,False,False,False,False,False
random_ruehl_mask,mixed,127,270920387,24,UP,UP,0.05112506914883852,False,False,False,False,False,False,False
random_ruehl_mask,mixed,127,270920387,25,WAIT,WAIT,0.05437503568828106,False,False,False,False,False,False,False
random_ruehl_mask,mixed,127,270920387,26,WAIT,WAIT,0.051416922360658646,False,False,False,False,False,False,False
random_ruehl_mask,mixed,127,270920387,27,WAIT,WAIT,0.05095801316201687,False,False,False,False,False,False,False
random_ruehl_mask,mixed,127,270920387,28,LEFT,LEFT,0.04891701973974705,False,False,False,False,False,False,False
random_ruehl_mask,mixed,127,270920387,29,RIGHT,RIGHT,0.04925008397549391,False,False,False,False,False,False,False
random_ruehl_mask,mixed,127,270920387,30,LEFT,LEFT,0.057750032283365726,False,False,False,False,False,False,False
random_ruehl_mask,mixed,127,270920387,31,RIGHT,RIGHT,0.10616704821586609,False,True,False,False,False,False,False
random_ruehl_mask,mixed,127,270920387,32,WAIT,WAIT,0.08316710591316223,False,False,False,False,False,False,False
random_ruehl_mask,mixed,127,270920387,33,DOWN,DOWN,0.05962501745671034,False,False,False,False,False,False,False
random_ruehl_mask,mixed,127,270920387,34,UP,UP,0.06575009319931269,False,False,False,False,False,False,False
random_ruehl_mask,mixed,127,270920387,35,DOWN,DOWN,0.0527920201420784,False,False,False,False,False,False,False
random_ruehl_mask,mixed,127,270920387,36,UP,UP,0.06629200652241707,False,False,False,False,False,False,False
random_ruehl_mask,mixed,127,270920387,37,DOWN,DOWN,0.05766702815890312,False,False,False,False,False,False,False
random_ruehl_mask,mixed,127,270920387,38,WAIT,WAIT,0.061416998505592346,False,False,False,False,False,False,False
random_ruehl_mask,mixed,127,270920387,39,UP,UP,0.0576250022277236,False,False,False,False,False,False,False
random_ruehl_mask,mixed,127,270920387,40,WAIT,WAIT,0.06600003689527512,False,False,False,False,False,False,False
random_ruehl_mask,mixed,127,270920387,41,LEFT,LEFT,0.05191704258322716,False,True,False,False,False,False,False
random_ruehl_mask,mixed,127,270920387,42,LEFT,LEFT,0.05150004290044308,False,False,False,False,False,False,False
random_ruehl_mask,mixed,127,270920387,43,BOMB,BOMB,0.0992499990388751,False,False,False,True,False,False,False
random_ruehl_mask,mixed,127,270920387,44,RIGHT,RIGHT,0.05179201252758503,False,False,False,False,False,False,False
random_ruehl_mask,mixed,127,270920387,45,WAIT,WAIT,0.05358399357646704,False,False,False,False,False,False,False
random_ruehl_mask,mixed,127,270920387,46,RIGHT,RIGHT,0.05620799493044615,False,False,False,False,False,False,False
random_ruehl_mask,mixed,127,270920387,47,DOWN,DOWN,0.04654191434383392,False,False,False,False,False,False,False
random_ruehl_mask,mixed,127,270920387,48,WAIT,WAIT,0.05075009539723396,False,False,False,False,False,False,False
random_ruehl_mask,mixed,127,270920387,49,WAIT,WAIT,0.03720808308571577,False,False,False,False,False,False,False
random_ruehl_mask,mixed,127,270920387,50,WAIT,WAIT,0.050749978981912136,False,False,False,False,False,False,False
random_ruehl_mask,mixed,127,270920387,51,WAIT,WAIT,0.07195805665105581,False,True,False,False,False,False,False
random_ruehl_mask,mixed,127,270920387,52,WAIT,WAIT,0.06304203998297453,False,False,False,False,False,False,False
random_ruehl_mask,mixed,127,270920387,53,WAIT,WAIT,0.05695794243365526,False,False,False,False,False,False,False
random_ruehl_mask,mixed,127,270920387,54,DOWN,DOWN,0.056582968682050705,False,False,False,False,False,False,False
random_ruehl_mask,mixed,127,270920387,55,UP,UP,0.08174998220056295,False,False,False,False,False,False,False
random_ruehl_mask,mixed,127,270920387,56,DOWN,DOWN,0.0468340003862977,False,False,False,False,False,False,False
random_ruehl_mask,mixed,127,270920387,57,DOWN,DOWN,0.07758301217108965,False,False,False,False,False,False,False
random_ruehl_mask,mixed,127,270920387,58,DOWN,DOWN,0.07166597060859203,False,False,False,False,False,False,False
random_ruehl_mask,mixed,127,270920387,59,WAIT,WAIT,0.09991705883294344,False,False,False,False,False,False,True
random_ruehl_mask,mixed,127,270920387,60,BOMB,BOMB,0.09487499482929707,False,False,False,True,False,False,True
random_ruehl_mask,mixed,127,270920387,61,UP,UP,0.04529207944869995,False,True,False,False,False,False,True
random_ruehl_mask,mixed,127,270920387,62,UP,UP,0.04470790736377239,False,False,False,False,False,False,True
random_ruehl_mask,mixed,127,270920387,63,WAIT,WAIT,0.058416975662112236,False,False,False,False,False,False,True
random_ruehl_mask,mixed,127,270920387,64,WAIT,WAIT,0.07375003769993782,False,False,False,False,False,False,True
random_ruehl_mask,mixed,128,270920388,1,LEFT,LEFT,0.10712502989917994,False,True,False,False,False,False,False
random_ruehl_mask,mixed,128,270920388,2,RIGHT,RIGHT,0.08475000504404306,False,False,False,False,False,False,False
random_ruehl_mask,mixed,128,270920388,3,LEFT,LEFT,0.07645797450095415,False,False,False,False,False,False,False
random_ruehl_mask,mixed,128,270920388,4,BOMB,BOMB,0.07412501145154238,False,False,False,True,False,False,False
random_ruehl_mask,mixed,128,270920388,5,RIGHT,RIGHT,0.0635830219835043,False,False,False,False,False,False,False
random_ruehl_mask,mixed,128,270920388,6,UP,UP,0.05804200191050768,False,False,False,False,False,False,False
random_ruehl_mask,mixed,128,270920388,7,WAIT,WAIT,0.06075005512684584,False,False,False,False,False,False,False
random_ruehl_mask,mixed,128,270920388,8,WAIT,WAIT,0.06499991286545992,False,False,False,False,False,False,False
random_ruehl_mask,mixed,128,270920388,9,WAIT,WAIT,0.041416031308472157,False,False,False,False,False,False,False
random_ruehl_mask,mixed,128,270920388,10,DOWN,DOWN,0.03604206722229719,False,False,False,False,False,False,False
random_ruehl_mask,mixed,128,270920388,11,UP,UP,0.08450006134808064,False,True,False,False,False,False,False
random_ruehl_mask,mixed,128,270920388,12,DOWN,DOWN,0.06591598503291607,False,False,False,False,False,False,False
random_ruehl_mask,mixed,128,270920388,13,WAIT,WAIT,0.09004201274365187,False,False,False,False,False,False,False
random_ruehl_mask,mixed,128,270920388,14,UP,UP,0.09420793503522873,False,False,False,False,False,False,False
random_ruehl_mask,mixed,128,270920388,15,DOWN,DOWN,0.10491698049008846,False,False,False,False,False,False,False
random_ruehl_mask,mixed,128,270920388,16,UP,UP,0.0862079905346036,False,False,False,False,False,False,False
random_ruehl_mask,mixed,128,270920388,17,DOWN,DOWN,0.06812496576458216,False,False,False,False,False,False,False
random_ruehl_mask,mixed,128,270920388,18,UP,UP,0.07704203017055988,False,False,False,False,False,False,False
random_ruehl_mask,mixed,128,270920388,19,DOWN,DOWN,0.08320796769112349,False,False,False,False,False,False,False
random_ruehl_mask,mixed,128,270920388,20,WAIT,WAIT,0.08595793042331934,False,False,False,False,False,False,True
random_ruehl_mask,mixed,128,270920388,21,BOMB,BOMB,0.09079207666218281,False,True,False,True,False,False,True
random_ruehl_mask,mixed,128,270920388,22,LEFT,LEFT,0.057458062656223774,False,False,False,False,False,False,True
random_ruehl_mask,mixed,128,270920388,23,WAIT,WAIT,0.04554202314466238,False,False,False,False,False,False,True
random_ruehl_mask,mixed,128,270920388,24,LEFT,LEFT,0.044874963350594044,False,False,False,False,False,False,True
random_ruehl_mask,mixed,128,270920388,25,LEFT,LEFT,0.04200008697807789,False,False,False,False,False,False,True
random_ruehl_mask,mixed,129,270920389,1,WAIT,WAIT,0.10508403647691011,False,True,False,False,False,False,False
random_ruehl_mask,mixed,129,270920389,2,RIGHT,RIGHT,0.07979106158018112,False,False,False,False,False,False,False
random_ruehl_mask,mixed,129,270920389,3,LEFT,LEFT,0.06962497718632221,False,False,False,False,False,False,False
random_ruehl_mask,mixed,129,270920389,4,UP,UP,0.07070798892527819,False,False,False,False,False,False,False
random_ruehl_mask,mixed,129,270920389,5,BOMB,BOMB,0.09787501767277718,False,False,False,True,False,False,False
random_ruehl_mask,mixed,129,270920389,6,DOWN,DOWN,0.05912489723414183,False,False,False,False,False,False,False
random_ruehl_mask,mixed,129,270920389,7,RIGHT,RIGHT,0.051709008403122425,False,False,False,False,False,False,False
random_ruehl_mask,mixed,129,270920389,8,WAIT,WAIT,0.049625057727098465,False,False,False,False,False,False,False
random_ruehl_mask,mixed,129,270920389,9,WAIT,WAIT,0.045291963033378124,False,False,False,False,False,False,False
random_ruehl_mask,mixed,129,270920389,10,WAIT,WAIT,0.043375068344175816,False,False,False,False,False,False,False
random_ruehl_mask,mixed,129,270920389,11,WAIT,WAIT,0.035458942875266075,False,True,False,False,False,False,False
random_ruehl_mask,mixed,129,270920389,12,WAIT,WAIT,0.07275003008544445,False,False,False,False,False,False,False
random_ruehl_mask,mixed,129,270920389,13,LEFT,LEFT,0.07741700392216444,False,False,False,False,False,False,False
random_ruehl_mask,mixed,129,270920389,14,UP,UP,0.14966691378504038,False,False,False,False,False,False,False
random_ruehl_mask,mixed,129,270920389,15,UP,UP,0.06366695743054152,False,False,False,False,False,False,False
random_ruehl_mask,mixed,129,270920389,16,WAIT,WAIT,0.08358305785804987,False,False,False,False,False,False,False
random_ruehl_mask,mixed,129,270920389,17,WAIT,WAIT,0.0850829528644681,False,False,False,False,False,False,False
random_ruehl_mask,mixed,129,270920389,18,DOWN,DOWN,0.07804099004715681,False,False,False,False,False,False,False
random_ruehl_mask,mixed,129,270920389,19,UP,UP,0.04845892544835806,False,False,False,False,False,False,False
random_ruehl_mask,mixed,129,270920389,20,DOWN,DOWN,0.07570802699774504,False,False,False,False,False,False,False
random_ruehl_mask,mixed,129,270920389,21,WAIT,WAIT,0.08100003469735384,False,True,False,False,False,False,False
random_ruehl_mask,mixed,129,270920389,22,UP,UP,0.07087492849677801,False,False,False,False,False,False,False
random_ruehl_mask,mixed,129,270920389,23,UP,UP,0.10129099246114492,False,False,False,False,False,False,False
random_ruehl_mask,mixed,129,270920389,24,DOWN,DOWN,0.08491694461554289,False,False,False,False,False,False,False
random_ruehl_mask,mixed,129,270920389,25,BOMB,BOMB,0.10466703679412603,False,False,False,True,False,False,False
random_ruehl_mask,mixed,129,270920389,26,DOWN,DOWN,0.04358391743153334,False,False,False,False,False,False,False
random_ruehl_mask,mixed,129,270920389,27,DOWN,DOWN,0.03675010520964861,False,False,False,False,False,False,False
random_ruehl_mask,mixed,129,270920389,28,RIGHT,RIGHT,0.04862493369728327,False,False,False,False,False,False,False
random_ruehl_mask,mixed,129,270920389,29,WAIT,WAIT,0.06116705480962992,False,False,False,False,False,False,False
random_ruehl_mask,mixed,129,270920389,30,WAIT,WAIT,0.05849997978657484,False,False,False,False,False,False,False
random_ruehl_mask,mixed,129,270920389,31,WAIT,WAIT,0.04454201553016901,False,True,False,False,False,False,False
random_ruehl_mask,mixed,129,270920389,32,WAIT,WAIT,0.09229197166860104,False,False,False,False,False,False,False
random_ruehl_mask,mixed,129,270920389,33,WAIT,WAIT,0.07616588845849037,False,False,False,False,False,False,False
random_ruehl_mask,mixed,129,270920389,34,BOMB,BOMB,0.07387495134025812,False,False,False,True,False,False,False
random_ruehl_mask,mixed,129,270920389,35,LEFT,LEFT,0.041499966755509377,False,False,False,False,False,False,False
random_ruehl_mask,mixed,129,270920389,36,WAIT,WAIT,0.04854192957282066,False,False,False,False,False,False,False
random_ruehl_mask,mixed,129,270920389,37,UP,UP,0.05991698708385229,False,False,False,False,False,False,False
random_ruehl_mask,mixed,129,270920389,38,WAIT,WAIT,0.08845899719744921,False,False,False,False,False,False,False
random_ruehl_mask,mixed,129,270920389,39,WAIT,WAIT,0.06275007035583258,False,False,False,False,False,False,False
random_ruehl_mask,mixed,129,270920389,40,UP,UP,0.04749989602714777,False,False,False,False,False,False,False
random_ruehl_mask,mixed,129,270920389,41,RIGHT,RIGHT,0.0576250022277236,False,True,False,False,False,False,False
random_ruehl_mask,mixed,129,270920389,42,RIGHT,RIGHT,0.06316602230072021,False,False,False,False,False,False,False
random_ruehl_mask,mixed,129,270920389,43,WAIT,WAIT,0.09991705883294344,False,False,False,False,False,False,True
random_ruehl_mask,mixed,129,270920389,44,BOMB,BOMB,0.10187504813075066,False,False,False,True,False,False,True
random_ruehl_mask,mixed,129,270920389,45,LEFT,LEFT,0.051083043217659,False,False,False,False,False,False,True
random_ruehl_mask,mixed,129,270920389,46,WAIT,WAIT,0.0547909876331687,False,False,False,False,False,False,True
random_ruehl_mask,mixed,129,270920389,47,WAIT,WAIT,0.06054097320884466,False,False,False,False,False,False,True
random_ruehl_mask,mixed,129,270920389,48,WAIT,WAIT,0.05704106297343969,False,False,False,False,False,False,True
random_ruehl_mask,mixed,130,270920390,1,WAIT,WAIT,0.1069169957190752,False,True,False,False,False,False,False
random_ruehl_mask,mixed,130,270920390,2,BOMB,BOMB,0.08420797530561686,False,False,False,True,False,False,False
random_ruehl_mask,mixed,130,270920390,3,LEFT,LEFT,0.039041973650455475,False,False,False,False,False,False,False
random_ruehl_mask,mixed,130,270920390,4,WAIT,WAIT,0.03662507515400648,False,False,False,False,False,False,False
random_ruehl_mask,mixed,130,270920390,5,LEFT,LEFT,0.08112494833767414,False,False,False,False,False,False,False
random_ruehl_mask,mixed,130,270920390,6,DOWN,DOWN,0.06000010762363672,False,False,False,False,False,False,False
random_ruehl_mask,mixed,130,270920390,7,WAIT,WAIT,0.055832904763519764,False,False,False,False,False,False,False
random_ruehl_mask,mixed,130,270920390,8,WAIT,WAIT,0.03574998117983341,False,False,False,False,False,False,False
random_ruehl_mask,mixed,130,270920390,9,BOMB,BOMB,0.06554101128131151,False,False,False,True,False,False,False
random_ruehl_mask,mixed,130,270920390,10,UP,UP,0.03358302637934685,False,False,False,False,False,False,False
random_ruehl_mask,mixed,130,270920390,11,LEFT,LEFT,0.03429199568927288,False,True,False,False,False,False,False
random_ruehl_mask,mixed,130,270920390,12,WAIT,WAIT,0.06116693839430809,False,False,False,False,False,False,False
random_ruehl_mask,mixed,130,270920390,13,WAIT,WAIT,0.06441702134907246,False,False,False,False,False,False,False
random_ruehl_mask,mixed,130,270920390,14,WAIT,WAIT,0.06029102951288223,False,False,False,False,False,False,False
random_ruehl_mask,mixed,130,270920390,15,WAIT,WAIT,0.0491670798510313,False,False,False,False,False,False,False
random_ruehl_mask,mixed,130,270920390,16,RIGHT,RIGHT,0.09462493471801281,False,False,False,False,False,False,False
random_ruehl_mask,mixed,130,270920390,17,BOMB,BOMB,0.09120802860707045,False,False,False,True,False,False,False
random_ruehl_mask,mixed,130,270920390,18,RIGHT,RIGHT,0.04016701132059097,False,False,False,False,False,False,False
random_ruehl_mask,mixed,130,270920390,19,RIGHT,RIGHT,0.03799994010478258,False,False,False,False,False,False,False
random_ruehl_mask,mixed,130,270920390,20,DOWN,DOWN,0.049749971367418766,False,False,False,False,False,False,False
random_ruehl_mask,mixed,130,270920390,21,DOWN,DOWN,0.07966707926243544,False,True,False,False,False,False,False
random_ruehl_mask,mixed,130,270920390,22,DOWN,DOWN,0.07204199209809303,False,False,False,False,False,False,False
random_ruehl_mask,mixed,130,270920390,23,UP,UP,0.05341600626707077,False,False,False,False,False,False,False
random_ruehl_mask,mixed,130,270920390,24,BOMB,BOMB,0.08983397856354713,False,False,False,True,False,False,False
random_ruehl_mask,mixed,130,270920390,25,UP,UP,0.040291110053658485,False,False,False,False,False,False,False
random_ruehl_mask,mixed,130,270920390,26,WAIT,WAIT,0.038499943912029266,False,False,False,False,False,False,False
random_ruehl_mask,mixed,130,270920390,27,UP,UP,0.051292008720338345,False,False,False,False,False,False,False
random_ruehl_mask,mixed,130,270920390,28,LEFT,LEFT,0.048042042180895805,False,False,False,False,False,False,False
random_ruehl_mask,mixed,130,270920390,29,WAIT,WAIT,0.04720792640000582,False,False,False,False,False,False,False
random_ruehl_mask,mixed,130,270920390,30,LEFT,LEFT,0.05124998278915882,False,False,False,False,False,False,False
random_ruehl_mask,mixed,130,270920390,31,RIGHT,RIGHT,0.07700000423938036,False,True,False,False,False,False,False
random_ruehl_mask,mixed,130,270920390,32,WAIT,WAIT,0.06995897274464369,False,False,False,False,False,False,False
random_ruehl_mask,mixed,130,270920390,33,RIGHT,RIGHT,0.05583302117884159,False,False,False,False,False,False,False
random_ruehl_mask,mixed,130,270920390,34,LEFT,LEFT,0.07329089567065239,False,False,False,False,False,False,False
random_ruehl_mask,mixed,130,270920390,35,LEFT,LEFT,0.05937495734542608,False,False,False,False,False,False,False
random_ruehl_mask,mixed,130,270920390,36,DOWN,DOWN,0.07979106158018112,False,False,False,False,False,False,False
random_ruehl_mask,mixed,130,270920390,37,UP,UP,0.05695910658687353,False,False,False,False,False,False,False
random_ruehl_mask,mixed,130,270920390,38,RIGHT,RIGHT,0.05408399738371372,False,False,False,False,False,False,False
random_ruehl_mask,mixed,130,270920390,39,WAIT,WAIT,0.04783296026289463,False,False,False,False,False,False,False
random_ruehl_mask,mixed,130,270920390,40,LEFT,LEFT,0.0476249260827899,False,False,False,False,False,False,False
random_ruehl_mask,mixed,130,270920390,41,DOWN,DOWN,0.07220904808491468,False,True,False,False,False,False,False
random_ruehl_mask,mixed,130,270920390,42,DOWN,DOWN,0.06716593634337187,False,False,False,False,False,False,False
random_ruehl_mask,mixed,130,270920390,43,BOMB,BOMB,0.14470797032117844,False,False,False,True,False,False,False
random_ruehl_mask,mixed,130,270920390,44,RIGHT,RIGHT,0.0635830219835043,False,False,False,False,False,False,False
random_ruehl_mask,mixed,130,270920390,45,RIGHT,RIGHT,0.03787491004914045,False,False,False,False,False,False,False
random_ruehl_mask,mixed,130,270920390,46,DOWN,DOWN,0.04825007636100054,False,False,False,False,False,False,False
random_ruehl_mask,mixed,130,270920390,47,WAIT,WAIT,0.05920801777392626,False,False,False,False,False,False,False
random_ruehl_mask,mixed,130,270920390,48,DOWN,DOWN,0.05000003147870302,False,False,False,False,False,False,False
random_ruehl_mask,mixed,130,270920390,49,WAIT,WAIT,0.04033301956951618,False,False,False,False,False,False,False
random_ruehl_mask,mixed,130,270920390,50,WAIT,WAIT,0.10504096280783415,False,False,False,False,False,False,True
random_ruehl_mask,mixed,130,270920390,51,BOMB,BOMB,0.1141249667853117,False,True,False,True,False,False,True
random_ruehl_mask,mixed,130,270920390,52,DOWN,DOWN,0.058666919358074665,False,False,False,False,False,False,True
random_ruehl_mask,mixed,130,270920390,53,WAIT,WAIT,0.03987504169344902,False,False,False,False,False,False,True
random_ruehl_mask,mixed,130,270920390,54,WAIT,WAIT,0.047749956138432026,False,False,False,False,False,False,True
random_ruehl_mask,mixed,130,270920390,55,DOWN,DOWN,0.04558300133794546,False,False,False,False,False,False,True
random_ruehl_mask,mixed,131,270920391,1,WAIT,WAIT,0.10766705963760614,False,True,False,False,False,False,False
random_ruehl_mask,mixed,131,270920391,2,DOWN,DOWN,0.11337490286678076,False,False,False,False,False,False,False
random_ruehl_mask,mixed,131,270920391,3,DOWN,DOWN,0.058542005717754364,False,False,False,False,False,False,False
random_ruehl_mask,mixed,131,270920391,4,WAIT,WAIT,0.09237497579306364,False,False,False,False,False,False,True
random_ruehl_mask,mixed,131,270920391,5,BOMB,BOMB,0.0967090018093586,False,False,False,True,False,False,True
random_ruehl_mask,mixed,131,270920391,6,DOWN,DOWN,0.0563750509172678,False,False,False,False,False,False,True
random_ruehl_mask,mixed,131,270920391,7,WAIT,WAIT,0.06458291318267584,False,False,False,False,False,False,True
random_ruehl_mask,mixed,131,270920391,8,WAIT,WAIT,0.06591691635549068,False,False,False,False,False,False,True
random_ruehl_mask,mixed,131,270920391,9,DOWN,DOWN,0.0540419714525342,False,False,False,False,False,False,True
random_ruehl_mask,mixed,132,270920392,1,DOWN,DOWN,0.09416602551937103,False,True,False,False,False,False,False
random_ruehl_mask,mixed,132,270920392,2,WAIT,WAIT,0.07241603452712297,False,False,False,False,False,False,False
random_ruehl_mask,mixed,132,270920392,3,WAIT,WAIT,0.0629589194431901,False,False,False,False,False,False,False
random_ruehl_mask,mixed,132,270920392,4,WAIT,WAIT,0.09429198689758778,False,False,False,False,False,False,False
random_ruehl_mask,mixed,132,270920392,5,BOMB,BOMB,0.08870800957083702,False,False,False,True,False,False,False
random_ruehl_mask,mixed,132,270920392,6,UP,UP,0.04754203837364912,False,False,False,False,False,False,False
random_ruehl_mask,mixed,132,270920392,7,RIGHT,RIGHT,0.04675006493926048,False,False,False,False,False,False,False
random_ruehl_mask,mixed,132,270920392,8,WAIT,WAIT,0.043665990233421326,False,False,False,False,False,False,False
random_ruehl_mask,mixed,132,270920392,9,WAIT,WAIT,0.058333040215075016,False,False,False,False,False,False,False
random_ruehl_mask,mixed,132,270920392,10,WAIT,WAIT,0.05600007716566324,False,False,False,False,False,False,False
random_ruehl_mask,mixed,132,270920392,11,WAIT,WAIT,0.03787502646446228,False,True,False,False,False,False,False
random_ruehl_mask,mixed,132,270920392,12,WAIT,WAIT,0.06841693539172411,False,False,False,False,False,False,False
random_ruehl_mask,mixed,132,270920392,13,LEFT,LEFT,0.11366698890924454,False,False,False,False,False,False,False
random_ruehl_mask,mixed,132,270920392,14,DOWN,DOWN,0.10729196947067976,False,False,False,False,False,False,False
random_ruehl_mask,mixed,132,270920392,15,WAIT,WAIT,0.06570795085281134,False,False,False,False,False,False,False
random_ruehl_mask,mixed,132,270920392,16,DOWN,DOWN,0.0490840757265687,False,False,False,False,False,False,False
random_ruehl_mask,mixed,132,270920392,17,UP,UP,0.07875007577240467,False,False,False,False,False,False,False
random_ruehl_mask,mixed,132,270920392,18,WAIT,WAIT,0.06916606798768044,False,False,False,False,False,False,False
random_ruehl_mask,mixed,132,270920392,19,WAIT,WAIT,0.059582991525530815,False,False,False,False,False,False,False
random_ruehl_mask,mixed,132,270920392,20,DOWN,DOWN,0.058249919675290585,False,False,False,False,False,False,False
random_ruehl_mask,mixed,132,270920392,21,DOWN,DOWN,0.10479195043444633,False,True,False,False,False,False,False
random_ruehl_mask,mixed,132,270920392,22,WAIT,WAIT,0.09995908476412296,False,False,False,False,False,False,False
random_ruehl_mask,mixed,132,270920392,23,UP,UP,0.08983304724097252,False,False,False,False,False,False,False
random_ruehl_mask,mixed,132,270920392,24,BOMB,BOMB,0.07512501906603575,False,False,False,True,False,False,False
random_ruehl_mask,mixed,132,270920392,25,UP,UP,0.054750009439885616,False,False,False,False,False,False,False
random_ruehl_mask,mixed,132,270920392,26,WAIT,WAIT,0.041624996811151505,False,False,False,False,False,False,False
random_ruehl_mask,mixed,132,270920392,27,UP,UP,0.04724995233118534,False,False,False,False,False,False,False
random_ruehl_mask,mixed,132,270920392,28,RIGHT,RIGHT,0.0468340003862977,False,False,False,False,False,False,False
random_ruehl_mask,mixed,132,270920392,29,WAIT,WAIT,0.0665830448269844,False,False,False,False,False,False,False
random_ruehl_mask,mixed,132,270920392,30,WAIT,WAIT,0.0624579843133688,False,False,False,False,False,False,False
random_ruehl_mask,mixed,132,270920392,31,LEFT,LEFT,0.08995900861918926,False,True,False,False,False,False,False
random_ruehl_mask,mixed,132,270920392,32,DOWN,DOWN,0.10108307469636202,False,False,False,False,False,False,False
random_ruehl_mask,mixed,132,270920392,33,DOWN,DOWN,0.05324999801814556,False,False,False,False,False,False,False
random_ruehl_mask,mixed,132,270920392,34,UP,UP,0.04958396311849356,False,False,False,False,False,False,False
random_ruehl_mask,mixed,132,270920392,35,WAIT,WAIT,0.04879198968410492,False,False,False,False,False,False,False
random_ruehl_mask,mixed,132,270920392,36,UP,UP,0.04875008016824722,False,False,False,False,False,False,False
random_ruehl_mask,mixed,132,270920392,37,WAIT,WAIT,0.12129091192036867,False,False,False,False,False,False,False
random_ruehl_mask,mixed,132,270920392,38,DOWN,DOWN,0.09408406913280487,False,False,False,False,False,False,False
random_ruehl_mask,mixed,132,270920392,39,UP,UP,0.06283295806497335,False,False,False,False,False,False,False
random_ruehl_mask,mixed,132,270920392,40,RIGHT,RIGHT,0.0940409954637289,False,False,False,False,False,False,False
random_ruehl_mask,mixed,132,270920392,41,LEFT,LEFT,0.0752920750528574,False,True,False,False,False,False,False
random_ruehl_mask,mixed,132,270920392,42,RIGHT,RIGHT,0.08587504271417856,False,False,False,False,False,False,False
random_ruehl_mask,mixed,132,270920392,43,LEFT,LEFT,0.10599999222904444,False,False,False,False,False,False,False
random_ruehl_mask,mixed,132,270920392,44,DOWN,DOWN,0.08366699330508709,False,False,False,False,False,False,False
random_ruehl_mask,mixed,132,270920392,45,WAIT,WAIT,0.05754095036536455,False,False,False,False,False,False,False
random_ruehl_mask,mixed,132,270920392,46,DOWN,DOWN,0.051625072956085205,False,False,False,False,False,False,False
random_ruehl_mask,mixed,132,270920392,47,WAIT,WAIT,0.0631249276921153,False,False,False,False,False,False,False
random_ruehl_mask,mixed,132,270920392,48,UP,UP,0.06204203236848116,False,False,False,False,False,False,False
random_ruehl_mask,mixed,132,270920392,49,WAIT,WAIT,0.08654105477035046,False,False,False,False,False,False,False
random_ruehl_mask,mixed,132,270920392,50,UP,UP,0.05258305463939905,False,False,False,False,False,False,False
random_ruehl_mask,mixed,132,270920392,51,WAIT,WAIT,0.07791700772941113,False,True,False,False,False,False,False
random_ruehl_mask,mixed,132,270920392,52,WAIT,WAIT,0.07579207886010408,False,False,False,False,False,False,False
random_ruehl_mask,mixed,132,270920392,53,DOWN,DOWN,0.07950002327561378,False,False,False,False,False,False,False
random_ruehl_mask,mixed,132,270920392,54,UP,UP,0.0701668905094266,False,False,False,False,False,False,False
random_ruehl_mask,mixed,132,270920392,55,WAIT,WAIT,0.08883292321115732,False,False,False,False,False,False,False
random_ruehl_mask,mixed,132,270920392,56,DOWN,DOWN,0.07554201874881983,False,False,False,False,False,False,False
random_ruehl_mask,mixed,132,270920392,57,DOWN,DOWN,0.05537504330277443,False,False,False,False,False,False,False
random_ruehl_mask,mixed,132,270920392,58,DOWN,DOWN,0.05779194179922342,False,False,False,False,False,False,False
random_ruehl_mask,mixed,132,270920392,59,WAIT,WAIT,0.055292039178311825,False,False,False,False,False,False,False
random_ruehl_mask,mixed,132,270920392,60,WAIT,WAIT,0.04733400419354439,False,False,False,False,False,False,False
random_ruehl_mask,mixed,132,270920392,61,DOWN,DOWN,0.04749989602714777,False,True,False,False,False,False,False
random_ruehl_mask,mixed,132,270920392,62,DOWN,DOWN,0.10429101530462503,False,False,False,False,False,False,False
random_ruehl_mask,mixed,132,270920392,63,WAIT,WAIT,0.05912489723414183,False,False,False,False,False,False,False
random_ruehl_mask,mixed,132,270920392,64,WAIT,WAIT,0.057582976296544075,False,False,False,False,False,False,False
random_ruehl_mask,mixed,132,270920392,65,UP,UP,0.048083020374178886,False,False,False,False,False,False,False
random_ruehl_mask,mixed,132,270920392,66,DOWN,DOWN,0.08479098323732615,False,False,False,False,False,False,False
random_ruehl_mask,mixed,132,270920392,67,UP,UP,0.06829202175140381,False,False,False,False,False,False,False
random_ruehl_mask,mixed,132,270920392,68,DOWN,DOWN,0.09733298793435097,False,False,False,False,False,False,False
random_ruehl_mask,mixed,132,270920392,69,WAIT,WAIT,0.05625002086162567,False,False,False,False,False,False,False
random_ruehl_mask,mixed,132,270920392,70,DOWN,DOWN,0.07041601929813623,False,False,False,False,False,False,False
random_ruehl_mask,mixed,132,270920392,71,WAIT,WAIT,0.09587500244379044,False,True,False,False,False,False,True
random_ruehl_mask,mixed,132,270920392,72,BOMB,BOMB,0.09758409578353167,False,False,False,True,False,False,True
random_ruehl_mask,mixed,132,270920392,73,UP,UP,0.05120900459587574,False,False,False,False,False,False,True
random_ruehl_mask,mixed,132,270920392,74,UP,UP,0.045291963033378124,False,False,False,False,False,False,True
random_ruehl_mask,mixed,132,270920392,75,WAIT,WAIT,0.04841701593250036,False,False,False,False,False,False,True
random_ruehl_mask,mixed,132,270920392,76,WAIT,WAIT,0.04724995233118534,False,False,False,False,False,False,True
random_ruehl_mask,mixed,133,270920393,1,WAIT,WAIT,0.10437495075166225,False,True,False,False,False,False,False
random_ruehl_mask,mixed,133,270920393,2,WAIT,WAIT,0.09295798372477293,False,False,False,False,False,False,False
random_ruehl_mask,mixed,133,270920393,3,WAIT,WAIT,0.10854098945856094,False,False,False,False,False,False,False
random_ruehl_mask,mixed,133,270920393,4,UP,UP,0.10583410039544106,False,False,False,False,False,False,False
random_ruehl_mask,mixed,133,270920393,5,WAIT,WAIT,0.09391701314598322,False,False,False,False,False,False,False
random_ruehl_mask,mixed,133,270920393,6,BOMB,BOMB,0.08699996396899223,False,False,False,True,False,False,False
random_ruehl_mask,mixed,133,270920393,7,DOWN,DOWN,0.06387499161064625,False,False,False,False,False,False,False
random_ruehl_mask,mixed,133,270920393,8,RIGHT,RIGHT,0.077791977673769,False,False,False,False,False,False,False
random_ruehl_mask,mixed,133,270920393,9,WAIT,WAIT,0.059292069636285305,False,False,False,False,False,False,False
random_ruehl_mask,mixed,133,270920393,10,WAIT,WAIT,0.051582930609583855,False,False,False,False,False,False,False
random_ruehl_mask,mixed,133,270920393,11,WAIT,WAIT,0.062333070673048496,False,True,False,False,False,False,False
random_ruehl_mask,mixed,133,270920393,12,WAIT,WAIT,0.07174990605562925,False,False,False,False,False,False,False
random_ruehl_mask,mixed,133,270920393,13,LEFT,LEFT,0.09575008880347013,False,False,False,False,False,False,True
random_ruehl_mask,mixed,133,270920393,14,BOMB,BOMB,0.0926250359043479,False,False,False,True,False,False,True
random_ruehl_mask,mixed,133,270920393,15,RIGHT,RIGHT,0.07054198067635298,False,False,False,False,False,False,True
random_ruehl_mask,mixed,133,270920393,16,WAIT,WAIT,0.0487080542370677,False,False,False,False,False,False,True
random_ruehl_mask,mixed,133,270920393,17,WAIT,WAIT,0.06541702896356583,False,False,False,False,False,False,True
random_ruehl_mask,mixed,133,270920393,18,WAIT,WAIT,0.061875092796981335,False,False,False,False,False,False,True
random_ruehl_mask,mixed,134,270920394,1,DOWN,DOWN,0.10283396113663912,False,True,False,False,False,False,False
random_ruehl_mask,mixed,134,270920394,2,WAIT,WAIT,0.08283299393951893,False,False,False,False,False,False,False
random_ruehl_mask,mixed,134,270920394,3,BOMB,BOMB,0.06641692016273737,False,False,False,True,False,False,False
random_ruehl_mask,mixed,134,270920394,4,UP,UP,0.036207959055900574,False,False,False,False,False,False,False
random_ruehl_mask,mixed,134,270920394,5,WAIT,WAIT,0.05208293441683054,False,False,False,False,False,False,False
random_ruehl_mask,mixed,134,270920394,6,LEFT,LEFT,0.07154198829084635,False,False,False,False,False,False,False
random_ruehl_mask,mixed,134,270920394,7,WAIT,WAIT,0.056709046475589275,False,False,False,False,False,False,False
random_ruehl_mask,mixed,134,270920394,8,WAIT,WAIT,0.040665967389941216,False,False,False,False,False,False,False
random_ruehl_mask,mixed,134,270920394,9,WAIT,WAIT,0.035375007428228855,False,False,False,False,False,False,False
random_ruehl_mask,mixed,134,270920394,10,RIGHT,RIGHT,0.09795802179723978,False,False,False,False,False,False,False
random_ruehl_mask,mixed,134,270920394,11,DOWN,DOWN,0.10149995796382427,False,True,False,False,False,False,False
random_ruehl_mask,mixed,134,270920394,12,WAIT,WAIT,0.05462497938424349,False,False,False,False,False,False,False
random_ruehl_mask,mixed,134,270920394,13,DOWN,DOWN,0.06433296948671341,False,False,False,False,False,False,True
random_ruehl_mask,mixed,134,270920394,14,BOMB,BOMB,0.09449990466237068,False,False,False,True,False,False,True
random_ruehl_mask,mixed,134,270920394,15,DOWN,DOWN,0.06325007416307926,False,False,False,False,False,False,True
random_ruehl_mask,mixed,134,270920394,16,WAIT,WAIT,0.056458055041730404,False,False,False,False,False,False,True
random_ruehl_mask,mixed,134,270920394,17,WAIT,WAIT,0.05258398596197367,False,False,False,False,False,False,True
random_ruehl_mask,mixed,134,270920394,18,WAIT,WAIT,0.06412493530660868,False,False,False,False,False,False,True
random_ruehl_mask,mixed,135,270920395,1,WAIT,WAIT,0.10270799975842237,False,True,False,False,False,False,False
random_ruehl_mask,mixed,135,270920395,2,WAIT,WAIT,0.09291700553148985,False,False,False,False,False,False,False
random_ruehl_mask,mixed,135,270920395,3,DOWN,DOWN,0.07212499622255564,False,False,False,False,False,False,False
random_ruehl_mask,mixed,135,270920395,4,WAIT,WAIT,0.06445893086493015,False,False,False,False,False,False,False
random_ruehl_mask,mixed,135,270920395,5,UP,UP,0.07808301597833633,False,False,False,False,False,False,False
random_ruehl_mask,mixed,135,270920395,6,LEFT,LEFT,0.08008407894521952,False,False,False,False,False,False,False
random_ruehl_mask,mixed,135,270920395,7,BOMB,BOMB,0.09208300616592169,False,False,False,True,False,False,False
random_ruehl_mask,mixed,135,270920395,8,RIGHT,RIGHT,0.03991695120930672,False,False,False,False,False,False,False
random_ruehl_mask,mixed,135,270920395,9,WAIT,WAIT,0.037708901800215244,False,False,False,False,False,False,False
random_ruehl_mask,mixed,135,270920395,10,DOWN,DOWN,0.04491698928177357,False,False,False,False,False,False,False
random_ruehl_mask,mixed,135,270920395,11,WAIT,WAIT,0.09279197547584772,False,True,False,False,False,False,False
random_ruehl_mask,mixed,135,270920395,12,WAIT,WAIT,0.045874970965087414,False,False,False,False,False,False,False
random_ruehl_mask,mixed,135,270920395,13,UP,UP,0.05320797208696604,False,False,False,False,False,False,False
random_ruehl_mask,mixed,135,270920395,14,WAIT,WAIT,0.09175005834549665,False,False,False,False,False,False,False
random_ruehl_mask,mixed,135,270920395,15,LEFT,LEFT,0.12083293404430151,False,False,False,False,False,False,False
random_ruehl_mask,mixed,135,270920395,16,RIGHT,RIGHT,0.07733399979770184,False,False,False,False,False,False,False
random_ruehl_mask,mixed,135,270920395,17,LEFT,LEFT,0.0909160589799285,False,False,False,False,False,False,False
random_ruehl_mask,mixed,135,270920395,18,WAIT,WAIT,0.04958396311849356,False,False,False,False,False,False,False
random_ruehl_mask,mixed,135,270920395,19,LEFT,LEFT,0.047874986194074154,False,False,False,False,False,False,False
random_ruehl_mask,mixed,135,270920395,20,LEFT,LEFT,0.10337505955249071,False,False,False,False,False,False,True
random_ruehl_mask,mixed,135,270920395,21,BOMB,BOMB,0.09466696064919233,False,True,False,True,False,False,True
random_ruehl_mask,mixed,135,270920395,22,RIGHT,RIGHT,0.0631249276921153,False,False,False,False,False,False,True
random_ruehl_mask,mixed,135,270920395,23,WAIT,WAIT,0.05625002086162567,False,False,False,False,False,False,True
random_ruehl_mask,mixed,135,270920395,24,WAIT,WAIT,0.04541699308902025,False,False,False,False,False,False,True
random_ruehl_mask,mixed,135,270920395,25,WAIT,WAIT,0.06437499541789293,False,False,False,False,False,False,True
random_ruehl_mask,mixed,136,270920396,1,WAIT,WAIT,0.09933300316333771,False,True,False,False,False,False,False
random_ruehl_mask,mixed,136,270920396,2,UP,UP,0.07800001185387373,False,False,False,False,False,False,False
random_ruehl_mask,mixed,136,270920396,3,BOMB,BOMB,0.0666249543428421,False,False,False,True,False,False,False
random_ruehl_mask,mixed,136,270920396,4,DOWN,DOWN,0.03733299672603607,False,False,False,False,False,False,False
random_ruehl_mask,mixed,136,270920396,5,LEFT,LEFT,0.06791704799979925,False,False,False,False,False,False,False
random_ruehl_mask,mixed,136,270920396,6,WAIT,WAIT,0.08441705722361803,False,False,False,False,False,False,False
random_ruehl_mask,mixed,136,270920396,7,WAIT,WAIT,0.05633395630866289,False,False,False,False,False,False,False
random_ruehl_mask,mixed,136,270920396,8,WAIT,WAIT,0.040458980947732925,False,False,False,False,False,False,False
random_ruehl_mask,mixed,136,270920396,9,WAIT,WAIT,0.03404205199331045,False,False,False,False,False,False,False
random_ruehl_mask,mixed,136,270920396,10,RIGHT,RIGHT,0.06433296948671341,False,False,False,False,False,False,False
random_ruehl_mask,mixed,136,270920396,11,UP,UP,0.07558299694210291,False,True,False,False,False,False,False
random_ruehl_mask,mixed,136,270920396,12,UP,UP,0.07700000423938036,False,False,False,False,False,False,False
random_ruehl_mask,mixed,136,270920396,13,UP,UP,0.10662490967661142,False,False,False,False,False,False,False
random_ruehl_mask,mixed,136,270920396,14,DOWN,DOWN,0.09099999442696571,False,False,False,False,False,False,False
random_ruehl_mask,mixed,136,270920396,15,LEFT,LEFT,0.1157920341938734,False,False,False,False,False,False,False
random_ruehl_mask,mixed,136,270920396,16,RIGHT,RIGHT,0.06754195783287287,False,False,False,False,False,False,False
random_ruehl_mask,mixed,136,270920396,17,WAIT,WAIT,0.0813750084489584,False,False,False,False,False,False,False
random_ruehl_mask,mixed,136,270920396,18,DOWN,DOWN,0.08774991147220135,False,False,False,False,False,False,False
random_ruehl_mask,mixed,136,270920396,19,DOWN,DOWN,0.08862500544637442,False,False,False,False,False,False,False
random_ruehl_mask,mixed,136,270920396,20,LEFT,LEFT,0.10104198008775711,False,False,False,False,False,False,False
random_ruehl_mask,mixed,136,270920396,21,RIGHT,RIGHT,0.10583398398011923,False,True,False,False,False,False,True
random_ruehl_mask,mixed,136,270920396,22,BOMB,BOMB,0.09920797310769558,False,False,False,True,False,False,True
random_ruehl_mask,mixed,136,270920396,23,UP,UP,0.04470802377909422,False,False,False,False,False,False,True
random_ruehl_mask,mixed,136,270920396,24,WAIT,WAIT,0.06120791658759117,False,False,False,False,False,False,True
random_ruehl_mask,mixed,136,270920396,25,WAIT,WAIT,0.05341600626707077,False,False,False,False,False,False,True
random_ruehl_mask,mixed,136,270920396,26,WAIT,WAIT,0.04783296026289463,False,False,False,False,False,False,True
random_ruehl_mask,mixed,137,270920397,1,DOWN,DOWN,0.10704202577471733,False,True,False,False,False,False,False
random_ruehl_mask,mixed,137,270920397,2,UP,UP,0.07712503429502249,False,False,False,False,False,False,False
random_ruehl_mask,mixed,137,270920397,3,WAIT,WAIT,0.0797909451648593,False,False,False,False,False,False,False
random_ruehl_mask,mixed,137,270920397,4,RIGHT,RIGHT,0.07562502287328243,False,False,False,False,False,False,False
random_ruehl_mask,mixed,137,270920397,5,BOMB,BOMB,0.12900005094707012,False,False,False,True,False,False,False
random_ruehl_mask,mixed,137,270920397,6,LEFT,LEFT,0.08166604675352573,False,False,False,False,False,False,False
random_ruehl_mask,mixed,137,270920397,7,WAIT,WAIT,0.05729100666940212,False,False,False,False,False,False,False
random_ruehl_mask,mixed,137,270920397,8,DOWN,DOWN,0.049666035920381546,False,False,False,False,False,False,False
random_ruehl_mask,mixed,137,270920397,9,DOWN,DOWN,0.04633399657905102,False,False,False,False,False,False,False
random_ruehl_mask,mixed,137,270920397,10,WAIT,WAIT,0.04212500061839819,False,False,False,False,False,False,False
random_ruehl_mask,mixed,137,270920397,11,UP,UP,0.036250101402401924,False,True,False,False,False,False,False
random_ruehl_mask,mixed,137,270920397,12,WAIT,WAIT,0.07558299694210291,False,False,False,False,False,False,False
random_ruehl_mask,mixed,137,270920397,13,WAIT,WAIT,0.11708401143550873,False,False,False,False,False,False,False
random_ruehl_mask,mixed,137,270920397,14,UP,UP,0.09658304043114185,False,False,False,False,False,False,False
random_ruehl_mask,mixed,137,270920397,15,RIGHT,RIGHT,0.0706670107319951,False,False,False,False,False,False,False
random_ruehl_mask,mixed,137,270920397,16,RIGHT,RIGHT,0.05037500523030758,False,False,False,False,False,False,False
random_ruehl_mask,mixed,137,270920397,17,WAIT,WAIT,0.08895795326679945,False,False,False,False,False,False,True
random_ruehl_mask,mixed,137,270920397,18,BOMB,BOMB,0.11387490667402744,False,False,False,True,False,False,True
random_ruehl_mask,mixed,137,270920397,19,DOWN,DOWN,0.03958295565098524,False,False,False,False,False,False,True
random_ruehl_mask,mixed,137,270920397,20,WAIT,WAIT,0.036375015042722225,False,False,False,False,False,False,True
random_ruehl_mask,mixed,137,270920397,21,WAIT,WAIT,0.05929195322096348,False,False,False,False,False,False,True
random_ruehl_mask,mixed,137,270920397,22,DOWN,DOWN,0.06474996916949749,False,False,False,False,False,False,True
random_ruehl_mask,mixed,138,270920398,1,WAIT,WAIT,0.10679103434085846,False,True,False,False,False,False,False
random_ruehl_mask,mixed,138,270920398,2,RIGHT,RIGHT,0.08595897816121578,False,False,False,False,False,False,False
random_ruehl_mask,mixed,138,270920398,3,BOMB,BOMB,0.06837502587586641,False,False,False,True,False,False,False
random_ruehl_mask,mixed,138,270920398,4,LEFT,LEFT,0.03737490624189377,False,False,False,False,False,False,False
random_ruehl_mask,mixed,138,270920398,5,WAIT,WAIT,0.0527920201420784,False,False,False,False,False,False,False
random_ruehl_mask,mixed,138,270920398,6,UP,UP,0.05725002847611904,False,False,False,False,False,False,False
random_ruehl_mask,mixed,138,270920398,7,UP,UP,0.0541249755769968,False,False,False,False,False,False,False
random_ruehl_mask,mixed,138,270920398,8,WAIT,WAIT,0.04016596358269453,False,False,False,False,False,False,False
random_ruehl_mask,mixed,138,270920398,9,WAIT,WAIT,0.03374996595084667,False,False,False,False,False,False,False
random_ruehl_mask,mixed,138,270920398,10,WAIT,WAIT,0.0742500415071845,False,False,False,False,False,False,False
random_ruehl_mask,mixed,138,270920398,11,DOWN,DOWN,0.07320893928408623,False,True,False,False,False,False,False
random_ruehl_mask,mixed,138,270920398,12,WAIT,WAIT,0.07158401422202587,False,False,False,False,False,False,False
random_ruehl_mask,mixed,138,270920398,13,DOWN,DOWN,0.08620903827250004,False,False,False,False,False,False,False
random_ruehl_mask,mixed,138,270920398,14,WAIT,WAIT,0.06308301817625761,False,False,False,False,False,False,False
random_ruehl_mask,mixed,138,270920398,15,RIGHT,RIGHT,0.06087496876716614,False,False,False,False,False,False,False
random_ruehl_mask,mixed,138,270920398,16,LEFT,LEFT,0.04520791117101908,False,False,False,False,False,False,False
random_ruehl_mask,mixed,138,270920398,17,RIGHT,RIGHT,0.04554097540676594,False,False,False,False,False,False,False
random_ruehl_mask,mixed,138,270920398,18,RIGHT,RIGHT,0.046083005145192146,False,False,False,False,False,False,False
random_ruehl_mask,mixed,138,270920398,19,LEFT,LEFT,0.08274998981505632,False,False,False,False,False,False,False
random_ruehl_mask,mixed,138,270920398,20,RIGHT,RIGHT,0.09245797991752625,False,False,False,False,False,False,False
random_ruehl_mask,mixed,138,270920398,21,BOMB,BOMB,0.09895802941173315,False,True,False,True,False,False,False
random_ruehl_mask,mixed,138,270920398,22,LEFT,LEFT,0.05912489723414183,False,False,False,False,False,False,False
random_ruehl_mask,mixed,138,270920398,23,LEFT,LEFT,0.04675006493926048,False,False,False,False,False,False,False
random_ruehl_mask,mixed,138,270920398,24,UP,UP,0.051332986913621426,False,False,False,False,False,False,False
random_ruehl_mask,mixed,138,270920398,25,WAIT,WAIT,0.04470802377909422,False,False,False,False,False,False,False
random_ruehl_mask,mixed,138,270920398,26,UP,UP,0.0415419926866889,False,False,False,False,False,False,False
random_ruehl_mask,mixed,138,270920398,27,DOWN,DOWN,0.03204098902642727,False,False,False,False,False,False,False
random_ruehl_mask,mixed,138,270920398,28,BOMB,BOMB,0.0702079851180315,False,False,False,True,False,False,False
random_ruehl_mask,mixed,138,270920398,29,DOWN,DOWN,0.03420806024223566,False,False,False,False,False,False,False
random_ruehl_mask,mixed,138,270920398,30,RIGHT,RIGHT,0.044874963350594044,False,False,False,False,False,False,False
random_ruehl_mask,mixed,138,270920398,31,WAIT,WAIT,0.04966591950505972,False,True,False,False,False,False,False
random_ruehl_mask,mixed,138,270920398,32,RIGHT,RIGHT,0.058999983593821526,False,False,False,False,False,False,False
random_ruehl_mask,mixed,138,270920398,33,WAIT,WAIT,0.04787510260939598,False,False,False,False,False,False,False
random_ruehl_mask,mixed,138,270920398,34,WAIT,WAIT,0.039207981899380684,False,False,False,False,False,False,False
random_ruehl_mask,mixed,138,270920398,35,WAIT,WAIT,0.04841596819460392,False,False,False,False,False,False,False
random_ruehl_mask,mixed,138,270920398,36,LEFT,LEFT,0.04837499000132084,False,False,False,False,False,False,False
random_ruehl_mask,mixed,138,270920398,37,WAIT,WAIT,0.04491698928177357,False,False,False,False,False,False,False
random_ruehl_mask,mixed,138,270920398,38,RIGHT,RIGHT,0.045375083573162556,False,False,False,False,False,False,False
random_ruehl_mask,mixed,138,270920398,39,UP,UP,0.0475000124424696,False,False,False,False,False,False,False
random_ruehl_mask,mixed,138,270920398,40,DOWN,DOWN,0.06837502587586641,False,False,False,False,False,False,False
random_ruehl_mask,mixed,138,270920398,41,RIGHT,RIGHT,0.04800001624971628,False,True,False,False,False,False,False
random_ruehl_mask,mixed,138,270920398,42,WAIT,WAIT,0.07404200732707977,False,False,False,False,False,False,False
random_ruehl_mask,mixed,138,270920398,43,RIGHT,RIGHT,0.07762492168694735,False,False,False,False,False,False,False
random_ruehl_mask,mixed,138,270920398,44,RIGHT,RIGHT,0.08583301678299904,False,False,False,False,False,False,True
random_ruehl_mask,mixed,138,270920398,45,BOMB,BOMB,0.08433300536125898,False,False,False,True,False,False,True
random_ruehl_mask,mixed,138,270920398,46,LEFT,LEFT,0.06495905108749866,False,False,False,False,False,False,True
random_ruehl_mask,mixed,138,270920398,47,WAIT,WAIT,0.03975001163780689,False,False,False,False,False,False,True
random_ruehl_mask,mixed,138,270920398,48,LEFT,LEFT,0.04604191053658724,False,False,False,False,False,False,True
random_ruehl_mask,mixed,138,270920398,49,RIGHT,RIGHT,0.07145910058170557,False,False,False,False,False,False,True
random_ruehl_mask,mixed,139,270920399,1,DOWN,DOWN,0.10104198008775711,False,True,False,False,False,False,False
random_ruehl_mask,mixed,139,270920399,2,UP,UP,0.0660829246044159,False,False,False,False,False,False,False
random_ruehl_mask,mixed,139,270920399,3,RIGHT,RIGHT,0.10112498421221972,False,False,False,False,False,False,False
random_ruehl_mask,mixed,139,270920399,4,WAIT,WAIT,0.07470801938325167,False,False,False,False,False,False,False
random_ruehl_mask,mixed,139,270920399,5,BOMB,BOMB,0.0908339861780405,False,False,False,True,False,False,False
random_ruehl_mask,mixed,139,270920399,6,LEFT,LEFT,0.05204195622354746,False,False,False,False,False,False,False
random_ruehl_mask,mixed,139,270920399,7,WAIT,WAIT,0.07091602310538292,False,False,False,False,False,False,False
random_ruehl_mask,mixed,139,270920399,8,DOWN,DOWN,0.05220796447247267,False,False,False,False,False,False,False
random_ruehl_mask,mixed,139,270920399,9,WAIT,WAIT,0.06337510421872139,False,False,False,False,False,False,False
random_ruehl_mask,mixed,139,270920399,10,WAIT,WAIT,0.04775007255375385,False,False,False,False,False,False,False
random_ruehl_mask,mixed,139,270920399,11,WAIT,WAIT,0.03866699989885092,False,True,False,False,False,False,False
random_ruehl_mask,mixed,139,270920399,12,WAIT,WAIT,0.07220800034701824,False,False,False,False,False,False,False
random_ruehl_mask,mixed,139,270920399,13,BOMB,BOMB,0.08116709068417549,False,False,False,True,False,False,False
random_ruehl_mask,mixed,139,270920399,14,UP,UP,0.07966591510921717,False,False,False,False,False,False,False
random_ruehl_mask,mixed,139,270920399,15,RIGHT,RIGHT,0.05916703958064318,False,False,False,False,False,False,False
random_ruehl_mask,mixed,139,270920399,16,WAIT,WAIT,0.049875001423060894,False,False,False,False,False,False,False
random_ruehl_mask,mixed,139,270920399,17,WAIT,WAIT,0.04795799031853676,False,False,False,False,False,False,False
random_ruehl_mask,mixed,139,270920399,18,WAIT,WAIT,0.0679579097777605,False,False,False,False,False,False,False
random_ruehl_mask,mixed,139,270920399,19,WAIT,WAIT,0.04658300895243883,False,False,False,False,False,False,False
random_ruehl_mask,mixed,139,270920399,20,WAIT,WAIT,0.08983304724097252,False,False,False,False,False,False,False
random_ruehl_mask,mixed,139,270920399,21,WAIT,WAIT,0.0940829049795866,False,True,False,False,False,False,False
random_ruehl_mask,mixed,139,270920399,22,WAIT,WAIT,0.0701249809935689,False,False,False,False,False,False,False
random_ruehl_mask,mixed,139,270920399,23,RIGHT,RIGHT,0.050083035603165627,False,False,False,False,False,False,False
random_ruehl_mask,mixed,139,270920399,24,LEFT,LEFT,0.08824991527944803,False,False,False,False,False,False,False
random_ruehl_mask,mixed,139,270920399,25,LEFT,LEFT,0.04737498238682747,False,False,False,False,False,False,False
random_ruehl_mask,mixed,139,270920399,26,DOWN,DOWN,0.04850002005696297,False,False,False,False,False,False,False
random_ruehl_mask,mixed,139,270920399,27,WAIT,WAIT,0.0742500415071845,False,False,False,False,False,False,False
random_ruehl_mask,mixed,139,270920399,28,WAIT,WAIT,0.05620799493044615,False,False,False,False,False,False,False
random_ruehl_mask,mixed,139,270920399,29,UP,UP,0.0551670091226697,False,False,False,False,False,False,False
random_ruehl_mask,mixed,139,270920399,30,WAIT,WAIT,0.06516696885228157,False,False,False,False,False,False,False
random_ruehl_mask,mixed,139,270920399,31,WAIT,WAIT,0.1039999770000577,False,True,False,False,False,False,False
random_ruehl_mask,mixed,139,270920399,32,DOWN,DOWN,0.07579196244478226,False,False,False,False,False,False,False
random_ruehl_mask,mixed,139,270920399,33,WAIT,WAIT,0.0803329749032855,False,False,False,False,False,False,False
random_ruehl_mask,mixed,139,270920399,34,DOWN,DOWN,0.062333070673048496,False,False,False,False,False,False,False
random_ruehl_mask,mixed,139,270920399,35,DOWN,DOWN,0.08762499783188105,False,False,False,False,False,False,False
random_ruehl_mask,mixed,139,270920399,36,DOWN,DOWN,0.07895799353718758,False,False,False,False,False,False,False
random_ruehl_mask,mixed,139,270920399,37,RIGHT,RIGHT,0.16712502110749483,False,False,False,False,False,False,False
random_ruehl_mask,mixed,139,270920399,38,WAIT,WAIT,0.08700008038431406,False,False,False,False,False,False,False
random_ruehl_mask,mixed,139,270920399,39,BOMB,BOMB,0.07229205220937729,False,False,False,True,False,False,False
random_ruehl_mask,mixed,139,270920399,40,LEFT,LEFT,0.038416008464992046,False,False,False,False,False,False,False
random_ruehl_mask,mixed,139,270920399,41,DOWN,DOWN,0.04841701593250036,False,True,False,False,False,False,False
random_ruehl_mask,mixed,139,270920399,42,WAIT,WAIT,0.053582945838570595,False,False,False,False,False,False,False
random_ruehl_mask,mixed,139,270920399,43,WAIT,WAIT,0.08520903065800667,False,False,False,False,False,False,False
random_ruehl_mask,mixed,139,270920399,44,WAIT,WAIT,0.05504197906702757,False,False,False,False,False,False,False
random_ruehl_mask,mixed,139,270920399,45,UP,UP,0.04579196684062481,False,False,False,False,False,False,False
random_ruehl_mask,mixed,139,270920399,46,RIGHT,RIGHT,0.10870897676795721,False,False,False,False,False,False,False
random_ruehl_mask,mixed,139,270920399,47,RIGHT,RIGHT,0.05337491165846586,False,False,False,False,False,False,False
random_ruehl_mask,mixed,139,270920399,48,UP,UP,0.09133294224739075,False,False,False,False,False,False,False
random_ruehl_mask,mixed,139,270920399,49,DOWN,DOWN,0.07058307528495789,False,False,False,False,False,False,False
random_ruehl_mask,mixed,139,270920399,50,WAIT,WAIT,0.08662499021738768,False,False,False,False,False,False,False
random_ruehl_mask,mixed,139,270920399,51,WAIT,WAIT,0.08575001265853643,False,True,False,False,False,False,False
random_ruehl_mask,mixed,139,270920399,52,LEFT,LEFT,0.09445799514651299,False,False,False,False,False,False,False
random_ruehl_mask,mixed,139,270920399,53,RIGHT,RIGHT,0.08779100608080626,False,False,False,False,False,False,False
random_ruehl_mask,mixed,139,270920399,54,WAIT,WAIT,0.13487506657838821,False,False,False,False,False,False,True
random_ruehl_mask,mixed,139,270920399,55,BOMB,BOMB,0.5990420468151569,False,False,False,True,False,False,True
random_ruehl_mask,mixed,139,270920399,56,UP,UP,0.07354200351983309,False,False,False,False,False,False,True
random_ruehl_mask,mixed,139,270920399,57,WAIT,WAIT,0.04600000102072954,False,False,False,False,False,False,True
random_ruehl_mask,mixed,139,270920399,58,WAIT,WAIT,0.05583406891673803,False,False,False,False,False,False,True
random_ruehl_mask,mixed,139,270920399,59,WAIT,WAIT,0.06466603372246027,False,False,False,False,False,False,True
random_ruehl_mask,mixed,140,270920400,1,WAIT,WAIT,0.10391604155302048,False,True,False,False,False,False,False
random_ruehl_mask,mixed,140,270920400,2,UP,UP,0.07941701915115118,False,False,False,False,False,False,False
random_ruehl_mask,mixed,140,270920400,3,DOWN,DOWN,0.06987503729760647,False,False,False,False,False,False,False
random_ruehl_mask,mixed,140,270920400,4,WAIT,WAIT,0.07420801557600498,False,False,False,False,False,False,False
random_ruehl_mask,mixed,140,270920400,5,RIGHT,RIGHT,0.08425000123679638,False,False,False,False,False,False,False
random_ruehl_mask,mixed,140,270920400,6,LEFT,LEFT,0.09466696064919233,False,False,False,False,False,False,False
random_ruehl_mask,mixed,140,270920400,7,RIGHT,RIGHT,0.0992089044302702,False,False,False,False,False,False,False
random_ruehl_mask,mixed,140,270920400,8,BOMB,BOMB,0.07070798892527819,False,False,False,True,False,False,False
random_ruehl_mask,mixed,140,270920400,9,LEFT,LEFT,0.05308398976922035,False,False,False,False,False,False,False
random_ruehl_mask,mixed,140,270920400,10,UP,UP,0.03979192115366459,False,False,False,False,False,False,False
random_ruehl_mask,mixed,140,270920400,11,WAIT,WAIT,0.04650000482797623,False,True,False,False,False,False,False
random_ruehl_mask,mixed,140,270920400,12,WAIT,WAIT,0.04437495954334736,False,False,False,False,False,False,False
random_ruehl_mask,mixed,140,270920400,13,WAIT,WAIT,0.08337490726262331,False,False,False,False,False,False,False
random_ruehl_mask,mixed,140,270920400,14,DOWN,DOWN,0.06104202475398779,False,False,False,False,False,False,False
random_ruehl_mask,mixed,140,270920400,15,WAIT,WAIT,0.09600003249943256,False,False,False,False,False,False,False
random_ruehl_mask,mixed,140,270920400,16,UP,UP,0.07541594095528126,False,False,False,False,False,False,False
random_ruehl_mask,mixed,140,270920400,17,DOWN,DOWN,0.06570795085281134,False,False,False,False,False,False,False
random_ruehl_mask,mixed,140,270920400,18,WAIT,WAIT,0.07449998520314693,False,False,False,False,False,False,False
random_ruehl_mask,mixed,140,270920400,19,WAIT,WAIT,0.07754203397780657,False,False,False,False,False,False,False
random_ruehl_mask,mixed,140,270920400,20,UP,UP,0.08208293002098799,False,False,False,False,False,False,False
random_ruehl_mask,mixed,140,270920400,21,BOMB,BOMB,0.07958291098475456,False,True,False,True,False,False,False
random_ruehl_mask,mixed,140,270920400,22,DOWN,DOWN,0.07433292921632528,False,False,False,False,False,False,False
random_ruehl_mask,mixed,140,270920400,23,WAIT,WAIT,0.051915994845330715,False,False,False,False,False,False,False
random_ruehl_mask,mixed,140,270920400,24,RIGHT,RIGHT,0.043291947804391384,False,False,False,False,False,False,False
random_ruehl_mask,mixed,140,270920400,25,RIGHT,RIGHT,0.04158308729529381,False,False,False,False,False,False,False
random_ruehl_mask,mixed,140,270920400,26,LEFT,LEFT,0.04070904105901718,False,False,False,False,False,False,False
random_ruehl_mask,mixed,140,270920400,27,RIGHT,RIGHT,0.04816707223653793,False,False,False,False,False,False,False
random_ruehl_mask,mixed,140,270920400,28,LEFT,LEFT,0.09779201354831457,False,False,False,False,False,False,False
random_ruehl_mask,mixed,140,270920400,29,RIGHT,RIGHT,0.058416975662112236,False,False,False,False,False,False,False
random_ruehl_mask,mixed,140,270920400,30,BOMB,BOMB,0.10000006295740604,False,False,False,True,False,False,False
random_ruehl_mask,mixed,140,270920400,31,LEFT,LEFT,0.06254191976040602,False,True,False,False,False,False,False
random_ruehl_mask,mixed,140,270920400,32,LEFT,LEFT,0.05679193418473005,False,False,False,False,False,False,False
random_ruehl_mask,mixed,140,270920400,33,UP,UP,0.052458024583756924,False,False,False,False,False,False,False
random_ruehl_mask,mixed,140,270920400,34,WAIT,WAIT,0.04800001624971628,False,False,False,False,False,False,False
random_ruehl_mask,mixed,140,270920400,35,UP,UP,0.04429102409631014,False,False,False,False,False,False,False
random_ruehl_mask,mixed,140,270920400,36,UP,UP,0.03516697324812412,False,False,False,False,False,False,False
random_ruehl_mask,mixed,140,270920400,37,WAIT,WAIT,0.08749996777623892,False,False,False,False,False,False,False
random_ruehl_mask,mixed,140,270920400,38,BOMB,BOMB,0.07091695442795753,False,False,False,True,False,False,False
random_ruehl_mask,mixed,140,270920400,39,UP,UP,0.04404096398502588,False,False,False,False,False,False,False
random_ruehl_mask,mixed,140,270920400,40,RIGHT,RIGHT,0.04291697405278683,False,False,False,False,False,False,False
random_ruehl_mask,mixed,140,270920400,41,RIGHT,RIGHT,0.07466599345207214,False,True,False,False,False,False,False
random_ruehl_mask,mixed,140,270920400,42,WAIT,WAIT,0.056541990488767624,False,False,False,False,False,False,False
random_ruehl_mask,mixed,140,270920400,43,UP,UP,0.05062494892627001,False,False,False,False,False,False,False
random_ruehl_mask,mixed,140,270920400,44,UP,UP,0.03991695120930672,False,False,False,False,False,False,False
random_ruehl_mask,mixed,140,270920400,45,WAIT,WAIT,0.10166701395064592,False,False,False,False,False,False,False
random_ruehl_mask,mixed,140,270920400,46,WAIT,WAIT,0.09087508078664541,False,False,False,False,False,False,False
random_ruehl_mask,mixed,140,270920400,47,BOMB,BOMB,0.08433300536125898,False,False,False,True,False,False,False
random_ruehl_mask,mixed,140,270920400,48,DOWN,DOWN,0.046625034883618355,False,False,False,False,False,False,False
random_ruehl_mask,mixed,140,270920400,49,DOWN,DOWN,0.054832897149026394,False,False,False,False,False,False,False
random_ruehl_mask,mixed,140,270920400,50,LEFT,LEFT,0.08091703057289124,False,False,False,False,False,False,False
random_ruehl_mask,mixed,140,270920400,51,LEFT,LEFT,0.06191700231283903,False,True,False,False,False,False,False
random_ruehl_mask,mixed,140,270920400,52,RIGHT,RIGHT,0.06574997678399086,False,False,False,False,False,False,False
random_ruehl_mask,mixed,140,270920400,53,WAIT,WAIT,0.04583399277180433,False,False,False,False,False,False,False
random_ruehl_mask,mixed,140,270920400,54,WAIT,WAIT,0.07750000804662704,False,False,False,False,False,False,False
random_ruehl_mask,mixed,140,270920400,55,BOMB,BOMB,0.06850005593150854,False,False,False,True,False,False,False
random_ruehl_mask,mixed,140,270920400,56,LEFT,LEFT,0.03654195461422205,False,False,False,False,False,False,False
random_ruehl_mask,mixed,140,270920400,57,DOWN,DOWN,0.04429207183420658,False,False,False,False,False,False,False
random_ruehl_mask,mixed,140,270920400,58,WAIT,WAIT,0.04983297549188137,False,False,False,False,False,False,False
random_ruehl_mask,mixed,140,270920400,59,DOWN,DOWN,0.049666035920381546,False,False,False,False,False,False,False
random_ruehl_mask,mixed,140,270920400,60,WAIT,WAIT,0.062000006437301636,False,False,False,False,False,False,False
random_ruehl_mask,mixed,140,270920400,61,WAIT,WAIT,0.0378340482711792,False,True,False,False,False,False,False
random_ruehl_mask,mixed,140,270920400,62,DOWN,DOWN,0.08412497118115425,False,False,False,False,False,False,False
random_ruehl_mask,mixed,140,270920400,63,DOWN,DOWN,0.04841701593250036,False,False,False,False,False,False,False
random_ruehl_mask,mixed,140,270920400,64,RIGHT,RIGHT,0.07054104935377836,False,False,False,False,False,False,False
random_ruehl_mask,mixed,140,270920400,65,RIGHT,RIGHT,0.06166601087898016,False,False,False,False,False,False,False
random_ruehl_mask,mixed,140,270920400,66,WAIT,WAIT,0.08916598744690418,False,False,False,False,False,False,False
random_ruehl_mask,mixed,140,270920400,67,LEFT,LEFT,0.05466595757752657,False,False,False,False,False,False,False
random_ruehl_mask,mixed,140,270920400,68,RIGHT,RIGHT,0.06441690493375063,False,False,False,False,False,False,False
random_ruehl_mask,mixed,140,270920400,69,WAIT,WAIT,0.05595805123448372,False,False,False,False,False,False,False
random_ruehl_mask,mixed,140,270920400,70,WAIT,WAIT,0.05766702815890312,False,False,False,False,False,False,False
random_ruehl_mask,mixed,140,270920400,71,UP,UP,0.05341600626707077,False,True,False,False,False,False,False
random_ruehl_mask,mixed,140,270920400,72,WAIT,WAIT,0.06762496195733547,False,False,False,False,False,False,False
random_ruehl_mask,mixed,140,270920400,73,WAIT,WAIT,0.06316590588539839,False,False,False,False,False,False,False
random_ruehl_mask,mixed,140,270920400,74,WAIT,WAIT,0.05962501745671034,False,False,False,False,False,False,False
random_ruehl_mask,mixed,140,270920400,75,DOWN,DOWN,0.05920801777392626,False,False,False,False,False,False,False
random_ruehl_mask,mixed,140,270920400,76,WAIT,WAIT,0.07841689512133598,False,False,False,False,False,False,False
random_ruehl_mask,mixed,140,270920400,77,RIGHT,RIGHT,0.0766669400036335,False,False,False,False,False,False,False
random_ruehl_mask,mixed,140,270920400,78,LEFT,LEFT,0.06191700231283903,False,False,False,False,False,False,False
random_ruehl_mask,mixed,140,270920400,79,LEFT,LEFT,0.052582938224077225,False,False,False,False,False,False,False
random_ruehl_mask,mixed,140,270920400,80,RIGHT,RIGHT,0.047625042498111725,False,False,False,False,False,False,False
random_ruehl_mask,mixed,140,270920400,81,UP,UP,0.06770796608179808,False,True,False,False,False,False,False
random_ruehl_mask,mixed,140,270920400,82,UP,UP,0.04816602449864149,False,False,False,False,False,False,False
random_ruehl_mask,mixed,140,270920400,83,WAIT,WAIT,0.08583394810557365,False,False,False,False,False,False,False
random_ruehl_mask,mixed,140,270920400,84,WAIT,WAIT,0.10120798833668232,False,False,False,False,False,False,False
random_ruehl_mask,mixed,140,270920400,85,UP,UP,0.09625009261071682,False,False,False,False,False,False,False
random_ruehl_mask,mixed,140,270920400,86,WAIT,WAIT,0.05666597280651331,False,False,False,False,False,False,False
random_ruehl_mask,mixed,140,270920400,87,DOWN,DOWN,0.07345795165747404,False,False,False,False,False,False,False
random_ruehl_mask,mixed,140,270920400,88,UP,UP,0.09020802099257708,False,False,False,False,False,False,False
random_ruehl_mask,mixed,140,270920400,89,UP,UP,0.05825003609061241,False,False,False,False,False,False,False
random_ruehl_mask,mixed,140,270920400,90,DOWN,DOWN,0.057415920309722424,False,False,False,False,False,False,False
random_ruehl_mask,mixed,140,270920400,91,WAIT,WAIT,0.06125005893409252,False,True,False,False,False,False,False
random_ruehl_mask,mixed,140,270920400,92,UP,UP,0.05054206121712923,False,False,False,False,False,False,False
random_ruehl_mask,mixed,140,270920400,93,UP,UP,0.06666698027402163,False,False,False,False,False,False,False
random_ruehl_mask,mixed,140,270920400,94,DOWN,DOWN,0.05108409095555544,False,False,False,False,False,False,False
random_ruehl_mask,mixed,140,270920400,95,UP,UP,0.063000014051795,False,False,False,False,False,False,False
random_ruehl_mask,mixed,140,270920400,96,DOWN,DOWN,0.07720792200416327,False,False,False,False,False,False,False
random_ruehl_mask,mixed,140,270920400,97,WAIT,WAIT,0.11337490286678076,False,False,False,False,False,False,False
random_ruehl_mask,mixed,140,270920400,98,RIGHT,RIGHT,0.0914999982342124,False,False,False,False,False,False,False
random_ruehl_mask,mixed,140,270920400,99,LEFT,LEFT,0.048291985876858234,False,False,False,False,False,False,False
random_ruehl_mask,mixed,140,270920400,100,UP,UP,0.08883397094905376,False,False,False,False,False,False,False
random_ruehl_mask,mixed,140,270920400,101,WAIT,WAIT,0.08666596841067076,False,True,False,False,False,False,False
random_ruehl_mask,mixed,140,270920400,102,WAIT,WAIT,0.07162499241530895,False,False,False,False,False,False,False
random_ruehl_mask,mixed,140,270920400,103,UP,UP,0.06800005212426186,False,False,False,False,False,False,False
random_ruehl_mask,mixed,140,270920400,104,DOWN,DOWN,0.05437503568828106,False,False,False,False,False,False,False
random_ruehl_mask,mixed,140,270920400,105,UP,UP,0.07195794023573399,False,False,False,False,False,False,False
random_ruehl_mask,mixed,140,270920400,106,LEFT,LEFT,0.06620795466005802,False,False,False,False,False,False,False
random_ruehl_mask,mixed,140,270920400,107,WAIT,WAIT,0.08241704199463129,False,False,False,False,False,False,False
random_ruehl_mask,mixed,140,270920400,108,LEFT,LEFT,0.08287501987069845,False,False,False,False,False,False,False
random_ruehl_mask,mixed,140,270920400,109,RIGHT,RIGHT,0.14604197349399328,False,False,False,False,False,False,False
random_ruehl_mask,mixed,140,270920400,110,WAIT,WAIT,0.056541990488767624,False,False,False,False,False,False,False
random_ruehl_mask,mixed,140,270920400,111,RIGHT,RIGHT,0.06570899859070778,False,True,False,False,False,False,False
random_ruehl_mask,mixed,140,270920400,112,LEFT,LEFT,0.10179111268371344,False,False,False,False,False,False,False
random_ruehl_mask,mixed,140,270920400,113,BOMB,BOMB,0.06562506314367056,False,False,False,True,True,False,False
random_ruehl_mask,mixed,140,270920400,114,RIGHT,RIGHT,0.0719169620424509,False,False,False,False,False,False,False
random_ruehl_mask,mixed,140,270920400,115,UP,UP,0.05445897113531828,False,False,False,False,False,False,False
random_ruehl_mask,mixed,140,270920400,116,WAIT,WAIT,0.05949998740106821,False,False,False,False,False,False,False
random_ruehl_mask,mixed,140,270920400,117,UP,UP,0.04204094875603914,False,False,False,False,False,False,False
random_ruehl_mask,mixed,140,270920400,118,WAIT,WAIT,0.04800001624971628,False,False,False,False,False,False,False
random_ruehl_mask,mixed,140,270920400,119,DOWN,DOWN,0.04837499000132084,False,False,False,False,False,False,False
random_ruehl_mask,mixed,140,270920400,120,UP,UP,0.057541998103260994,False,False,False,False,False,False,True
random_ruehl_mask,mixed,140,270920400,121,BOMB,BOMB,0.09795802179723978,False,True,False,True,False,False,True
random_ruehl_mask,mixed,140,270920400,122,UP,UP,0.03562506753951311,False,False,False,False,False,False,True
random_ruehl_mask,mixed,140,270920400,123,UP,UP,0.05933293141424656,False,False,False,False,False,False,True
random_ruehl_mask,mixed,140,270920400,124,WAIT,WAIT,0.05608308129012585,False,False,False,False,False,False,True
random_ruehl_mask,mixed,140,270920400,125,DOWN,DOWN,0.06462505552917719,False,False,False,False,False,False,True
random_ruehl_mask,mixed,141,270920401,1,DOWN,DOWN,0.10029098484665155,False,True,False,False,False,False,False
random_ruehl_mask,mixed,141,270920401,2,BOMB,BOMB,0.06708304863423109,False,False,False,True,False,False,False
random_ruehl_mask,mixed,141,270920401,3,UP,UP,0.03983406350016594,False,False,False,False,False,False,False
random_ruehl_mask,mixed,141,270920401,4,RIGHT,RIGHT,0.034917029552161694,False,False,False,False,False,False,False
random_ruehl_mask,mixed,141,270920401,5,WAIT,WAIT,0.07075001485645771,False,False,False,False,False,False,False
random_ruehl_mask,mixed,141,270920401,6,WAIT,WAIT,0.06154098082333803,False,False,False,False,False,False,False
random_ruehl_mask,mixed,141,270920401,7,WAIT,WAIT,0.05237502045929432,False,False,False,False,False,False,False
random_ruehl_mask,mixed,141,270920401,8,WAIT,WAIT,0.03599992487579584,False,False,False,False,False,False,False
random_ruehl_mask,mixed,141,270920401,9,LEFT,LEFT,0.06916699931025505,False,False,False,False,False,False,True
random_ruehl_mask,mixed,141,270920401,10,BOMB,BOMB,0.09533297270536423,False,False,False,True,False,False,True
random_ruehl_mask,mixed,141,270920401,11,RIGHT,RIGHT,0.041499966755509377,False,True,True,False,False,False,True
random_ruehl_mask,mixed,141,270920401,12,WAIT,WAIT,0.06170803681015968,False,False,False,False,False,False,True
random_ruehl_mask,mixed,141,270920401,13,WAIT,WAIT,0.08316605817526579,False,False,False,False,False,False,True
random_ruehl_mask,mixed,141,270920401,14,WAIT,WAIT,0.07741607259958982,False,False,False,False,False,False,True
random_ruehl_mask,mixed,142,270920402,1,DOWN,DOWN,0.11516606900840998,False,True,False,False,False,False,False
random_ruehl_mask,mixed,142,270920402,2,UP,UP,0.09237497579306364,False,False,False,False,False,False,False
random_ruehl_mask,mixed,142,270920402,3,WAIT,WAIT,0.10054209269583225,False,False,False,False,False,False,False
random_ruehl_mask,mixed,142,270920402,4,LEFT,LEFT,0.08399994112551212,False,False,False,False,False,False,False
random_ruehl_mask,mixed,142,270920402,5,RIGHT,RIGHT,0.08754199370741844,False,False,False,False,False,False,False
random_ruehl_mask,mixed,142,270920402,6,WAIT,WAIT,0.127083039842546,False,False,False,False,False,False,False
random_ruehl_mask,mixed,142,270920402,7,LEFT,LEFT,0.08745898958295584,False,False,False,False,False,False,False
random_ruehl_mask,mixed,142,270920402,8,LEFT,LEFT,0.0702498946338892,False,False,False,False,False,False,False
random_ruehl_mask,mixed,142,270920402,9,DOWN,DOWN,0.07737497799098492,False,False,False,False,False,False,False
random_ruehl_mask,mixed,142,270920402,10,WAIT,WAIT,0.06629200652241707,False,False,False,False,False,False,False
random_ruehl_mask,mixed,142,270920402,11,UP,UP,0.09570794645696878,False,True,False,False,False,False,True
random_ruehl_mask,mixed,142,270920402,12,BOMB,BOMB,0.08233299013227224,False,False,False,True,False,False,True
random_ruehl_mask,mixed,142,270920402,13,DOWN,DOWN,0.052749994210898876,False,False,False,False,False,False,True
random_ruehl_mask,mixed,142,270920402,14,WAIT,WAIT,0.0512079568579793,False,False,False,False,False,False,True
random_ruehl_mask,mixed,142,270920402,15,WAIT,WAIT,0.08124997839331627,False,False,False,False,False,False,True
random_ruehl_mask,mixed,142,270920402,16,WAIT,WAIT,0.08487503509968519,False,False,False,False,False,False,True
random_ruehl_mask,mixed,143,270920403,1,WAIT,WAIT,0.09420805145055056,False,True,False,False,False,False,False
random_ruehl_mask,mixed,143,270920403,2,DOWN,DOWN,0.09933300316333771,False,False,False,False,False,False,False
random_ruehl_mask,mixed,143,270920403,3,UP,UP,0.07570895832031965,False,False,False,False,False,False,False
random_ruehl_mask,mixed,143,270920403,4,WAIT,WAIT,0.0712500186637044,False,False,False,False,False,False,False
random_ruehl_mask,mixed,143,270920403,5,DOWN,DOWN,0.08383393287658691,False,False,False,False,False,False,False
random_ruehl_mask,mixed,143,270920403,6,WAIT,WAIT,0.10912504512816668,False,False,False,False,False,False,False
random_ruehl_mask,mixed,143,270920403,7,WAIT,WAIT,0.0865840120241046,False,False,False,False,False,False,False
random_ruehl_mask,mixed,143,270920403,8,WAIT,WAIT,0.06754195783287287,False,False,False,False,False,False,False
random_ruehl_mask,mixed,143,270920403,9,BOMB,BOMB,0.06458302959799767,False,False,False,True,False,False,False
random_ruehl_mask,mixed,143,270920403,10,UP,UP,0.037375022657215595,False,False,False,False,False,False,False
random_ruehl_mask,mixed,143,270920403,11,WAIT,WAIT,0.03791693598031998,False,True,False,False,False,False,False
random_ruehl_mask,mixed,143,270920403,12,LEFT,LEFT,0.05316699389368296,False,False,False,False,False,False,False
random_ruehl_mask,mixed,143,270920403,13,WAIT,WAIT,0.058916048146784306,False,False,False,False,False,False,False
random_ruehl_mask,mixed,143,270920403,14,WAIT,WAIT,0.06074993871152401,False,False,False,False,False,False,False
random_ruehl_mask,mixed,143,270920403,15,RIGHT,RIGHT,0.06266694981604815,False,False,False,False,False,False,True
random_ruehl_mask,mixed,143,270920403,16,BOMB,BOMB,0.08908298332244158,False,False,False,True,False,False,True
random_ruehl_mask,mixed,143,270920403,17,DOWN,DOWN,0.03954197745770216,False,False,False,False,False,False,True
random_ruehl_mask,mixed,143,270920403,18,WAIT,WAIT,0.03833393566310406,False,False,False,False,False,False,True
random_ruehl_mask,mixed,143,270920403,19,WAIT,WAIT,0.09558303281664848,False,False,False,False,False,False,True
random_ruehl_mask,mixed,143,270920403,20,DOWN,DOWN,0.05749997217208147,False,False,False,False,False,False,True
random_ruehl_mask,mixed,144,270920404,1,LEFT,LEFT,0.10000006295740604,False,True,False,False,False,False,False
random_ruehl_mask,mixed,144,270920404,2,RIGHT,RIGHT,0.07179100066423416,False,False,False,False,False,False,False
random_ruehl_mask,mixed,144,270920404,3,UP,UP,0.0891250092536211,False,False,False,False,False,False,False
random_ruehl_mask,mixed,144,270920404,4,WAIT,WAIT,0.07712491787970066,False,False,False,False,False,False,False
random_ruehl_mask,mixed,144,270920404,5,DOWN,DOWN,0.09212503209710121,False,False,False,False,False,False,False
random_ruehl_mask,mixed,144,270920404,6,LEFT,LEFT,0.0891250092536211,False,False,False,False,False,False,False
random_ruehl_mask,mixed,144,270920404,7,WAIT,WAIT,0.08866703137755394,False,False,False,False,False,False,False
random_ruehl_mask,mixed,144,270920404,8,RIGHT,RIGHT,0.07149996235966682,False,False,False,False,False,False,False
random_ruehl_mask,mixed,144,270920404,9,UP,UP,0.06862496957182884,False,False,False,False,False,False,False
random_ruehl_mask,mixed,144,270920404,10,WAIT,WAIT,0.062166014686226845,False,False,False,False,False,False,False
random_ruehl_mask,mixed,144,270920404,11,WAIT,WAIT,0.06433296948671341,False,True,False,False,False,False,False
random_ruehl_mask,mixed,144,270920404,12,WAIT,WAIT,0.08312496356666088,False,False,False,False,False,False,False
random_ruehl_mask,mixed,144,270920404,13,WAIT,WAIT,0.11562497820705175,False,False,False,False,False,False,False
random_ruehl_mask,mixed,144,270920404,14,DOWN,DOWN,0.09179196786135435,False,False,False,False,False,False,False
random_ruehl_mask,mixed,144,270920404,15,UP,UP,0.13479101471602917,False,False,False,False,False,False,False
random_ruehl_mask,mixed,144,270920404,16,DOWN,DOWN,0.08483300916850567,False,False,False,False,False,False,False
random_ruehl_mask,mixed,144,270920404,17,WAIT,WAIT,0.07533293683081865,False,False,False,False,False,False,False
random_ruehl_mask,mixed,144,270920404,18,UP,UP,0.07166701834648848,False,False,False,False,False,False,False
random_ruehl_mask,mixed,144,270920404,19,BOMB,BOMB,0.0678329961374402,False,False,False,True,False,False,False
random_ruehl_mask,mixed,144,270920404,20,DOWN,DOWN,0.03687501884996891,False,False,False,False,False,False,False
random_ruehl_mask,mixed,144,270920404,21,LEFT,LEFT,0.058208941482007504,False,True,False,False,False,False,False
random_ruehl_mask,mixed,144,270920404,22,WAIT,WAIT,0.06333296187222004,False,False,False,False,False,False,False
random_ruehl_mask,mixed,144,270920404,23,WAIT,WAIT,0.06379198748618364,False,False,False,False,False,False,False
random_ruehl_mask,mixed,144,270920404,24,WAIT,WAIT,0.07075001485645771,False,False,False,False,False,False,False
random_ruehl_mask,mixed,144,270920404,25,WAIT,WAIT,0.04145794082432985,False,False,False,False,False,False,False
random_ruehl_mask,mixed,144,270920404,26,RIGHT,RIGHT,0.07516704499721527,False,False,False,False,False,False,False
random_ruehl_mask,mixed,144,270920404,27,LEFT,LEFT,0.07816706784069538,False,False,False,False,False,False,False
random_ruehl_mask,mixed,144,270920404,28,BOMB,BOMB,0.0640420475974679,False,False,False,True,False,False,False
random_ruehl_mask,mixed,144,270920404,29,RIGHT,RIGHT,0.06858294364064932,False,False,False,False,False,False,False
random_ruehl_mask,mixed,144,270920404,30,UP,UP,0.05150004290044308,False,False,False,False,False,False,False
random_ruehl_mask,mixed,144,270920404,31,WAIT,WAIT,0.05437491927295923,False,True,False,False,False,False,False
random_ruehl_mask,mixed,144,270920404,32,WAIT,WAIT,0.0464579788967967,False,False,False,False,False,False,False
random_ruehl_mask,mixed,144,270920404,33,UP,UP,0.04033301956951618,False,False,False,False,False,False,False
random_ruehl_mask,mixed,144,270920404,34,UP,UP,0.034250086173415184,False,False,False,False,False,False,False
random_ruehl_mask,mixed,144,270920404,35,UP,UP,0.09975000284612179,False,False,False,False,False,False,False
random_ruehl_mask,mixed,144,270920404,36,WAIT,WAIT,0.09495799895375967,False,False,False,False,False,False,False
random_ruehl_mask,mixed,144,270920404,37,DOWN,DOWN,0.10154105257242918,False,False,False,False,False,False,False
random_ruehl_mask,mixed,144,270920404,38,DOWN,DOWN,0.10066607501357794,False,False,False,False,False,False,False
random_ruehl_mask,mixed,144,270920404,39,WAIT,WAIT,0.09608303662389517,False,False,False,False,False,False,False
random_ruehl_mask,mixed,144,270920404,40,UP,UP,0.08037500083446503,False,False,False,False,False,False,False
random_ruehl_mask,mixed,144,270920404,41,DOWN,DOWN,0.08004193659871817,False,True,False,False,False,False,False
random_ruehl_mask,mixed,144,270920404,42,DOWN,DOWN,0.08129107300192118,False,False,False,False,False,False,False
random_ruehl_mask,mixed,144,270920404,43,WAIT,WAIT,0.04737498238682747,False,False,False,False,False,False,False
random_ruehl_mask,mixed,144,270920404,44,WAIT,WAIT,0.0677499920129776,False,False,False,False,False,False,False
random_ruehl_mask,mixed,144,270920404,45,DOWN,DOWN,0.05024997517466545,False,False,False,False,False,False,False
random_ruehl_mask,mixed,144,270920404,46,LEFT,LEFT,0.0706670107319951,False,False,False,False,False,False,False
random_ruehl_mask,mixed,144,270920404,47,LEFT,LEFT,0.06354204379022121,False,False,False,False,False,False,False
random_ruehl_mask,mixed,144,270920404,48,RIGHT,RIGHT,0.0950000248849392,False,False,False,False,False,False,False
random_ruehl_mask,mixed,144,270920404,49,RIGHT,RIGHT,0.05312496796250343,False,False,False,False,False,False,False
random_ruehl_mask,mixed,144,270920404,50,LEFT,LEFT,0.062166014686226845,False,False,False,False,False,False,False
random_ruehl_mask,mixed,144,270920404,51,RIGHT,RIGHT,0.06462505552917719,False,True,False,False,False,False,False
random_ruehl_mask,mixed,144,270920404,52,UP,UP,0.08320808410644531,False,False,False,False,False,False,False
random_ruehl_mask,mixed,144,270920404,53,UP,UP,0.05970895290374756,False,False,False,False,False,False,False
random_ruehl_mask,mixed,144,270920404,54,WAIT,WAIT,0.08320901542901993,False,False,False,False,False,False,True
random_ruehl_mask,mixed,144,270920404,55,BOMB,BOMB,0.08987507317215204,False,False,False,True,False,False,True
random_ruehl_mask,mixed,144,270920404,56,UP,UP,0.05012506153434515,False,False,False,False,False,False,True
random_ruehl_mask,mixed,144,270920404,57,WAIT,WAIT,0.03795907832682133,False,False,False,False,False,False,True
random_ruehl_mask,mixed,144,270920404,58,WAIT,WAIT,0.04595797508955002,False,False,False,False,False,False,True
random_ruehl_mask,mixed,144,270920404,59,UP,UP,0.044749933294951916,False,False,False,False,False,False,True
random_ruehl_mask,mixed,145,270920405,1,WAIT,WAIT,0.10474992450326681,False,True,False,False,False,False,False
random_ruehl_mask,mixed,145,270920405,2,WAIT,WAIT,0.08204206824302673,False,False,False,False,False,False,False
random_ruehl_mask,mixed,145,270920405,3,UP,UP,0.07679103873670101,False,False,False,False,False,False,False
random_ruehl_mask,mixed,145,270920405,4,UP,UP,0.06829202175140381,False,False,False,False,False,False,False
random_ruehl_mask,mixed,145,270920405,5,WAIT,WAIT,0.09495799895375967,False,False,False,False,False,False,False
random_ruehl_mask,mixed,145,270920405,6,WAIT,WAIT,0.09204202797263861,False,False,False,False,False,False,False
random_ruehl_mask,mixed,145,270920405,7,RIGHT,RIGHT,0.09275006595999002,False,False,False,False,False,False,False
random_ruehl_mask,mixed,145,270920405,8,WAIT,WAIT,0.07458392065018415,False,False,False,False,False,False,False
random_ruehl_mask,mixed,145,270920405,9,BOMB,BOMB,0.10254094377160072,False,False,False,True,False,False,False
random_ruehl_mask,mixed,145,270920405,10,LEFT,LEFT,0.04566693678498268,False,False,False,False,False,False,False
random_ruehl_mask,mixed,145,270920405,11,DOWN,DOWN,0.04724995233118534,False,True,False,False,False,False,False
random_ruehl_mask,mixed,145,270920405,12,WAIT,WAIT,0.049791065976023674,False,False,False,False,False,False,False
random_ruehl_mask,mixed,145,270920405,13,WAIT,WAIT,0.06258301436901093,False,False,False,False,False,False,False
random_ruehl_mask,mixed,145,270920405,14,WAIT,WAIT,0.06062502507120371,False,False,False,False,False,False,False
random_ruehl_mask,mixed,145,270920405,15,DOWN,DOWN,0.049291993491351604,False,False,False,False,False,False,False
random_ruehl_mask,mixed,145,270920405,16,WAIT,WAIT,0.08133298251777887,False,False,False,False,False,False,False
random_ruehl_mask,mixed,145,270920405,17,RIGHT,RIGHT,0.0742919510230422,False,False,False,False,False,False,False
random_ruehl_mask,mixed,145,270920405,18,LEFT,LEFT,0.09275006595999002,False,False,False,False,False,False,False
random_ruehl_mask,mixed,145,270920405,19,BOMB,BOMB,0.08170807268470526,False,False,False,True,False,False,False
random_ruehl_mask,mixed,145,270920405,20,RIGHT,RIGHT,0.049999915063381195,False,False,False,False,False,False,False
random_ruehl_mask,mixed,145,270920405,21,RIGHT,RIGHT,0.05604105535894632,False,True,False,False,False,False,False
random_ruehl_mask,mixed,145,270920405,22,UP,UP,0.08683395572006702,False,False,False,False,False,False,False
random_ruehl_mask,mixed,145,270920405,23,UP,UP,0.10712502989917994,False,False,False,False,False,False,False
random_ruehl_mask,mixed,145,270920405,24,DOWN,DOWN,0.04579196684062481,False,False,False,False,False,False,False
random_ruehl_mask,mixed,145,270920405,25,WAIT,WAIT,0.040207989513874054,False,False,False,False,False,False,False
random_ruehl_mask,mixed,145,270920405,26,DOWN,DOWN,0.07404200732707977,False,False,False,False,False,False,False
random_ruehl_mask,mixed,145,270920405,27,RIGHT,RIGHT,0.08599995635449886,False,False,False,False,False,False,False
random_ruehl_mask,mixed,145,270920405,28,BOMB,BOMB,0.08949998300522566,False,False,False,True,False,False,False
random_ruehl_mask,mixed,145,270920405,29,LEFT,LEFT,0.042750034481287,False,False,False,False,False,False,False
random_ruehl_mask,mixed,145,270920405,30,UP,UP,0.05908298771828413,False,False,False,False,False,False,False
random_ruehl_mask,mixed,145,270920405,31,WAIT,WAIT,0.0754999928176403,False,True,False,False,False,False,False
random_ruehl_mask,mixed,145,270920405,32,UP,UP,0.07566600106656551,False,False,False,False,False,False,False
random_ruehl_mask,mixed,145,270920405,33,DOWN,DOWN,0.054333009757101536,False,False,False,False,False,False,False
random_ruehl_mask,mixed,145,270920405,34,UP,UP,0.03658398054540157,False,False,False,False,False,False,False
random_ruehl_mask,mixed,145,270920405,35,LEFT,LEFT,0.09287497960031033,False,False,False,False,False,False,False
random_ruehl_mask,mixed,145,270920405,36,LEFT,LEFT,0.05908403545618057,False,False,False,False,False,False,False
random_ruehl_mask,mixed,145,270920405,37,BOMB,BOMB,0.09337498340755701,False,False,False,True,False,False,False
random_ruehl_mask,mixed,145,270920405,38,RIGHT,RIGHT,0.03716698847711086,False,False,False,False,False,False,False
random_ruehl_mask,mixed,145,270920405,39,WAIT,WAIT,0.036375015042722225,False,False,False,False,False,False,False
random_ruehl_mask,mixed,145,270920405,40,RIGHT,RIGHT,0.052749994210898876,False,False,False,False,False,False,False
random_ruehl_mask,mixed,145,270920405,41,DOWN,DOWN,0.054541975259780884,False,True,False,False,False,False,False
random_ruehl_mask,mixed,145,270920405,42,DOWN,DOWN,0.06462505552917719,False,False,False,False,False,False,False
random_ruehl_mask,mixed,145,270920405,43,LEFT,LEFT,0.051582930609583855,False,False,False,False,False,False,False
random_ruehl_mask,mixed,145,270920405,44,WAIT,WAIT,0.054292031563818455,False,False,False,False,False,False,False
random_ruehl_mask,mixed,145,270920405,45,WAIT,WAIT,0.06979110185056925,False,False,False,False,False,False,False
random_ruehl_mask,mixed,145,270920405,46,WAIT,WAIT,0.05050003528594971,False,False,False,False,False,False,False
random_ruehl_mask,mixed,145,270920405,47,WAIT,WAIT,0.05425000563263893,False,False,False,False,False,False,False
random_ruehl_mask,mixed,145,270920405,48,LEFT,LEFT,0.052625080570578575,False,False,False,False,False,False,False
random_ruehl_mask,mixed,145,270920405,49,WAIT,WAIT,0.06512494292110205,False,False,False,False,False,False,False
random_ruehl_mask,mixed,145,270920405,50,RIGHT,RIGHT,0.059165991842746735,False,False,False,False,False,False,False
random_ruehl_mask,mixed,145,270920405,51,WAIT,WAIT,0.05091703496873379,False,True,False,False,False,False,False
random_ruehl_mask,mixed,145,270920405,52,WAIT,WAIT,0.07862504571676254,False,False,False,False,False,False,False
random_ruehl_mask,mixed,145,270920405,53,WAIT,WAIT,0.05991698708385229,False,False,False,False,False,False,False
random_ruehl_mask,mixed,145,270920405,54,LEFT,LEFT,0.048083020374178886,False,False,False,False,False,False,False
random_ruehl_mask,mixed,145,270920405,55,UP,UP,0.055875047110021114,False,False,False,False,False,False,False
random_ruehl_mask,mixed,145,270920405,56,UP,UP,0.04879198968410492,False,False,False,False,False,False,False
random_ruehl_mask,mixed,145,270920405,57,RIGHT,RIGHT,0.05233392585068941,False,False,False,False,False,False,False
random_ruehl_mask,mixed,145,270920405,58,WAIT,WAIT,0.06295798812061548,False,False,False,False,False,False,False
random_ruehl_mask,mixed,145,270920405,59,WAIT,WAIT,0.05783303640782833,False,False,False,False,False,False,False
random_ruehl_mask,mixed,145,270920405,60,RIGHT,RIGHT,0.0712500186637044,False,False,False,False,False,False,False
random_ruehl_mask,mixed,145,270920405,61,WAIT,WAIT,0.1003750367090106,False,True,False,False,False,False,False
random_ruehl_mask,mixed,145,270920405,62,WAIT,WAIT,0.09395892266184092,False,False,False,False,False,False,False
random_ruehl_mask,mixed,145,270920405,63,WAIT,WAIT,0.08395803160965443,False,False,False,False,False,False,False
random_ruehl_mask,mixed,145,270920405,64,RIGHT,RIGHT,0.08850009180605412,False,False,False,False,False,False,False
random_ruehl_mask,mixed,145,270920405,65,BOMB,BOMB,0.06316590588539839,False,False,False,True,True,False,False
random_ruehl_mask,mixed,145,270920405,66,LEFT,LEFT,0.03695895429700613,False,False,False,False,False,False,False
random_ruehl_mask,mixed,145,270920405,67,WAIT,WAIT,0.03704102709889412,False,False,False,False,False,False,False
random_ruehl_mask,mixed,145,270920405,68,DOWN,DOWN,0.05679193418473005,False,False,False,False,False,False,False
random_ruehl_mask,mixed,145,270920405,69,DOWN,DOWN,0.07841701153665781,False,False,False,False,False,False,False
random_ruehl_mask,mixed,145,270920405,70,WAIT,WAIT,0.06225006654858589,False,False,False,False,False,False,False
random_ruehl_mask,mixed,145,270920405,71,UP,UP,0.07520895451307297,False,True,False,False,False,False,False
random_ruehl_mask,mixed,145,270920405,72,UP,UP,0.08349993731826544,False,False,False,False,False,False,False
random_ruehl_mask,mixed,145,270920405,73,WAIT,WAIT,0.09083305485546589,False,False,False,False,False,False,False
random_ruehl_mask,mixed,145,270920405,74,BOMB,BOMB,0.09837502148002386,False,False,False,True,False,False,False
random_ruehl_mask,mixed,145,270920405,75,RIGHT,RIGHT,0.049875001423060894,False,False,False,False,False,False,False
random_ruehl_mask,mixed,145,270920405,76,RIGHT,RIGHT,0.047625042498111725,False,False,False,False,False,False,False
random_ruehl_mask,mixed,145,270920405,77,DOWN,DOWN,0.054541975259780884,False,False,False,False,False,False,False
random_ruehl_mask,mixed,145,270920405,78,DOWN,DOWN,0.059666926972568035,False,False,False,False,False,False,False
random_ruehl_mask,mixed,145,270920405,79,WAIT,WAIT,0.049915979616343975,False,False,False,False,False,False,False
random_ruehl_mask,mixed,145,270920405,80,LEFT,LEFT,0.03616698086261749,False,False,False,False,False,False,False
random_ruehl_mask,mixed,145,270920405,81,LEFT,LEFT,0.056958990171551704,False,True,False,False,False,False,False
random_ruehl_mask,mixed,145,270920405,82,RIGHT,RIGHT,0.058542005717754364,False,False,False,False,False,False,False
random_ruehl_mask,mixed,145,270920405,83,WAIT,WAIT,0.05229096859693527,False,False,False,False,False,False,False
random_ruehl_mask,mixed,145,270920405,84,LEFT,LEFT,0.04695798270404339,False,False,False,False,False,False,False
random_ruehl_mask,mixed,145,270920405,85,WAIT,WAIT,0.04833308048546314,False,False,False,False,False,False,False
random_ruehl_mask,mixed,145,270920405,86,LEFT,LEFT,0.048749963752925396,False,False,False,False,False,False,False
random_ruehl_mask,mixed,145,270920405,87,RIGHT,RIGHT,0.0702909892424941,False,False,False,False,False,False,False
random_ruehl_mask,mixed,145,270920405,88,LEFT,LEFT,0.07216597441583872,False,False,False,False,False,False,False
random_ruehl_mask,mixed,145,270920405,89,LEFT,LEFT,0.07904099766165018,False,False,False,False,False,False,False
random_ruehl_mask,mixed,145,270920405,90,UP,UP,0.08091691415756941,False,False,False,False,False,False,False
random_ruehl_mask,mixed,145,270920405,91,DOWN,DOWN,0.06716698408126831,False,True,False,False,False,False,False
random_ruehl_mask,mixed,145,270920405,92,WAIT,WAIT,0.053875031881034374,False,False,False,False,False,False,False
random_ruehl_mask,mixed,145,270920405,93,UP,UP,0.04808406811207533,False,False,False,False,False,False,False
random_ruehl_mask,mixed,145,270920405,94,WAIT,WAIT,0.07070903666317463,False,False,False,False,False,False,False
random_ruehl_mask,mixed,145,270920405,95,UP,UP,0.05466700531542301,False,False,False,False,False,False,False
random_ruehl_mask,mixed,145,270920405,96,WAIT,WAIT,0.051666051149368286,False,False,False,False,False,False,False
random_ruehl_mask,mixed,145,270920405,97,RIGHT,RIGHT,0.05308294203132391,False,False,False,False,False,False,False
random_ruehl_mask,mixed,145,270920405,98,WAIT,WAIT,0.04854099825024605,False,False,False,False,False,False,False
random_ruehl_mask,mixed,145,270920405,99,LEFT,LEFT,0.07858395110815763,False,False,False,False,False,False,False
random_ruehl_mask,mixed,145,270920405,100,UP,UP,0.10595796629786491,False,False,False,False,False,False,False
random_ruehl_mask,mixed,145,270920405,101,WAIT,WAIT,0.07812504190951586,False,True,False,False,False,False,False
random_ruehl_mask,mixed,145,270920405,102,WAIT,WAIT,0.06533402483910322,False,False,False,False,False,False,False
random_ruehl_mask,mixed,145,270920405,103,UP,UP,0.08233299013227224,False,False,False,False,False,False,False
random_ruehl_mask,mixed,145,270920405,104,UP,UP,0.09662494994699955,False,False,False,False,False,False,False
random_ruehl_mask,mixed,145,270920405,105,UP,UP,0.06408302579075098,False,False,False,False,False,False,False
random_ruehl_mask,mixed,145,270920405,106,RIGHT,RIGHT,0.0564999645575881,False,False,False,False,False,False,False
random_ruehl_mask,mixed,145,270920405,107,LEFT,LEFT,0.04720897413790226,False,False,False,False,False,False,False
random_ruehl_mask,mixed,145,270920405,108,RIGHT,RIGHT,0.06370898336172104,False,False,False,False,False,False,False
random_ruehl_mask,mixed,145,270920405,109,LEFT,LEFT,0.04866695962846279,False,False,False,False,False,False,False
random_ruehl_mask,mixed,145,270920405,110,RIGHT,RIGHT,0.05024997517466545,False,False,False,False,False,False,False
random_ruehl_mask,mixed,145,270920405,111,LEFT,LEFT,0.07008400280028582,False,True,False,False,False,False,False
random_ruehl_mask,mixed,145,270920405,112,RIGHT,RIGHT,0.05695794243365526,False,False,False,False,False,False,False
random_ruehl_mask,mixed,145,270920405,113,LEFT,LEFT,0.04600000102072954,False,False,False,False,False,False,False
random_ruehl_mask,mixed,145,270920405,114,WAIT,WAIT,0.05179096478968859,False,False,False,False,False,False,False
random_ruehl_mask,mixed,145,270920405,115,UP,UP,0.05591695662587881,False,False,False,False,False,False,False
random_ruehl_mask,mixed,145,270920405,116,WAIT,WAIT,0.05254207644611597,False,False,False,False,False,False,False
random_ruehl_mask,mixed,145,270920405,117,DOWN,DOWN,0.051875016652047634,False,False,False,False,False,False,False
random_ruehl_mask,mixed,145,270920405,118,RIGHT,RIGHT,0.04945893306285143,False,False,False,False,False,False,False
random_ruehl_mask,mixed,145,270920405,119,RIGHT,RIGHT,0.04249997437000275,False,False,False,False,False,False,False
random_ruehl_mask,mixed,145,270920405,120,BOMB,BOMB,0.09320804383605719,False,False,False,True,False,False,False
random_ruehl_mask,mixed,145,270920405,121,LEFT,LEFT,0.03287498839199543,False,True,False,False,False,False,False
random_ruehl_mask,mixed,145,270920405,122,LEFT,LEFT,0.03450002986937761,False,False,False,False,False,False,False
random_ruehl_mask,mixed,145,270920405,123,UP,UP,0.04650000482797623,False,False,False,False,False,False,False
random_ruehl_mask,mixed,145,270920405,124,WAIT,WAIT,0.044792075641453266,False,False,False,False,False,False,False
random_ruehl_mask,mixed,145,270920405,125,UP,UP,0.043042004108428955,False,False,False,False,False,False,False
random_ruehl_mask,mixed,145,270920405,126,UP,UP,0.039041973650455475,False,False,False,False,False,False,False
random_ruehl_mask,mixed,145,270920405,127,UP,UP,0.051459064707159996,False,False,False,False,False,False,False
random_ruehl_mask,mixed,145,270920405,128,DOWN,DOWN,0.085500068962574,False,False,False,False,False,False,False
random_ruehl_mask,mixed,145,270920405,129,DOWN,DOWN,0.044625019654631615,False,False,False,False,False,False,False
random_ruehl_mask,mixed,145,270920405,130,UP,UP,0.07320893928408623,False,False,False,False,False,False,False
random_ruehl_mask,mixed,145,270920405,131,WAIT,WAIT,0.044208019971847534,False,True,False,False,False,False,False
random_ruehl_mask,mixed,145,270920405,132,WAIT,WAIT,0.04654191434383392,False,False,False,False,False,False,False
random_ruehl_mask,mixed,145,270920405,133,DOWN,DOWN,0.05216698627918959,False,False,False,False,False,False,False
random_ruehl_mask,mixed,145,270920405,134,DOWN,DOWN,0.08462497498840094,False,False,False,False,False,False,False
random_ruehl_mask,mixed,145,270920405,135,UP,UP,0.05216605495661497,False,False,False,False,False,False,False
random_ruehl_mask,mixed,145,270920405,136,WAIT,WAIT,0.09587500244379044,False,False,False,False,False,False,False
random_ruehl_mask,mixed,145,270920405,137,DOWN,DOWN,0.0814169179648161,False,False,False,False,False,False,False
random_ruehl_mask,mixed,145,270920405,138,WAIT,WAIT,0.04895799793303013,False,False,False,False,False,False,False
random_ruehl_mask,mixed,145,270920405,139,DOWN,DOWN,0.0464579788967967,False,False,False,False,False,False,False
random_ruehl_mask,mixed,145,270920405,140,RIGHT,RIGHT,0.06279197987169027,False,False,False,False,False,False,False
random_ruehl_mask,mixed,145,270920405,141,LEFT,LEFT,0.07412501145154238,False,True,False,False,False,False,False
random_ruehl_mask,mixed,145,270920405,142,DOWN,DOWN,0.05266699008643627,False,False,False,False,False,False,False
random_ruehl_mask,mixed,145,270920405,143,WAIT,WAIT,0.043082982301712036,False,False,False,False,False,False,False
random_ruehl_mask,mixed,145,270920405,144,UP,UP,0.044958083890378475,False,False,False,False,False,False,False
random_ruehl_mask,mixed,145,270920405,145,WAIT,WAIT,0.04683306906372309,False,False,False,False,False,False,False
random_ruehl_mask,mixed,145,270920405,146,DOWN,DOWN,0.05508400499820709,False,False,False,False,False,False,False
random_ruehl_mask,mixed,145,270920405,147,DOWN,DOWN,0.0552500132471323,False,False,False,False,False,False,False
random_ruehl_mask,mixed,145,270920405,148,BOMB,BOMB,0.0878750579431653,False,False,False,True,False,False,False
random_ruehl_mask,mixed,145,270920405,149,DOWN,DOWN,0.05491706542670727,False,False,False,False,False,False,False
random_ruehl_mask,mixed,145,270920405,150,DOWN,DOWN,0.036792014725506306,False,False,False,False,False,False,False
random_ruehl_mask,mixed,145,270920405,151,RIGHT,RIGHT,0.046291970647871494,False,True,False,False,False,False,False
random_ruehl_mask,mixed,145,270920405,152,WAIT,WAIT,0.05420797970145941,False,False,False,False,False,False,False
random_ruehl_mask,mixed,145,270920405,153,WAIT,WAIT,0.05795806646347046,False,False,False,False,False,False,False
random_ruehl_mask,mixed,145,270920405,154,WAIT,WAIT,0.05241704639047384,False,False,False,False,False,False,False
random_ruehl_mask,mixed,145,270920405,155,RIGHT,RIGHT,0.0575830927118659,False,False,False,False,False,False,False
random_ruehl_mask,mixed,145,270920405,156,WAIT,WAIT,0.0878750579431653,False,False,False,False,False,False,False
random_ruehl_mask,mixed,145,270920405,157,LEFT,LEFT,0.05408294964581728,False,False,False,False,False,False,False
random_ruehl_mask,mixed,145,270920405,158,RIGHT,RIGHT,0.04312500823289156,False,False,False,False,False,False,False
random_ruehl_mask,mixed,145,270920405,159,LEFT,LEFT,0.06091699469834566,False,False,False,False,False,False,False
random_ruehl_mask,mixed,145,270920405,160,WAIT,WAIT,0.0468340003862977,False,False,False,False,False,False,False
random_ruehl_mask,mixed,145,270920405,161,WAIT,WAIT,0.0451250234618783,False,True,False,False,False,False,False
random_ruehl_mask,mixed,145,270920405,162,WAIT,WAIT,0.051999930292367935,False,False,False,False,False,False,False
random_ruehl_mask,mixed,145,270920405,163,RIGHT,RIGHT,0.05450006574392319,False,False,False,False,False,False,False
random_ruehl_mask,mixed,145,270920405,164,WAIT,WAIT,0.08295895531773567,False,False,False,False,False,False,False
random_ruehl_mask,mixed,145,270920405,165,WAIT,WAIT,0.057541998103260994,False,False,False,False,False,False,False
random_ruehl_mask,mixed,145,270920405,166,WAIT,WAIT,0.05179201252758503,False,False,False,False,False,False,False
random_ruehl_mask,mixed,145,270920405,167,LEFT,LEFT,0.04912493750452995,False,False,False,False,False,False,False
random_ruehl_mask,mixed,145,270920405,168,WAIT,WAIT,0.04341697786003351,False,False,False,False,False,False,False
random_ruehl_mask,mixed,145,270920405,169,RIGHT,RIGHT,0.04254200030118227,False,False,False,False,False,False,False
random_ruehl_mask,mixed,145,270920405,170,LEFT,LEFT,0.06187497638165951,False,False,False,False,False,False,False
random_ruehl_mask,mixed,145,270920405,171,LEFT,LEFT,0.048874993808567524,False,True,False,False,False,False,False
random_ruehl_mask,mixed,145,270920405,172,RIGHT,RIGHT,0.058707897551357746,False,False,False,False,False,False,False
random_ruehl_mask,mixed,145,270920405,173,WAIT,WAIT,0.051749986596405506,False,False,False,False,False,False,False
random_ruehl_mask,mixed,145,270920405,174,LEFT,LEFT,0.05449994932860136,False,False,False,False,False,False,False
random_ruehl_mask,mixed,145,270920405,175,DOWN,DOWN,0.04612503107637167,False,False,False,False,False,False,False
random_ruehl_mask,mixed,145,270920405,176,WAIT,WAIT,0.06749993190169334,False,False,False,False,False,False,False
random_ruehl_mask,mixed,145,270920405,177,DOWN,DOWN,0.06595801096409559,False,False,False,False,False,False,False
random_ruehl_mask,mixed,145,270920405,178,UP,UP,0.05441706161946058,False,False,False,False,False,False,False
random_ruehl_mask,mixed,145,270920405,179,WAIT,WAIT,0.04658300895243883,False,False,False,False,False,False,False
random_ruehl_mask,mixed,145,270920405,180,DOWN,DOWN,0.04645809531211853,False,False,False,False,False,False,False
random_ruehl_mask,mixed,145,270920405,181,UP,UP,0.048625050112605095,False,True,False,False,False,False,False
random_ruehl_mask,mixed,145,270920405,182,UP,UP,0.05324999801814556,False,False,False,False,False,False,False
random_ruehl_mask,mixed,145,270920405,183,UP,UP,0.04991702735424042,False,False,False,False,False,False,False
random_ruehl_mask,mixed,145,270920405,184,UP,UP,0.05420797970145941,False,False,False,False,False,False,False
random_ruehl_mask,mixed,145,270920405,185,DOWN,DOWN,0.04941702354699373,False,False,False,False,False,False,False
random_ruehl_mask,mixed,145,270920405,186,WAIT,WAIT,0.045082997530698776,False,False,False,False,False,False,False
random_ruehl_mask,mixed,145,270920405,187,UP,UP,0.08129200432449579,False,False,False,False,False,False,False
random_ruehl_mask,mixed,145,270920405,188,WAIT,WAIT,0.062417006120085716,False,False,False,False,False,False,False
random_ruehl_mask,mixed,145,270920405,189,DOWN,DOWN,0.05324999801814556,False,False,False,False,False,False,False
random_ruehl_mask,mixed,145,270920405,190,WAIT,WAIT,0.0504170311614871,False,False,False,False,False,False,False
random_ruehl_mask,mixed,145,270920405,191,WAIT,WAIT,0.04770804662257433,False,True,False,False,False,False,False
random_ruehl_mask,mixed,145,270920405,192,DOWN,DOWN,0.04900002386420965,False,False,False,False,False,False,False
random_ruehl_mask,mixed,145,270920405,193,UP,UP,0.049584079533815384,False,False,False,False,False,False,False
random_ruehl_mask,mixed,145,270920405,194,DOWN,DOWN,0.06591598503291607,False,False,False,False,False,False,False
random_ruehl_mask,mixed,145,270920405,195,DOWN,DOWN,0.05545897874981165,False,False,False,False,False,False,False
random_ruehl_mask,mixed,145,270920405,196,DOWN,DOWN,0.07220904808491468,False,False,False,False,False,False,False
random_ruehl_mask,mixed,145,270920405,197,RIGHT,RIGHT,0.07458403706550598,False,False,False,False,False,False,False
random_ruehl_mask,mixed,145,270920405,198,WAIT,WAIT,0.04737498238682747,False,False,False,False,False,False,False
random_ruehl_mask,mixed,145,270920405,199,RIGHT,RIGHT,0.04591699689626694,False,False,False,False,False,False,False
random_ruehl_mask,mixed,145,270920405,200,BOMB,BOMB,0.07883401121944189,False,False,False,True,True,False,False
random_ruehl_mask,mixed,145,270920405,201,RIGHT,RIGHT,0.0363329891115427,False,True,False,False,False,False,False
random_ruehl_mask,mixed,145,270920405,202,WAIT,WAIT,0.03891601227223873,False,False,False,False,False,False,False
random_ruehl_mask,mixed,145,270920405,203,RIGHT,RIGHT,0.04650000482797623,False,False,False,False,False,False,False
random_ruehl_mask,mixed,145,270920405,204,UP,UP,0.04362489562481642,False,False,False,False,False,False,False
random_ruehl_mask,mixed,145,270920405,205,UP,UP,0.042082974687218666,False,False,False,False,False,False,False
random_ruehl_mask,mixed,145,270920405,206,LEFT,LEFT,0.03233295865356922,False,False,False,False,False,False,False
random_ruehl_mask,mixed,145,270920405,207,LEFT,LEFT,0.06495800334960222,False,False,False,False,False,False,False
random_ruehl_mask,mixed,145,270920405,208,BOMB,BOMB,0.08683395572006702,False,False,False,True,True,False,False
random_ruehl_mask,mixed,145,270920405,209,RIGHT,RIGHT,0.06895791739225388,False,False,False,False,False,False,False
random_ruehl_mask,mixed,145,270920405,210,RIGHT,RIGHT,0.050875009037554264,False,False,False,False,False,False,False
random_ruehl_mask,mixed,145,270920405,211,UP,UP,0.06550003308802843,False,True,False,False,False,False,False
random_ruehl_mask,mixed,145,270920405,212,WAIT,WAIT,0.09145902004092932,False,False,False,False,False,False,False
random_ruehl_mask,mixed,145,270920405,213,WAIT,WAIT,0.06166601087898016,False,False,False,False,False,False,False
random_ruehl_mask,mixed,145,270920405,214,DOWN,DOWN,0.037125078961253166,False,False,False,False,False,False,False
random_ruehl_mask,mixed,145,270920405,215,DOWN,DOWN,0.07358298171311617,False,False,False,False,False,False,False
random_ruehl_mask,mixed,145,270920405,216,WAIT,WAIT,0.05854095797985792,False,False,False,False,False,False,False
random_ruehl_mask,mixed,145,270920405,217,WAIT,WAIT,0.048874993808567524,False,False,False,False,False,False,False
random_ruehl_mask,mixed,145,270920405,218,UP,UP,0.04466704558581114,False,False,False,False,False,False,False
random_ruehl_mask,mixed,145,270920405,219,WAIT,WAIT,0.0801250571385026,False,False,False,False,False,False,False
random_ruehl_mask,mixed,145,270920405,220,RIGHT,RIGHT,0.09708304423838854,False,False,False,False,False,False,False
random_ruehl_mask,mixed,145,270920405,221,RIGHT,RIGHT,0.05766702815890312,False,True,False,False,False,False,False
random_ruehl_mask,mixed,145,270920405,222,BOMB,BOMB,0.08708308450877666,False,False,False,True,False,False,False
random_ruehl_mask,mixed,145,270920405,223,LEFT,LEFT,0.035708071663975716,False,False,False,False,False,False,False
random_ruehl_mask,mixed,145,270920405,224,LEFT,LEFT,0.03308302257210016,False,False,False,False,False,False,False
random_ruehl_mask,mixed,145,270920405,225,DOWN,DOWN,0.04554190672934055,False,False,False,False,False,False,False
random_ruehl_mask,mixed,145,270920405,226,WAIT,WAIT,0.0636660261079669,False,False,False,False,False,False,False
random_ruehl_mask,mixed,145,270920405,227,DOWN,DOWN,0.04983297549188137,False,False,False,False,False,False,False
random_ruehl_mask,mixed,145,270920405,228,UP,UP,0.05150004290044308,False,False,False,False,False,False,False
random_ruehl_mask,mixed,145,270920405,229,UP,UP,0.07612502668052912,False,False,False,False,False,False,False
random_ruehl_mask,mixed,145,270920405,230,UP,UP,0.06508303340524435,False,False,False,False,False,False,False
random_ruehl_mask,mixed,145,270920405,231,DOWN,DOWN,0.061416998505592346,False,True,False,False,False,False,False
random_ruehl_mask,mixed,145,270920405,232,UP,UP,0.0675420742481947,False,False,False,False,False,False,False
random_ruehl_mask,mixed,145,270920405,233,DOWN,DOWN,0.050584087148308754,False,False,False,False,False,False,False
random_ruehl_mask,mixed,145,270920405,234,UP,UP,0.053875031881034374,False,False,False,False,False,False,False
random_ruehl_mask,mixed,145,270920405,235,DOWN,DOWN,0.06324995774775743,False,False,False,False,False,False,False
random_ruehl_mask,mixed,145,270920405,236,DOWN,DOWN,0.08995796088129282,False,False,False,False,False,False,False
random_ruehl_mask,mixed,145,270920405,237,UP,UP,0.048083020374178886,False,False,False,False,False,False,False
random_ruehl_mask,mixed,145,270920405,238,RIGHT,RIGHT,0.06433401722460985,False,False,False,False,False,False,False
random_ruehl_mask,mixed,145,270920405,239,RIGHT,RIGHT,0.07316609844565392,False,False,False,False,False,False,False
random_ruehl_mask,mixed,145,270920405,240,BOMB,BOMB,0.08008303120732307,False,False,False,True,True,False,False
random_ruehl_mask,mixed,145,270920405,241,LEFT,LEFT,0.035958015359938145,False,True,False,False,False,False,False
random_ruehl_mask,mixed,145,270920405,242,DOWN,DOWN,0.03520806785672903,False,False,False,False,False,False,False
random_ruehl_mask,mixed,145,270920405,243,WAIT,WAIT,0.07745891343802214,False,False,False,False,False,False,False
random_ruehl_mask,mixed,145,270920405,244,DOWN,DOWN,0.04700000863522291,False,False,False,False,False,False,False
random_ruehl_mask,mixed,145,270920405,245,RIGHT,RIGHT,0.06662507075816393,False,False,False,False,False,False,False
random_ruehl_mask,mixed,145,270920405,246,WAIT,WAIT,0.05037500523030758,False,False,False,False,False,False,False
random_ruehl_mask,mixed,145,270920405,247,LEFT,LEFT,0.07525004912167788,False,False,False,False,False,False,False
random_ruehl_mask,mixed,145,270920405,248,UP,UP,0.08366699330508709,False,False,False,False,False,False,False
random_ruehl_mask,mixed,145,270920405,249,UP,UP,0.05629193037748337,False,False,False,False,False,False,False
random_ruehl_mask,mixed,145,270920405,250,DOWN,DOWN,0.09270897135138512,False,False,False,False,False,False,False
random_ruehl_mask,mixed,145,270920405,251,WAIT,WAIT,0.11750007979571819,False,True,False,False,False,False,False
random_ruehl_mask,mixed,145,270920405,252,LEFT,LEFT,0.11420901864767075,False,False,False,False,False,False,False
random_ruehl_mask,mixed,145,270920405,253,RIGHT,RIGHT,0.05341705400496721,False,False,False,False,False,False,False
random_ruehl_mask,mixed,145,270920405,254,LEFT,LEFT,0.058750039897859097,False,False,False,False,False,False,False
random_ruehl_mask,mixed,145,270920405,255,LEFT,LEFT,0.052625080570578575,False,False,False,False,False,False,False
random_ruehl_mask,mixed,145,270920405,256,WAIT,WAIT,0.05449994932860136,False,False,False,False,False,False,False
random_ruehl_mask,mixed,145,270920405,257,RIGHT,RIGHT,0.048708985559642315,False,False,False,False,False,False,False
random_ruehl_mask,mixed,145,270920405,258,RIGHT,RIGHT,0.044208019971847534,False,False,False,False,False,False,False
random_ruehl_mask,mixed,145,270920405,259,BOMB,BOMB,0.1257921103388071,False,False,False,True,True,False,False
random_ruehl_mask,mixed,145,270920405,260,UP,UP,0.055541982874274254,False,False,False,False,False,False,False
random_ruehl_mask,mixed,145,270920405,261,WAIT,WAIT,0.04299997817724943,False,True,False,False,False,False,False
random_ruehl_mask,mixed,145,270920405,262,UP,UP,0.06524997297674417,False,False,False,False,False,False,False
random_ruehl_mask,mixed,145,270920405,263,RIGHT,RIGHT,0.0713749323040247,False,False,False,False,False,False,False
random_ruehl_mask,mixed,145,270920405,264,RIGHT,RIGHT,0.07062498480081558,False,False,False,False,False,False,False
random_ruehl_mask,mixed,145,270920405,265,WAIT,WAIT,0.04525005351752043,False,False,False,False,False,False,False
random_ruehl_mask,mixed,145,270920405,266,WAIT,WAIT,0.08849997539073229,False,False,False,False,False,False,False
random_ruehl_mask,mixed,145,270920405,267,RIGHT,RIGHT,0.06929202936589718,False,False,False,False,False,False,False
random_ruehl_mask,mixed,145,270920405,268,WAIT,WAIT,0.09437510743737221,False,False,False,False,False,False,False
random_ruehl_mask,mixed,145,270920405,269,WAIT,WAIT,0.059125013649463654,False,False,False,False,False,False,False
random_ruehl_mask,mixed,145,270920405,270,LEFT,LEFT,0.05341600626707077,False,False,False,False,False,False,False
random_ruehl_mask,mixed,145,270920405,271,LEFT,LEFT,4.730832995846868,False,True,False,False,False,False,False
random_ruehl_mask,mixed,145,270920405,272,RIGHT,RIGHT,0.07462501525878906,False,False,False,False,False,False,False
random_ruehl_mask,mixed,145,270920405,273,LEFT,LEFT,0.16787496861070395,False,False,False,False,False,False,False
random_ruehl_mask,mixed,145,270920405,274,DOWN,DOWN,0.10441697668284178,False,False,False,False,False,False,False
random_ruehl_mask,mixed,145,270920405,275,DOWN,DOWN,0.05483301356434822,False,False,False,False,False,False,False
random_ruehl_mask,mixed,145,270920405,276,DOWN,DOWN,0.11195801198482513,False,False,False,False,False,False,False
random_ruehl_mask,mixed,145,270920405,277,DOWN,DOWN,0.07654097862541676,False,False,False,False,False,False,False
random_ruehl_mask,mixed,145,270920405,278,RIGHT,RIGHT,0.08537503890693188,False,False,False,False,False,False,False
random_ruehl_mask,mixed,145,270920405,279,LEFT,LEFT,0.06095797289162874,False,False,False,False,False,False,True
random_ruehl_mask,mixed,145,270920405,280,BOMB,BOMB,0.07420801557600498,False,False,False,True,True,False,True
random_ruehl_mask,mixed,145,270920405,281,UP,UP,0.03933301195502281,False,True,False,False,False,False,True
random_ruehl_mask,mixed,145,270920405,282,WAIT,WAIT,0.04099996294826269,False,False,False,False,False,False,True
random_ruehl_mask,mixed,145,270920405,283,WAIT,WAIT,0.04525005351752043,False,False,False,False,False,False,True
random_ruehl_mask,mixed,145,270920405,284,WAIT,WAIT,0.06225006654858589,False,False,False,False,False,False,True
random_ruehl_mask,mixed,146,270920406,1,UP,UP,0.0985830556601286,False,True,False,False,False,False,False
random_ruehl_mask,mixed,146,270920406,2,DOWN,DOWN,0.10316690895706415,False,False,False,False,False,False,False
random_ruehl_mask,mixed,146,270920406,3,UP,UP,0.09212503209710121,False,False,False,False,False,False,False
random_ruehl_mask,mixed,146,270920406,4,BOMB,BOMB,0.09374995715916157,False,False,False,True,False,False,False
random_ruehl_mask,mixed,146,270920406,5,DOWN,DOWN,0.059707905165851116,False,False,False,False,False,False,False
random_ruehl_mask,mixed,146,270920406,6,WAIT,WAIT,0.05370797589421272,False,False,False,False,False,False,False
random_ruehl_mask,mixed,146,270920406,7,RIGHT,RIGHT,0.05762488581240177,False,False,False,False,False,False,False
random_ruehl_mask,mixed,146,270920406,8,WAIT,WAIT,0.06445893086493015,False,False,False,False,False,False,False
random_ruehl_mask,mixed,146,270920406,9,WAIT,WAIT,0.04754099063575268,False,False,False,False,False,False,False
random_ruehl_mask,mixed,146,270920406,10,WAIT,WAIT,0.0367090106010437,False,False,False,False,False,False,False
random_ruehl_mask,mixed,146,270920406,11,LEFT,LEFT,0.07491698488593102,False,True,False,False,False,False,False
random_ruehl_mask,mixed,146,270920406,12,UP,UP,0.08212495595216751,False,False,False,False,False,False,False
random_ruehl_mask,mixed,146,270920406,13,DOWN,DOWN,0.06808305624872446,False,False,False,False,False,False,True
random_ruehl_mask,mixed,146,270920406,14,BOMB,BOMB,0.09116600267589092,False,False,False,True,False,False,True
random_ruehl_mask,mixed,146,270920406,15,RIGHT,RIGHT,0.05095801316201687,False,False,False,False,False,False,True
random_ruehl_mask,mixed,146,270920406,16,WAIT,WAIT,0.049582915380597115,False,False,False,False,False,False,True
random_ruehl_mask,mixed,146,270920406,17,WAIT,WAIT,0.049833906814455986,False,False,False,False,False,False,True
random_ruehl_mask,mixed,146,270920406,18,WAIT,WAIT,0.06891600787639618,False,False,False,False,False,False,True
random_ruehl_mask,mixed,147,270920407,1,LEFT,LEFT,0.10200007818639278,False,True,False,False,False,False,False
random_ruehl_mask,mixed,147,270920407,2,BOMB,BOMB,0.07379089947789907,False,False,False,True,False,False,False
random_ruehl_mask,mixed,147,270920407,3,RIGHT,RIGHT,0.03933301195502281,False,False,False,False,False,False,False
random_ruehl_mask,mixed,147,270920407,4,WAIT,WAIT,0.03791693598031998,False,False,False,False,False,False,False
random_ruehl_mask,mixed,147,270920407,5,DOWN,DOWN,0.07629196625202894,False,False,False,False,False,False,False
random_ruehl_mask,mixed,147,270920407,6,WAIT,WAIT,0.0642499653622508,False,False,False,False,False,False,False
random_ruehl_mask,mixed,147,270920407,7,WAIT,WAIT,0.052833929657936096,False,False,False,False,False,False,False
random_ruehl_mask,mixed,147,270920407,8,UP,UP,0.03429199568927288,False,False,False,False,False,False,True
random_ruehl_mask,mixed,147,270920407,9,BOMB,BOMB,0.07754203397780657,False,False,False,True,False,False,True
random_ruehl_mask,mixed,147,270920407,10,DOWN,DOWN,0.04329206421971321,False,False,False,False,False,False,True
random_ruehl_mask,mixed,147,270920407,11,WAIT,WAIT,0.054750009439885616,False,False,False,False,False,False,True
random_ruehl_mask,mixed,147,270920407,12,WAIT,WAIT,0.054709031246602535,False,False,False,False,False,False,True
random_ruehl_mask,mixed,147,270920407,13,WAIT,WAIT,0.0617919722571969,False,False,False,False,False,False,True
random_ruehl_mask,mixed,148,270920408,1,WAIT,WAIT,0.09741703979671001,False,True,False,False,False,False,False
random_ruehl_mask,mixed,148,270920408,2,LEFT,LEFT,0.09049999061971903,False,False,False,False,False,False,False
random_ruehl_mask,mixed,148,270920408,3,BOMB,BOMB,0.07325003389269114,False,False,False,True,False,False,False
random_ruehl_mask,mixed,148,270920408,4,RIGHT,RIGHT,0.05262496415525675,False,False,False,False,False,False,False
random_ruehl_mask,mixed,148,270920408,5,DOWN,DOWN,0.060125021263957024,False,False,False,False,False,False,False
random_ruehl_mask,mixed,148,270920408,6,WAIT,WAIT,0.057541998103260994,False,False,False,False,False,False,False
random_ruehl_mask,mixed,148,270920408,7,WAIT,WAIT,0.05600007716566324,False,False,False,False,False,False,False
random_ruehl_mask,mixed,148,270920408,8,WAIT,WAIT,0.052916002459824085,False,False,False,False,False,False,False
random_ruehl_mask,mixed,148,270920408,9,UP,UP,0.04633399657905102,False,False,False,False,False,False,False
random_ruehl_mask,mixed,148,270920408,10,WAIT,WAIT,0.08170807268470526,False,False,False,False,False,False,False
random_ruehl_mask,mixed,148,270920408,11,DOWN,DOWN,0.07716694381088018,False,True,False,False,False,False,False
random_ruehl_mask,mixed,148,270920408,12,UP,UP,0.06416602991521358,False,False,False,False,False,False,False
random_ruehl_mask,mixed,148,270920408,13,WAIT,WAIT,0.11858297511935234,False,False,False,False,False,False,False
random_ruehl_mask,mixed,148,270920408,14,DOWN,DOWN,0.09958306327462196,False,False,False,False,False,False,False
random_ruehl_mask,mixed,148,270920408,15,BOMB,BOMB,0.09379105176776648,False,False,False,True,False,False,False
random_ruehl_mask,mixed,148,270920408,16,UP,UP,0.04175002686679363,False,False,False,False,False,False,False
random_ruehl_mask,mixed,148,270920408,17,LEFT,LEFT,0.03833300434052944,False,False,False,False,False,False,False
random_ruehl_mask,mixed,148,270920408,18,WAIT,WAIT,0.045874970965087414,False,False,False,False,False,False,False
random_ruehl_mask,mixed,148,270920408,19,WAIT,WAIT,0.04487507976591587,False,False,False,False,False,False,False
random_ruehl_mask,mixed,148,270920408,20,WAIT,WAIT,0.05487492308020592,False,False,False,False,False,False,False
random_ruehl_mask,mixed,148,270920408,21,LEFT,LEFT,0.055916025303304195,False,True,False,False,False,False,False
random_ruehl_mask,mixed,148,270920408,22,WAIT,WAIT,0.12920901644974947,False,False,False,False,False,False,True
random_ruehl_mask,mixed,148,270920408,23,BOMB,BOMB,0.10079098865389824,False,False,False,True,False,False,True
random_ruehl_mask,mixed,148,270920408,24,RIGHT,RIGHT,0.041665975004434586,False,False,False,False,False,False,True
random_ruehl_mask,mixed,148,270920408,25,WAIT,WAIT,0.04779198206961155,False,False,False,False,False,False,True
random_ruehl_mask,mixed,148,270920408,26,WAIT,WAIT,0.051875016652047634,False,False,False,False,False,False,True
random_ruehl_mask,mixed,148,270920408,27,WAIT,WAIT,0.04804099444299936,False,False,False,False,False,False,True
random_ruehl_mask,mixed,149,270920409,1,UP,UP,0.1027919352054596,False,True,False,False,False,False,False
random_ruehl_mask,mixed,149,270920409,2,BOMB,BOMB,0.07433397695422173,False,False,False,True,False,False,False
random_ruehl_mask,mixed,149,270920409,3,DOWN,DOWN,0.039375037886202335,False,False,False,False,False,False,False
random_ruehl_mask,mixed,149,270920409,4,LEFT,LEFT,0.05645898636430502,False,False,False,False,False,False,False
random_ruehl_mask,mixed,149,270920409,5,WAIT,WAIT,0.06191700231283903,False,False,False,False,False,False,False
random_ruehl_mask,mixed,149,270920409,6,WAIT,WAIT,0.05691708065569401,False,False,False,False,False,False,False
random_ruehl_mask,mixed,149,270920409,7,WAIT,WAIT,0.06658397614955902,False,False,False,False,False,False,False
random_ruehl_mask,mixed,149,270920409,8,RIGHT,RIGHT,0.060041085816919804,False,False,False,False,False,False,False
random_ruehl_mask,mixed,149,270920409,9,UP,UP,0.09450002107769251,False,False,False,False,False,False,False
random_ruehl_mask,mixed,149,270920409,10,DOWN,DOWN,0.05379202775657177,False,False,False,False,False,False,True
random_ruehl_mask,mixed,149,270920409,11,BOMB,BOMB,0.0814169179648161,False,True,False,True,False,False,True
random_ruehl_mask,mixed,149,270920409,12,LEFT,LEFT,0.0480839516967535,False,False,False,False,False,False,True
random_ruehl_mask,mixed,149,270920409,13,WAIT,WAIT,0.05304196383804083,False,False,False,False,False,False,True
random_ruehl_mask,mixed,149,270920409,14,WAIT,WAIT,0.05937507376074791,False,False,False,False,False,False,True
random_ruehl_mask,mixed,149,270920409,15,WAIT,WAIT,0.059542013332247734,False,False,False,False,False,False,True
random_ruehl_mask,mixed,150,270920410,1,DOWN,DOWN,0.10333303362131119,False,True,False,False,False,False,False
random_ruehl_mask,mixed,150,270920410,2,WAIT,WAIT,0.09579199831932783,False,False,False,False,False,False,False
random_ruehl_mask,mixed,150,270920410,3,DOWN,DOWN,0.08249992970377207,False,False,False,False,False,False,False
random_ruehl_mask,mixed,150,270920410,4,RIGHT,RIGHT,0.07795810233801603,False,False,False,False,False,False,False
random_ruehl_mask,mixed,150,270920410,5,WAIT,WAIT,0.0773329520598054,False,False,False,False,False,False,False
random_ruehl_mask,mixed,150,270920410,6,BOMB,BOMB,0.07658300455659628,False,False,False,True,False,False,False
random_ruehl_mask,mixed,150,270920410,7,LEFT,LEFT,0.06850005593150854,False,False,False,False,False,False,False
random_ruehl_mask,mixed,150,270920410,8,WAIT,WAIT,0.03716594073921442,False,False,False,False,False,False,False
random_ruehl_mask,mixed,150,270920410,9,UP,UP,0.043665990233421326,False,False,False,False,False,False,False
random_ruehl_mask,mixed,150,270920410,10,WAIT,WAIT,0.042208004742860794,False,False,False,False,False,False,False
random_ruehl_mask,mixed,150,270920410,11,WAIT,WAIT,0.0653750030323863,False,True,False,False,False,False,False
random_ruehl_mask,mixed,150,270920410,12,UP,UP,0.053208088502287865,False,False,False,False,False,False,True
random_ruehl_mask,mixed,150,270920410,13,BOMB,BOMB,0.09462493471801281,False,False,False,True,False,False,True
random_ruehl_mask,mixed,150,270920410,14,RIGHT,RIGHT,0.05270808469504118,False,False,False,False,False,False,True
random_ruehl_mask,mixed,150,270920410,15,WAIT,WAIT,0.0411659711971879,False,False,False,False,False,False,True
random_ruehl_mask,mixed,150,270920410,16,WAIT,WAIT,0.045291963033378124,False,False,False,False,False,False,True
random_ruehl_mask,mixed,150,270920410,17,WAIT,WAIT,0.071333022788167,False,False,False,False,False,False,True
random_ruehl_mask,mixed,151,270920411,1,UP,UP,0.1129169249907136,False,True,False,False,False,False,False
random_ruehl_mask,mixed,151,270920411,2,WAIT,WAIT,0.09333295747637749,False,False,False,False,False,False,False
random_ruehl_mask,mixed,151,270920411,3,UP,UP,0.07362500764429569,False,False,False,False,False,False,False
random_ruehl_mask,mixed,151,270920411,4,DOWN,DOWN,0.07349997758865356,False,False,False,False,False,False,False
random_ruehl_mask,mixed,151,270920411,5,WAIT,WAIT,0.11612509842962027,False,False,False,False,False,False,False
random_ruehl_mask,mixed,151,270920411,6,WAIT,WAIT,0.09712495375424623,False,False,False,False,False,False,False
random_ruehl_mask,mixed,151,270920411,7,WAIT,WAIT,0.10800000745803118,False,False,False,False,False,False,False
random_ruehl_mask,mixed,151,270920411,8,DOWN,DOWN,0.0766250304877758,False,False,False,False,False,False,False
random_ruehl_mask,mixed,151,270920411,9,UP,UP,0.10141695383936167,False,False,False,False,False,False,False
random_ruehl_mask,mixed,151,270920411,10,DOWN,DOWN,0.07962505333125591,False,False,False,False,False,False,False
random_ruehl_mask,mixed,151,270920411,11,WAIT,WAIT,0.08054100908339024,False,True,False,False,False,False,False
random_ruehl_mask,mixed,151,270920411,12,LEFT,LEFT,0.07774995174258947,False,False,False,False,False,False,False
random_ruehl_mask,mixed,151,270920411,13,RIGHT,RIGHT,0.08020794484764338,False,False,False,False,False,False,False
random_ruehl_mask,mixed,151,270920411,14,WAIT,WAIT,0.09891705121845007,False,False,False,False,False,False,False
random_ruehl_mask,mixed,151,270920411,15,LEFT,LEFT,0.10487495455890894,False,False,False,False,False,False,False
random_ruehl_mask,mixed,151,270920411,16,RIGHT,RIGHT,0.06929202936589718,False,False,False,False,False,False,False
random_ruehl_mask,mixed,151,270920411,17,UP,UP,0.08650007657706738,False,False,False,False,False,False,False
random_ruehl_mask,mixed,151,270920411,18,UP,UP,0.07491698488593102,False,False,False,False,False,False,False
random_ruehl_mask,mixed,151,270920411,19,DOWN,DOWN,0.08379202336072922,False,False,False,False,False,False,False
random_ruehl_mask,mixed,151,270920411,20,WAIT,WAIT,0.08120795246213675,False,False,False,False,False,False,False
random_ruehl_mask,mixed,151,270920411,21,DOWN,DOWN,0.08591695223003626,False,True,False,False,False,False,False
random_ruehl_mask,mixed,151,270920411,22,WAIT,WAIT,0.11404091492295265,False,False,False,False,False,False,False
random_ruehl_mask,mixed,151,270920411,23,UP,UP,0.09108404628932476,False,False,False,False,False,False,False
random_ruehl_mask,mixed,151,270920411,24,WAIT,WAIT,0.10137504432350397,False,False,False,False,False,False,False
random_ruehl_mask,mixed,151,270920411,25,DOWN,DOWN,0.07574993651360273,False,False,False,False,False,False,False
random_ruehl_mask,mixed,151,270920411,26,UP,UP,0.07745809853076935,False,False,False,False,False,False,False
random_ruehl_mask,mixed,151,270920411,27,DOWN,DOWN,0.06866699550300837,False,False,False,False,False,False,False
random_ruehl_mask,mixed,151,270920411,28,LEFT,LEFT,0.07358298171311617,False,False,False,False,False,False,False
random_ruehl_mask,mixed,151,270920411,29,RIGHT,RIGHT,0.08929206524044275,False,False,False,False,False,False,False
random_ruehl_mask,mixed,151,270920411,30,LEFT,LEFT,0.08970801718533039,False,False,False,False,False,False,False
random_ruehl_mask,mixed,151,270920411,31,WAIT,WAIT,0.07562502287328243,False,True,False,False,False,False,False
random_ruehl_mask,mixed,151,270920411,32,RIGHT,RIGHT,0.08441705722361803,False,False,False,False,False,False,False
random_ruehl_mask,mixed,151,270920411,33,LEFT,LEFT,0.08845806587487459,False,False,False,False,False,False,False
random_ruehl_mask,mixed,151,270920411,34,WAIT,WAIT,0.07512501906603575,False,False,False,False,False,False,False
random_ruehl_mask,mixed,151,270920411,35,WAIT,WAIT,0.06462505552917719,False,False,False,False,False,False,False
random_ruehl_mask,mixed,151,270920411,36,WAIT,WAIT,0.06204203236848116,False,False,False,False,False,False,False
random_ruehl_mask,mixed,151,270920411,37,WAIT,WAIT,0.06225006654858589,False,False,False,False,False,False,False
random_ruehl_mask,mixed,151,270920411,38,BOMB,BOMB,0.061542028561234474,False,False,False,True,False,False,False
random_ruehl_mask,mixed,151,270920411,39,RIGHT,RIGHT,0.03495893906801939,False,False,False,False,False,False,False
random_ruehl_mask,mixed,151,270920411,40,UP,UP,0.04570791497826576,False,False,False,False,False,False,False
random_ruehl_mask,mixed,151,270920411,41,UP,UP,0.07595890201628208,False,True,False,False,False,False,False
random_ruehl_mask,mixed,151,270920411,42,DOWN,DOWN,0.059999991208314896,False,False,False,False,False,False,False
random_ruehl_mask,mixed,151,270920411,43,UP,UP,0.047749956138432026,False,False,False,False,False,False,False
random_ruehl_mask,mixed,151,270920411,44,UP,UP,0.037792022339999676,False,False,False,False,False,False,True
random_ruehl_mask,mixed,151,270920411,45,BOMB,BOMB,0.07533305324614048,False,False,False,True,False,False,True
random_ruehl_mask,mixed,151,270920411,46,DOWN,DOWN,0.04654191434383392,False,False,False,False,False,False,True
random_ruehl_mask,mixed,151,270920411,47,DOWN,DOWN,0.06137497257441282,False,False,False,False,False,False,True
random_ruehl_mask,mixed,151,270920411,48,UP,UP,0.05691696424037218,False,False,False,False,False,False,True
random_ruehl_mask,mixed,151,270920411,49,DOWN,DOWN,0.05237502045929432,False,False,False,False,False,False,True
random_ruehl_mask,mixed,152,270920412,1,WAIT,WAIT,0.0992499990388751,False,True,False,False,False,False,False
random_ruehl_mask,mixed,152,270920412,2,WAIT,WAIT,0.0718339579179883,False,False,False,False,False,False,False
random_ruehl_mask,mixed,152,270920412,3,RIGHT,RIGHT,0.06900005973875523,False,False,False,False,False,False,False
random_ruehl_mask,mixed,152,270920412,4,WAIT,WAIT,0.09162502828985453,False,False,False,False,False,False,False
random_ruehl_mask,mixed,152,270920412,5,LEFT,LEFT,0.08500006515532732,False,False,False,False,False,False,False
random_ruehl_mask,mixed,152,270920412,6,RIGHT,RIGHT,0.08504197467118502,False,False,False,False,False,False,False
random_ruehl_mask,mixed,152,270920412,7,BOMB,BOMB,0.07562502287328243,False,False,False,True,False,False,False
random_ruehl_mask,mixed,152,270920412,8,LEFT,LEFT,0.03616698086261749,False,False,False,False,False,False,False
random_ruehl_mask,mixed,152,270920412,9,UP,UP,0.03574998117983341,False,False,False,False,False,False,False
random_ruehl_mask,mixed,152,270920412,10,WAIT,WAIT,0.06645789835602045,False,False,False,False,False,False,False
random_ruehl_mask,mixed,152,270920412,11,WAIT,WAIT,0.05200004670768976,False,True,False,False,False,False,False
random_ruehl_mask,mixed,152,270920412,12,WAIT,WAIT,0.04591699689626694,False,False,False,False,False,False,False
random_ruehl_mask,mixed,152,270920412,13,DOWN,DOWN,0.05533394869416952,False,False,False,False,False,False,False
random_ruehl_mask,mixed,152,270920412,14,WAIT,WAIT,0.09700004011392593,False,False,False,False,False,False,True
random_ruehl_mask,mixed,152,270920412,15,BOMB,BOMB,0.11429202277213335,False,False,False,True,False,False,True
random_ruehl_mask,mixed,152,270920412,16,UP,UP,0.04066701512783766,False,False,False,False,False,False,True
random_ruehl_mask,mixed,152,270920412,17,WAIT,WAIT,0.03575009759515524,False,False,False,False,False,False,True
random_ruehl_mask,mixed,152,270920412,18,WAIT,WAIT,0.045874970965087414,False,False,False,False,False,False,True
random_ruehl_mask,mixed,152,270920412,19,WAIT,WAIT,0.048042042180895805,False,False,False,False,False,False,True
random_ruehl_mask,mixed,153,270920413,1,LEFT,LEFT,0.09604205843061209,False,True,False,False,False,False,False
random_ruehl_mask,mixed,153,270920413,2,WAIT,WAIT,0.0653750030323863,False,False,False,False,False,False,False
random_ruehl_mask,mixed,153,270920413,3,WAIT,WAIT,0.09537499863654375,False,False,False,False,False,False,False
random_ruehl_mask,mixed,153,270920413,4,RIGHT,RIGHT,0.08433405309915543,False,False,False,False,False,False,False
random_ruehl_mask,mixed,153,270920413,5,WAIT,WAIT,0.09549991227686405,False,False,False,False,False,False,False
random_ruehl_mask,mixed,153,270920413,6,LEFT,LEFT,0.08095894008874893,False,False,False,False,False,False,False
random_ruehl_mask,mixed,153,270920413,7,WAIT,WAIT,0.07187505252659321,False,False,False,False,False,False,False
random_ruehl_mask,mixed,153,270920413,8,WAIT,WAIT,0.07716706022620201,False,False,False,False,False,False,False
random_ruehl_mask,mixed,153,270920413,9,WAIT,WAIT,0.067666987888515,False,False,False,False,False,False,False
random_ruehl_mask,mixed,153,270920413,10,BOMB,BOMB,0.06658292841166258,False,False,False,True,False,False,False
random_ruehl_mask,mixed,153,270920413,11,RIGHT,RIGHT,0.035792007111012936,False,True,False,False,False,False,False
random_ruehl_mask,mixed,153,270920413,12,DOWN,DOWN,0.040624989196658134,False,False,False,False,False,False,False
random_ruehl_mask,mixed,153,270920413,13,WAIT,WAIT,0.08191692177206278,False,False,False,False,False,False,False
random_ruehl_mask,mixed,153,270920413,14,WAIT,WAIT,0.0677499920129776,False,False,False,False,False,False,False
random_ruehl_mask,mixed,153,270920413,15,WAIT,WAIT,0.057750032283365726,False,False,False,False,False,False,False
random_ruehl_mask,mixed,153,270920413,16,WAIT,WAIT,0.049541937187314034,False,False,False,False,False,False,False
random_ruehl_mask,mixed,153,270920413,17,UP,UP,0.07020810153335333,False,False,False,False,False,False,False
random_ruehl_mask,mixed,153,270920413,18,LEFT,LEFT,0.07579196244478226,False,False,False,False,False,False,False
random_ruehl_mask,mixed,153,270920413,19,LEFT,LEFT,0.05237502045929432,False,False,False,False,False,False,False
random_ruehl_mask,mixed,153,270920413,20,WAIT,WAIT,0.10087492410093546,False,False,False,False,False,False,False
random_ruehl_mask,mixed,153,270920413,21,LEFT,LEFT,0.1473339507356286,False,True,False,False,False,False,False
random_ruehl_mask,mixed,153,270920413,22,WAIT,WAIT,0.11970906052738428,False,False,False,False,False,False,False
random_ruehl_mask,mixed,153,270920413,23,LEFT,LEFT,0.08979206904768944,False,False,False,False,False,False,False
random_ruehl_mask,mixed,153,270920413,24,WAIT,WAIT,0.08233299013227224,False,False,False,False,False,False,False
random_ruehl_mask,mixed,153,270920413,25,WAIT,WAIT,0.07420801557600498,False,False,False,False,False,False,False
random_ruehl_mask,mixed,153,270920413,26,RIGHT,RIGHT,0.07233303040266037,False,False,False,False,False,False,False
random_ruehl_mask,mixed,153,270920413,27,LEFT,LEFT,0.0951249385252595,False,False,False,False,False,False,False
random_ruehl_mask,mixed,153,270920413,28,BOMB,BOMB,0.0813750084489584,False,False,False,True,False,False,False
random_ruehl_mask,mixed,153,270920413,29,RIGHT,RIGHT,0.049208989366889,False,False,False,False,False,False,False
random_ruehl_mask,mixed,153,270920413,30,RIGHT,RIGHT,0.044749933294951916,False,False,False,False,False,False,False
random_ruehl_mask,mixed,153,270920413,31,RIGHT,RIGHT,0.05320901982486248,False,True,False,False,False,False,False
random_ruehl_mask,mixed,153,270920413,32,RIGHT,RIGHT,0.06274995394051075,False,False,False,False,False,False,False
random_ruehl_mask,mixed,153,270920413,33,WAIT,WAIT,0.051167095080018044,False,False,False,False,False,False,False
random_ruehl_mask,mixed,153,270920413,34,DOWN,DOWN,0.0475830165669322,False,False,False,False,False,False,False
random_ruehl_mask,mixed,153,270920413,35,BOMB,BOMB,0.12800004333257675,False,False,False,True,False,False,False
random_ruehl_mask,mixed,153,270920413,36,UP,UP,0.05416700150817633,False,False,False,False,False,False,False
random_ruehl_mask,mixed,153,270920413,37,LEFT,LEFT,0.051042065024375916,False,False,False,False,False,False,False
random_ruehl_mask,mixed,153,270920413,38,WAIT,WAIT,0.05441706161946058,False,False,False,False,False,False,False
random_ruehl_mask,mixed,153,270920413,39,WAIT,WAIT,0.0654999166727066,False,False,False,False,False,False,False
random_ruehl_mask,mixed,153,270920413,40,LEFT,LEFT,0.04549999721348286,False,False,False,False,False,False,False
random_ruehl_mask,mixed,153,270920413,41,RIGHT,RIGHT,0.04795799031853676,False,True,False,False,False,False,False
random_ruehl_mask,mixed,153,270920413,42,LEFT,LEFT,0.052999937906861305,False,False,False,False,False,False,False
random_ruehl_mask,mixed,153,270920413,43,LEFT,LEFT,0.08616596460342407,False,False,False,False,False,False,False
random_ruehl_mask,mixed,153,270920413,44,RIGHT,RIGHT,0.06025005131959915,False,False,False,False,False,False,False
random_ruehl_mask,mixed,153,270920413,45,LEFT,LEFT,0.09716604836285114,False,False,False,False,False,False,False
random_ruehl_mask,mixed,153,270920413,46,LEFT,LEFT,0.1010410487651825,False,False,False,False,False,False,False
random_ruehl_mask,mixed,153,270920413,47,DOWN,DOWN,0.06962497718632221,False,False,False,False,False,False,False
random_ruehl_mask,mixed,153,270920413,48,DOWN,DOWN,0.07816706784069538,False,False,False,False,False,False,False
random_ruehl_mask,mixed,153,270920413,49,BOMB,BOMB,0.08279201574623585,False,False,False,True,False,False,False
random_ruehl_mask,mixed,153,270920413,50,UP,UP,0.041958061046898365,False,False,False,False,False,False,False
random_ruehl_mask,mixed,153,270920413,51,WAIT,WAIT,0.03679096698760986,False,True,False,False,False,False,False
random_ruehl_mask,mixed,153,270920413,52,UP,UP,0.05779205821454525,False,False,False,False,False,False,False
random_ruehl_mask,mixed,153,270920413,53,LEFT,LEFT,0.05445897113531828,False,False,False,False,False,False,False
random_ruehl_mask,mixed,153,270920413,54,WAIT,WAIT,0.0850410433486104,False,False,False,False,False,False,False
random_ruehl_mask,mixed,153,270920413,55,RIGHT,RIGHT,0.04704110324382782,False,False,False,False,False,False,False
random_ruehl_mask,mixed,153,270920413,56,WAIT,WAIT,0.08162495214492083,False,False,False,False,False,False,False
random_ruehl_mask,mixed,153,270920413,57,DOWN,DOWN,0.05879194941371679,False,False,False,False,False,False,False
random_ruehl_mask,mixed,153,270920413,58,WAIT,WAIT,0.07583294063806534,False,False,False,False,False,False,False
random_ruehl_mask,mixed,153,270920413,59,DOWN,DOWN,0.061583006754517555,False,False,False,False,False,False,False
random_ruehl_mask,mixed,153,270920413,60,RIGHT,RIGHT,0.06437499541789293,False,False,False,False,False,False,False
random_ruehl_mask,mixed,153,270920413,61,RIGHT,RIGHT,0.08612498641014099,False,True,False,False,False,False,True
random_ruehl_mask,mixed,153,270920413,62,BOMB,BOMB,0.12149999383836985,False,False,False,True,False,False,True
random_ruehl_mask,mixed,153,270920413,63,DOWN,DOWN,0.06250001024454832,False,False,False,False,False,False,True
random_ruehl_mask,mixed,153,270920413,64,WAIT,WAIT,0.04891701973974705,False,False,False,False,False,False,True
random_ruehl_mask,mixed,153,270920413,65,WAIT,WAIT,0.06600003689527512,False,False,False,False,False,False,True
random_ruehl_mask,mixed,153,270920413,66,WAIT,WAIT,0.05562498699873686,False,False,False,False,False,False,True
random_ruehl_mask,mixed,154,270920414,1,WAIT,WAIT,0.09820796549320221,False,True,False,False,False,False,False
random_ruehl_mask,mixed,154,270920414,2,WAIT,WAIT,0.07091695442795753,False,False,False,False,False,False,False
random_ruehl_mask,mixed,154,270920414,3,WAIT,WAIT,0.06699992809444666,False,False,False,False,False,False,False
random_ruehl_mask,mixed,154,270920414,4,DOWN,DOWN,0.06820796988904476,False,False,False,False,False,False,False
random_ruehl_mask,mixed,154,270920414,5,BOMB,BOMB,0.1099579967558384,False,False,False,True,False,False,False
random_ruehl_mask,mixed,154,270920414,6,UP,UP,0.05966704338788986,False,False,False,False,False,False,False
random_ruehl_mask,mixed,154,270920414,7,WAIT,WAIT,0.05154090467840433,False,False,False,False,False,False,False
random_ruehl_mask,mixed,154,270920414,8,LEFT,LEFT,0.047375098802149296,False,False,False,False,False,False,False
random_ruehl_mask,mixed,154,270920414,9,WAIT,WAIT,0.07062498480081558,False,False,False,False,False,False,False
random_ruehl_mask,mixed,154,270920414,10,WAIT,WAIT,0.05100003909319639,False,False,False,False,False,False,False
random_ruehl_mask,mixed,154,270920414,11,WAIT,WAIT,0.03658304922282696,False,True,False,False,False,False,False
random_ruehl_mask,mixed,154,270920414,12,WAIT,WAIT,0.09075005073100328,False,False,False,False,False,False,False
random_ruehl_mask,mixed,154,270920414,13,WAIT,WAIT,0.09899993892759085,False,False,False,False,False,False,False
random_ruehl_mask,mixed,154,270920414,14,WAIT,WAIT,0.08204102050513029,False,False,False,False,False,False,False
random_ruehl_mask,mixed,154,270920414,15,RIGHT,RIGHT,0.08158304262906313,False,False,False,False,False,False,False
random_ruehl_mask,mixed,154,270920414,16,WAIT,WAIT,0.07233303040266037,False,False,False,False,False,False,False
random_ruehl_mask,mixed,154,270920414,17,WAIT,WAIT,0.08662499021738768,False,False,False,False,False,False,False
random_ruehl_mask,mixed,154,270920414,18,LEFT,LEFT,0.07750000804662704,False,False,False,False,False,False,False
random_ruehl_mask,mixed,154,270920414,19,RIGHT,RIGHT,0.06691704038530588,False,False,False,False,False,False,False
random_ruehl_mask,mixed,154,270920414,20,LEFT,LEFT,0.07504189852625132,False,False,False,False,False,False,False
random_ruehl_mask,mixed,154,270920414,21,RIGHT,RIGHT,0.0729589955881238,False,True,False,False,False,False,False
random_ruehl_mask,mixed,154,270920414,22,WAIT,WAIT,0.08529098704457283,False,False,False,False,False,False,True
random_ruehl_mask,mixed,154,270920414,23,BOMB,BOMB,0.09250000584870577,False,False,False,True,False,False,True
random_ruehl_mask,mixed,154,270920414,24,DOWN,DOWN,0.044625019654631615,False,False,False,False,False,False,True
random_ruehl_mask,mixed,154,270920414,25,WAIT,WAIT,0.042625004425644875,False,False,False,False,False,False,True
random_ruehl_mask,mixed,154,270920414,26,WAIT,WAIT,0.04441698547452688,False,False,False,False,False,False,True
random_ruehl_mask,mixed,154,270920414,27,WAIT,WAIT,0.04283396992832422,False,False,False,False,False,False,True
random_ruehl_mask,mixed,155,270920415,1,UP,UP,0.12362492270767689,False,True,False,False,False,False,False
random_ruehl_mask,mixed,155,270920415,2,WAIT,WAIT,0.10283407755196095,False,False,False,False,False,False,False
random_ruehl_mask,mixed,155,270920415,3,DOWN,DOWN,0.542209018021822,False,False,False,False,False,False,False
random_ruehl_mask,mixed,155,270920415,4,WAIT,WAIT,0.13183301780372858,False,False,False,False,False,False,False
random_ruehl_mask,mixed,155,270920415,5,WAIT,WAIT,0.152332941070199,False,False,False,False,False,False,False
random_ruehl_mask,mixed,155,270920415,6,WAIT,WAIT,0.18162489868700504,False,False,False,False,False,False,False
random_ruehl_mask,mixed,155,270920415,7,WAIT,WAIT,0.14983303844928741,False,False,False,False,False,False,False
random_ruehl_mask,mixed,155,270920415,8,LEFT,LEFT,0.12329092714935541,False,False,False,False,False,False,False
random_ruehl_mask,mixed,155,270920415,9,WAIT,WAIT,0.1430839765816927,False,False,False,False,False,False,False
random_ruehl_mask,mixed,155,270920415,10,WAIT,WAIT,0.10308297351002693,False,False,False,False,False,False,False
random_ruehl_mask,mixed,155,270920415,11,RIGHT,RIGHT,0.16125000547617674,False,True,False,False,False,False,False
random_ruehl_mask,mixed,155,270920415,12,UP,UP,0.11691695544868708,False,False,False,False,False,False,False
random_ruehl_mask,mixed,155,270920415,13,WAIT,WAIT,0.14233298134058714,False,False,False,False,False,False,False
random_ruehl_mask,mixed,155,270920415,14,WAIT,WAIT,0.383291975595057,False,False,False,False,False,False,False
random_ruehl_mask,mixed,155,270920415,15,DOWN,DOWN,0.12316601350903511,False,False,False,False,False,False,False
random_ruehl_mask,mixed,155,270920415,16,LEFT,LEFT,0.10654190555214882,False,False,False,False,False,False,False
random_ruehl_mask,mixed,155,270920415,17,WAIT,WAIT,0.0990839907899499,False,False,False,False,False,False,False
random_ruehl_mask,mixed,155,270920415,18,WAIT,WAIT,0.08249992970377207,False,False,False,False,False,False,False
random_ruehl_mask,mixed,155,270920415,19,WAIT,WAIT,0.15504192560911179,False,False,False,False,False,False,False
random_ruehl_mask,mixed,155,270920415,20,RIGHT,RIGHT,0.1711660297587514,False,False,False,False,False,False,False
random_ruehl_mask,mixed,155,270920415,21,WAIT,WAIT,0.1218749675899744,False,True,False,False,False,False,False
random_ruehl_mask,mixed,155,270920415,22,WAIT,WAIT,0.15837501268833876,False,False,False,False,False,False,False
random_ruehl_mask,mixed,155,270920415,23,UP,UP,0.10887498501688242,False,False,False,False,False,False,False
random_ruehl_mask,mixed,155,270920415,24,WAIT,WAIT,0.15229207929223776,False,False,False,False,False,False,False
random_ruehl_mask,mixed,155,270920415,25,DOWN,DOWN,0.09908305946737528,False,False,False,False,False,False,False
random_ruehl_mask,mixed,155,270920415,26,UP,UP,0.09887490887194872,False,False,False,False,False,False,False
random_ruehl_mask,mixed,155,270920415,27,BOMB,BOMB,0.09441596921533346,False,False,False,True,False,False,False
random_ruehl_mask,mixed,155,270920415,28,DOWN,DOWN,0.06487499922513962,False,False,False,False,False,False,False
random_ruehl_mask,mixed,155,270920415,29,WAIT,WAIT,0.09033398237079382,False,False,False,False,False,False,False
random_ruehl_mask,mixed,155,270920415,30,LEFT,LEFT,0.11333299335092306,False,False,False,False,False,False,False
random_ruehl_mask,mixed,155,270920415,31,WAIT,WAIT,0.09125005453824997,False,True,False,False,False,False,False
random_ruehl_mask,mixed,155,270920415,32,WAIT,WAIT,0.08004100527614355,False,False,False,False,False,False,False
random_ruehl_mask,mixed,155,270920415,33,WAIT,WAIT,0.06508303340524435,False,False,False,False,False,False,False
random_ruehl_mask,mixed,155,270920415,34,WAIT,WAIT,0.1032920554280281,False,False,False,False,False,False,False
random_ruehl_mask,mixed,155,270920415,35,BOMB,BOMB,0.09733391925692558,False,False,False,True,False,False,False
random_ruehl_mask,mixed,155,270920415,36,RIGHT,RIGHT,0.04437495954334736,False,False,False,False,False,False,False
random_ruehl_mask,mixed,155,270920415,37,WAIT,WAIT,0.06874999962747097,False,False,False,False,False,False,False
random_ruehl_mask,mixed,155,270920415,38,UP,UP,0.10420801118016243,False,False,False,False,False,False,False
random_ruehl_mask,mixed,155,270920415,39,WAIT,WAIT,0.08283404167741537,False,False,False,False,False,False,False
random_ruehl_mask,mixed,155,270920415,40,UP,UP,0.11245801579207182,False,False,False,False,False,False,False
random_ruehl_mask,mixed,155,270920415,41,DOWN,DOWN,0.0914999982342124,False,True,False,False,False,False,False
random_ruehl_mask,mixed,155,270920415,42,DOWN,DOWN,0.11929194442927837,False,False,False,False,False,False,False
random_ruehl_mask,mixed,155,270920415,43,UP,UP,0.09770796168595552,False,False,False,False,False,False,False
random_ruehl_mask,mixed,155,270920415,44,WAIT,WAIT,0.08349993731826544,False,False,False,False,False,False,False
random_ruehl_mask,mixed,155,270920415,45,UP,UP,0.0803329749032855,False,False,False,False,False,False,False
random_ruehl_mask,mixed,155,270920415,46,DOWN,DOWN,0.1046669203788042,False,False,False,False,False,False,False
random_ruehl_mask,mixed,155,270920415,47,WAIT,WAIT,0.3070830134674907,False,False,False,False,False,False,False
random_ruehl_mask,mixed,155,270920415,48,WAIT,WAIT,0.0806670868769288,False,False,False,False,False,False,False
random_ruehl_mask,mixed,155,270920415,49,WAIT,WAIT,0.07516692858189344,False,False,False,False,False,False,False
random_ruehl_mask,mixed,155,270920415,50,WAIT,WAIT,0.06091699469834566,False,False,False,False,False,False,False
random_ruehl_mask,mixed,155,270920415,51,UP,UP,0.09945908095687628,False,True,False,False,False,False,True
random_ruehl_mask,mixed,155,270920415,52,BOMB,BOMB,0.12995803263038397,False,False,False,True,False,False,True
random_ruehl_mask,mixed,155,270920415,53,DOWN,DOWN,0.07308297790586948,False,False,False,False,False,False,True
random_ruehl_mask,mixed,155,270920415,54,WAIT,WAIT,0.09416695684194565,False,False,False,False,False,False,True
random_ruehl_mask,mixed,155,270920415,55,WAIT,WAIT,0.10562501847743988,False,False,False,False,False,False,True
random_ruehl_mask,mixed,155,270920415,56,WAIT,WAIT,0.08479098323732615,False,False,False,False,False,False,True
random_ruehl_mask,mixed,156,270920416,1,LEFT,LEFT,0.10591605678200722,False,True,False,False,False,False,False
random_ruehl_mask,mixed,156,270920416,2,BOMB,BOMB,0.08654105477035046,False,False,False,True,False,False,False
random_ruehl_mask,mixed,156,270920416,3,RIGHT,RIGHT,0.060999998822808266,False,False,False,False,False,False,False
random_ruehl_mask,mixed,156,270920416,4,WAIT,WAIT,0.06145902443677187,False,False,False,False,False,False,False
random_ruehl_mask,mixed,156,270920416,5,UP,UP,0.1277080737054348,False,False,False,False,False,False,False
random_ruehl_mask,mixed,156,270920416,6,WAIT,WAIT,0.07737497799098492,False,False,False,False,False,False,False
random_ruehl_mask,mixed,156,270920416,7,UP,UP,0.05620904266834259,False,False,False,False,False,False,False
random_ruehl_mask,mixed,156,270920416,8,WAIT,WAIT,0.04354200791567564,False,False,False,False,False,False,False
random_ruehl_mask,mixed,156,270920416,9,DOWN,DOWN,0.1093749888241291,False,False,False,False,False,False,False
random_ruehl_mask,mixed,156,270920416,10,DOWN,DOWN,0.10979198850691319,False,False,False,False,False,False,True
random_ruehl_mask,mixed,156,270920416,11,BOMB,BOMB,0.13175001367926598,False,True,False,True,False,False,True
random_ruehl_mask,mixed,156,270920416,12,LEFT,LEFT,0.08216605056077242,False,False,False,False,False,False,True
random_ruehl_mask,mixed,156,270920416,13,WAIT,WAIT,0.06258394569158554,False,False,False,False,False,False,True
random_ruehl_mask,mixed,156,270920416,14,WAIT,WAIT,0.062125036492943764,False,False,False,False,False,False,True
random_ruehl_mask,mixed,156,270920416,15,WAIT,WAIT,0.08300004992634058,False,False,False,False,False,False,True
random_ruehl_mask,mixed,157,270920417,1,WAIT,WAIT,0.09750004392117262,False,True,False,False,False,False,False
random_ruehl_mask,mixed,157,270920417,2,UP,UP,0.09350001346319914,False,False,False,False,False,False,False
random_ruehl_mask,mixed,157,270920417,3,DOWN,DOWN,0.07424992509186268,False,False,False,False,False,False,False
random_ruehl_mask,mixed,157,270920417,4,UP,UP,0.07187505252659321,False,False,False,False,False,False,False
random_ruehl_mask,mixed,157,270920417,5,BOMB,BOMB,0.08008396252989769,False,False,False,True,False,False,False
random_ruehl_mask,mixed,157,270920417,6,DOWN,DOWN,0.08504197467118502,False,False,False,False,False,False,False
random_ruehl_mask,mixed,157,270920417,7,WAIT,WAIT,0.06054108962416649,False,False,False,False,False,False,False
random_ruehl_mask,mixed,157,270920417,8,LEFT,LEFT,0.05008396692574024,False,False,False,False,False,False,False
random_ruehl_mask,mixed,157,270920417,9,WAIT,WAIT,0.04458299372345209,False,False,False,False,False,False,False
random_ruehl_mask,mixed,157,270920417,10,WAIT,WAIT,0.041332910768687725,False,False,False,False,False,False,False
random_ruehl_mask,mixed,157,270920417,11,RIGHT,RIGHT,0.07612502668052912,False,True,False,False,False,False,False
random_ruehl_mask,mixed,157,270920417,12,WAIT,WAIT,0.09233306627720594,False,False,False,False,False,False,False
random_ruehl_mask,mixed,157,270920417,13,LEFT,LEFT,0.09824999142438173,False,False,False,False,False,False,False
random_ruehl_mask,mixed,157,270920417,14,BOMB,BOMB,0.0842920271679759,False,False,False,True,False,False,False
random_ruehl_mask,mixed,157,270920417,15,RIGHT,RIGHT,0.06629200652241707,False,False,False,False,False,False,False
random_ruehl_mask,mixed,157,270920417,16,UP,UP,0.036624958738684654,False,False,False,False,False,False,False
random_ruehl_mask,mixed,157,270920417,17,WAIT,WAIT,0.04420895129442215,False,False,False,False,False,False,False
random_ruehl_mask,mixed,157,270920417,18,UP,UP,0.0439169816672802,False,False,False,False,False,False,False
random_ruehl_mask,mixed,157,270920417,19,DOWN,DOWN,0.0753339845687151,False,False,False,False,False,False,False
random_ruehl_mask,mixed,157,270920417,20,DOWN,DOWN,0.09766605217009783,False,False,False,False,False,False,False
random_ruehl_mask,mixed,157,270920417,21,WAIT,WAIT,0.07708300836384296,False,True,False,False,False,False,False
random_ruehl_mask,mixed,157,270920417,22,WAIT,WAIT,0.0641669612377882,False,False,False,False,False,False,False
random_ruehl_mask,mixed,157,270920417,23,UP,UP,0.07970794104039669,False,False,False,False,False,False,False
random_ruehl_mask,mixed,157,270920417,24,DOWN,DOWN,0.05612499080598354,False,False,False,False,False,False,False
random_ruehl_mask,mixed,157,270920417,25,LEFT,LEFT,0.05058303941041231,False,False,False,False,False,False,False
random_ruehl_mask,mixed,157,270920417,26,LEFT,LEFT,0.053458032198250294,False,False,False,False,False,False,False
random_ruehl_mask,mixed,157,270920417,27,RIGHT,RIGHT,0.10395795106887817,False,False,False,False,False,False,False
random_ruehl_mask,mixed,157,270920417,28,WAIT,WAIT,0.05029095336794853,False,False,False,False,False,False,False
random_ruehl_mask,mixed,157,270920417,29,WAIT,WAIT,0.05879101809114218,False,False,False,False,False,False,False
random_ruehl_mask,mixed,157,270920417,30,RIGHT,RIGHT,0.062333070673048496,False,False,False,False,False,False,False
random_ruehl_mask,mixed,157,270920417,31,LEFT,LEFT,0.07025001104921103,False,True,False,False,False,False,False
random_ruehl_mask,mixed,157,270920417,32,LEFT,LEFT,0.05512498319149017,False,False,False,False,False,False,False
random_ruehl_mask,mixed,157,270920417,33,LEFT,LEFT,0.08116709068417549,False,False,False,False,False,False,False
random_ruehl_mask,mixed,157,270920417,34,RIGHT,RIGHT,0.10691594798117876,False,False,False,False,False,False,False
random_ruehl_mask,mixed,157,270920417,35,BOMB,BOMB,0.09129208046942949,False,False,False,True,False,False,False
random_ruehl_mask,mixed,157,270920417,36,RIGHT,RIGHT,0.04833308048546314,False,False,False,False,False,False,False
random_ruehl_mask,mixed,157,270920417,37,WAIT,WAIT,0.04641700070351362,False,False,False,False,False,False,False
random_ruehl_mask,mixed,157,270920417,38,RIGHT,RIGHT,0.07949990686029196,False,False,False,False,False,False,False
random_ruehl_mask,mixed,157,270920417,39,UP,UP,0.0628340058028698,False,False,False,False,False,False,False
random_ruehl_mask,mixed,157,270920417,40,WAIT,WAIT,0.04812492989003658,False,False,False,False,False,False,False
random_ruehl_mask,mixed,157,270920417,41,WAIT,WAIT,0.03583403304219246,False,True,False,False,False,False,False
random_ruehl_mask,mixed,157,270920417,42,WAIT,WAIT,0.07966696284711361,False,False,False,False,False,False,False
random_ruehl_mask,mixed,157,270920417,43,UP,UP,0.05849997978657484,False,False,False,False,False,False,False
random_ruehl_mask,mixed,157,270920417,44,UP,UP,0.09858293924480677,False,False,False,False,False,False,False
random_ruehl_mask,mixed,157,270920417,45,UP,UP,0.1028749393299222,False,False,False,False,False,False,False
random_ruehl_mask,mixed,157,270920417,46,WAIT,WAIT,0.08095789235085249,False,False,False,False,False,False,True
random_ruehl_mask,mixed,157,270920417,47,BOMB,BOMB,0.08487503509968519,False,False,False,True,False,False,True
random_ruehl_mask,mixed,157,270920417,48,DOWN,DOWN,0.04466704558581114,False,False,False,False,False,False,True
random_ruehl_mask,mixed,157,270920417,49,WAIT,WAIT,0.04212500061839819,False,False,False,False,False,False,True
random_ruehl_mask,mixed,157,270920417,50,WAIT,WAIT,0.07233303040266037,False,False,False,False,False,False,True
random_ruehl_mask,mixed,157,270920417,51,WAIT,WAIT,0.06645801477134228,False,False,False,False,False,False,True
random_ruehl_mask,mixed,158,270920418,1,DOWN,DOWN,0.10733306407928467,False,True,False,False,False,False,False
random_ruehl_mask,mixed,158,270920418,2,DOWN,DOWN,0.09154097642749548,False,False,False,False,False,False,False
random_ruehl_mask,mixed,158,270920418,3,WAIT,WAIT,0.07529195863753557,False,False,False,False,False,False,False
random_ruehl_mask,mixed,158,270920418,4,WAIT,WAIT,0.07158296648412943,False,False,False,False,False,False,False
random_ruehl_mask,mixed,158,270920418,5,UP,UP,0.10687496978789568,False,False,False,False,False,False,False
random_ruehl_mask,mixed,158,270920418,6,DOWN,DOWN,0.08883292321115732,False,False,False,False,False,False,False
random_ruehl_mask,mixed,158,270920418,7,BOMB,BOMB,0.08437503129243851,False,False,False,True,False,False,False
random_ruehl_mask,mixed,158,270920418,8,UP,UP,0.060249934904277325,False,False,False,False,False,False,False
random_ruehl_mask,mixed,158,270920418,9,WAIT,WAIT,0.0504170311614871,False,False,False,False,False,False,False
random_ruehl_mask,mixed,158,270920418,10,UP,UP,0.050083035603165627,False,False,False,False,False,False,False
random_ruehl_mask,mixed,158,270920418,11,LEFT,LEFT,0.07645809091627598,False,True,False,False,False,False,False
random_ruehl_mask,mixed,158,270920418,12,WAIT,WAIT,0.058999983593821526,False,False,False,False,False,False,False
random_ruehl_mask,mixed,158,270920418,13,WAIT,WAIT,0.058750039897859097,False,False,False,False,False,False,False
random_ruehl_mask,mixed,158,270920418,14,WAIT,WAIT,0.18508301582187414,False,False,False,False,False,False,False
random_ruehl_mask,mixed,158,270920418,15,WAIT,WAIT,0.1074580941349268,False,False,False,False,False,False,False
random_ruehl_mask,mixed,158,270920418,16,BOMB,BOMB,0.0712500186637044,False,False,False,True,False,False,False
random_ruehl_mask,mixed,158,270920418,17,RIGHT,RIGHT,0.0487080542370677,False,False,False,False,False,False,False
random_ruehl_mask,mixed,158,270920418,18,DOWN,DOWN,0.04033301956951618,False,False,False,False,False,False,False
random_ruehl_mask,mixed,158,270920418,19,DOWN,DOWN,0.04895799793303013,False,False,False,False,False,False,False
random_ruehl_mask,mixed,158,270920418,20,UP,UP,0.0772910425439477,False,False,False,False,False,False,False
random_ruehl_mask,mixed,158,270920418,21,WAIT,WAIT,0.08566596079617739,False,True,False,False,False,False,False
random_ruehl_mask,mixed,158,270920418,22,UP,UP,0.058542005717754364,False,False,False,False,False,False,False
random_ruehl_mask,mixed,158,270920418,23,DOWN,DOWN,0.0564999645575881,False,False,False,False,False,False,False
random_ruehl_mask,mixed,158,270920418,24,DOWN,DOWN,0.05620799493044615,False,False,False,False,False,False,False
random_ruehl_mask,mixed,158,270920418,25,WAIT,WAIT,0.06220804061740637,False,False,False,False,False,False,False
random_ruehl_mask,mixed,158,270920418,26,DOWN,DOWN,0.05416700150817633,False,False,False,False,False,False,False
random_ruehl_mask,mixed,158,270920418,27,WAIT,WAIT,0.07754203397780657,False,False,False,False,False,False,False
random_ruehl_mask,mixed,158,270920418,28,DOWN,DOWN,0.0756249064579606,False,False,False,False,False,False,False
random_ruehl_mask,mixed,158,270920418,29,LEFT,LEFT,0.1431250711902976,False,False,False,False,False,False,False
random_ruehl_mask,mixed,158,270920418,30,WAIT,WAIT,0.08633395191282034,False,False,False,False,False,False,False
random_ruehl_mask,mixed,158,270920418,31,BOMB,BOMB,0.07862504571676254,False,True,False,True,False,False,False
random_ruehl_mask,mixed,158,270920418,32,RIGHT,RIGHT,0.05504197906702757,False,False,False,False,False,False,False
random_ruehl_mask,mixed,158,270920418,33,UP,UP,0.061707920394837856,False,False,False,False,False,False,False
random_ruehl_mask,mixed,158,270920418,34,UP,UP,0.0564999645575881,False,False,False,False,False,False,False
random_ruehl_mask,mixed,158,270920418,35,WAIT,WAIT,0.04662491846829653,False,False,False,False,False,False,False
random_ruehl_mask,mixed,158,270920418,36,WAIT,WAIT,0.05979207344353199,False,False,False,False,False,False,False
random_ruehl_mask,mixed,158,270920418,37,WAIT,WAIT,0.03941706381738186,False,False,False,False,False,False,False
random_ruehl_mask,mixed,158,270920418,38,WAIT,WAIT,0.06116693839430809,False,False,False,False,False,False,False
random_ruehl_mask,mixed,158,270920418,39,LEFT,LEFT,0.05729193799197674,False,False,False,False,False,False,False
random_ruehl_mask,mixed,158,270920418,40,WAIT,WAIT,0.07700000423938036,False,False,False,False,False,False,False
random_ruehl_mask,mixed,158,270920418,41,WAIT,WAIT,0.0682090176269412,False,True,False,False,False,False,False
random_ruehl_mask,mixed,158,270920418,42,RIGHT,RIGHT,0.07791595999151468,False,False,False,False,False,False,False
random_ruehl_mask,mixed,158,270920418,43,WAIT,WAIT,0.06079196464270353,False,False,False,False,False,False,False
random_ruehl_mask,mixed,158,270920418,44,WAIT,WAIT,0.06175006274133921,False,False,False,False,False,False,False
random_ruehl_mask,mixed,158,270920418,45,UP,UP,0.07604202255606651,False,False,False,False,False,False,False
random_ruehl_mask,mixed,158,270920418,46,UP,UP,0.04858395550400019,False,False,False,False,False,False,False
random_ruehl_mask,mixed,158,270920418,47,DOWN,DOWN,0.04545797128230333,False,False,False,False,False,False,False
random_ruehl_mask,mixed,158,270920418,48,DOWN,DOWN,0.06758305244147778,False,False,False,False,False,False,False
random_ruehl_mask,mixed,158,270920418,49,LEFT,LEFT,0.08945795707404613,False,False,False,False,False,False,False
random_ruehl_mask,mixed,158,270920418,50,RIGHT,RIGHT,0.09400001727044582,False,False,False,False,False,False,False
random_ruehl_mask,mixed,158,270920418,51,DOWN,DOWN,0.052749994210898876,False,True,False,False,False,False,False
random_ruehl_mask,mixed,158,270920418,52,DOWN,DOWN,0.05175010301172733,False,False,False,False,False,False,False
random_ruehl_mask,mixed,158,270920418,53,LEFT,LEFT,0.06629107519984245,False,False,False,False,False,False,False
random_ruehl_mask,mixed,158,270920418,54,RIGHT,RIGHT,0.06666593253612518,False,False,False,False,False,False,False
random_ruehl_mask,mixed,158,270920418,55,UP,UP,0.06704090628772974,False,False,False,False,False,False,False
random_ruehl_mask,mixed,158,270920418,56,UP,UP,0.05312508437782526,False,False,False,False,False,False,False
random_ruehl_mask,mixed,158,270920418,57,DOWN,DOWN,0.07329101208597422,False,False,False,False,False,False,False
random_ruehl_mask,mixed,158,270920418,58,DOWN,DOWN,0.050875009037554264,False,False,False,False,False,False,False
random_ruehl_mask,mixed,158,270920418,59,DOWN,DOWN,0.07737497799098492,False,False,False,False,False,False,False
random_ruehl_mask,mixed,158,270920418,60,UP,UP,0.061125028878450394,False,False,False,False,False,False,False
random_ruehl_mask,mixed,158,270920418,61,DOWN,DOWN,0.052749994210898876,False,True,False,False,False,False,False
random_ruehl_mask,mixed,158,270920418,62,UP,UP,0.048749963752925396,False,False,False,False,False,False,False
random_ruehl_mask,mixed,158,270920418,63,WAIT,WAIT,0.06929202936589718,False,False,False,False,False,False,False
random_ruehl_mask,mixed,158,270920418,64,DOWN,DOWN,0.06566604133695364,False,False,False,False,False,False,False
random_ruehl_mask,mixed,158,270920418,65,DOWN,DOWN,0.07624994032084942,False,False,False,False,False,False,True
random_ruehl_mask,mixed,158,270920418,66,BOMB,BOMB,0.09820796549320221,False,False,False,True,False,False,True
random_ruehl_mask,mixed,158,270920418,67,DOWN,DOWN,0.04704098682850599,False,False,False,False,False,False,True
random_ruehl_mask,mixed,158,270920418,68,DOWN,DOWN,0.04879198968410492,False,False,False,False,False,False,True
random_ruehl_mask,mixed,158,270920418,69,WAIT,WAIT,0.050292001105844975,False,False,False,False,False,False,True
random_ruehl_mask,mixed,158,270920418,70,DOWN,DOWN,0.05837506614625454,False,False,False,False,False,False,True
random_ruehl_mask,mixed,159,270920419,1,LEFT,LEFT,0.10779197327792645,False,True,False,False,False,False,False
random_ruehl_mask,mixed,159,270920419,2,WAIT,WAIT,0.07712491787970066,False,False,False,False,False,False,False
random_ruehl_mask,mixed,159,270920419,3,BOMB,BOMB,0.07137504871934652,False,False,False,True,False,False,False
random_ruehl_mask,mixed,159,270920419,4,RIGHT,RIGHT,0.039041973650455475,False,False,False,False,False,False,False
random_ruehl_mask,mixed,159,270920419,5,WAIT,WAIT,0.08525000885128975,False,False,False,False,False,False,False
random_ruehl_mask,mixed,159,270920419,6,DOWN,DOWN,0.0652919989079237,False,False,False,False,False,False,False
random_ruehl_mask,mixed,159,270920419,7,WAIT,WAIT,0.0563750509172678,False,False,False,False,False,False,False
random_ruehl_mask,mixed,159,270920419,8,WAIT,WAIT,0.04091602750122547,False,False,False,False,False,False,False
random_ruehl_mask,mixed,159,270920419,9,WAIT,WAIT,0.05787494592368603,False,False,False,False,False,False,False
random_ruehl_mask,mixed,159,270920419,10,UP,UP,0.07179193198680878,False,False,False,False,False,False,False
random_ruehl_mask,mixed,159,270920419,11,LEFT,LEFT,0.08000002708286047,False,True,False,False,False,False,False
random_ruehl_mask,mixed,159,270920419,12,LEFT,LEFT,0.05329190753400326,False,False,False,False,False,False,False
random_ruehl_mask,mixed,159,270920419,13,WAIT,WAIT,0.1154160127043724,False,False,False,False,False,False,False
random_ruehl_mask,mixed,159,270920419,14,LEFT,LEFT,0.09750004392117262,False,False,False,False,False,False,False
random_ruehl_mask,mixed,159,270920419,15,RIGHT,RIGHT,0.09016599506139755,False,False,False,False,False,False,False
random_ruehl_mask,mixed,159,270920419,16,LEFT,LEFT,0.0790000194683671,False,False,False,False,False,False,False
random_ruehl_mask,mixed,159,270920419,17,LEFT,LEFT,0.10420801118016243,False,False,False,False,False,False,True
random_ruehl_mask,mixed,159,270920419,18,BOMB,BOMB,0.09075005073100328,False,False,False,True,False,False,True
random_ruehl_mask,mixed,159,270920419,19,RIGHT,RIGHT,0.03945792559534311,False,False,False,False,False,False,True
random_ruehl_mask,mixed,159,270920419,20,RIGHT,RIGHT,0.03783393185585737,False,False,False,False,False,False,True
random_ruehl_mask,mixed,159,270920419,21,WAIT,WAIT,0.06691599264740944,False,True,True,False,False,False,True
random_ruehl_mask,mixed,159,270920419,22,LEFT,LEFT,0.07812504190951586,False,False,False,False,False,False,True
random_ruehl_mask,mixed,160,270920420,1,RIGHT,RIGHT,0.10145793203264475,False,True,False,False,False,False,False
random_ruehl_mask,mixed,160,270920420,2,WAIT,WAIT,0.09720900561660528,False,False,False,False,False,False,False
random_ruehl_mask,mixed,160,270920420,3,BOMB,BOMB,0.07612491026520729,False,False,False,True,False,False,False
random_ruehl_mask,mixed,160,270920420,4,LEFT,LEFT,0.04029099363833666,False,False,False,False,False,False,False
random_ruehl_mask,mixed,160,270920420,5,DOWN,DOWN,0.053458032198250294,False,False,False,False,False,False,False
random_ruehl_mask,mixed,160,270920420,6,WAIT,WAIT,0.057875062339007854,False,False,False,False,False,False,False
random_ruehl_mask,mixed,160,270920420,7,WAIT,WAIT,0.0748330494388938,False,False,False,False,False,False,False
random_ruehl_mask,mixed,160,270920420,8,WAIT,WAIT,0.06208301056176424,False,False,False,False,False,False,False
random_ruehl_mask,mixed,160,270920420,9,UP,UP,0.04133302718400955,False,False,False,False,False,False,False
random_ruehl_mask,mixed,160,270920420,10,WAIT,WAIT,0.08637493010610342,False,False,False,False,False,False,False
random_ruehl_mask,mixed,160,270920420,11,RIGHT,RIGHT,0.07933308370411396,False,True,False,False,False,False,False
random_ruehl_mask,mixed,160,270920420,12,LEFT,LEFT,0.05891697946935892,False,False,False,False,False,False,False
random_ruehl_mask,mixed,160,270920420,13,DOWN,DOWN,0.11629203800112009,False,False,False,False,False,False,False
random_ruehl_mask,mixed,160,270920420,14,WAIT,WAIT,0.0879999715834856,False,False,False,False,False,False,False
random_ruehl_mask,mixed,160,270920420,15,UP,UP,0.07458310574293137,False,False,False,False,False,False,False
random_ruehl_mask,mixed,160,270920420,16,RIGHT,RIGHT,0.07687497418373823,False,False,False,False,False,False,False
random_ruehl_mask,mixed,160,270920420,17,WAIT,WAIT,0.04720897413790226,False,False,False,False,False,False,False
random_ruehl_mask,mixed,160,270920420,18,RIGHT,RIGHT,0.07070798892527819,False,False,False,False,False,False,False
random_ruehl_mask,mixed,160,270920420,19,WAIT,WAIT,0.10816706344485283,False,False,False,False,False,False,False
random_ruehl_mask,mixed,160,270920420,20,RIGHT,RIGHT,0.08958298712968826,False,False,False,False,False,False,False
random_ruehl_mask,mixed,160,270920420,21,RIGHT,RIGHT,0.10887498501688242,False,True,False,False,False,False,False
random_ruehl_mask,mixed,160,270920420,22,BOMB,BOMB,0.10883307550102472,False,False,False,True,False,False,False
random_ruehl_mask,mixed,160,270920420,23,LEFT,LEFT,0.07129099685698748,False,False,False,False,False,False,False
random_ruehl_mask,mixed,160,270920420,24,LEFT,LEFT,0.05170807708054781,False,False,False,False,False,False,False
random_ruehl_mask,mixed,160,270920420,25,LEFT,LEFT,0.05970802158117294,False,False,False,False,False,False,False
random_ruehl_mask,mixed,160,270920420,26,LEFT,LEFT,0.05845795385539532,False,False,False,False,False,False,False
random_ruehl_mask,mixed,160,270920420,27,WAIT,WAIT,0.05112495273351669,False,False,False,False,False,False,False
random_ruehl_mask,mixed,160,270920420,28,RIGHT,RIGHT,0.038499943912029266,False,False,False,False,False,False,False
random_ruehl_mask,mixed,160,270920420,29,LEFT,LEFT,0.07975008338689804,False,False,False,False,False,False,False
random_ruehl_mask,mixed,160,270920420,30,RIGHT,RIGHT,0.11324998922646046,False,False,False,False,False,False,False
random_ruehl_mask,mixed,160,270920420,31,LEFT,LEFT,0.05991593934595585,False,True,False,False,False,False,False
random_ruehl_mask,mixed,160,270920420,32,DOWN,DOWN,0.08300004992634058,False,False,False,False,False,False,False
random_ruehl_mask,mixed,160,270920420,33,UP,UP,0.06470794323831797,False,False,False,False,False,False,False
random_ruehl_mask,mixed,160,270920420,34,RIGHT,RIGHT,0.08591695223003626,False,False,False,False,False,False,False
random_ruehl_mask,mixed,160,270920420,35,LEFT,LEFT,0.051541952416300774,False,False,False,False,False,False,False
random_ruehl_mask,mixed,160,270920420,36,RIGHT,RIGHT,0.08504197467118502,False,False,False,False,False,False,False
random_ruehl_mask,mixed,160,270920420,37,LEFT,LEFT,0.08233299013227224,False,False,False,False,False,False,False
random_ruehl_mask,mixed,160,270920420,38,RIGHT,RIGHT,0.12229196727275848,False,False,False,False,False,False,False
random_ruehl_mask,mixed,160,270920420,39,WAIT,WAIT,0.061249942518770695,False,False,False,False,False,False,False
random_ruehl_mask,mixed,160,270920420,40,RIGHT,RIGHT,0.08108397014439106,False,False,False,False,False,False,False
random_ruehl_mask,mixed,160,270920420,41,LEFT,LEFT,0.10408309753984213,False,True,False,False,False,False,False
random_ruehl_mask,mixed,160,270920420,42,LEFT,LEFT,0.059416983276605606,False,False,False,False,False,False,True
random_ruehl_mask,mixed,160,270920420,43,BOMB,BOMB,0.08320796769112349,False,False,False,True,False,False,True
random_ruehl_mask,mixed,160,270920420,44,DOWN,DOWN,0.03750005271285772,False,False,False,False,False,False,True
random_ruehl_mask,mixed,160,270920420,45,WAIT,WAIT,0.035375007428228855,False,False,False,False,False,False,True
random_ruehl_mask,mixed,160,270920420,46,WAIT,WAIT,0.05012494511902332,False,False,False,False,False,False,True
random_ruehl_mask,mixed,160,270920420,47,WAIT,WAIT,0.04654191434383392,False,False,False,False,False,False,True
random_ruehl_mask,mixed,161,270920421,1,DOWN,DOWN,0.10070798452943563,False,True,False,False,False,False,False
random_ruehl_mask,mixed,161,270920421,2,DOWN,DOWN,0.10754202958196402,False,False,False,False,False,False,True
random_ruehl_mask,mixed,161,270920421,3,BOMB,BOMB,0.09583297651261091,False,False,False,True,False,False,True
random_ruehl_mask,mixed,161,270920421,4,UP,UP,0.05224999040365219,False,False,False,False,False,False,True
random_ruehl_mask,mixed,161,270920421,5,WAIT,WAIT,0.059582991525530815,False,False,False,False,False,False,True
random_ruehl_mask,mixed,161,270920421,6,WAIT,WAIT,0.07725006435066462,False,False,False,False,False,False,True
random_ruehl_mask,mixed,161,270920421,7,UP,UP,0.0629170099273324,False,False,False,False,False,False,True
random_ruehl_mask,mixed,162,270920422,1,WAIT,WAIT,0.11620798613876104,False,True,False,False,False,False,False
random_ruehl_mask,mixed,162,270920422,2,UP,UP,0.09900005534291267,False,False,False,False,False,False,False
random_ruehl_mask,mixed,162,270920422,3,BOMB,BOMB,0.07700000423938036,False,False,False,True,False,False,False
random_ruehl_mask,mixed,162,270920422,4,DOWN,DOWN,0.05220796447247267,False,False,False,False,False,False,False
random_ruehl_mask,mixed,162,270920422,5,LEFT,LEFT,0.05720905028283596,False,False,False,False,False,False,False
random_ruehl_mask,mixed,162,270920422,6,WAIT,WAIT,0.09737501386553049,False,False,False,False,False,False,False
random_ruehl_mask,mixed,162,270920422,7,WAIT,WAIT,0.0677080824971199,False,False,False,False,False,False,False
random_ruehl_mask,mixed,162,270920422,8,WAIT,WAIT,0.044958083890378475,False,False,False,False,False,False,False
random_ruehl_mask,mixed,162,270920422,9,RIGHT,RIGHT,0.036499928683042526,False,False,False,False,False,False,False
random_ruehl_mask,mixed,162,270920422,10,WAIT,WAIT,0.08266698569059372,False,False,False,False,False,False,False
random_ruehl_mask,mixed,162,270920422,11,LEFT,LEFT,0.07862492930144072,False,True,False,False,False,False,False
random_ruehl_mask,mixed,162,270920422,12,BOMB,BOMB,0.06612506695091724,False,False,False,True,False,False,False
random_ruehl_mask,mixed,162,270920422,13,RIGHT,RIGHT,0.07166701834648848,False,False,False,False,False,False,False
random_ruehl_mask,mixed,162,270920422,14,UP,UP,0.06387499161064625,False,False,False,False,False,False,False
random_ruehl_mask,mixed,162,270920422,15,WAIT,WAIT,0.06204203236848116,False,False,False,False,False,False,False
random_ruehl_mask,mixed,162,270920422,16,WAIT,WAIT,0.042749918065965176,False,False,False,False,False,False,False
random_ruehl_mask,mixed,162,270920422,17,WAIT,WAIT,0.04791701212525368,False,False,False,False,False,False,False
random_ruehl_mask,mixed,162,270920422,18,DOWN,DOWN,0.06195798050612211,False,False,False,False,False,False,False
random_ruehl_mask,mixed,162,270920422,19,LEFT,LEFT,0.05983305163681507,False,False,False,False,False,False,False
random_ruehl_mask,mixed,162,270920422,20,WAIT,WAIT,0.04712503869086504,False,False,False,False,False,False,False
random_ruehl_mask,mixed,162,270920422,21,LEFT,LEFT,0.09400001727044582,False,True,False,False,False,False,False
random_ruehl_mask,mixed,162,270920422,22,UP,UP,0.10054092854261398,False,False,False,False,False,False,False
random_ruehl_mask,mixed,162,270920422,23,DOWN,DOWN,0.08416699711233377,False,False,False,False,False,False,False
random_ruehl_mask,mixed,162,270920422,24,WAIT,WAIT,0.07887498941272497,False,False,False,False,False,False,False
random_ruehl_mask,mixed,162,270920422,25,WAIT,WAIT,0.099916011095047,False,False,False,False,False,False,False
random_ruehl_mask,mixed,162,270920422,26,LEFT,LEFT,0.09462493471801281,False,False,False,False,False,False,False
random_ruehl_mask,mixed,162,270920422,27,RIGHT,RIGHT,0.07441698107868433,False,False,False,False,False,False,False
random_ruehl_mask,mixed,162,270920422,28,UP,UP,0.08308305405080318,False,False,False,False,False,False,False
random_ruehl_mask,mixed,162,270920422,29,DOWN,DOWN,0.09412493091076612,False,False,False,False,False,False,False
random_ruehl_mask,mixed,162,270920422,30,WAIT,WAIT,0.14641706366091967,False,False,False,False,False,False,False
random_ruehl_mask,mixed,162,270920422,31,WAIT,WAIT,0.10987499263137579,False,True,False,False,False,False,False
random_ruehl_mask,mixed,162,270920422,32,RIGHT,RIGHT,0.11804199311882257,False,False,False,False,False,False,False
random_ruehl_mask,mixed,162,270920422,33,RIGHT,RIGHT,0.055709038861095905,False,False,False,False,False,False,False
random_ruehl_mask,mixed,162,270920422,34,WAIT,WAIT,0.05204195622354746,False,False,False,False,False,False,False
random_ruehl_mask,mixed,162,270920422,35,UP,UP,0.04958396311849356,False,False,False,False,False,False,False
random_ruehl_mask,mixed,162,270920422,36,DOWN,DOWN,0.07804203778505325,False,False,False,False,False,False,False
random_ruehl_mask,mixed,162,270920422,37,WAIT,WAIT,0.06104202475398779,False,False,False,False,False,False,False
random_ruehl_mask,mixed,162,270920422,38,WAIT,WAIT,0.055750017054378986,False,False,False,False,False,False,False
random_ruehl_mask,mixed,162,270920422,39,LEFT,LEFT,0.05304103251546621,False,False,False,False,False,False,False
random_ruehl_mask,mixed,162,270920422,40,LEFT,LEFT,0.048208050429821014,False,False,False,False,False,False,False
random_ruehl_mask,mixed,162,270920422,41,WAIT,WAIT,0.08399994112551212,False,True,False,False,False,False,False
random_ruehl_mask,mixed,162,270920422,42,WAIT,WAIT,0.09037507697939873,False,False,False,False,False,False,False
random_ruehl_mask,mixed,162,270920422,43,LEFT,LEFT,0.1130829332396388,False,False,False,False,False,False,False
random_ruehl_mask,mixed,162,270920422,44,LEFT,LEFT,0.08220796007663012,False,False,False,False,False,False,False
random_ruehl_mask,mixed,162,270920422,45,WAIT,WAIT,0.07874995935708284,False,False,False,False,False,False,False
random_ruehl_mask,mixed,162,270920422,46,RIGHT,RIGHT,0.09083305485546589,False,False,False,False,False,False,False
random_ruehl_mask,mixed,162,270920422,47,LEFT,LEFT,0.11187500786036253,False,False,False,False,False,False,False
random_ruehl_mask,mixed,162,270920422,48,BOMB,BOMB,0.07895799353718758,False,False,False,True,True,False,False
random_ruehl_mask,mixed,162,270920422,49,RIGHT,RIGHT,0.037125078961253166,False,False,False,False,False,False,False
random_ruehl_mask,mixed,162,270920422,50,RIGHT,RIGHT,0.06204191595315933,False,False,False,False,False,False,False
random_ruehl_mask,mixed,162,270920422,51,UP,UP,0.05975004751235247,False,True,False,False,False,False,False
random_ruehl_mask,mixed,162,270920422,52,WAIT,WAIT,0.05879194941371679,False,False,False,False,False,False,False
random_ruehl_mask,mixed,162,270920422,53,WAIT,WAIT,0.053958967328071594,False,False,False,False,False,False,False
random_ruehl_mask,mixed,162,270920422,54,DOWN,DOWN,0.03808306064456701,False,False,False,False,False,False,True
random_ruehl_mask,mixed,162,270920422,55,BOMB,BOMB,0.08866703137755394,False,False,False,True,False,False,True
random_ruehl_mask,mixed,162,270920422,56,RIGHT,RIGHT,0.036958022974431515,False,False,False,False,False,False,True
random_ruehl_mask,mixed,162,270920422,57,WAIT,WAIT,0.05000003147870302,False,False,False,False,False,False,True
random_ruehl_mask,mixed,162,270920422,58,WAIT,WAIT,0.07895904127508402,False,False,False,False,False,False,True
random_ruehl_mask,mixed,162,270920422,59,RIGHT,RIGHT,0.06874999962747097,False,False,False,False,False,False,True
random_ruehl_mask,mixed,163,270920423,1,DOWN,DOWN,0.10933401063084602,False,True,False,False,False,False,False
random_ruehl_mask,mixed,163,270920423,2,WAIT,WAIT,0.09195809252560139,False,False,False,False,False,False,False
random_ruehl_mask,mixed,163,270920423,3,WAIT,WAIT,0.087916967459023,False,False,False,False,False,False,False
random_ruehl_mask,mixed,163,270920423,4,UP,UP,0.07512501906603575,False,False,False,False,False,False,False
random_ruehl_mask,mixed,163,270920423,5,DOWN,DOWN,0.10837498120963573,False,False,False,False,False,False,False
random_ruehl_mask,mixed,163,270920423,6,WAIT,WAIT,0.08891697507351637,False,False,False,False,False,False,False
random_ruehl_mask,mixed,163,270920423,7,UP,UP,0.10833400301635265,False,False,False,False,False,False,False
random_ruehl_mask,mixed,163,270920423,8,DOWN,DOWN,0.11020898818969727,False,False,False,False,False,False,False
random_ruehl_mask,mixed,163,270920423,9,BOMB,BOMB,0.09641703218221664,False,False,False,True,False,False,False
random_ruehl_mask,mixed,163,270920423,10,UP,UP,0.04741700831800699,False,False,False,False,False,False,False
random_ruehl_mask,mixed,163,270920423,11,WAIT,WAIT,0.040207989513874054,False,True,False,False,False,False,False
random_ruehl_mask,mixed,163,270920423,12,LEFT,LEFT,0.05904200952500105,False,False,False,False,False,False,False
random_ruehl_mask,mixed,163,270920423,13,WAIT,WAIT,0.058125006034970284,False,False,False,False,False,False,False
random_ruehl_mask,mixed,163,270920423,14,WAIT,WAIT,0.05625002086162567,False,False,False,False,False,False,False
random_ruehl_mask,mixed,163,270920423,15,RIGHT,RIGHT,0.04525005351752043,False,False,False,False,False,False,False
random_ruehl_mask,mixed,163,270920423,16,DOWN,DOWN,0.09416695684194565,False,False,False,False,False,False,False
random_ruehl_mask,mixed,163,270920423,17,WAIT,WAIT,0.05879101809114218,False,False,False,False,False,False,False
random_ruehl_mask,mixed,163,270920423,18,UP,UP,0.06425008177757263,False,False,False,False,False,False,True
random_ruehl_mask,mixed,163,270920423,19,BOMB,BOMB,0.10624993592500687,False,False,False,True,False,False,True
random_ruehl_mask,mixed,163,270920423,20,LEFT,LEFT,0.050875009037554264,False,False,False,False,False,False,True
random_ruehl_mask,mixed,163,270920423,21,WAIT,WAIT,0.07129204459488392,False,False,False,False,False,False,True
random_ruehl_mask,mixed,163,270920423,22,WAIT,WAIT,0.07070798892527819,False,False,False,False,False,False,True
random_ruehl_mask,mixed,163,270920423,23,WAIT,WAIT,0.08662499021738768,False,False,False,False,False,False,True
random_ruehl_mask,mixed,164,270920424,1,LEFT,LEFT,0.10062498040497303,False,True,False,False,False,False,False
random_ruehl_mask,mixed,164,270920424,2,BOMB,BOMB,0.07500010542571545,False,False,False,True,False,False,False
random_ruehl_mask,mixed,164,270920424,3,RIGHT,RIGHT,0.04008400719612837,False,False,False,False,False,False,False
random_ruehl_mask,mixed,164,270920424,4,WAIT,WAIT,0.05520798731595278,False,False,False,False,False,False,False
random_ruehl_mask,mixed,164,270920424,5,UP,UP,0.07441698107868433,False,False,False,False,False,False,False
random_ruehl_mask,mixed,164,270920424,6,WAIT,WAIT,0.05908298771828413,False,False,False,False,False,False,False
random_ruehl_mask,mixed,164,270920424,7,WAIT,WAIT,0.05154102109372616,False,False,False,False,False,False,False
random_ruehl_mask,mixed,164,270920424,8,WAIT,WAIT,0.04170800093561411,False,False,False,False,False,False,False
random_ruehl_mask,mixed,164,270920424,9,DOWN,DOWN,0.06949994713068008,False,False,False,False,False,False,True
random_ruehl_mask,mixed,164,270920424,10,BOMB,BOMB,0.07829105015844107,False,False,False,True,False,False,True
random_ruehl_mask,mixed,164,270920424,11,UP,UP,0.03716605715453625,False,True,True,False,False,False,True
random_ruehl_mask,mixed,164,270920424,12,WAIT,WAIT,0.0765420263633132,False,False,False,False,False,False,True
random_ruehl_mask,mixed,164,270920424,13,WAIT,WAIT,0.10262499563395977,False,False,False,False,False,False,True
random_ruehl_mask,mixed,164,270920424,14,WAIT,WAIT,0.06783392746001482,False,False,False,False,False,False,True
random_ruehl_mask,mixed,165,270920425,1,UP,UP,0.10595796629786491,False,True,False,False,False,False,False
random_ruehl_mask,mixed,165,270920425,2,DOWN,DOWN,0.07458403706550598,False,False,False,False,False,False,False
random_ruehl_mask,mixed,165,270920425,3,WAIT,WAIT,0.07050007116049528,False,False,False,False,False,False,False
random_ruehl_mask,mixed,165,270920425,4,UP,UP,0.09204202797263861,False,False,False,False,False,False,False
random_ruehl_mask,mixed,165,270920425,5,WAIT,WAIT,0.08991605136543512,False,False,False,False,False,False,False
random_ruehl_mask,mixed,165,270920425,6,WAIT,WAIT,0.07879105396568775,False,False,False,False,False,False,False
random_ruehl_mask,mixed,165,270920425,7,BOMB,BOMB,0.07483293302357197,False,False,False,True,False,False,False
random_ruehl_mask,mixed,165,270920425,8,DOWN,DOWN,0.03816699609160423,False,False,False,False,False,False,False
random_ruehl_mask,mixed,165,270920425,9,WAIT,WAIT,0.035208999179303646,False,False,False,False,False,False,False
random_ruehl_mask,mixed,165,270920425,10,RIGHT,RIGHT,0.04470802377909422,False,False,False,False,False,False,False
random_ruehl_mask,mixed,165,270920425,11,RIGHT,RIGHT,0.044334097765386105,False,True,False,False,False,False,False
random_ruehl_mask,mixed,165,270920425,12,WAIT,WAIT,0.046958099119365215,False,False,False,False,False,False,False
random_ruehl_mask,mixed,165,270920425,13,WAIT,WAIT,0.08112506475299597,False,False,False,False,False,False,False
random_ruehl_mask,mixed,165,270920425,14,LEFT,LEFT,0.12224994134157896,False,False,False,False,False,False,False
random_ruehl_mask,mixed,165,270920425,15,RIGHT,RIGHT,0.10304199531674385,False,False,False,False,False,False,False
random_ruehl_mask,mixed,165,270920425,16,BOMB,BOMB,0.1748749054968357,False,False,False,True,False,False,False
random_ruehl_mask,mixed,165,270920425,17,LEFT,LEFT,0.07366703357547522,False,False,False,False,False,False,False
random_ruehl_mask,mixed,165,270920425,18,LEFT,LEFT,0.05779205821454525,False,False,False,False,False,False,False
random_ruehl_mask,mixed,165,270920425,19,UP,UP,0.05787494592368603,False,False,False,False,False,False,False
random_ruehl_mask,mixed,165,270920425,20,WAIT,WAIT,0.05179201252758503,False,False,False,False,False,False,False
random_ruehl_mask,mixed,165,270920425,21,WAIT,WAIT,2.916666097007692,False,True,False,False,False,False,False
random_ruehl_mask,mixed,165,270920425,22,UP,UP,0.0742500415071845,False,False,False,False,False,False,False
random_ruehl_mask,mixed,165,270920425,23,DOWN,DOWN,0.31166605185717344,False,False,False,False,False,False,False
random_ruehl_mask,mixed,165,270920425,24,UP,UP,0.08966692257672548,False,False,False,False,False,False,False
random_ruehl_mask,mixed,165,270920425,25,WAIT,WAIT,0.11354207526892424,False,False,False,False,False,False,False
random_ruehl_mask,mixed,165,270920425,26,DOWN,DOWN,0.21458393894135952,False,False,False,False,False,False,False
random_ruehl_mask,mixed,165,270920425,27,WAIT,WAIT,0.07991597522050142,False,False,False,False,False,False,False
random_ruehl_mask,mixed,165,270920425,28,UP,UP,0.0868749339133501,False,False,False,False,False,False,True
random_ruehl_mask,mixed,165,270920425,29,BOMB,BOMB,0.11170899961143732,False,False,False,True,False,False,True
random_ruehl_mask,mixed,165,270920425,30,UP,UP,0.05691708065569401,False,False,False,False,False,False,True
random_ruehl_mask,mixed,165,270920425,31,UP,UP,0.13283302541822195,False,False,False,False,False,False,True
random_ruehl_mask,mixed,165,270920425,32,WAIT,WAIT,0.06683298852294683,False,False,False,False,False,False,True
random_ruehl_mask,mixed,165,270920425,33,DOWN,DOWN,0.11604209430515766,False,False,False,False,False,False,True
random_ruehl_mask,mixed,166,270920426,1,UP,UP,0.10283396113663912,False,True,False,False,False,False,False
random_ruehl_mask,mixed,166,270920426,2,BOMB,BOMB,0.07441698107868433,False,False,False,True,False,False,False
random_ruehl_mask,mixed,166,270920426,3,DOWN,DOWN,0.03937492147088051,False,False,False,False,False,False,False
random_ruehl_mask,mixed,166,270920426,4,LEFT,LEFT,0.06545800715684891,False,False,False,False,False,False,False
random_ruehl_mask,mixed,166,270920426,5,WAIT,WAIT,0.06737501826137304,False,False,False,False,False,False,False
random_ruehl_mask,mixed,166,270920426,6,WAIT,WAIT,0.08524989243596792,False,False,False,False,False,False,False
random_ruehl_mask,mixed,166,270920426,7,WAIT,WAIT,0.06245903205126524,False,False,False,False,False,False,False
random_ruehl_mask,mixed,166,270920426,8,RIGHT,RIGHT,0.03562506753951311,False,False,False,False,False,False,False
random_ruehl_mask,mixed,166,270920426,9,LEFT,LEFT,0.124208047054708,False,False,False,False,False,False,False
random_ruehl_mask,mixed,166,270920426,10,RIGHT,RIGHT,0.07470801938325167,False,False,False,False,False,False,False
random_ruehl_mask,mixed,166,270920426,11,UP,UP,0.08104206062853336,False,True,False,False,False,False,False
random_ruehl_mask,mixed,166,270920426,12,DOWN,DOWN,0.05066697485744953,False,False,False,False,False,False,True
random_ruehl_mask,mixed,166,270920426,13,BOMB,BOMB,0.09325006976723671,False,False,False,True,False,False,True
random_ruehl_mask,mixed,166,270920426,14,UP,UP,0.052541960030794144,False,False,False,False,False,False,True
random_ruehl_mask,mixed,166,270920426,15,UP,UP,0.08612498641014099,False,False,False,False,False,False,True
random_ruehl_mask,mixed,166,270920426,16,DOWN,DOWN,0.06404099985957146,False,False,False,False,False,False,True
random_ruehl_mask,mixed,166,270920426,17,UP,UP,0.04929106216877699,False,False,False,False,False,False,True
random_ruehl_mask,mixed,167,270920427,1,WAIT,WAIT,0.1128750154748559,False,True,False,False,False,False,False
random_ruehl_mask,mixed,167,270920427,2,RIGHT,RIGHT,0.08808402344584465,False,False,False,False,False,False,False
random_ruehl_mask,mixed,167,270920427,3,WAIT,WAIT,0.07516704499721527,False,False,False,False,False,False,True
random_ruehl_mask,mixed,167,270920427,4,BOMB,BOMB,0.0939579913392663,False,False,False,True,False,False,True
random_ruehl_mask,mixed,167,270920427,5,RIGHT,RIGHT,0.07162499241530895,False,False,False,False,False,False,True
random_ruehl_mask,mixed,167,270920427,6,RIGHT,RIGHT,0.05879206582903862,False,False,False,False,False,False,True
random_ruehl_mask,mixed,167,270920427,7,LEFT,LEFT,0.07683399599045515,False,False,False,False,False,False,True
random_ruehl_mask,mixed,167,270920427,8,RIGHT,RIGHT,0.06062490865588188,False,False,False,False,False,False,True
random_ruehl_mask,mixed,168,270920428,1,WAIT,WAIT,0.10241696145385504,False,True,False,False,False,False,False
random_ruehl_mask,mixed,168,270920428,2,DOWN,DOWN,0.08050003089010715,False,False,False,False,False,False,False
random_ruehl_mask,mixed,168,270920428,3,BOMB,BOMB,0.06474996916949749,False,False,False,True,False,False,False
random_ruehl_mask,mixed,168,270920428,4,UP,UP,0.0362499849870801,False,False,False,False,False,False,False
random_ruehl_mask,mixed,168,270920428,5,WAIT,WAIT,0.06324995774775743,False,False,False,False,False,False,False
random_ruehl_mask,mixed,168,270920428,6,LEFT,LEFT,0.05979102570563555,False,False,False,False,False,False,False
random_ruehl_mask,mixed,168,270920428,7,WAIT,WAIT,0.056999968364834785,False,False,False,False,False,False,False
random_ruehl_mask,mixed,168,270920428,8,WAIT,WAIT,0.055958982557058334,False,False,False,False,False,False,False
random_ruehl_mask,mixed,168,270920428,9,RIGHT,RIGHT,0.03695790655910969,False,False,False,False,False,False,False
random_ruehl_mask,mixed,168,270920428,10,DOWN,DOWN,0.08829100988805294,False,False,False,False,False,False,False
random_ruehl_mask,mixed,168,270920428,11,WAIT,WAIT,0.05066697485744953,False,True,False,False,False,False,False
random_ruehl_mask,mixed,168,270920428,12,UP,UP,0.06387499161064625,False,False,False,False,False,False,False
random_ruehl_mask,mixed,168,270920428,13,LEFT,LEFT,0.09141594637185335,False,False,False,False,False,False,False
random_ruehl_mask,mixed,168,270920428,14,BOMB,BOMB,0.07429090328514576,False,False,False,True,False,False,False
random_ruehl_mask,mixed,168,270920428,15,RIGHT,RIGHT,0.03495893906801939,False,False,False,False,False,False,False
random_ruehl_mask,mixed,168,270920428,16,DOWN,DOWN,0.03483297768980265,False,False,False,False,False,False,False
random_ruehl_mask,mixed,168,270920428,17,DOWN,DOWN,0.043958076275885105,False,False,False,False,False,False,False
random_ruehl_mask,mixed,168,270920428,18,WAIT,WAIT,0.04249997437000275,False,False,False,False,False,False,False
random_ruehl_mask,mixed,168,270920428,19,DOWN,DOWN,0.039624981582164764,False,False,False,False,False,False,False
random_ruehl_mask,mixed,168,270920428,20,WAIT,WAIT,0.03358290996402502,False,False,False,False,False,False,False
random_ruehl_mask,mixed,168,270920428,21,UP,UP,0.12075004633516073,False,True,False,False,False,False,False
random_ruehl_mask,mixed,168,270920428,22,BOMB,BOMB,0.10125001426786184,False,False,False,True,False,False,False
random_ruehl_mask,mixed,168,270920428,23,UP,UP,0.058458070270717144,False,False,False,False,False,False,False
random_ruehl_mask,mixed,168,270920428,24,UP,UP,0.0576250022277236,False,False,False,False,False,False,False
random_ruehl_mask,mixed,168,270920428,25,LEFT,LEFT,0.0754999928176403,False,False,False,False,False,False,False
random_ruehl_mask,mixed,168,270920428,26,LEFT,LEFT,0.0516669824719429,False,False,False,False,False,False,False
random_ruehl_mask,mixed,168,270920428,27,WAIT,WAIT,0.04945893306285143,False,False,False,False,False,False,False
random_ruehl_mask,mixed,168,270920428,28,WAIT,WAIT,0.03583298530429602,False,False,False,False,False,False,False
random_ruehl_mask,mixed,168,270920428,29,WAIT,WAIT,0.11979206465184689,False,False,False,False,False,False,False
random_ruehl_mask,mixed,168,270920428,30,WAIT,WAIT,0.0895840348675847,False,False,False,False,False,False,False
random_ruehl_mask,mixed,168,270920428,31,WAIT,WAIT,0.08616689592599869,False,True,False,False,False,False,False
random_ruehl_mask,mixed,168,270920428,32,BOMB,BOMB,0.08762499783188105,False,False,False,True,False,False,False
random_ruehl_mask,mixed,168,270920428,33,RIGHT,RIGHT,0.03595906309783459,False,False,False,False,False,False,False
random_ruehl_mask,mixed,168,270920428,34,WAIT,WAIT,0.052332994528114796,False,False,False,False,False,False,False
random_ruehl_mask,mixed,168,270920428,35,RIGHT,RIGHT,0.06454193498939276,False,False,False,False,False,False,False
random_ruehl_mask,mixed,168,270920428,36,DOWN,DOWN,0.05937495734542608,False,False,False,False,False,False,False
random_ruehl_mask,mixed,168,270920428,37,WAIT,WAIT,0.053999945521354675,False,False,False,False,False,False,False
random_ruehl_mask,mixed,168,270920428,38,DOWN,DOWN,0.06816699169576168,False,False,False,False,False,False,False
random_ruehl_mask,mixed,168,270920428,39,WAIT,WAIT,0.06945792119950056,False,False,False,False,False,False,False
random_ruehl_mask,mixed,168,270920428,40,WAIT,WAIT,0.061542028561234474,False,False,False,False,False,False,False
random_ruehl_mask,mixed,168,270920428,41,DOWN,DOWN,0.05237502045929432,False,True,False,False,False,False,False
random_ruehl_mask,mixed,168,270920428,42,UP,UP,0.050875009037554264,False,False,False,False,False,False,False
random_ruehl_mask,mixed,168,270920428,43,WAIT,WAIT,0.04924996756017208,False,False,False,False,False,False,False
random_ruehl_mask,mixed,168,270920428,44,WAIT,WAIT,0.05829101428389549,False,False,False,False,False,False,False
random_ruehl_mask,mixed,168,270920428,45,DOWN,DOWN,0.08087500464171171,False,False,False,False,False,False,False
random_ruehl_mask,mixed,168,270920428,46,UP,UP,0.06079103332012892,False,False,False,False,False,False,False
random_ruehl_mask,mixed,168,270920428,47,DOWN,DOWN,0.06104202475398779,False,False,False,False,False,False,False
random_ruehl_mask,mixed,168,270920428,48,UP,UP,0.0723750563338399,False,False,False,False,False,False,False
random_ruehl_mask,mixed,168,270920428,49,DOWN,DOWN,0.06729108281433582,False,False,False,False,False,False,False
random_ruehl_mask,mixed,168,270920428,50,WAIT,WAIT,0.05629099905490875,False,False,False,False,False,False,False
random_ruehl_mask,mixed,168,270920428,51,UP,UP,0.0504170311614871,False,True,False,False,False,False,False
random_ruehl_mask,mixed,168,270920428,52,DOWN,DOWN,0.05195802077651024,False,False,False,False,False,False,False
random_ruehl_mask,mixed,168,270920428,53,WAIT,WAIT,0.058125006034970284,False,False,False,False,False,False,False
random_ruehl_mask,mixed,168,270920428,54,UP,UP,0.049875001423060894,False,False,False,False,False,False,False
random_ruehl_mask,mixed,168,270920428,55,WAIT,WAIT,0.05904096178710461,False,False,False,False,False,False,False
random_ruehl_mask,mixed,168,270920428,56,DOWN,DOWN,0.055750017054378986,False,False,False,False,False,False,False
random_ruehl_mask,mixed,168,270920428,57,WAIT,WAIT,0.062125036492943764,False,False,False,False,False,False,False
random_ruehl_mask,mixed,168,270920428,58,UP,UP,0.05650008097290993,False,False,False,False,False,False,False
random_ruehl_mask,mixed,168,270920428,59,DOWN,DOWN,0.05766702815890312,False,False,False,False,False,False,False
random_ruehl_mask,mixed,168,270920428,60,UP,UP,0.07187505252659321,False,False,False,False,False,False,False
random_ruehl_mask,mixed,168,270920428,61,WAIT,WAIT,0.060709076933562756,False,True,False,False,False,False,False
random_ruehl_mask,mixed,168,270920428,62,UP,UP,0.0536659499630332,False,False,False,False,False,False,False
random_ruehl_mask,mixed,168,270920428,63,UP,UP,0.04779198206961155,False,False,False,False,False,False,False
random_ruehl_mask,mixed,168,270920428,64,WAIT,WAIT,0.06449990905821323,False,False,False,False,False,False,False
random_ruehl_mask,mixed,168,270920428,65,LEFT,LEFT,0.05079200491309166,False,False,False,False,False,False,False
random_ruehl_mask,mixed,168,270920428,66,LEFT,LEFT,0.06437499541789293,False,False,False,False,False,False,False
random_ruehl_mask,mixed,168,270920428,67,RIGHT,RIGHT,0.05450006574392319,False,False,False,False,False,False,False
random_ruehl_mask,mixed,168,270920428,68,RIGHT,RIGHT,0.05891697946935892,False,False,False,False,False,False,False
random_ruehl_mask,mixed,168,270920428,69,DOWN,DOWN,0.07616693619638681,False,False,False,False,False,False,False
random_ruehl_mask,mixed,168,270920428,70,WAIT,WAIT,0.0813330989331007,False,False,False,False,False,False,False
random_ruehl_mask,mixed,168,270920428,71,WAIT,WAIT,0.050332979299128056,False,True,False,False,False,False,False
random_ruehl_mask,mixed,168,270920428,72,DOWN,DOWN,0.046792090870440006,False,False,False,False,False,False,False
random_ruehl_mask,mixed,168,270920428,73,DOWN,DOWN,0.05937507376074791,False,False,False,False,False,False,False
random_ruehl_mask,mixed,168,270920428,74,DOWN,DOWN,0.05916703958064318,False,False,False,False,False,False,False
random_ruehl_mask,mixed,168,270920428,75,UP,UP,0.08891697507351637,False,False,False,False,False,False,False
random_ruehl_mask,mixed,168,270920428,76,DOWN,DOWN,0.05154102109372616,False,False,False,False,False,False,False
random_ruehl_mask,mixed,168,270920428,77,UP,UP,0.09975000284612179,False,False,False,False,False,False,False
random_ruehl_mask,mixed,168,270920428,78,UP,UP,0.057582976296544075,False,False,False,False,False,False,False
random_ruehl_mask,mixed,168,270920428,79,DOWN,DOWN,0.06758293602615595,False,False,False,False,False,False,False
random_ruehl_mask,mixed,168,270920428,80,DOWN,DOWN,0.052292016334831715,False,False,False,False,False,False,False
random_ruehl_mask,mixed,168,270920428,81,WAIT,WAIT,0.09062502067536116,False,True,False,False,False,False,False
random_ruehl_mask,mixed,168,270920428,82,BOMB,BOMB,0.11529203038662672,False,False,False,True,False,False,False
random_ruehl_mask,mixed,168,270920428,83,UP,UP,0.04241603892296553,False,False,False,False,False,False,False
random_ruehl_mask,mixed,168,270920428,84,UP,UP,0.09495893027633429,False,False,False,False,False,False,False
random_ruehl_mask,mixed,168,270920428,85,LEFT,LEFT,0.06462505552917719,False,False,False,False,False,False,False
random_ruehl_mask,mixed,168,270920428,86,WAIT,WAIT,0.07483293302357197,False,False,False,False,False,False,False
random_ruehl_mask,mixed,168,270920428,87,LEFT,LEFT,0.048083020374178886,False,False,False,False,False,False,False
random_ruehl_mask,mixed,168,270920428,88,UP,UP,0.04245794843882322,False,False,False,False,False,False,False
random_ruehl_mask,mixed,168,270920428,89,WAIT,WAIT,0.05141703877598047,False,False,False,False,False,False,False
random_ruehl_mask,mixed,168,270920428,90,WAIT,WAIT,0.04966696724295616,False,False,False,False,False,False,False
random_ruehl_mask,mixed,168,270920428,91,WAIT,WAIT,0.047332956455647945,False,True,False,False,False,False,False
random_ruehl_mask,mixed,168,270920428,92,DOWN,DOWN,0.05933293141424656,False,False,False,False,False,False,True
random_ruehl_mask,mixed,168,270920428,93,BOMB,BOMB,0.12029195204377174,False,False,False,True,False,False,True
random_ruehl_mask,mixed,168,270920428,94,LEFT,LEFT,0.06975000724196434,False,False,False,False,False,False,True
random_ruehl_mask,mixed,168,270920428,95,WAIT,WAIT,0.05570799112319946,False,False,False,False,False,False,True
random_ruehl_mask,mixed,168,270920428,96,WAIT,WAIT,0.08183310274034739,False,False,False,False,False,False,True
random_ruehl_mask,mixed,168,270920428,97,WAIT,WAIT,0.06279104854911566,False,False,False,False,False,False,True
random_ruehl_mask,mixed,169,270920429,1,LEFT,LEFT,0.12099999003112316,False,True,False,False,False,False,False
random_ruehl_mask,mixed,169,270920429,2,BOMB,BOMB,0.09191595017910004,False,False,False,True,False,False,False
random_ruehl_mask,mixed,169,270920429,3,RIGHT,RIGHT,0.052042072638869286,False,False,False,False,False,False,False
random_ruehl_mask,mixed,169,270920429,4,WAIT,WAIT,0.03833300434052944,False,False,False,False,False,False,False
random_ruehl_mask,mixed,169,270920429,5,DOWN,DOWN,0.06000010762363672,False,False,False,False,False,False,False
random_ruehl_mask,mixed,169,270920429,6,WAIT,WAIT,0.054750009439885616,False,False,False,False,False,False,False
random_ruehl_mask,mixed,169,270920429,7,WAIT,WAIT,0.06633298471570015,False,False,False,False,False,False,False
random_ruehl_mask,mixed,169,270920429,8,WAIT,WAIT,0.03979192115366459,False,False,False,False,False,False,False
random_ruehl_mask,mixed,169,270920429,9,UP,UP,0.0730419997125864,False,False,False,False,False,False,False
random_ruehl_mask,mixed,169,270920429,10,LEFT,LEFT,0.08008396252989769,False,False,False,False,False,False,False
random_ruehl_mask,mixed,169,270920429,11,RIGHT,RIGHT,0.11137500405311584,False,True,False,False,False,False,False
random_ruehl_mask,mixed,169,270920429,12,DOWN,DOWN,0.10262499563395977,False,False,False,False,False,False,False
random_ruehl_mask,mixed,169,270920429,13,WAIT,WAIT,0.08699996396899223,False,False,False,False,False,False,False
random_ruehl_mask,mixed,169,270920429,14,UP,UP,0.07962493691593409,False,False,False,False,False,False,False
random_ruehl_mask,mixed,169,270920429,15,DOWN,DOWN,0.09045901242643595,False,False,False,False,False,False,False
random_ruehl_mask,mixed,169,270920429,16,BOMB,BOMB,0.08450006134808064,False,False,False,True,False,False,False
random_ruehl_mask,mixed,169,270920429,17,UP,UP,0.03750005271285772,False,False,False,False,False,False,False
random_ruehl_mask,mixed,169,270920429,18,LEFT,LEFT,0.03445800393819809,False,False,False,False,False,False,False
random_ruehl_mask,mixed,169,270920429,19,LEFT,LEFT,0.043749925680458546,False,False,False,False,False,False,False
random_ruehl_mask,mixed,169,270920429,20,RIGHT,RIGHT,0.05495804361999035,False,False,False,False,False,False,False
random_ruehl_mask,mixed,169,270920429,21,LEFT,LEFT,0.06575009319931269,False,True,False,False,False,False,False
random_ruehl_mask,mixed,169,270920429,22,RIGHT,RIGHT,0.05987496115267277,False,False,False,False,False,False,False
random_ruehl_mask,mixed,169,270920429,23,RIGHT,RIGHT,0.06925000343471766,False,False,False,False,False,False,False
random_ruehl_mask,mixed,169,270920429,24,LEFT,LEFT,0.06341701373457909,False,False,False,False,False,False,False
random_ruehl_mask,mixed,169,270920429,25,RIGHT,RIGHT,0.04791701212525368,False,False,False,False,False,False,False
random_ruehl_mask,mixed,169,270920429,26,WAIT,WAIT,0.047291978262364864,False,False,False,False,False,False,False
random_ruehl_mask,mixed,169,270920429,27,WAIT,WAIT,0.047915964387357235,False,False,False,False,False,False,False
random_ruehl_mask,mixed,169,270920429,28,WAIT,WAIT,0.06191700231283903,False,False,False,False,False,False,False
random_ruehl_mask,mixed,169,270920429,29,WAIT,WAIT,0.053208088502287865,False,False,False,False,False,False,False
random_ruehl_mask,mixed,169,270920429,30,DOWN,DOWN,0.08404196705669165,False,False,False,False,False,False,False
random_ruehl_mask,mixed,169,270920429,31,DOWN,DOWN,0.07258402183651924,False,True,False,False,False,False,False
random_ruehl_mask,mixed,169,270920429,32,WAIT,WAIT,0.10025000665336847,False,False,False,False,False,False,False
random_ruehl_mask,mixed,169,270920429,33,WAIT,WAIT,0.07816706784069538,False,False,False,False,False,False,False
random_ruehl_mask,mixed,169,270920429,34,DOWN,DOWN,0.10008295066654682,False,False,False,False,False,False,False
random_ruehl_mask,mixed,169,270920429,35,UP,UP,0.11366710532456636,False,False,False,False,False,False,False
random_ruehl_mask,mixed,169,270920429,36,WAIT,WAIT,0.08324999362230301,False,False,False,False,False,False,False
random_ruehl_mask,mixed,169,270920429,37,DOWN,DOWN,0.07924996316432953,False,False,False,False,False,False,False
random_ruehl_mask,mixed,169,270920429,38,UP,UP,0.07304095197468996,False,False,False,False,False,False,False
random_ruehl_mask,mixed,169,270920429,39,DOWN,DOWN,0.1087080454453826,False,False,False,False,False,False,False
random_ruehl_mask,mixed,169,270920429,40,WAIT,WAIT,0.08695793803781271,False,False,False,False,False,False,True
random_ruehl_mask,mixed,169,270920429,41,BOMB,BOMB,0.081458012573421,False,True,False,True,False,False,True
random_ruehl_mask,mixed,169,270920429,42,UP,UP,0.05579099524766207,False,False,False,False,False,False,True
random_ruehl_mask,mixed,169,270920429,43,UP,UP,0.06991706322878599,False,False,False,False,False,False,True
random_ruehl_mask,mixed,169,270920429,44,WAIT,WAIT,0.0678329961374402,False,False,False,False,False,False,True
random_ruehl_mask,mixed,169,270920429,45,DOWN,DOWN,0.04837499000132084,False,False,False,False,False,False,True
random_ruehl_mask,mixed,170,270920430,1,DOWN,DOWN,0.10754202958196402,False,True,False,False,False,False,False
random_ruehl_mask,mixed,170,270920430,2,WAIT,WAIT,0.07675006054341793,False,False,False,False,False,False,False
random_ruehl_mask,mixed,170,270920430,3,UP,UP,0.0701249809935689,False,False,False,False,False,False,False
random_ruehl_mask,mixed,170,270920430,4,RIGHT,RIGHT,0.07708300836384296,False,False,False,False,False,False,False
random_ruehl_mask,mixed,170,270920430,5,RIGHT,RIGHT,0.11804199311882257,False,False,False,False,False,False,False
random_ruehl_mask,mixed,170,270920430,6,WAIT,WAIT,0.08904095739126205,False,False,False,False,False,False,False
random_ruehl_mask,mixed,170,270920430,7,BOMB,BOMB,0.08358398918062449,False,False,False,True,False,False,False
random_ruehl_mask,mixed,170,270920430,8,LEFT,LEFT,0.03450002986937761,False,False,False,False,False,False,False
random_ruehl_mask,mixed,170,270920430,9,LEFT,LEFT,0.03800005652010441,False,False,False,False,False,False,False
random_ruehl_mask,mixed,170,270920430,10,DOWN,DOWN,0.05504104774445295,False,False,False,False,False,False,False
random_ruehl_mask,mixed,170,270920430,11,WAIT,WAIT,0.04904193338006735,False,True,False,False,False,False,False
random_ruehl_mask,mixed,170,270920430,12,WAIT,WAIT,0.054750009439885616,False,False,False,False,False,False,False
random_ruehl_mask,mixed,170,270920430,13,UP,UP,0.050083035603165627,False,False,False,False,False,False,False
random_ruehl_mask,mixed,170,270920430,14,DOWN,DOWN,0.0892080133780837,False,False,False,False,False,False,False
random_ruehl_mask,mixed,170,270920430,15,BOMB,BOMB,0.08254195563495159,False,False,False,True,False,False,False
random_ruehl_mask,mixed,170,270920430,16,UP,UP,0.05345896352082491,False,False,False,False,False,False,False
random_ruehl_mask,mixed,170,270920430,17,WAIT,WAIT,0.04412501584738493,False,False,False,False,False,False,False
random_ruehl_mask,mixed,170,270920430,18,RIGHT,RIGHT,0.047874986194074154,False,False,False,False,False,False,False
random_ruehl_mask,mixed,170,270920430,19,WAIT,WAIT,0.05050003528594971,False,False,False,False,False,False,False
random_ruehl_mask,mixed,170,270920430,20,RIGHT,RIGHT,0.06025005131959915,False,False,False,False,False,False,False
random_ruehl_mask,mixed,170,270920430,21,LEFT,LEFT,0.05725002847611904,False,True,False,False,False,False,False
random_ruehl_mask,mixed,170,270920430,22,WAIT,WAIT,0.0642499653622508,False,False,False,False,False,False,False
random_ruehl_mask,mixed,170,270920430,23,WAIT,WAIT,0.04720909055322409,False,False,False,False,False,False,False
random_ruehl_mask,mixed,170,270920430,24,LEFT,LEFT,0.047166948206722736,False,False,False,False,False,False,False
random_ruehl_mask,mixed,170,270920430,25,WAIT,WAIT,0.07062498480081558,False,False,False,False,False,False,False
random_ruehl_mask,mixed,170,270920430,26,RIGHT,RIGHT,0.05054101347923279,False,False,False,False,False,False,False
random_ruehl_mask,mixed,170,270920430,27,WAIT,WAIT,0.04624994471669197,False,False,False,False,False,False,False
random_ruehl_mask,mixed,170,270920430,28,RIGHT,RIGHT,0.05437503568828106,False,False,False,False,False,False,False
random_ruehl_mask,mixed,170,270920430,29,DOWN,DOWN,0.06862496957182884,False,False,False,False,False,False,False
random_ruehl_mask,mixed,170,270920430,30,DOWN,DOWN,0.08599995635449886,False,False,False,False,False,False,False
random_ruehl_mask,mixed,170,270920430,31,LEFT,LEFT,0.10425003711134195,False,True,False,False,False,False,False
random_ruehl_mask,mixed,170,270920430,32,RIGHT,RIGHT,0.09499990846961737,False,False,False,False,False,False,False
random_ruehl_mask,mixed,170,270920430,33,UP,UP,0.10362500324845314,False,False,False,False,False,False,False
random_ruehl_mask,mixed,170,270920430,34,UP,UP,0.05208293441683054,False,False,False,False,False,False,False
random_ruehl_mask,mixed,170,270920430,35,LEFT,LEFT,0.061959028244018555,False,False,False,False,False,False,False
random_ruehl_mask,mixed,170,270920430,36,WAIT,WAIT,0.059416983276605606,False,False,False,False,False,False,False
random_ruehl_mask,mixed,170,270920430,37,WAIT,WAIT,0.05849997978657484,False,False,False,False,False,False,False
random_ruehl_mask,mixed,170,270920430,38,LEFT,LEFT,0.045208027586340904,False,False,False,False,False,False,False
random_ruehl_mask,mixed,170,270920430,39,WAIT,WAIT,0.04566693678498268,False,False,False,False,False,False,False
random_ruehl_mask,mixed,170,270920430,40,RIGHT,RIGHT,0.052582938224077225,False,False,False,False,False,False,False
random_ruehl_mask,mixed,170,270920430,41,LEFT,LEFT,0.04541699308902025,False,True,False,False,False,False,False
random_ruehl_mask,mixed,170,270920430,42,WAIT,WAIT,0.04779093433171511,False,False,False,False,False,False,False
random_ruehl_mask,mixed,170,270920430,43,DOWN,DOWN,0.046291970647871494,False,False,False,False,False,False,False
random_ruehl_mask,mixed,170,270920430,44,UP,UP,0.06441702134907246,False,False,False,False,False,False,False
random_ruehl_mask,mixed,170,270920430,45,DOWN,DOWN,0.08570798672735691,False,False,False,False,False,False,False
random_ruehl_mask,mixed,170,270920430,46,UP,UP,0.05712499842047691,False,False,False,False,False,False,False
random_ruehl_mask,mixed,170,270920430,47,RIGHT,RIGHT,0.0878750579431653,False,False,False,False,False,False,False
random_ruehl_mask,mixed,170,270920430,48,WAIT,WAIT,0.06374996155500412,False,False,False,False,False,False,False
random_ruehl_mask,mixed,170,270920430,49,WAIT,WAIT,0.057833967730402946,False,False,False,False,False,False,False
random_ruehl_mask,mixed,170,270920430,50,WAIT,WAIT,0.08812500163912773,False,False,False,False,False,False,False
random_ruehl_mask,mixed,170,270920430,51,WAIT,WAIT,0.07479102350771427,False,True,False,False,False,False,False
random_ruehl_mask,mixed,170,270920430,52,RIGHT,RIGHT,0.06083399057388306,False,False,False,False,False,False,False
random_ruehl_mask,mixed,170,270920430,53,LEFT,LEFT,0.059292069636285305,False,False,False,False,False,False,False
random_ruehl_mask,mixed,170,270920430,54,RIGHT,RIGHT,0.04658300895243883,False,False,False,False,False,False,False
random_ruehl_mask,mixed,170,270920430,55,LEFT,LEFT,0.07083406671881676,False,False,False,False,False,False,False
random_ruehl_mask,mixed,170,270920430,56,LEFT,LEFT,0.05641602911055088,False,False,False,False,False,False,False
random_ruehl_mask,mixed,170,270920430,57,WAIT,WAIT,0.07599999662488699,False,False,False,False,False,False,False
random_ruehl_mask,mixed,170,270920430,58,DOWN,DOWN,0.049165915697813034,False,False,False,False,False,False,False
random_ruehl_mask,mixed,170,270920430,59,WAIT,WAIT,0.0765420263633132,False,False,False,False,False,False,False
random_ruehl_mask,mixed,170,270920430,60,WAIT,WAIT,0.06633403245359659,False,False,False,False,False,False,False
random_ruehl_mask,mixed,170,270920430,61,UP,UP,0.06154098082333803,False,True,False,False,False,False,False
random_ruehl_mask,mixed,170,270920430,62,RIGHT,RIGHT,0.05408399738371372,False,False,False,False,False,False,False
random_ruehl_mask,mixed,170,270920430,63,LEFT,LEFT,0.05749997217208147,False,False,False,False,False,False,False
random_ruehl_mask,mixed,170,270920430,64,RIGHT,RIGHT,0.056833960115909576,False,False,False,False,False,False,False
random_ruehl_mask,mixed,170,270920430,65,RIGHT,RIGHT,0.05833292379975319,False,False,False,False,False,False,False
random_ruehl_mask,mixed,170,270920430,66,DOWN,DOWN,0.06983301136642694,False,False,False,False,False,False,False
random_ruehl_mask,mixed,170,270920430,67,DOWN,DOWN,0.06479199510067701,False,False,False,False,False,False,False
random_ruehl_mask,mixed,170,270920430,68,LEFT,LEFT,0.12995896395295858,False,False,False,False,False,False,False
random_ruehl_mask,mixed,170,270920430,69,BOMB,BOMB,0.08112494833767414,False,False,False,True,False,False,False
random_ruehl_mask,mixed,170,270920430,70,LEFT,LEFT,0.04570907913148403,False,False,False,False,False,False,False
random_ruehl_mask,mixed,170,270920430,71,WAIT,WAIT,0.07616693619638681,False,True,False,False,False,False,False
random_ruehl_mask,mixed,170,270920430,72,UP,UP,0.06045796908438206,False,False,False,False,False,False,False
random_ruehl_mask,mixed,170,270920430,73,UP,UP,0.05162495654076338,False,False,False,False,False,False,False
random_ruehl_mask,mixed,170,270920430,74,RIGHT,RIGHT,0.03962509799748659,False,False,False,False,False,False,False
random_ruehl_mask,mixed,170,270920430,75,LEFT,LEFT,0.03925000783056021,False,False,False,False,False,False,False
random_ruehl_mask,mixed,170,270920430,76,RIGHT,RIGHT,0.05183299072086811,False,False,False,False,False,False,False
random_ruehl_mask,mixed,170,270920430,77,LEFT,LEFT,0.04950002767145634,False,False,False,False,False,False,False
random_ruehl_mask,mixed,170,270920430,78,RIGHT,RIGHT,0.06883393507450819,False,False,False,False,False,False,False
random_ruehl_mask,mixed,170,270920430,79,LEFT,LEFT,0.05037500523030758,False,False,False,False,False,False,False
random_ruehl_mask,mixed,170,270920430,80,DOWN,DOWN,0.048291985876858234,False,False,False,False,False,False,False
random_ruehl_mask,mixed,170,270920430,81,UP,UP,0.057707889936864376,False,True,False,False,False,False,False
random_ruehl_mask,mixed,170,270920430,82,DOWN,DOWN,0.06629200652241707,False,False,False,False,False,False,False
random_ruehl_mask,mixed,170,270920430,83,DOWN,DOWN,0.07287506014108658,False,False,False,False,False,False,False
random_ruehl_mask,mixed,170,270920430,84,UP,UP,0.12662506196647882,False,False,False,False,False,False,False
random_ruehl_mask,mixed,170,270920430,85,WAIT,WAIT,0.05112506914883852,False,False,False,False,False,False,False
random_ruehl_mask,mixed,170,270920430,86,DOWN,DOWN,0.057833967730402946,False,False,False,False,False,False,False
random_ruehl_mask,mixed,170,270920430,87,BOMB,BOMB,0.09758304804563522,False,False,False,True,False,False,False
random_ruehl_mask,mixed,170,270920430,88,UP,UP,0.036334036849439144,False,False,False,False,False,False,False
random_ruehl_mask,mixed,170,270920430,89,WAIT,WAIT,0.03450002986937761,False,False,False,False,False,False,False
random_ruehl_mask,mixed,170,270920430,90,UP,UP,0.06066600326448679,False,False,False,False,False,False,False
random_ruehl_mask,mixed,170,270920430,91,RIGHT,RIGHT,0.04979199729859829,False,True,False,False,False,False,False
random_ruehl_mask,mixed,170,270920430,92,RIGHT,RIGHT,0.04641700070351362,False,False,False,False,False,False,False
random_ruehl_mask,mixed,170,270920430,93,RIGHT,RIGHT,0.060999998822808266,False,False,False,False,False,False,False
random_ruehl_mask,mixed,170,270920430,94,WAIT,WAIT,0.0688750296831131,False,False,False,False,False,False,False
random_ruehl_mask,mixed,170,270920430,95,RIGHT,RIGHT,0.060666934587061405,False,False,False,False,False,False,True
random_ruehl_mask,mixed,170,270920430,96,BOMB,BOMB,0.07950002327561378,False,False,False,True,False,False,True
random_ruehl_mask,mixed,170,270920430,97,RIGHT,RIGHT,0.03483297768980265,False,False,False,False,False,False,True
random_ruehl_mask,mixed,170,270920430,98,RIGHT,RIGHT,0.032708048820495605,False,False,False,False,False,False,True
random_ruehl_mask,mixed,170,270920430,99,LEFT,LEFT,0.04595797508955002,False,False,False,False,False,False,True
random_ruehl_mask,mixed,170,270920430,100,WAIT,WAIT,0.057750032283365726,False,False,False,False,False,False,True
random_ruehl_mask,mixed,171,270920431,1,WAIT,WAIT,0.09624997619539499,False,True,False,False,False,False,False
random_ruehl_mask,mixed,171,270920431,2,DOWN,DOWN,0.08079200051724911,False,False,False,False,False,False,False
random_ruehl_mask,mixed,171,270920431,3,WAIT,WAIT,0.06508396472781897,False,False,False,False,False,False,False
random_ruehl_mask,mixed,171,270920431,4,WAIT,WAIT,0.06729201413691044,False,False,False,False,False,False,False
random_ruehl_mask,mixed,171,270920431,5,BOMB,BOMB,0.09370793122798204,False,False,False,True,False,False,False
random_ruehl_mask,mixed,171,270920431,6,UP,UP,0.06150000263005495,False,False,False,False,False,False,False
random_ruehl_mask,mixed,171,270920431,7,WAIT,WAIT,0.06070896051824093,False,False,False,False,False,False,False
random_ruehl_mask,mixed,171,270920431,8,LEFT,LEFT,0.09833299554884434,False,False,False,False,False,False,False
random_ruehl_mask,mixed,171,270920431,9,WAIT,WAIT,0.05216698627918959,False,False,False,False,False,False,False
random_ruehl_mask,mixed,171,270920431,10,WAIT,WAIT,0.05083403084427118,False,False,False,False,False,False,False
random_ruehl_mask,mixed,171,270920431,11,RIGHT,RIGHT,0.041209044866263866,False,True,False,False,False,False,False
random_ruehl_mask,mixed,171,270920431,12,DOWN,DOWN,0.10549998842179775,False,False,False,False,False,False,False
random_ruehl_mask,mixed,171,270920431,13,UP,UP,0.09954103734344244,False,False,False,False,False,False,False
random_ruehl_mask,mixed,171,270920431,14,WAIT,WAIT,0.2276250161230564,False,False,False,False,False,False,False
random_ruehl_mask,mixed,171,270920431,15,WAIT,WAIT,0.1579170348122716,False,False,False,False,False,False,True
random_ruehl_mask,mixed,171,270920431,16,BOMB,BOMB,0.11387502308934927,False,False,False,True,False,False,True
random_ruehl_mask,mixed,171,270920431,17,DOWN,DOWN,0.05991698708385229,False,False,False,False,False,False,True
random_ruehl_mask,mixed,171,270920431,18,WAIT,WAIT,0.07358391303569078,False,False,False,False,False,False,True
random_ruehl_mask,mixed,171,270920431,19,DOWN,DOWN,0.07975008338689804,False,False,False,False,False,False,True
random_ruehl_mask,mixed,171,270920431,20,UP,UP,0.07216702215373516,False,False,False,False,False,False,True
random_ruehl_mask,mixed,172,270920432,1,UP,UP,0.10249996557831764,False,True,False,False,False,False,False
random_ruehl_mask,mixed,172,270920432,2,WAIT,WAIT,0.07495807949453592,False,False,False,False,False,False,False
random_ruehl_mask,mixed,172,270920432,3,WAIT,WAIT,0.06574997678399086,False,False,False,False,False,False,False
random_ruehl_mask,mixed,172,270920432,4,WAIT,WAIT,0.06333400961011648,False,False,False,False,False,False,False
random_ruehl_mask,mixed,172,270920432,5,WAIT,WAIT,0.0874579418450594,False,False,False,False,False,False,False
random_ruehl_mask,mixed,172,270920432,6,BOMB,BOMB,0.07679197005927563,False,False,False,True,False,False,False
random_ruehl_mask,mixed,172,270920432,7,DOWN,DOWN,0.04641606938093901,False,False,False,False,False,False,False
random_ruehl_mask,mixed,172,270920432,8,RIGHT,RIGHT,0.0338749960064888,False,False,False,False,False,False,False
random_ruehl_mask,mixed,172,270920432,9,WAIT,WAIT,0.04025001544505358,False,False,False,False,False,False,False
random_ruehl_mask,mixed,172,270920432,10,WAIT,WAIT,0.0641250517219305,False,False,False,False,False,False,False
random_ruehl_mask,mixed,172,270920432,11,WAIT,WAIT,0.04800001624971628,False,True,False,False,False,False,False
random_ruehl_mask,mixed,172,270920432,12,WAIT,WAIT,0.040041981264948845,False,False,False,False,False,False,False
random_ruehl_mask,mixed,172,270920432,13,WAIT,WAIT,0.08495897054672241,False,False,False,False,False,False,False
random_ruehl_mask,mixed,172,270920432,14,BOMB,BOMB,0.09862508159130812,False,False,False,True,False,False,False
random_ruehl_mask,mixed,172,270920432,15,LEFT,LEFT,0.05079200491309166,False,False,False,False,False,False,False
random_ruehl_mask,mixed,172,270920432,16,WAIT,WAIT,0.037458958104252815,False,False,False,False,False,False,False
random_ruehl_mask,mixed,172,270920432,17,UP,UP,0.042332918383181095,False,False,False,False,False,False,False
random_ruehl_mask,mixed,172,270920432,18,WAIT,WAIT,0.07145805284380913,False,False,False,False,False,False,False
random_ruehl_mask,mixed,172,270920432,19,UP,UP,0.06637501064687967,False,False,False,False,False,False,False
random_ruehl_mask,mixed,172,270920432,20,DOWN,DOWN,0.06187497638165951,False,False,False,False,False,False,False
random_ruehl_mask,mixed,172,270920432,21,DOWN,DOWN,0.06762496195733547,False,True,False,False,False,False,False
random_ruehl_mask,mixed,172,270920432,22,WAIT,WAIT,0.08220900781452656,False,False,False,False,False,False,False
random_ruehl_mask,mixed,172,270920432,23,RIGHT,RIGHT,0.059458077885210514,False,False,False,False,False,False,False
random_ruehl_mask,mixed,172,270920432,24,LEFT,LEFT,0.05137501284480095,False,False,False,False,False,False,False
random_ruehl_mask,mixed,172,270920432,25,UP,UP,0.04858302418142557,False,False,False,False,False,False,False
random_ruehl_mask,mixed,172,270920432,26,DOWN,DOWN,0.048332964070141315,False,False,False,False,False,False,False
random_ruehl_mask,mixed,172,270920432,27,UP,UP,0.046874978579580784,False,False,False,False,False,False,False
random_ruehl_mask,mixed,172,270920432,28,DOWN,DOWN,0.0475830165669322,False,False,False,False,False,False,False
random_ruehl_mask,mixed,172,270920432,29,RIGHT,RIGHT,0.05966599564999342,False,False,False,False,False,False,False
random_ruehl_mask,mixed,172,270920432,30,RIGHT,RIGHT,0.06916699931025505,False,False,False,False,False,False,True
random_ruehl_mask,mixed,172,270920432,31,BOMB,BOMB,0.10054104495793581,False,True,False,True,False,False,True
random_ruehl_mask,mixed,172,270920432,32,RIGHT,RIGHT,0.10050006676465273,False,False,False,False,False,False,True
random_ruehl_mask,mixed,172,270920432,33,RIGHT,RIGHT,0.042209052480757236,False,False,False,False,False,False,True
random_ruehl_mask,mixed,172,270920432,34,WAIT,WAIT,0.04979094956070185,False,False,False,False,False,False,True
random_ruehl_mask,mixed,172,270920432,35,WAIT,WAIT,0.07208297029137611,False,False,False,False,False,False,True
random_ruehl_mask,mixed,173,270920433,1,WAIT,WAIT,0.1039580674842,False,True,False,False,False,False,False
random_ruehl_mask,mixed,173,270920433,2,WAIT,WAIT,0.08449994493275881,False,False,False,False,False,False,False
random_ruehl_mask,mixed,173,270920433,3,WAIT,WAIT,0.07241603452712297,False,False,False,False,False,False,False
random_ruehl_mask,mixed,173,270920433,4,DOWN,DOWN,0.07337494753301144,False,False,False,False,False,False,False
random_ruehl_mask,mixed,173,270920433,5,UP,UP,0.085500068962574,False,False,False,False,False,False,False
random_ruehl_mask,mixed,173,270920433,6,DOWN,DOWN,0.10012497659772635,False,False,False,False,False,False,False
random_ruehl_mask,mixed,173,270920433,7,UP,UP,0.08337502367794514,False,False,False,False,False,False,False
random_ruehl_mask,mixed,173,270920433,8,DOWN,DOWN,0.10791595559567213,False,False,False,False,False,False,False
random_ruehl_mask,mixed,173,270920433,9,UP,UP,0.08066603913903236,False,False,False,False,False,False,False
random_ruehl_mask,mixed,173,270920433,10,LEFT,LEFT,0.07433397695422173,False,False,False,False,False,False,False
random_ruehl_mask,mixed,173,270920433,11,WAIT,WAIT,0.09504193440079689,False,True,False,False,False,False,False
random_ruehl_mask,mixed,173,270920433,12,RIGHT,RIGHT,0.0760830007493496,False,False,False,False,False,False,False
random_ruehl_mask,mixed,173,270920433,13,DOWN,DOWN,0.10837509762495756,False,False,False,False,False,False,False
random_ruehl_mask,mixed,173,270920433,14,UP,UP,0.08520903065800667,False,False,False,False,False,False,False
random_ruehl_mask,mixed,173,270920433,15,WAIT,WAIT,0.11799996718764305,False,False,False,False,False,False,False
random_ruehl_mask,mixed,173,270920433,16,WAIT,WAIT,0.08416606578975916,False,False,False,False,False,False,False
random_ruehl_mask,mixed,173,270920433,17,WAIT,WAIT,0.07704191375523806,False,False,False,False,False,False,False
random_ruehl_mask,mixed,173,270920433,18,LEFT,LEFT,0.07229205220937729,False,False,False,False,False,False,False
random_ruehl_mask,mixed,173,270920433,19,BOMB,BOMB,0.08833303581923246,False,False,False,True,False,False,False
random_ruehl_mask,mixed,173,270920433,20,RIGHT,RIGHT,0.04595902282744646,False,False,False,False,False,False,False
random_ruehl_mask,mixed,173,270920433,21,DOWN,DOWN,0.06166601087898016,False,True,False,False,False,False,False
random_ruehl_mask,mixed,173,270920433,22,WAIT,WAIT,0.08737493772059679,False,False,False,False,False,False,False
random_ruehl_mask,mixed,173,270920433,23,WAIT,WAIT,0.07116596680134535,False,False,False,False,False,False,False
random_ruehl_mask,mixed,173,270920433,24,WAIT,WAIT,0.04366703797131777,False,False,False,False,False,False,False
random_ruehl_mask,mixed,173,270920433,25,UP,UP,0.036334036849439144,False,False,False,False,False,False,False
random_ruehl_mask,mixed,173,270920433,26,DOWN,DOWN,0.08058396633714437,False,False,False,False,False,False,False
random_ruehl_mask,mixed,173,270920433,27,UP,UP,0.06933300755918026,False,False,False,False,False,False,False
random_ruehl_mask,mixed,173,270920433,28,DOWN,DOWN,0.11454196646809578,False,False,False,False,False,False,False
random_ruehl_mask,mixed,173,270920433,29,DOWN,DOWN,0.08999998681247234,False,False,False,False,False,False,False
random_ruehl_mask,mixed,173,270920433,30,WAIT,WAIT,0.09845802560448647,False,False,False,False,False,False,False
random_ruehl_mask,mixed,173,270920433,31,UP,UP,0.09229197166860104,False,True,False,False,False,False,False
random_ruehl_mask,mixed,173,270920433,32,DOWN,DOWN,0.10941701475530863,False,False,False,False,False,False,True
random_ruehl_mask,mixed,173,270920433,33,BOMB,BOMB,0.08837506175041199,False,False,False,True,False,False,True
random_ruehl_mask,mixed,173,270920433,34,UP,UP,0.06837490946054459,False,False,False,False,False,False,True
random_ruehl_mask,mixed,173,270920433,35,WAIT,WAIT,0.05370797589421272,False,False,False,False,False,False,True
random_ruehl_mask,mixed,173,270920433,36,WAIT,WAIT,0.05608401261270046,False,False,False,False,False,False,True
random_ruehl_mask,mixed,173,270920433,37,WAIT,WAIT,0.05320890340954065,False,False,False,False,False,False,True
random_ruehl_mask,mixed,174,270920434,1,UP,UP,0.10491698049008846,False,True,False,False,False,False,False
random_ruehl_mask,mixed,174,270920434,2,WAIT,WAIT,0.07362500764429569,False,False,False,False,False,False,False
random_ruehl_mask,mixed,174,270920434,3,DOWN,DOWN,0.09862508159130812,False,False,False,False,False,False,False
random_ruehl_mask,mixed,174,270920434,4,WAIT,WAIT,0.0914999982342124,False,False,False,False,False,False,False
random_ruehl_mask,mixed,174,270920434,5,UP,UP,0.11691695544868708,False,False,False,False,False,False,False
random_ruehl_mask,mixed,174,270920434,6,WAIT,WAIT,0.08700008038431406,False,False,False,False,False,False,False
random_ruehl_mask,mixed,174,270920434,7,WAIT,WAIT,0.07783295586705208,False,False,False,False,False,False,False
random_ruehl_mask,mixed,174,270920434,8,WAIT,WAIT,0.06504100747406483,False,False,False,False,False,False,False
random_ruehl_mask,mixed,174,270920434,9,DOWN,DOWN,0.06412493530660868,False,False,False,False,False,False,False
random_ruehl_mask,mixed,174,270920434,10,RIGHT,RIGHT,0.06999995093792677,False,False,False,False,False,False,False
random_ruehl_mask,mixed,174,270920434,11,RIGHT,RIGHT,0.06649992428719997,False,True,False,False,False,False,False
random_ruehl_mask,mixed,174,270920434,12,WAIT,WAIT,0.09391689673066139,False,False,False,False,False,False,False
random_ruehl_mask,mixed,174,270920434,13,BOMB,BOMB,0.12566708028316498,False,False,False,True,False,False,False
random_ruehl_mask,mixed,174,270920434,14,LEFT,LEFT,0.06441702134907246,False,False,False,False,False,False,False
random_ruehl_mask,mixed,174,270920434,15,WAIT,WAIT,0.06791704799979925,False,False,False,False,False,False,False
random_ruehl_mask,mixed,174,270920434,16,LEFT,LEFT,0.05383300594985485,False,False,False,False,False,False,False
random_ruehl_mask,mixed,174,270920434,17,UP,UP,0.058582983911037445,False,False,False,False,False,False,False
random_ruehl_mask,mixed,174,270920434,18,WAIT,WAIT,0.059249927289783955,False,False,False,False,False,False,False
random_ruehl_mask,mixed,174,270920434,19,WAIT,WAIT,0.040082959458231926,False,False,False,False,False,False,False
random_ruehl_mask,mixed,174,270920434,20,BOMB,BOMB,0.08000002708286047,False,False,False,True,False,False,False
random_ruehl_mask,mixed,174,270920434,21,DOWN,DOWN,0.047749956138432026,False,True,False,False,False,False,False
random_ruehl_mask,mixed,174,270920434,22,WAIT,WAIT,0.06350001785904169,False,False,False,False,False,False,False
random_ruehl_mask,mixed,174,270920434,23,RIGHT,RIGHT,0.05266594234853983,False,False,False,False,False,False,False
random_ruehl_mask,mixed,174,270920434,24,WAIT,WAIT,0.0653750030323863,False,False,False,False,False,False,False
random_ruehl_mask,mixed,174,270920434,25,RIGHT,RIGHT,0.05979195702821016,False,False,False,False,False,False,False
random_ruehl_mask,mixed,174,270920434,26,UP,UP,0.04916603211313486,False,False,False,False,False,False,False
random_ruehl_mask,mixed,174,270920434,27,WAIT,WAIT,0.08470797911286354,False,False,False,False,False,False,False
random_ruehl_mask,mixed,174,270920434,28,BOMB,BOMB,0.09458302520215511,False,False,False,True,False,False,False
random_ruehl_mask,mixed,174,270920434,29,DOWN,DOWN,0.03941694740206003,False,False,False,False,False,False,False
random_ruehl_mask,mixed,174,270920434,30,WAIT,WAIT,0.03574998117983341,False,False,False,False,False,False,False
random_ruehl_mask,mixed,174,270920434,31,LEFT,LEFT,0.05495804361999035,False,True,False,False,False,False,False
random_ruehl_mask,mixed,174,270920434,32,LEFT,LEFT,0.059416983276605606,False,False,False,False,False,False,False
random_ruehl_mask,mixed,174,270920434,33,UP,UP,0.047791050747036934,False,False,False,False,False,False,False
random_ruehl_mask,mixed,174,270920434,34,WAIT,WAIT,0.044042011722922325,False,False,False,False,False,False,False
random_ruehl_mask,mixed,174,270920434,35,UP,UP,0.05512498319149017,False,False,False,False,False,False,False
random_ruehl_mask,mixed,174,270920434,36,UP,UP,0.10541698429733515,False,False,False,False,False,False,False
random_ruehl_mask,mixed,174,270920434,37,DOWN,DOWN,0.09708292782306671,False,False,False,False,False,False,False
random_ruehl_mask,mixed,174,270920434,38,DOWN,DOWN,0.12604205403476954,False,False,False,False,False,False,False
random_ruehl_mask,mixed,174,270920434,39,UP,UP,0.06479094736278057,False,False,False,False,False,False,False
random_ruehl_mask,mixed,174,270920434,40,WAIT,WAIT,0.10695902165025473,False,False,False,False,False,False,False
random_ruehl_mask,mixed,174,270920434,41,WAIT,WAIT,0.10075001046061516,False,True,False,False,False,False,False
random_ruehl_mask,mixed,174,270920434,42,WAIT,WAIT,0.13516703620553017,False,False,False,False,False,False,True
random_ruehl_mask,mixed,174,270920434,43,BOMB,BOMB,0.12624997179955244,False,False,False,True,False,False,True
random_ruehl_mask,mixed,174,270920434,44,UP,UP,0.06600003689527512,False,False,False,False,False,False,True
random_ruehl_mask,mixed,174,270920434,45,UP,UP,0.0516669824719429,False,False,False,False,False,False,True
random_ruehl_mask,mixed,174,270920434,46,WAIT,WAIT,0.07658300455659628,False,False,False,False,False,False,True
random_ruehl_mask,mixed,174,270920434,47,UP,UP,0.058666919358074665,False,False,False,False,False,False,True
random_ruehl_mask,mixed,175,270920435,1,WAIT,WAIT,0.11304207146167755,False,True,False,False,False,False,False
random_ruehl_mask,mixed,175,270920435,2,WAIT,WAIT,0.07962505333125591,False,False,False,False,False,False,False
random_ruehl_mask,mixed,175,270920435,3,BOMB,BOMB,0.0761660048738122,False,False,False,True,False,False,False
random_ruehl_mask,mixed,175,270920435,4,DOWN,DOWN,0.05916692316532135,False,False,False,False,False,False,False
random_ruehl_mask,mixed,175,270920435,5,DOWN,DOWN,0.057832919992506504,False,False,False,False,False,False,False
random_ruehl_mask,mixed,175,270920435,6,RIGHT,RIGHT,0.05720800254493952,False,False,False,False,False,False,False
random_ruehl_mask,mixed,175,270920435,7,WAIT,WAIT,0.06220804061740637,False,False,False,False,False,False,False
random_ruehl_mask,mixed,175,270920435,8,WAIT,WAIT,0.05295802839100361,False,False,False,False,False,False,False
random_ruehl_mask,mixed,175,270920435,9,LEFT,LEFT,0.06125005893409252,False,False,False,False,False,False,False
random_ruehl_mask,mixed,175,270920435,10,DOWN,DOWN,0.10037492029368877,False,False,False,False,False,False,False
random_ruehl_mask,mixed,175,270920435,11,DOWN,DOWN,0.08404103573411703,False,True,False,False,False,False,False
random_ruehl_mask,mixed,175,270920435,12,WAIT,WAIT,0.0754999928176403,False,False,False,False,False,False,False
random_ruehl_mask,mixed,175,270920435,13,BOMB,BOMB,0.11450005695223808,False,False,False,True,False,False,False
random_ruehl_mask,mixed,175,270920435,14,UP,UP,0.05537504330277443,False,False,False,False,False,False,False
random_ruehl_mask,mixed,175,270920435,15,UP,UP,0.06324995774775743,False,False,False,False,False,False,False
random_ruehl_mask,mixed,175,270920435,16,RIGHT,RIGHT,0.06374996155500412,False,False,False,False,False,False,False
random_ruehl_mask,mixed,175,270920435,17,RIGHT,RIGHT,0.06262504030019045,False,False,False,False,False,False,False
random_ruehl_mask,mixed,175,270920435,18,WAIT,WAIT,0.047625042498111725,False,False,False,False,False,False,False
random_ruehl_mask,mixed,175,270920435,19,RIGHT,RIGHT,0.05324999801814556,False,False,False,False,False,False,False
random_ruehl_mask,mixed,175,270920435,20,BOMB,BOMB,0.08366594556719065,False,False,False,True,False,False,False
random_ruehl_mask,mixed,175,270920435,21,LEFT,LEFT,0.04720897413790226,False,True,False,False,False,False,False
random_ruehl_mask,mixed,175,270920435,22,DOWN,DOWN,0.04812504630535841,False,False,False,False,False,False,False
random_ruehl_mask,mixed,175,270920435,23,DOWN,DOWN,0.04558393266052008,False,False,False,False,False,False,False
random_ruehl_mask,mixed,175,270920435,24,UP,UP,0.06329198367893696,False,False,False,False,False,False,False
random_ruehl_mask,mixed,175,270920435,25,DOWN,DOWN,0.04675006493926048,False,False,False,False,False,False,False
random_ruehl_mask,mixed,175,270920435,26,LEFT,LEFT,0.03770797047764063,False,False,False,False,False,False,False
random_ruehl_mask,mixed,175,270920435,27,WAIT,WAIT,0.06541598122566938,False,False,False,False,False,False,False
random_ruehl_mask,mixed,175,270920435,28,WAIT,WAIT,0.056832912378013134,False,False,False,False,False,False,False
random_ruehl_mask,mixed,175,270920435,29,WAIT,WAIT,0.054709031246602535,False,False,False,False,False,False,False
random_ruehl_mask,mixed,175,270920435,30,WAIT,WAIT,0.08058396633714437,False,False,False,False,False,False,False
random_ruehl_mask,mixed,175,270920435,31,WAIT,WAIT,0.08458306547254324,False,True,False,False,False,False,False
random_ruehl_mask,mixed,175,270920435,32,LEFT,LEFT,0.06466696504503489,False,False,False,False,False,False,False
random_ruehl_mask,mixed,175,270920435,33,WAIT,WAIT,0.0724580604583025,False,False,False,False,False,False,False
random_ruehl_mask,mixed,175,270920435,34,WAIT,WAIT,0.05691696424037218,False,False,False,False,False,False,False
random_ruehl_mask,mixed,175,270920435,35,UP,UP,0.06462493911385536,False,False,False,False,False,False,False
random_ruehl_mask,mixed,175,270920435,36,UP,UP,0.05237502045929432,False,False,False,False,False,False,False
random_ruehl_mask,mixed,175,270920435,37,UP,UP,0.052999937906861305,False,False,False,False,False,False,False
random_ruehl_mask,mixed,175,270920435,38,UP,UP,0.055958982557058334,False,False,False,False,False,False,False
random_ruehl_mask,mixed,175,270920435,39,DOWN,DOWN,0.07695797830820084,False,False,False,False,False,False,False
random_ruehl_mask,mixed,175,270920435,40,WAIT,WAIT,0.05720800254493952,False,False,False,False,False,False,False
random_ruehl_mask,mixed,175,270920435,41,WAIT,WAIT,0.05470798350870609,False,True,False,False,False,False,False
random_ruehl_mask,mixed,175,270920435,42,UP,UP,0.06266706623136997,False,False,False,False,False,False,False
random_ruehl_mask,mixed,175,270920435,43,RIGHT,RIGHT,0.058959005400538445,False,False,False,False,False,False,False
random_ruehl_mask,mixed,175,270920435,44,WAIT,WAIT,0.048874993808567524,False,False,False,False,False,False,False
random_ruehl_mask,mixed,175,270920435,45,LEFT,LEFT,0.04616705700755119,False,False,False,False,False,False,False
random_ruehl_mask,mixed,175,270920435,46,DOWN,DOWN,0.06920797750353813,False,False,False,False,False,False,False
random_ruehl_mask,mixed,175,270920435,47,UP,UP,0.050458009354770184,False,False,False,False,False,False,False
random_ruehl_mask,mixed,175,270920435,48,RIGHT,RIGHT,0.046459026634693146,False,False,False,False,False,False,False
random_ruehl_mask,mixed,175,270920435,49,LEFT,LEFT,0.06587500683963299,False,False,False,False,False,False,False
random_ruehl_mask,mixed,175,270920435,50,DOWN,DOWN,0.049915979616343975,False,False,False,False,False,False,False
random_ruehl_mask,mixed,175,270920435,51,WAIT,WAIT,0.046749948523938656,False,True,False,False,False,False,False
random_ruehl_mask,mixed,175,270920435,52,UP,UP,0.09099999442696571,False,False,False,False,False,False,False
random_ruehl_mask,mixed,175,270920435,53,RIGHT,RIGHT,0.07354200351983309,False,False,False,False,False,False,False
random_ruehl_mask,mixed,175,270920435,54,WAIT,WAIT,0.06420805584639311,False,False,False,False,False,False,False
random_ruehl_mask,mixed,175,270920435,55,RIGHT,RIGHT,0.06049999501556158,False,False,False,False,False,False,False
random_ruehl_mask,mixed,175,270920435,56,WAIT,WAIT,0.09879202116280794,False,False,False,False,False,False,True
random_ruehl_mask,mixed,175,270920435,57,BOMB,BOMB,0.11866691056638956,False,False,False,True,False,False,True
random_ruehl_mask,mixed,175,270920435,58,RIGHT,RIGHT,0.04016701132059097,False,False,False,False,False,False,True
random_ruehl_mask,mixed,175,270920435,59,WAIT,WAIT,0.03629096318036318,False,False,False,False,False,False,True
random_ruehl_mask,mixed,175,270920435,60,WAIT,WAIT,0.05420902743935585,False,False,False,False,False,False,True
random_ruehl_mask,mixed,175,270920435,61,WAIT,WAIT,0.05266699008643627,False,False,False,False,False,False,True
random_ruehl_mask,mixed,176,270920436,1,UP,UP,0.1064579701051116,False,True,False,False,False,False,False
random_ruehl_mask,mixed,176,270920436,2,BOMB,BOMB,0.07683306466788054,False,False,False,True,False,False,False
random_ruehl_mask,mixed,176,270920436,3,DOWN,DOWN,0.05149992648512125,False,False,False,False,False,False,False
random_ruehl_mask,mixed,176,270920436,4,LEFT,LEFT,0.054541975259780884,False,False,False,False,False,False,False
random_ruehl_mask,mixed,176,270920436,5,WAIT,WAIT,0.07016700692474842,False,False,False,False,False,False,False
random_ruehl_mask,mixed,176,270920436,6,WAIT,WAIT,0.061249942518770695,False,False,False,False,False,False,False
random_ruehl_mask,mixed,176,270920436,7,WAIT,WAIT,0.05175010301172733,False,False,False,False,False,False,False
random_ruehl_mask,mixed,176,270920436,8,RIGHT,RIGHT,0.03587489482015371,False,False,False,False,False,False,True
random_ruehl_mask,mixed,176,270920436,9,BOMB,BOMB,0.0968750100582838,False,False,False,True,False,False,True
random_ruehl_mask,mixed,176,270920436,10,LEFT,LEFT,0.04666706081479788,False,False,False,False,False,False,True
random_ruehl_mask,mixed,176,270920436,11,WAIT,WAIT,0.03662507515400648,False,False,False,False,False,False,True
random_ruehl_mask,mixed,176,270920436,12,WAIT,WAIT,0.052916002459824085,False,False,False,False,False,False,True
random_ruehl_mask,mixed,176,270920436,13,WAIT,WAIT,0.08341704960912466,False,False,False,False,False,False,True
random_ruehl_mask,mixed,177,270920437,1,UP,UP,0.09999994654208422,False,True,False,False,False,False,False
random_ruehl_mask,mixed,177,270920437,2,DOWN,DOWN,0.07445795927196741,False,False,False,False,False,False,False
random_ruehl_mask,mixed,177,270920437,3,WAIT,WAIT,0.07470790296792984,False,False,False,False,False,False,False
random_ruehl_mask,mixed,177,270920437,4,WAIT,WAIT,0.0892080133780837,False,False,False,False,False,False,False
random_ruehl_mask,mixed,177,270920437,5,UP,UP,0.09287497960031033,False,False,False,False,False,False,False
random_ruehl_mask,mixed,177,270920437,6,BOMB,BOMB,0.07654190994799137,False,False,False,True,False,False,False
random_ruehl_mask,mixed,177,270920437,7,DOWN,DOWN,0.051709008403122425,False,False,False,False,False,False,False
random_ruehl_mask,mixed,177,270920437,8,WAIT,WAIT,0.05412509199231863,False,False,False,False,False,False,False
random_ruehl_mask,mixed,177,270920437,9,LEFT,LEFT,0.05112506914883852,False,False,False,False,False,False,False
random_ruehl_mask,mixed,177,270920437,10,WAIT,WAIT,0.04395795986056328,False,False,False,False,False,False,False
random_ruehl_mask,mixed,177,270920437,11,WAIT,WAIT,0.041541061364114285,False,True,False,False,False,False,False
random_ruehl_mask,mixed,177,270920437,12,WAIT,WAIT,0.03516697324812412,False,False,False,False,False,False,False
random_ruehl_mask,mixed,177,270920437,13,RIGHT,RIGHT,0.07770897354930639,False,False,False,False,False,False,True
random_ruehl_mask,mixed,177,270920437,14,BOMB,BOMB,0.1032920554280281,False,False,False,True,False,False,True
random_ruehl_mask,mixed,177,270920437,15,LEFT,LEFT,0.053541967645287514,False,False,False,False,False,False,True
random_ruehl_mask,mixed,177,270920437,16,WAIT,WAIT,0.03329198807477951,False,False,False,False,False,False,True
random_ruehl_mask,mixed,177,270920437,17,WAIT,WAIT,0.04641595296561718,False,False,False,False,False,False,True
random_ruehl_mask,mixed,177,270920437,18,WAIT,WAIT,0.040790997445583344,False,False,False,False,False,False,True
random_ruehl_mask,mixed,178,270920438,1,UP,UP,0.10620802640914917,False,True,False,False,False,False,False
random_ruehl_mask,mixed,178,270920438,2,DOWN,DOWN,0.09145902004092932,False,False,False,False,False,False,False
random_ruehl_mask,mixed,178,270920438,3,UP,UP,0.08029094897210598,False,False,False,False,False,False,False
random_ruehl_mask,mixed,178,270920438,4,WAIT,WAIT,0.06450002547353506,False,False,False,False,False,False,False
random_ruehl_mask,mixed,178,270920438,5,BOMB,BOMB,0.11491694021970034,False,False,False,True,False,False,False
random_ruehl_mask,mixed,178,270920438,6,DOWN,DOWN,0.06087496876716614,False,False,False,False,False,False,False
random_ruehl_mask,mixed,178,270920438,7,LEFT,LEFT,0.051332986913621426,False,False,False,False,False,False,False
random_ruehl_mask,mixed,178,270920438,8,WAIT,WAIT,0.04658300895243883,False,False,False,False,False,False,False
random_ruehl_mask,mixed,178,270920438,9,WAIT,WAIT,0.045749940909445286,False,False,False,False,False,False,False
random_ruehl_mask,mixed,178,270920438,10,LEFT,LEFT,0.06029102951288223,False,False,False,False,False,False,False
random_ruehl_mask,mixed,178,270920438,11,WAIT,WAIT,0.039624981582164764,False,True,False,False,False,False,False
random_ruehl_mask,mixed,178,270920438,12,LEFT,LEFT,0.08775002788752317,False,False,False,False,False,False,False
random_ruehl_mask,mixed,178,270920438,13,RIGHT,RIGHT,0.08770893327891827,False,False,False,False,False,False,False
random_ruehl_mask,mixed,178,270920438,14,WAIT,WAIT,0.14474999625235796,False,False,False,False,False,False,True
random_ruehl_mask,mixed,178,270920438,15,BOMB,BOMB,0.09741692338138819,False,False,False,True,False,False,True
random_ruehl_mask,mixed,178,270920438,16,LEFT,LEFT,0.042082974687218666,False,False,False,False,False,False,True
random_ruehl_mask,mixed,178,270920438,17,WAIT,WAIT,0.03674998879432678,False,False,False,False,False,False,True
random_ruehl_mask,mixed,178,270920438,18,WAIT,WAIT,0.06704195402562618,False,False,False,False,False,False,True
random_ruehl_mask,mixed,178,270920438,19,WAIT,WAIT,0.05237502045929432,False,False,False,False,False,False,True
random_ruehl_mask,mixed,179,270920439,1,WAIT,WAIT,0.11554209049791098,False,True,False,False,False,False,False
random_ruehl_mask,mixed,179,270920439,2,RIGHT,RIGHT,0.0904579646885395,False,False,False,False,False,False,False
random_ruehl_mask,mixed,179,270920439,3,BOMB,BOMB,0.07349997758865356,False,False,False,True,False,False,False
random_ruehl_mask,mixed,179,270920439,4,LEFT,LEFT,0.04008400719612837,False,False,False,False,False,False,False
random_ruehl_mask,mixed,179,270920439,5,WAIT,WAIT,0.05316699389368296,False,False,False,False,False,False,False
random_ruehl_mask,mixed,179,270920439,6,DOWN,DOWN,0.09612506255507469,False,False,False,False,False,False,False
random_ruehl_mask,mixed,179,270920439,7,WAIT,WAIT,0.07879198528826237,False,False,False,False,False,False,False
random_ruehl_mask,mixed,179,270920439,8,WAIT,WAIT,0.04800001624971628,False,False,False,False,False,False,False
random_ruehl_mask,mixed,179,270920439,9,WAIT,WAIT,0.03704207483679056,False,False,False,False,False,False,False
random_ruehl_mask,mixed,179,270920439,10,BOMB,BOMB,0.08145894389599562,False,False,False,True,False,False,False
random_ruehl_mask,mixed,179,270920439,11,UP,UP,0.043042004108428955,False,True,False,False,False,False,False
random_ruehl_mask,mixed,179,270920439,12,WAIT,WAIT,0.03925000783056021,False,False,False,False,False,False,False
random_ruehl_mask,mixed,179,270920439,13,RIGHT,RIGHT,0.0653750030323863,False,False,False,False,False,False,False
random_ruehl_mask,mixed,179,270920439,14,RIGHT,RIGHT,0.060916063375771046,False,False,False,False,False,False,False
random_ruehl_mask,mixed,179,270920439,15,WAIT,WAIT,0.05962501745671034,False,False,False,False,False,False,False
random_ruehl_mask,mixed,179,270920439,16,WAIT,WAIT,0.035415985621511936,False,False,False,False,False,False,False
random_ruehl_mask,mixed,179,270920439,17,BOMB,BOMB,0.08195801638066769,False,False,False,True,False,False,False
random_ruehl_mask,mixed,179,270920439,18,LEFT,LEFT,0.07358298171311617,False,False,False,False,False,False,False
random_ruehl_mask,mixed,179,270920439,19,LEFT,LEFT,0.06645801477134228,False,False,False,False,False,False,False
random_ruehl_mask,mixed,179,270920439,20,DOWN,DOWN,0.07729197386652231,False,False,False,False,False,False,False
random_ruehl_mask,mixed,179,270920439,21,WAIT,WAIT,0.06741704419255257,False,True,False,False,False,False,False
random_ruehl_mask,mixed,179,270920439,22,WAIT,WAIT,0.09241595398634672,False,False,False,False,False,False,False
random_ruehl_mask,mixed,179,270920439,23,UP,UP,0.07525004912167788,False,False,False,False,False,False,False
random_ruehl_mask,mixed,179,270920439,24,WAIT,WAIT,0.0854589743539691,False,False,False,False,False,False,False
random_ruehl_mask,mixed,179,270920439,25,DOWN,DOWN,0.06208301056176424,False,False,False,False,False,False,False
random_ruehl_mask,mixed,179,270920439,26,DOWN,DOWN,0.0701249809935689,False,False,False,False,False,False,True
random_ruehl_mask,mixed,179,270920439,27,BOMB,BOMB,0.10375003330409527,False,False,False,True,False,False,True
random_ruehl_mask,mixed,179,270920439,28,DOWN,DOWN,0.05637493450194597,False,False,False,False,False,False,True
random_ruehl_mask,mixed,179,270920439,29,DOWN,DOWN,0.0588330440223217,False,False,False,False,False,False,True
random_ruehl_mask,mixed,179,270920439,30,WAIT,WAIT,0.13424991630017757,False,False,False,False,False,False,True
random_ruehl_mask,mixed,179,270920439,31,UP,UP,0.07491698488593102,False,False,False,False,False,False,True
random_ruehl_mask,mixed,180,270920440,1,WAIT,WAIT,0.10020798072218895,False,True,False,False,False,False,False
random_ruehl_mask,mixed,180,270920440,2,WAIT,WAIT,0.0761660048738122,False,False,False,False,False,False,False
random_ruehl_mask,mixed,180,270920440,3,RIGHT,RIGHT,0.07037504110485315,False,False,False,False,False,False,False
random_ruehl_mask,mixed,180,270920440,4,RIGHT,RIGHT,0.0669590663164854,False,False,False,False,False,False,False
random_ruehl_mask,mixed,180,270920440,5,LEFT,LEFT,0.10808405932039022,False,False,False,False,False,False,False
random_ruehl_mask,mixed,180,270920440,6,WAIT,WAIT,0.09416695684194565,False,False,False,False,False,False,False
random_ruehl_mask,mixed,180,270920440,7,WAIT,WAIT,0.08641695603728294,False,False,False,False,False,False,False
random_ruehl_mask,mixed,180,270920440,8,RIGHT,RIGHT,0.07620896212756634,False,False,False,False,False,False,True
random_ruehl_mask,mixed,180,270920440,9,BOMB,BOMB,0.10137504432350397,False,False,False,True,False,False,True
random_ruehl_mask,mixed,180,270920440,10,LEFT,LEFT,0.038458965718746185,False,False,False,False,False,False,True
random_ruehl_mask,mixed,180,270920440,11,WAIT,WAIT,0.036334036849439144,False,True,False,False,False,False,True
random_ruehl_mask,mixed,180,270920440,12,WAIT,WAIT,0.06616709288209677,False,False,False,False,False,False,True
random_ruehl_mask,mixed,180,270920440,13,LEFT,LEFT,0.08670799434185028,False,False,False,False,False,False,True
random_ruehl_mask,mixed,181,270920441,1,DOWN,DOWN,0.1349160447716713,False,True,False,False,False,False,False
random_ruehl_mask,mixed,181,270920441,2,UP,UP,0.09454099927097559,False,False,False,False,False,False,False
random_ruehl_mask,mixed,181,270920441,3,DOWN,DOWN,0.0890420051291585,False,False,False,False,False,False,False
random_ruehl_mask,mixed,181,270920441,4,BOMB,BOMB,0.07025001104921103,False,False,False,True,False,False,False
random_ruehl_mask,mixed,181,270920441,5,UP,UP,0.05604105535894632,False,False,False,False,False,False,False
random_ruehl_mask,mixed,181,270920441,6,WAIT,WAIT,0.052459072321653366,False,False,False,False,False,False,False
random_ruehl_mask,mixed,181,270920441,7,RIGHT,RIGHT,0.058999983593821526,False,False,False,False,False,False,False
random_ruehl_mask,mixed,181,270920441,8,RIGHT,RIGHT,0.04549999721348286,False,False,False,False,False,False,False
random_ruehl_mask,mixed,181,270920441,9,WAIT,WAIT,0.04133302718400955,False,False,False,False,False,False,False
random_ruehl_mask,mixed,181,270920441,10,LEFT,LEFT,0.06241688970476389,False,False,False,False,False,False,False
random_ruehl_mask,mixed,181,270920441,11,LEFT,LEFT,0.053709023632109165,False,True,False,False,False,False,False
random_ruehl_mask,mixed,181,270920441,12,DOWN,DOWN,0.07929210551083088,False,False,False,False,False,False,False
random_ruehl_mask,mixed,181,270920441,13,UP,UP,0.08487503509968519,False,False,False,False,False,False,False
random_ruehl_mask,mixed,181,270920441,14,RIGHT,RIGHT,0.06912497337907553,False,False,False,False,False,False,False
random_ruehl_mask,mixed,181,270920441,15,RIGHT,RIGHT,0.05975004751235247,False,False,False,False,False,False,False
random_ruehl_mask,mixed,181,270920441,16,RIGHT,RIGHT,0.11229200754314661,False,False,False,False,False,False,False
random_ruehl_mask,mixed,181,270920441,17,LEFT,LEFT,0.0842920271679759,False,False,False,False,False,False,False
random_ruehl_mask,mixed,181,270920441,18,WAIT,WAIT,0.11554197408258915,False,False,False,False,False,False,False
random_ruehl_mask,mixed,181,270920441,19,RIGHT,RIGHT,0.0867500202730298,False,False,False,False,False,False,True
random_ruehl_mask,mixed,181,270920441,20,BOMB,BOMB,0.08091598283499479,False,False,False,True,False,False,True
random_ruehl_mask,mixed,181,270920441,21,LEFT,LEFT,0.0797909451648593,False,True,False,False,False,False,True
random_ruehl_mask,mixed,181,270920441,22,WAIT,WAIT,0.06949994713068008,False,False,False,False,False,False,True
random_ruehl_mask,mixed,181,270920441,23,WAIT,WAIT,0.0815829262137413,False,False,False,False,False,False,True
random_ruehl_mask,mixed,181,270920441,24,LEFT,LEFT,0.04850002005696297,False,False,False,False,False,False,True
random_ruehl_mask,mixed,182,270920442,1,UP,UP,0.10245805606245995,False,True,False,False,False,False,False
random_ruehl_mask,mixed,182,270920442,2,WAIT,WAIT,0.0760830007493496,False,False,False,False,False,False,False
random_ruehl_mask,mixed,182,270920442,3,BOMB,BOMB,0.09191595017910004,False,False,False,True,False,False,False
random_ruehl_mask,mixed,182,270920442,4,DOWN,DOWN,0.04654098302125931,False,False,False,False,False,False,False
random_ruehl_mask,mixed,182,270920442,5,WAIT,WAIT,0.058125006034970284,False,False,False,False,False,False,False
random_ruehl_mask,mixed,182,270920442,6,RIGHT,RIGHT,0.08333299774676561,False,False,False,False,False,False,False
random_ruehl_mask,mixed,182,270920442,7,WAIT,WAIT,0.09650003630667925,False,False,False,False,False,False,False
random_ruehl_mask,mixed,182,270920442,8,WAIT,WAIT,0.048874993808567524,False,False,False,False,False,False,False
random_ruehl_mask,mixed,182,270920442,9,WAIT,WAIT,0.042791012674570084,False,False,False,False,False,False,False
random_ruehl_mask,mixed,182,270920442,10,WAIT,WAIT,0.08233403787016869,False,False,False,False,False,False,False
random_ruehl_mask,mixed,182,270920442,11,BOMB,BOMB,0.09604101069271564,False,True,False,True,False,False,False
random_ruehl_mask,mixed,182,270920442,12,LEFT,LEFT,0.06150000263005495,False,False,False,False,False,False,False
random_ruehl_mask,mixed,182,270920442,13,UP,UP,0.058542005717754364,False,False,False,False,False,False,False
random_ruehl_mask,mixed,182,270920442,14,WAIT,WAIT,0.06129196844995022,False,False,False,False,False,False,False
random_ruehl_mask,mixed,182,270920442,15,UP,UP,0.08566607721149921,False,False,False,False,False,False,False
random_ruehl_mask,mixed,182,270920442,16,WAIT,WAIT,0.05779194179922342,False,False,False,False,False,False,False
random_ruehl_mask,mixed,182,270920442,17,WAIT,WAIT,0.04108308348804712,False,False,False,False,False,False,False
random_ruehl_mask,mixed,182,270920442,18,DOWN,DOWN,0.0950000248849392,False,False,False,False,False,False,False
random_ruehl_mask,mixed,182,270920442,19,UP,UP,0.0541249755769968,False,False,False,False,False,False,False
random_ruehl_mask,mixed,182,270920442,20,UP,UP,0.1478750491514802,False,False,False,False,False,False,False
random_ruehl_mask,mixed,182,270920442,21,WAIT,WAIT,0.10604201816022396,False,True,False,False,False,False,False
random_ruehl_mask,mixed,182,270920442,22,UP,UP,0.10579102672636509,False,False,False,False,False,False,False
random_ruehl_mask,mixed,182,270920442,23,WAIT,WAIT,0.08358398918062449,False,False,False,False,False,False,False
random_ruehl_mask,mixed,182,270920442,24,DOWN,DOWN,0.0724580604583025,False,False,False,False,False,False,False
random_ruehl_mask,mixed,182,270920442,25,BOMB,BOMB,0.06950006354600191,False,False,False,True,False,False,False
random_ruehl_mask,mixed,182,270920442,26,DOWN,DOWN,0.05370797589421272,False,False,False,False,False,False,False
random_ruehl_mask,mixed,182,270920442,27,WAIT,WAIT,0.03829097840934992,False,False,False,False,False,False,False
random_ruehl_mask,mixed,182,270920442,28,RIGHT,RIGHT,0.045666005462408066,False,False,False,False,False,False,False
random_ruehl_mask,mixed,182,270920442,29,WAIT,WAIT,0.06283307448029518,False,False,False,False,False,False,False
random_ruehl_mask,mixed,182,270920442,30,WAIT,WAIT,0.06154098082333803,False,False,False,False,False,False,False
random_ruehl_mask,mixed,182,270920442,31,LEFT,LEFT,0.0524159986525774,False,True,False,False,False,False,False
random_ruehl_mask,mixed,182,270920442,32,WAIT,WAIT,0.09916606359183788,False,False,False,False,False,False,False
random_ruehl_mask,mixed,182,270920442,33,WAIT,WAIT,0.0917079159989953,False,False,False,False,False,False,False
random_ruehl_mask,mixed,182,270920442,34,DOWN,DOWN,0.08341704960912466,False,False,False,False,False,False,False
random_ruehl_mask,mixed,182,270920442,35,DOWN,DOWN,0.046874978579580784,False,False,False,False,False,False,False
random_ruehl_mask,mixed,182,270920442,36,WAIT,WAIT,0.08958298712968826,False,False,False,False,False,False,False
random_ruehl_mask,mixed,182,270920442,37,WAIT,WAIT,0.057541998103260994,False,False,False,False,False,False,False
random_ruehl_mask,mixed,182,270920442,38,RIGHT,RIGHT,0.054999953135848045,False,False,False,False,False,False,False
random_ruehl_mask,mixed,182,270920442,39,LEFT,LEFT,0.046291970647871494,False,False,False,False,False,False,False
random_ruehl_mask,mixed,182,270920442,40,RIGHT,RIGHT,0.06054108962416649,False,False,False,False,False,False,False
random_ruehl_mask,mixed,182,270920442,41,LEFT,LEFT,0.05383300594985485,False,True,False,False,False,False,False
random_ruehl_mask,mixed,182,270920442,42,RIGHT,RIGHT,0.05545793101191521,False,False,False,False,False,False,False
random_ruehl_mask,mixed,182,270920442,43,RIGHT,RIGHT,0.04700000863522291,False,False,False,False,False,False,False
random_ruehl_mask,mixed,182,270920442,44,LEFT,LEFT,0.10249996557831764,False,False,False,False,False,False,False
random_ruehl_mask,mixed,182,270920442,45,LEFT,LEFT,0.0636660261079669,False,False,False,False,False,False,False
random_ruehl_mask,mixed,182,270920442,46,UP,UP,0.08483300916850567,False,False,False,False,False,False,False
random_ruehl_mask,mixed,182,270920442,47,UP,UP,0.05979102570563555,False,False,False,False,False,False,False
random_ruehl_mask,mixed,182,270920442,48,DOWN,DOWN,0.10974996257573366,False,False,False,False,False,False,False
random_ruehl_mask,mixed,182,270920442,49,DOWN,DOWN,0.05587493069469929,False,False,False,False,False,False,False
random_ruehl_mask,mixed,182,270920442,50,RIGHT,RIGHT,0.051416922360658646,False,False,False,False,False,False,False
random_ruehl_mask,mixed,182,270920442,51,WAIT,WAIT,0.05124998278915882,False,True,False,False,False,False,False
random_ruehl_mask,mixed,182,270920442,52,LEFT,LEFT,0.06337498780339956,False,False,False,False,False,False,False
random_ruehl_mask,mixed,182,270920442,53,UP,UP,0.06554205901920795,False,False,False,False,False,False,False
random_ruehl_mask,mixed,182,270920442,54,DOWN,DOWN,0.05908298771828413,False,False,False,False,False,False,False
random_ruehl_mask,mixed,182,270920442,55,UP,UP,0.07199996616691351,False,False,False,False,False,False,False
random_ruehl_mask,mixed,182,270920442,56,DOWN,DOWN,0.0563750509172678,False,False,False,False,False,False,False
random_ruehl_mask,mixed,182,270920442,57,UP,UP,0.07833295967429876,False,False,False,False,False,False,False
random_ruehl_mask,mixed,182,270920442,58,WAIT,WAIT,0.07916695903986692,False,False,False,False,False,False,False
random_ruehl_mask,mixed,182,270920442,59,DOWN,DOWN,0.06075005512684584,False,False,False,False,False,False,False
random_ruehl_mask,mixed,182,270920442,60,WAIT,WAIT,0.06445893086493015,False,False,False,False,False,False,False
random_ruehl_mask,mixed,182,270920442,61,UP,UP,0.07662491407245398,False,True,False,False,False,False,False
random_ruehl_mask,mixed,182,270920442,62,WAIT,WAIT,0.06800005212426186,False,False,False,False,False,False,False
random_ruehl_mask,mixed,182,270920442,63,UP,UP,0.06724998820573092,False,False,False,False,False,False,False
random_ruehl_mask,mixed,182,270920442,64,BOMB,BOMB,0.09600003249943256,False,False,False,True,False,False,False
random_ruehl_mask,mixed,182,270920442,65,UP,UP,0.037375022657215595,False,False,False,False,False,False,False
random_ruehl_mask,mixed,182,270920442,66,UP,UP,0.04770804662257433,False,False,False,False,False,False,False
random_ruehl_mask,mixed,182,270920442,67,UP,UP,0.05904200952500105,False,False,False,False,False,False,False
random_ruehl_mask,mixed,182,270920442,68,UP,UP,0.08970801718533039,False,False,False,False,False,False,False
random_ruehl_mask,mixed,182,270920442,69,UP,UP,0.05504104774445295,False,False,False,False,False,False,False
random_ruehl_mask,mixed,182,270920442,70,WAIT,WAIT,0.05583302117884159,False,False,False,False,False,False,True
random_ruehl_mask,mixed,182,270920442,71,BOMB,BOMB,0.08758297190070152,False,True,False,True,False,False,True
random_ruehl_mask,mixed,182,270920442,72,DOWN,DOWN,0.05712499842047691,False,False,False,False,False,False,True
random_ruehl_mask,mixed,182,270920442,73,DOWN,DOWN,0.03916607238352299,False,False,False,False,False,False,True
random_ruehl_mask,mixed,182,270920442,74,UP,UP,0.048332964070141315,False,False,False,False,False,False,True
random_ruehl_mask,mixed,182,270920442,75,DOWN,DOWN,0.0641669612377882,False,False,False,False,False,False,True
random_ruehl_mask,mixed,183,270920443,1,RIGHT,RIGHT,0.09750004392117262,False,True,False,False,False,False,False
random_ruehl_mask,mixed,183,270920443,2,WAIT,WAIT,0.0766250304877758,False,False,False,False,False,False,False
random_ruehl_mask,mixed,183,270920443,3,LEFT,LEFT,0.0679579097777605,False,False,False,False,False,False,False
random_ruehl_mask,mixed,183,270920443,4,DOWN,DOWN,0.10520790237933397,False,False,False,False,False,False,False
random_ruehl_mask,mixed,183,270920443,5,WAIT,WAIT,0.09662494994699955,False,False,False,False,False,False,False
random_ruehl_mask,mixed,183,270920443,6,UP,UP,0.08695898577570915,False,False,False,False,False,False,False
random_ruehl_mask,mixed,183,270920443,7,DOWN,DOWN,0.08662499021738768,False,False,False,False,False,False,False
random_ruehl_mask,mixed,183,270920443,8,BOMB,BOMB,0.06329093594104052,False,False,False,True,False,False,False
random_ruehl_mask,mixed,183,270920443,9,UP,UP,0.05612499080598354,False,False,False,False,False,False,False
random_ruehl_mask,mixed,183,270920443,10,WAIT,WAIT,0.05658308509737253,False,False,False,False,False,False,False
random_ruehl_mask,mixed,183,270920443,11,RIGHT,RIGHT,0.049083027988672256,False,True,False,False,False,False,False
random_ruehl_mask,mixed,183,270920443,12,WAIT,WAIT,0.04745798651129007,False,False,False,False,False,False,False
random_ruehl_mask,mixed,183,270920443,13,WAIT,WAIT,0.07241696584969759,False,False,False,False,False,False,False
random_ruehl_mask,mixed,183,270920443,14,WAIT,WAIT,0.057832919992506504,False,False,False,False,False,False,False
random_ruehl_mask,mixed,183,270920443,15,LEFT,LEFT,0.09308301378041506,False,False,False,False,False,False,True
random_ruehl_mask,mixed,183,270920443,16,BOMB,BOMB,0.08637504652142525,False,False,False,True,False,False,True
random_ruehl_mask,mixed,183,270920443,17,RIGHT,RIGHT,0.04449998959898949,False,False,False,False,False,False,True
random_ruehl_mask,mixed,183,270920443,18,WAIT,WAIT,0.038332887925207615,False,False,False,False,False,False,True
random_ruehl_mask,mixed,183,270920443,19,WAIT,WAIT,0.047749956138432026,False,False,False,False,False,False,True
random_ruehl_mask,mixed,183,270920443,20,WAIT,WAIT,0.0516669824719429,False,False,False,False,False,False,True
random_ruehl_mask,mixed,184,270920444,1,WAIT,WAIT,0.10904204100370407,False,True,False,False,False,False,False
random_ruehl_mask,mixed,184,270920444,2,RIGHT,RIGHT,0.08525000885128975,False,False,False,False,False,False,False
random_ruehl_mask,mixed,184,270920444,3,LEFT,LEFT,0.10270799975842237,False,False,False,False,False,False,False
random_ruehl_mask,mixed,184,270920444,4,WAIT,WAIT,0.08916598744690418,False,False,False,False,False,False,False
random_ruehl_mask,mixed,184,270920444,5,DOWN,DOWN,0.0974580179899931,False,False,False,False,False,False,False
random_ruehl_mask,mixed,184,270920444,6,DOWN,DOWN,0.08233392145484686,False,False,False,False,False,False,False
random_ruehl_mask,mixed,184,270920444,7,BOMB,BOMB,0.08295802399516106,False,False,False,True,False,False,False
random_ruehl_mask,mixed,184,270920444,8,UP,UP,0.03675010520964861,False,False,False,False,False,False,False
random_ruehl_mask,mixed,184,270920444,9,UP,UP,0.035415985621511936,False,False,False,False,False,False,False
random_ruehl_mask,mixed,184,270920444,10,RIGHT,RIGHT,0.06454193498939276,False,False,False,False,False,False,False
random_ruehl_mask,mixed,184,270920444,11,RIGHT,RIGHT,0.07100007496774197,False,True,False,False,False,False,False
random_ruehl_mask,mixed,184,270920444,12,LEFT,LEFT,0.05379098001867533,False,False,False,False,False,False,False
random_ruehl_mask,mixed,184,270920444,13,LEFT,LEFT,0.05825003609061241,False,False,False,False,False,False,False
random_ruehl_mask,mixed,184,270920444,14,WAIT,WAIT,0.08370797149837017,False,False,False,False,False,False,False
random_ruehl_mask,mixed,184,270920444,15,RIGHT,RIGHT,0.06695801857858896,False,False,False,False,False,False,False
random_ruehl_mask,mixed,184,270920444,16,LEFT,LEFT,0.08312496356666088,False,False,False,False,False,False,False
random_ruehl_mask,mixed,184,270920444,17,WAIT,WAIT,0.06649992428719997,False,False,False,False,False,False,False
random_ruehl_mask,mixed,184,270920444,18,WAIT,WAIT,0.0524159986525774,False,False,False,False,False,False,False
random_ruehl_mask,mixed,184,270920444,19,WAIT,WAIT,0.05079200491309166,False,False,False,False,False,False,False
random_ruehl_mask,mixed,184,270920444,20,RIGHT,RIGHT,0.06437499541789293,False,False,False,False,False,False,False
random_ruehl_mask,mixed,184,270920444,21,RIGHT,RIGHT,0.0938749872148037,False,True,False,False,False,False,False
random_ruehl_mask,mixed,184,270920444,22,WAIT,WAIT,0.09770900942385197,False,False,False,False,False,False,False
random_ruehl_mask,mixed,184,270920444,23,LEFT,LEFT,0.11224998161196709,False,False,False,False,False,False,False
random_ruehl_mask,mixed,184,270920444,24,LEFT,LEFT,0.08845899719744921,False,False,False,False,False,False,False
random_ruehl_mask,mixed,184,270920444,25,DOWN,DOWN,0.05204195622354746,False,False,False,False,False,False,False
random_ruehl_mask,mixed,184,270920444,26,DOWN,DOWN,0.04954100586473942,False,False,False,False,False,False,False
random_ruehl_mask,mixed,184,270920444,27,WAIT,WAIT,0.06004201713949442,False,False,False,False,False,False,False
random_ruehl_mask,mixed,184,270920444,28,WAIT,WAIT,0.05837494973093271,False,False,False,False,False,False,False
random_ruehl_mask,mixed,184,270920444,29,RIGHT,RIGHT,0.05137501284480095,False,False,False,False,False,False,False
random_ruehl_mask,mixed,184,270920444,30,RIGHT,RIGHT,0.08091598283499479,False,False,False,False,False,False,False
random_ruehl_mask,mixed,184,270920444,31,WAIT,WAIT,0.102166086435318,False,True,False,False,False,False,False
random_ruehl_mask,mixed,184,270920444,32,RIGHT,RIGHT,0.0926669454202056,False,False,False,False,False,False,False
random_ruehl_mask,mixed,184,270920444,33,LEFT,LEFT,0.06574997678399086,False,False,False,False,False,False,True
random_ruehl_mask,mixed,184,270920444,34,BOMB,BOMB,0.08137489203363657,False,False,False,True,False,False,True
random_ruehl_mask,mixed,184,270920444,35,LEFT,LEFT,0.04933401942253113,False,False,False,False,False,False,True
random_ruehl_mask,mixed,184,270920444,36,WAIT,WAIT,0.05712499842047691,False,False,False,False,False,False,True
random_ruehl_mask,mixed,184,270920444,37,WAIT,WAIT,0.05837506614625454,False,False,False,False,False,False,True
random_ruehl_mask,mixed,184,270920444,38,LEFT,LEFT,0.06804196164011955,False,False,False,False,False,False,True
random_ruehl_mask,mixed,185,270920445,1,RIGHT,RIGHT,0.10445807129144669,False,True,False,False,False,False,False
random_ruehl_mask,mixed,185,270920445,2,BOMB,BOMB,0.07333303801715374,False,False,False,True,False,False,False
random_ruehl_mask,mixed,185,270920445,3,LEFT,LEFT,0.04091695882380009,False,False,False,False,False,False,False
random_ruehl_mask,mixed,185,270920445,4,DOWN,DOWN,0.052582938224077225,False,False,False,False,False,False,False
random_ruehl_mask,mixed,185,270920445,5,WAIT,WAIT,0.059415935538709164,False,False,False,False,False,False,False
random_ruehl_mask,mixed,185,270920445,6,DOWN,DOWN,0.06804196164011955,False,False,False,False,False,False,False
random_ruehl_mask,mixed,185,270920445,7,WAIT,WAIT,0.06083399057388306,False,False,False,False,False,False,False
random_ruehl_mask,mixed,185,270920445,8,WAIT,WAIT,0.0439999857917428,False,False,False,False,False,False,False
random_ruehl_mask,mixed,185,270920445,9,BOMB,BOMB,0.07333303801715374,False,False,False,True,False,False,False
random_ruehl_mask,mixed,185,270920445,10,UP,UP,0.03466603811830282,False,False,False,False,False,False,False
random_ruehl_mask,mixed,185,270920445,11,UP,UP,0.06716698408126831,False,True,False,False,False,False,False
random_ruehl_mask,mixed,185,270920445,12,RIGHT,RIGHT,0.06674998439848423,False,False,False,False,False,False,False
random_ruehl_mask,mixed,185,270920445,13,RIGHT,RIGHT,0.06741692777723074,False,False,False,False,False,False,False
random_ruehl_mask,mixed,185,270920445,14,LEFT,LEFT,0.07495901081711054,False,False,False,False,False,False,False
random_ruehl_mask,mixed,185,270920445,15,RIGHT,RIGHT,0.07920910138636827,False,False,False,False,False,False,False
random_ruehl_mask,mixed,185,270920445,16,WAIT,WAIT,0.09787501767277718,False,False,False,False,False,False,False
random_ruehl_mask,mixed,185,270920445,17,LEFT,LEFT,0.09095796849578619,False,False,False,False,False,False,False
random_ruehl_mask,mixed,185,270920445,18,WAIT,WAIT,0.05291705019772053,False,False,False,False,False,False,False
random_ruehl_mask,mixed,185,270920445,19,LEFT,LEFT,0.09370804764330387,False,False,False,False,False,False,False
random_ruehl_mask,mixed,185,270920445,20,WAIT,WAIT,0.08279201574623585,False,False,False,False,False,False,False
random_ruehl_mask,mixed,185,270920445,21,RIGHT,RIGHT,0.09133305866271257,False,True,False,False,False,False,False
random_ruehl_mask,mixed,185,270920445,22,LEFT,LEFT,0.10108307469636202,False,False,False,False,False,False,False
random_ruehl_mask,mixed,185,270920445,23,RIGHT,RIGHT,0.08745898958295584,False,False,False,False,False,False,False
random_ruehl_mask,mixed,185,270920445,24,LEFT,LEFT,0.0770840561017394,False,False,False,False,False,False,False
random_ruehl_mask,mixed,185,270920445,25,DOWN,DOWN,0.0776670640334487,False,False,False,False,False,False,False
random_ruehl_mask,mixed,185,270920445,26,UP,UP,0.07037492468953133,False,False,False,False,False,False,False
random_ruehl_mask,mixed,185,270920445,27,RIGHT,RIGHT,0.05933293141424656,False,False,False,False,False,False,False
random_ruehl_mask,mixed,185,270920445,28,LEFT,LEFT,0.06845896132290363,False,False,False,False,False,False,False
random_ruehl_mask,mixed,185,270920445,29,DOWN,DOWN,0.0723750563338399,False,False,False,False,False,False,False
random_ruehl_mask,mixed,185,270920445,30,WAIT,WAIT,0.09124993812292814,False,False,False,False,False,False,False
random_ruehl_mask,mixed,185,270920445,31,UP,UP,0.07516692858189344,False,True,False,False,False,False,False
random_ruehl_mask,mixed,185,270920445,32,RIGHT,RIGHT,0.09566603694111109,False,False,False,False,False,False,False
random_ruehl_mask,mixed,185,270920445,33,LEFT,LEFT,0.08037500083446503,False,False,False,False,False,False,False
random_ruehl_mask,mixed,185,270920445,34,DOWN,DOWN,0.0665419502183795,False,False,False,False,False,False,False
random_ruehl_mask,mixed,185,270920445,35,WAIT,WAIT,0.05320901982486248,False,False,False,False,False,False,False
random_ruehl_mask,mixed,185,270920445,36,UP,UP,0.0660410150885582,False,False,False,False,False,False,False
random_ruehl_mask,mixed,185,270920445,37,DOWN,DOWN,0.07104093674570322,False,False,False,False,False,False,False
random_ruehl_mask,mixed,185,270920445,38,UP,UP,0.06362504791468382,False,False,False,False,False,False,False
random_ruehl_mask,mixed,185,270920445,39,WAIT,WAIT,0.08220900781452656,False,False,False,False,False,False,False
random_ruehl_mask,mixed,185,270920445,40,DOWN,DOWN,0.08637504652142525,False,False,False,False,False,False,False
random_ruehl_mask,mixed,185,270920445,41,WAIT,WAIT,0.05737505853176117,False,True,False,False,False,False,False
random_ruehl_mask,mixed,185,270920445,42,DOWN,DOWN,0.06816606037318707,False,False,False,False,False,False,False
random_ruehl_mask,mixed,185,270920445,43,UP,UP,0.073749921284616,False,False,False,False,False,False,False
random_ruehl_mask,mixed,185,270920445,44,DOWN,DOWN,0.05683302879333496,False,False,False,False,False,False,False
random_ruehl_mask,mixed,185,270920445,45,UP,UP,0.06125005893409252,False,False,False,False,False,False,False
random_ruehl_mask,mixed,185,270920445,46,WAIT,WAIT,0.046874978579580784,False,False,False,False,False,False,False
random_ruehl_mask,mixed,185,270920445,47,DOWN,DOWN,0.04854099825024605,False,False,False,False,False,False,False
random_ruehl_mask,mixed,185,270920445,48,RIGHT,RIGHT,0.05879101809114218,False,False,False,False,False,False,False
random_ruehl_mask,mixed,185,270920445,49,RIGHT,RIGHT,0.10249996557831764,False,False,False,False,False,False,False
random_ruehl_mask,mixed,185,270920445,50,BOMB,BOMB,0.09604205843061209,False,False,False,True,False,False,False
random_ruehl_mask,mixed,185,270920445,51,LEFT,LEFT,0.059208949096500874,False,True,False,False,False,False,False
random_ruehl_mask,mixed,185,270920445,52,LEFT,LEFT,0.048666028305888176,False,False,False,False,False,False,False
random_ruehl_mask,mixed,185,270920445,53,UP,UP,0.05879194941371679,False,False,False,False,False,False,False
random_ruehl_mask,mixed,185,270920445,54,WAIT,WAIT,0.058999983593821526,False,False,False,False,False,False,False
random_ruehl_mask,mixed,185,270920445,55,WAIT,WAIT,0.049708993174135685,False,False,False,False,False,False,False
random_ruehl_mask,mixed,185,270920445,56,UP,UP,0.036624958738684654,False,False,False,False,False,False,False
random_ruehl_mask,mixed,185,270920445,57,DOWN,DOWN,0.0522910850122571,False,False,False,False,False,False,False
random_ruehl_mask,mixed,185,270920445,58,UP,UP,0.0694170594215393,False,False,False,False,False,False,False
random_ruehl_mask,mixed,185,270920445,59,WAIT,WAIT,0.07483293302357197,False,False,False,False,False,False,False
random_ruehl_mask,mixed,185,270920445,60,DOWN,DOWN,0.06458302959799767,False,False,False,False,False,False,False
random_ruehl_mask,mixed,185,270920445,61,DOWN,DOWN,0.04895799793303013,False,True,False,False,False,False,False
random_ruehl_mask,mixed,185,270920445,62,RIGHT,RIGHT,0.06462505552917719,False,False,False,False,False,False,False
random_ruehl_mask,mixed,185,270920445,63,WAIT,WAIT,0.054999953135848045,False,False,False,False,False,False,False
random_ruehl_mask,mixed,185,270920445,64,WAIT,WAIT,0.0539170578122139,False,False,False,False,False,False,False
random_ruehl_mask,mixed,185,270920445,65,LEFT,LEFT,0.06266601849347353,False,False,False,False,False,False,False
random_ruehl_mask,mixed,185,270920445,66,WAIT,WAIT,0.054042087867856026,False,False,False,False,False,False,False
random_ruehl_mask,mixed,185,270920445,67,WAIT,WAIT,0.049458001740276814,False,False,False,False,False,False,False
random_ruehl_mask,mixed,185,270920445,68,WAIT,WAIT,0.04879094194620848,False,False,False,False,False,False,False
random_ruehl_mask,mixed,185,270920445,69,WAIT,WAIT,0.05516607780009508,False,False,False,False,False,False,False
random_ruehl_mask,mixed,185,270920445,70,DOWN,DOWN,0.053958967328071594,False,False,False,False,False,False,False
random_ruehl_mask,mixed,185,270920445,71,UP,UP,0.06641598884016275,False,True,False,False,False,False,False
random_ruehl_mask,mixed,185,270920445,72,DOWN,DOWN,0.055416952818632126,False,False,False,False,False,False,False
random_ruehl_mask,mixed,185,270920445,73,DOWN,DOWN,0.05079200491309166,False,False,False,False,False,False,False
random_ruehl_mask,mixed,185,270920445,74,UP,UP,0.1028749393299222,False,False,False,False,False,False,False
random_ruehl_mask,mixed,185,270920445,75,DOWN,DOWN,0.05962490104138851,False,False,False,False,False,False,False
random_ruehl_mask,mixed,185,270920445,76,DOWN,DOWN,0.09866699110716581,False,False,False,False,False,False,False
random_ruehl_mask,mixed,185,270920445,77,WAIT,WAIT,0.04908395931124687,False,False,False,False,False,False,False
random_ruehl_mask,mixed,185,270920445,78,UP,UP,0.07216702215373516,False,False,False,False,False,False,False
random_ruehl_mask,mixed,185,270920445,79,DOWN,DOWN,0.09591598063707352,False,False,False,False,False,False,False
random_ruehl_mask,mixed,185,270920445,80,WAIT,WAIT,0.05070806946605444,False,False,False,False,False,False,False
random_ruehl_mask,mixed,185,270920445,81,DOWN,DOWN,0.04733307287096977,False,True,False,False,False,False,False
random_ruehl_mask,mixed,185,270920445,82,UP,UP,0.08062494453042746,False,False,False,False,False,False,False
random_ruehl_mask,mixed,185,270920445,83,DOWN,DOWN,0.07404200732707977,False,False,False,False,False,False,True
random_ruehl_mask,mixed,185,270920445,84,UP,UP,0.07991597522050142,False,False,False,False,False,False,True
random_ruehl_mask,mixed,185,270920445,85,BOMB,BOMB,0.07487495895475149,False,False,False,True,True,True,True
random_ruehl_mask,mixed,185,270920445,86,DOWN,DOWN,0.05241704639047384,False,False,False,False,False,False,True
random_ruehl_mask,mixed,185,270920445,87,DOWN,DOWN,0.04591699689626694,False,False,False,False,False,False,True
random_ruehl_mask,mixed,185,270920445,88,UP,UP,0.05141703877598047,False,False,False,False,False,False,True
random_ruehl_mask,mixed,186,270920446,1,WAIT,WAIT,0.09324995335191488,False,True,False,False,False,False,False
random_ruehl_mask,mixed,186,270920446,2,WAIT,WAIT,0.07416598964482546,False,False,False,False,False,False,False
random_ruehl_mask,mixed,186,270920446,3,WAIT,WAIT,0.07004197686910629,False,False,False,False,False,False,False
random_ruehl_mask,mixed,186,270920446,4,LEFT,LEFT,0.06737490184605122,False,False,False,False,False,False,False
random_ruehl_mask,mixed,186,270920446,5,RIGHT,RIGHT,0.12341595720499754,False,False,False,False,False,False,False
random_ruehl_mask,mixed,186,270920446,6,DOWN,DOWN,0.10470906272530556,False,False,False,False,False,False,False
random_ruehl_mask,mixed,186,270920446,7,WAIT,WAIT,0.0862079905346036,False,False,False,False,False,False,False
random_ruehl_mask,mixed,186,270920446,8,UP,UP,0.0748330494388938,False,False,False,False,False,False,False
random_ruehl_mask,mixed,186,270920446,9,DOWN,DOWN,0.07750000804662704,False,False,False,False,False,False,False
random_ruehl_mask,mixed,186,270920446,10,BOMB,BOMB,0.06516592111438513,False,False,False,True,False,False,False
random_ruehl_mask,mixed,186,270920446,11,UP,UP,0.03679096698760986,False,True,False,False,False,False,False
random_ruehl_mask,mixed,186,270920446,12,LEFT,LEFT,0.06962497718632221,False,False,False,False,False,False,False
random_ruehl_mask,mixed,186,270920446,13,WAIT,WAIT,0.062417006120085716,False,False,False,False,False,False,False
random_ruehl_mask,mixed,186,270920446,14,WAIT,WAIT,0.05379191134124994,False,False,False,False,False,False,False
random_ruehl_mask,mixed,186,270920446,15,WAIT,WAIT,0.042792060412466526,False,False,False,False,False,False,False
random_ruehl_mask,mixed,186,270920446,16,RIGHT,RIGHT,0.060333055444061756,False,False,False,False,False,False,False
random_ruehl_mask,mixed,186,270920446,17,BOMB,BOMB,0.09562494233250618,False,False,False,True,False,False,False
random_ruehl_mask,mixed,186,270920446,18,DOWN,DOWN,0.048832967877388,False,False,False,False,False,False,False
random_ruehl_mask,mixed,186,270920446,19,DOWN,DOWN,0.04808290395885706,False,False,False,False,False,False,False
random_ruehl_mask,mixed,186,270920446,20,DOWN,DOWN,0.06612495053559542,False,False,False,False,False,False,False
random_ruehl_mask,mixed,186,270920446,21,DOWN,DOWN,0.06091699469834566,False,True,False,False,False,False,False
random_ruehl_mask,mixed,186,270920446,22,WAIT,WAIT,0.06275007035583258,False,False,False,False,False,False,False
random_ruehl_mask,mixed,186,270920446,23,WAIT,WAIT,0.04741700831800699,False,False,False,False,False,False,False
random_ruehl_mask,mixed,186,270920446,24,LEFT,LEFT,0.11470809113234282,False,False,False,False,False,False,False
random_ruehl_mask,mixed,186,270920446,25,WAIT,WAIT,0.06850005593150854,False,False,False,False,False,False,False
random_ruehl_mask,mixed,186,270920446,26,WAIT,WAIT,0.06612495053559542,False,False,False,False,False,False,False
random_ruehl_mask,mixed,186,270920446,27,BOMB,BOMB,0.08608400821685791,False,False,False,True,False,False,False
random_ruehl_mask,mixed,186,270920446,28,RIGHT,RIGHT,0.038541038520634174,False,False,False,False,False,False,False
random_ruehl_mask,mixed,186,270920446,29,WAIT,WAIT,0.03787491004914045,False,False,False,False,False,False,False
random_ruehl_mask,mixed,186,270920446,30,UP,UP,0.04549999721348286,False,False,False,False,False,False,False
random_ruehl_mask,mixed,186,270920446,31,UP,UP,0.05312496796250343,False,True,False,False,False,False,False
random_ruehl_mask,mixed,186,270920446,32,UP,UP,0.05149992648512125,False,False,False,False,False,False,False
random_ruehl_mask,mixed,186,270920446,33,UP,UP,0.04212500061839819,False,False,False,False,False,False,False
random_ruehl_mask,mixed,186,270920446,34,WAIT,WAIT,0.050083035603165627,False,False,False,False,False,False,False
random_ruehl_mask,mixed,186,270920446,35,WAIT,WAIT,0.048625050112605095,False,False,False,False,False,False,False
random_ruehl_mask,mixed,186,270920446,36,LEFT,LEFT,0.05549995694309473,False,False,False,False,False,False,False
random_ruehl_mask,mixed,186,270920446,37,BOMB,BOMB,0.07695797830820084,False,False,False,True,False,False,False
random_ruehl_mask,mixed,186,270920446,38,RIGHT,RIGHT,0.04133302718400955,False,False,False,False,False,False,False
random_ruehl_mask,mixed,186,270920446,39,WAIT,WAIT,0.03462505992501974,False,False,False,False,False,False,False
random_ruehl_mask,mixed,186,270920446,40,DOWN,DOWN,0.04249997437000275,False,False,False,False,False,False,False
random_ruehl_mask,mixed,186,270920446,41,WAIT,WAIT,0.043082982301712036,False,True,False,False,False,False,False
random_ruehl_mask,mixed,186,270920446,42,WAIT,WAIT,0.04937499761581421,False,False,False,False,False,False,False
random_ruehl_mask,mixed,186,270920446,43,DOWN,DOWN,0.05120900459587574,False,False,False,False,False,False,False
random_ruehl_mask,mixed,186,270920446,44,UP,UP,0.09262491948902607,False,False,False,False,False,False,False
random_ruehl_mask,mixed,186,270920446,45,UP,UP,0.051709008403122425,False,False,False,False,False,False,False
random_ruehl_mask,mixed,186,270920446,46,DOWN,DOWN,0.04733400419354439,False,False,False,False,False,False,False
random_ruehl_mask,mixed,186,270920446,47,WAIT,WAIT,0.06604194641113281,False,False,False,False,False,False,False
random_ruehl_mask,mixed,186,270920446,48,DOWN,DOWN,0.04920794162899256,False,False,False,False,False,False,False
random_ruehl_mask,mixed,186,270920446,49,DOWN,DOWN,0.09504193440079689,False,False,False,False,False,False,False
random_ruehl_mask,mixed,186,270920446,50,WAIT,WAIT,0.05141599103808403,False,False,False,False,False,False,False
random_ruehl_mask,mixed,186,270920446,51,UP,UP,0.04954205360263586,False,True,False,False,False,False,False
random_ruehl_mask,mixed,186,270920446,52,BOMB,BOMB,0.09124993812292814,False,False,False,True,False,False,False
random_ruehl_mask,mixed,186,270920446,53,UP,UP,0.04704098682850599,False,False,False,False,False,False,False
random_ruehl_mask,mixed,186,270920446,54,WAIT,WAIT,0.047083012759685516,False,False,False,False,False,False,False
random_ruehl_mask,mixed,186,270920446,55,UP,UP,0.07687509059906006,False,False,False,False,False,False,False
random_ruehl_mask,mixed,186,270920446,56,LEFT,LEFT,0.08033309131860733,False,False,False,False,False,False,False
random_ruehl_mask,mixed,186,270920446,57,WAIT,WAIT,0.0642499653622508,False,False,False,False,False,False,False
random_ruehl_mask,mixed,186,270920446,58,RIGHT,RIGHT,0.04329206421971321,False,False,False,False,False,False,False
random_ruehl_mask,mixed,186,270920446,59,DOWN,DOWN,0.05012494511902332,False,False,False,False,False,False,False
random_ruehl_mask,mixed,186,270920446,60,UP,UP,0.04683295264840126,False,False,False,False,False,False,False
random_ruehl_mask,mixed,186,270920446,61,WAIT,WAIT,0.04779198206961155,False,True,False,False,False,False,False
random_ruehl_mask,mixed,186,270920446,62,DOWN,DOWN,0.05808298010379076,False,False,False,False,False,False,False
random_ruehl_mask,mixed,186,270920446,63,UP,UP,0.06029102951288223,False,False,False,False,False,False,False
random_ruehl_mask,mixed,186,270920446,64,DOWN,DOWN,0.06387499161064625,False,False,False,False,False,False,False
random_ruehl_mask,mixed,186,270920446,65,UP,UP,0.08387491106987,False,False,False,False,False,False,False
random_ruehl_mask,mixed,186,270920446,66,LEFT,LEFT,0.08074997458606958,False,False,False,False,False,False,False
random_ruehl_mask,mixed,186,270920446,67,WAIT,WAIT,0.059125013649463654,False,False,False,False,False,False,False
random_ruehl_mask,mixed,186,270920446,68,LEFT,LEFT,0.04891701973974705,False,False,False,False,False,False,False
random_ruehl_mask,mixed,186,270920446,69,LEFT,LEFT,0.0819170381873846,False,False,False,False,False,False,True
random_ruehl_mask,mixed,186,270920446,70,BOMB,BOMB,0.0789170153439045,False,False,False,True,False,False,True
random_ruehl_mask,mixed,186,270920446,71,LEFT,LEFT,0.03504101186990738,False,True,True,False,False,False,True
random_ruehl_mask,mixed,186,270920446,72,LEFT,LEFT,0.03554206341505051,False,False,False,False,False,False,True
random_ruehl_mask,mixed,186,270920446,73,RIGHT,RIGHT,0.0600829953327775,False,False,False,False,False,False,True
random_ruehl_mask,mixed,186,270920446,74,LEFT,LEFT,0.05241704639047384,False,False,False,False,False,False,True
random_ruehl_mask,mixed,187,270920447,1,LEFT,LEFT,0.10208296589553356,False,True,False,False,False,False,False
random_ruehl_mask,mixed,187,270920447,2,BOMB,BOMB,0.07633306086063385,False,False,False,True,False,False,False
random_ruehl_mask,mixed,187,270920447,3,RIGHT,RIGHT,0.0392089132219553,False,False,False,False,False,False,False
random_ruehl_mask,mixed,187,270920447,4,DOWN,DOWN,0.037792022339999676,False,False,False,False,False,False,False
random_ruehl_mask,mixed,187,270920447,5,WAIT,WAIT,0.05795806646347046,False,False,False,False,False,False,False
random_ruehl_mask,mixed,187,270920447,6,WAIT,WAIT,0.05670893006026745,False,False,False,False,False,False,False
random_ruehl_mask,mixed,187,270920447,7,WAIT,WAIT,0.07204199209809303,False,False,False,False,False,False,False
random_ruehl_mask,mixed,187,270920447,8,UP,UP,0.05545793101191521,False,False,False,False,False,False,False
random_ruehl_mask,mixed,187,270920447,9,DOWN,DOWN,0.08866691496223211,False,False,False,False,False,False,False
random_ruehl_mask,mixed,187,270920447,10,WAIT,WAIT,0.0679579097777605,False,False,False,False,False,False,False
random_ruehl_mask,mixed,187,270920447,11,BOMB,BOMB,0.06724998820573092,False,True,False,True,False,False,False
random_ruehl_mask,mixed,187,270920447,12,UP,UP,0.037958030588924885,False,False,False,False,False,False,False
random_ruehl_mask,mixed,187,270920447,13,WAIT,WAIT,0.07612502668052912,False,False,False,False,False,False,False
random_ruehl_mask,mixed,187,270920447,14,LEFT,LEFT,0.06074993871152401,False,False,False,False,False,False,False
random_ruehl_mask,mixed,187,270920447,15,LEFT,LEFT,0.06229104474186897,False,False,False,False,False,False,False
random_ruehl_mask,mixed,187,270920447,16,DOWN,DOWN,0.0415419926866889,False,False,False,False,False,False,False
random_ruehl_mask,mixed,187,270920447,17,WAIT,WAIT,0.04354189150035381,False,False,False,False,False,False,False
random_ruehl_mask,mixed,187,270920447,18,WAIT,WAIT,0.06983405910432339,False,False,False,False,False,False,False
random_ruehl_mask,mixed,187,270920447,19,WAIT,WAIT,0.09674998000264168,False,False,False,False,False,False,False
random_ruehl_mask,mixed,187,270920447,20,BOMB,BOMB,0.0831669894978404,False,False,False,True,False,False,False
random_ruehl_mask,mixed,187,270920447,21,UP,UP,0.09308301378041506,False,True,False,False,False,False,False
random_ruehl_mask,mixed,187,270920447,22,RIGHT,RIGHT,0.06116693839430809,False,False,False,False,False,False,False
random_ruehl_mask,mixed,187,270920447,23,WAIT,WAIT,0.05745899397879839,False,False,False,False,False,False,False
random_ruehl_mask,mixed,187,270920447,24,WAIT,WAIT,0.04424992948770523,False,False,False,False,False,False,False
random_ruehl_mask,mixed,187,270920447,25,WAIT,WAIT,0.04070799332112074,False,False,False,False,False,False,False
random_ruehl_mask,mixed,187,270920447,26,WAIT,WAIT,0.0351249473169446,False,False,False,False,False,False,False
random_ruehl_mask,mixed,187,270920447,27,WAIT,WAIT,0.04891701973974705,False,False,False,False,False,False,False
random_ruehl_mask,mixed,187,270920447,28,RIGHT,RIGHT,0.04650000482797623,False,False,False,False,False,False,False
random_ruehl_mask,mixed,187,270920447,29,LEFT,LEFT,0.06191595457494259,False,False,False,False,False,False,False
random_ruehl_mask,mixed,187,270920447,30,LEFT,LEFT,0.06379198748618364,False,False,False,False,False,False,False
random_ruehl_mask,mixed,187,270920447,31,DOWN,DOWN,0.10287505574524403,False,True,False,False,False,False,False
random_ruehl_mask,mixed,187,270920447,32,DOWN,DOWN,0.0778749817982316,False,False,False,False,False,False,False
random_ruehl_mask,mixed,187,270920447,33,DOWN,DOWN,0.09062502067536116,False,False,False,False,False,False,False
random_ruehl_mask,mixed,187,270920447,34,UP,UP,0.07062498480081558,False,False,False,False,False,False,False
random_ruehl_mask,mixed,187,270920447,35,UP,UP,0.0779579859226942,False,False,False,False,False,False,False
random_ruehl_mask,mixed,187,270920447,36,DOWN,DOWN,0.06420793943107128,False,False,False,False,False,False,False
random_ruehl_mask,mixed,187,270920447,37,UP,UP,0.09620899800211191,False,False,False,False,False,False,False
random_ruehl_mask,mixed,187,270920447,38,DOWN,DOWN,0.05837494973093271,False,False,False,False,False,False,False
random_ruehl_mask,mixed,187,270920447,39,DOWN,DOWN,0.09995803702622652,False,False,False,False,False,False,False
random_ruehl_mask,mixed,187,270920447,40,DOWN,DOWN,0.09120895992964506,False,False,False,False,False,False,False
random_ruehl_mask,mixed,187,270920447,41,UP,UP,0.093833077698946,False,True,False,False,False,False,False
random_ruehl_mask,mixed,187,270920447,42,BOMB,BOMB,0.07279205601662397,False,False,False,True,False,False,False
random_ruehl_mask,mixed,187,270920447,43,DOWN,DOWN,0.034958007745444775,False,False,False,False,False,False,False
random_ruehl_mask,mixed,187,270920447,44,WAIT,WAIT,0.03424996975809336,False,False,False,False,False,False,False
random_ruehl_mask,mixed,187,270920447,45,RIGHT,RIGHT,0.061542028561234474,False,False,False,False,False,False,False
random_ruehl_mask,mixed,187,270920447,46,RIGHT,RIGHT,0.04966696724295616,False,False,False,False,False,False,False
random_ruehl_mask,mixed,187,270920447,47,LEFT,LEFT,0.06324995774775743,False,False,False,False,False,False,False
random_ruehl_mask,mixed,187,270920447,48,WAIT,WAIT,0.04900002386420965,False,False,False,False,False,False,False
random_ruehl_mask,mixed,187,270920447,49,BOMB,BOMB,0.08416594937443733,False,False,False,True,False,False,False
random_ruehl_mask,mixed,187,270920447,50,LEFT,LEFT,0.0452499371021986,False,False,False,False,False,False,False
random_ruehl_mask,mixed,187,270920447,51,DOWN,DOWN,0.041917082853615284,False,True,False,False,False,False,False
random_ruehl_mask,mixed,187,270920447,52,DOWN,DOWN,0.06508396472781897,False,False,False,False,False,False,False
random_ruehl_mask,mixed,187,270920447,53,UP,UP,0.0617089681327343,False,False,False,False,False,False,False
random_ruehl_mask,mixed,187,270920447,54,DOWN,DOWN,0.04650000482797623,False,False,False,False,False,False,False
random_ruehl_mask,mixed,187,270920447,55,WAIT,WAIT,0.03658293280750513,False,False,False,False,False,False,False
random_ruehl_mask,mixed,187,270920447,56,UP,UP,0.1236660173162818,False,False,False,False,False,False,True
random_ruehl_mask,mixed,187,270920447,57,BOMB,BOMB,0.08254195563495159,False,False,False,True,False,False,True
random_ruehl_mask,mixed,187,270920447,58,DOWN,DOWN,0.040334067307412624,False,False,False,False,False,False,True
random_ruehl_mask,mixed,187,270920447,59,WAIT,WAIT,0.03645906690508127,False,False,False,False,False,False,True
random_ruehl_mask,mixed,187,270920447,60,WAIT,WAIT,0.07341708987951279,False,False,False,False,False,False,True
random_ruehl_mask,mixed,187,270920447,61,WAIT,WAIT,0.07641606498509645,False,False,False,False,False,False,True
random_ruehl_mask,mixed,188,270920448,1,RIGHT,RIGHT,0.10558392386883497,False,True,False,False,False,False,False
random_ruehl_mask,mixed,188,270920448,2,LEFT,LEFT,0.07604202255606651,False,False,False,False,False,False,False
random_ruehl_mask,mixed,188,270920448,3,BOMB,BOMB,0.07150007877498865,False,False,False,True,False,False,False
random_ruehl_mask,mixed,188,270920448,4,UP,UP,0.0351249473169446,False,False,False,False,False,False,False
random_ruehl_mask,mixed,188,270920448,5,UP,UP,0.0475000124424696,False,False,False,False,False,False,False
random_ruehl_mask,mixed,188,270920448,6,RIGHT,RIGHT,0.09291700553148985,False,False,False,False,False,False,False
random_ruehl_mask,mixed,188,270920448,7,WAIT,WAIT,0.06912497337907553,False,False,False,False,False,False,False
random_ruehl_mask,mixed,188,270920448,8,WAIT,WAIT,0.054541975259780884,False,False,False,False,False,False,False
random_ruehl_mask,mixed,188,270920448,9,WAIT,WAIT,0.03574998117983341,False,False,False,False,False,False,False
random_ruehl_mask,mixed,188,270920448,10,BOMB,BOMB,0.06845803000032902,False,False,False,True,False,False,False
random_ruehl_mask,mixed,188,270920448,11,LEFT,LEFT,0.035208999179303646,False,True,False,False,False,False,False
random_ruehl_mask,mixed,188,270920448,12,WAIT,WAIT,0.056541990488767624,False,False,False,False,False,False,False
random_ruehl_mask,mixed,188,270920448,13,UP,UP,0.060125021263957024,False,False,False,False,False,False,False
random_ruehl_mask,mixed,188,270920448,14,WAIT,WAIT,0.05979207344353199,False,False,False,False,False,False,False
random_ruehl_mask,mixed,188,270920448,15,WAIT,WAIT,0.055458047427237034,False,False,False,False,False,False,False
random_ruehl_mask,mixed,188,270920448,16,WAIT,WAIT,0.05379202775657177,False,False,False,False,False,False,False
random_ruehl_mask,mixed,188,270920448,17,WAIT,WAIT,0.06858306005597115,False,False,False,False,False,False,False
random_ruehl_mask,mixed,188,270920448,18,DOWN,DOWN,0.06366707384586334,False,False,False,False,False,False,False
random_ruehl_mask,mixed,188,270920448,19,RIGHT,RIGHT,0.08479098323732615,False,False,False,False,False,False,False
random_ruehl_mask,mixed,188,270920448,20,LEFT,LEFT,0.08450006134808064,False,False,False,False,False,False,False
random_ruehl_mask,mixed,188,270920448,21,DOWN,DOWN,0.0981249613687396,False,True,False,False,False,False,False
random_ruehl_mask,mixed,188,270920448,22,DOWN,DOWN,0.09104202035814524,False,False,False,False,False,False,False
random_ruehl_mask,mixed,188,270920448,23,UP,UP,0.0629170099273324,False,False,False,False,False,False,False
random_ruehl_mask,mixed,188,270920448,24,DOWN,DOWN,0.08379202336072922,False,False,False,False,False,False,False
random_ruehl_mask,mixed,188,270920448,25,WAIT,WAIT,0.06087496876716614,False,False,False,False,False,False,False
random_ruehl_mask,mixed,188,270920448,26,WAIT,WAIT,0.05291705019772053,False,False,False,False,False,False,False
random_ruehl_mask,mixed,188,270920448,27,WAIT,WAIT,0.04954205360263586,False,False,False,False,False,False,False
random_ruehl_mask,mixed,188,270920448,28,UP,UP,0.05050003528594971,False,False,False,False,False,False,False
random_ruehl_mask,mixed,188,270920448,29,UP,UP,0.10549998842179775,False,False,False,False,False,False,False
random_ruehl_mask,mixed,188,270920448,30,RIGHT,RIGHT,0.1293340465053916,False,False,False,False,False,False,False
random_ruehl_mask,mixed,188,270920448,31,LEFT,LEFT,0.07437507156282663,False,True,False,False,False,False,False
random_ruehl_mask,mixed,188,270920448,32,RIGHT,RIGHT,0.11270795948803425,False,False,False,False,False,False,False
random_ruehl_mask,mixed,188,270920448,33,RIGHT,RIGHT,0.04937499761581421,False,False,False,False,False,False,False
random_ruehl_mask,mixed,188,270920448,34,WAIT,WAIT,0.08091703057289124,False,False,False,False,False,False,False
random_ruehl_mask,mixed,188,270920448,35,WAIT,WAIT,0.09562494233250618,False,False,False,False,False,False,True
random_ruehl_mask,mixed,188,270920448,36,BOMB,BOMB,0.08329201955348253,False,False,False,True,False,False,True
random_ruehl_mask,mixed,188,270920448,37,RIGHT,RIGHT,0.05000003147870302,False,False,False,False,False,False,True
random_ruehl_mask,mixed,188,270920448,38,WAIT,WAIT,0.06137497257441282,False,False,False,False,False,False,True
random_ruehl_mask,mixed,188,270920448,39,WAIT,WAIT,0.06799993570894003,False,False,False,False,False,False,True
random_ruehl_mask,mixed,188,270920448,40,WAIT,WAIT,0.057875062339007854,False,False,False,False,False,False,True
random_ruehl_mask,mixed,189,270920449,1,UP,UP,0.10924995876848698,False,True,False,False,False,False,False
random_ruehl_mask,mixed,189,270920449,2,BOMB,BOMB,0.07762503810226917,False,False,False,True,False,False,False
random_ruehl_mask,mixed,189,270920449,3,DOWN,DOWN,0.03854196984320879,False,False,False,False,False,False,False
random_ruehl_mask,mixed,189,270920449,4,WAIT,WAIT,0.06400002166628838,False,False,False,False,False,False,False
random_ruehl_mask,mixed,189,270920449,5,RIGHT,RIGHT,0.05833292379975319,False,False,False,False,False,False,False
random_ruehl_mask,mixed,189,270920449,6,WAIT,WAIT,0.05616608541458845,False,False,False,False,False,False,False
random_ruehl_mask,mixed,189,270920449,7,WAIT,WAIT,0.05112495273351669,False,False,False,False,False,False,False
random_ruehl_mask,mixed,189,270920449,8,WAIT,WAIT,0.053582945838570595,False,False,False,False,False,False,False
random_ruehl_mask,mixed,189,270920449,9,RIGHT,RIGHT,0.08112506475299597,False,False,False,False,False,False,False
random_ruehl_mask,mixed,189,270920449,10,BOMB,BOMB,0.07629196625202894,False,False,False,True,False,False,False
random_ruehl_mask,mixed,189,270920449,11,LEFT,LEFT,0.038125086575746536,False,True,False,False,False,False,False
random_ruehl_mask,mixed,189,270920449,12,WAIT,WAIT,0.048042042180895805,False,False,False,False,False,False,False
random_ruehl_mask,mixed,189,270920449,13,LEFT,LEFT,0.08445803541690111,False,False,False,False,False,False,False
random_ruehl_mask,mixed,189,270920449,14,UP,UP,0.06916699931025505,False,False,False,False,False,False,False
random_ruehl_mask,mixed,189,270920449,15,UP,UP,0.06837502587586641,False,False,False,False,False,False,False
random_ruehl_mask,mixed,189,270920449,16,UP,UP,0.039166887290775776,False,False,False,False,False,False,False
random_ruehl_mask,mixed,189,270920449,17,WAIT,WAIT,0.0790000194683671,False,False,False,False,False,False,False
random_ruehl_mask,mixed,189,270920449,18,UP,UP,0.07654190994799137,False,False,False,False,False,False,False
random_ruehl_mask,mixed,189,270920449,19,DOWN,DOWN,0.0742500415071845,False,False,False,False,False,False,False
random_ruehl_mask,mixed,189,270920449,20,UP,UP,0.07620896212756634,False,False,False,False,False,False,False
random_ruehl_mask,mixed,189,270920449,21,WAIT,WAIT,0.08895795326679945,False,True,False,False,False,False,False
random_ruehl_mask,mixed,189,270920449,22,DOWN,DOWN,0.11274998541921377,False,False,False,False,False,False,False
random_ruehl_mask,mixed,189,270920449,23,DOWN,DOWN,0.12804195284843445,False,False,False,False,False,False,False
random_ruehl_mask,mixed,189,270920449,24,WAIT,WAIT,0.09962508920580149,False,False,False,False,False,False,False
random_ruehl_mask,mixed,189,270920449,25,WAIT,WAIT,0.0914169941097498,False,False,False,False,False,False,False
random_ruehl_mask,mixed,189,270920449,26,UP,UP,0.08033390622586012,False,False,False,False,False,False,False
random_ruehl_mask,mixed,189,270920449,27,DOWN,DOWN,0.07762492168694735,False,False,False,False,False,False,False
random_ruehl_mask,mixed,189,270920449,28,DOWN,DOWN,0.09616697207093239,False,False,False,False,False,False,False
random_ruehl_mask,mixed,189,270920449,29,DOWN,DOWN,0.053333002142608166,False,False,False,False,False,False,False
random_ruehl_mask,mixed,189,270920449,30,UP,UP,0.06000010762363672,False,False,False,False,False,False,False
random_ruehl_mask,mixed,189,270920449,31,WAIT,WAIT,0.08274998981505632,False,True,False,False,False,False,False
random_ruehl_mask,mixed,189,270920449,32,WAIT,WAIT,0.0617919722571969,False,False,False,False,False,False,False
random_ruehl_mask,mixed,189,270920449,33,WAIT,WAIT,0.04691700451076031,False,False,False,False,False,False,False
random_ruehl_mask,mixed,189,270920449,34,DOWN,DOWN,0.05383300594985485,False,False,False,False,False,False,False
random_ruehl_mask,mixed,189,270920449,35,RIGHT,RIGHT,0.06116705480962992,False,False,False,False,False,False,False
random_ruehl_mask,mixed,189,270920449,36,WAIT,WAIT,0.056541990488767624,False,False,False,False,False,False,False
random_ruehl_mask,mixed,189,270920449,37,RIGHT,RIGHT,0.0462500611320138,False,False,False,False,False,False,False
random_ruehl_mask,mixed,189,270920449,38,UP,UP,0.04991702735424042,False,False,False,False,False,False,False
random_ruehl_mask,mixed,189,270920449,39,WAIT,WAIT,0.07920898497104645,False,False,False,False,False,False,False
random_ruehl_mask,mixed,189,270920449,40,UP,UP,0.0743749551475048,False,False,False,False,False,False,True
random_ruehl_mask,mixed,189,270920449,41,BOMB,BOMB,0.08312496356666088,False,True,False,True,False,False,True
random_ruehl_mask,mixed,189,270920449,42,UP,UP,0.047792098484933376,False,False,False,False,False,False,True
random_ruehl_mask,mixed,189,270920449,43,WAIT,WAIT,0.04133302718400955,False,False,False,False,False,False,True
random_ruehl_mask,mixed,189,270920449,44,WAIT,WAIT,0.05479203537106514,False,False,False,False,False,False,True
random_ruehl_mask,mixed,189,270920449,45,WAIT,WAIT,0.05337491165846586,False,False,False,False,False,False,True
random_ruehl_mask,mixed,190,270920450,1,WAIT,WAIT,0.10891701094806194,False,True,False,False,False,False,False
random_ruehl_mask,mixed,190,270920450,2,DOWN,DOWN,0.08654105477035046,False,False,False,False,False,False,False
random_ruehl_mask,mixed,190,270920450,3,WAIT,WAIT,0.0742500415071845,False,False,False,False,False,False,False
random_ruehl_mask,mixed,190,270920450,4,DOWN,DOWN,0.06995804142206907,False,False,False,False,False,False,False
random_ruehl_mask,mixed,190,270920450,5,WAIT,WAIT,0.08658296428620815,False,False,False,False,False,False,False
random_ruehl_mask,mixed,190,270920450,6,WAIT,WAIT,0.10762503370642662,False,False,False,False,False,False,False
random_ruehl_mask,mixed,190,270920450,7,WAIT,WAIT,0.09312503971159458,False,False,False,False,False,False,False
random_ruehl_mask,mixed,190,270920450,8,BOMB,BOMB,0.07750000804662704,False,False,False,True,False,False,False
random_ruehl_mask,mixed,190,270920450,9,UP,UP,0.03825000021606684,False,False,False,False,False,False,False
random_ruehl_mask,mixed,190,270920450,10,UP,UP,0.06570806726813316,False,False,False,False,False,False,False
random_ruehl_mask,mixed,190,270920450,11,LEFT,LEFT,0.05591707304120064,False,True,False,False,False,False,False
random_ruehl_mask,mixed,190,270920450,12,WAIT,WAIT,0.0631249276921153,False,False,False,False,False,False,False
random_ruehl_mask,mixed,190,270920450,13,WAIT,WAIT,0.06900005973875523,False,False,False,False,False,False,False
random_ruehl_mask,mixed,190,270920450,14,RIGHT,RIGHT,0.07229205220937729,False,False,False,False,False,False,True
random_ruehl_mask,mixed,190,270920450,15,BOMB,BOMB,0.09845895692706108,False,False,False,True,False,False,True
random_ruehl_mask,mixed,190,270920450,16,LEFT,LEFT,0.0362499849870801,False,False,False,False,False,False,True
random_ruehl_mask,mixed,190,270920450,17,WAIT,WAIT,0.03566697705537081,False,False,False,False,False,False,True
random_ruehl_mask,mixed,190,270920450,18,WAIT,WAIT,0.0464579788967967,False,False,False,False,False,False,True
random_ruehl_mask,mixed,190,270920450,19,WAIT,WAIT,0.06633403245359659,False,False,False,False,False,False,True
random_ruehl_mask,mixed,191,270920451,1,WAIT,WAIT,0.1026670215651393,False,True,False,False,False,False,True
random_ruehl_mask,mixed,191,270920451,2,BOMB,BOMB,0.10295899119228125,False,False,False,True,False,False,True
random_ruehl_mask,mixed,191,270920451,3,UP,UP,0.03979192115366459,False,False,False,False,False,False,True
random_ruehl_mask,mixed,191,270920451,4,WAIT,WAIT,0.03708398435264826,False,False,False,False,False,False,True
random_ruehl_mask,mixed,191,270920451,5,WAIT,WAIT,0.06220908835530281,False,False,False,False,False,False,True
random_ruehl_mask,mixed,191,270920451,6,WAIT,WAIT,0.08362496737390757,False,False,False,False,False,False,True
random_ruehl_mask,mixed,192,270920452,1,WAIT,WAIT,0.09975000284612179,False,True,False,False,False,False,False
random_ruehl_mask,mixed,192,270920452,2,WAIT,WAIT,0.07287494372576475,False,False,False,False,False,False,False
random_ruehl_mask,mixed,192,270920452,3,DOWN,DOWN,0.10195805225521326,False,False,False,False,False,False,False
random_ruehl_mask,mixed,192,270920452,4,BOMB,BOMB,0.07591606117784977,False,False,False,True,False,False,False
random_ruehl_mask,mixed,192,270920452,5,UP,UP,0.05500006955116987,False,False,False,False,False,False,False
random_ruehl_mask,mixed,192,270920452,6,RIGHT,RIGHT,0.05283299833536148,False,False,False,False,False,False,False
random_ruehl_mask,mixed,192,270920452,7,WAIT,WAIT,0.07712503429502249,False,False,False,False,False,False,False
random_ruehl_mask,mixed,192,270920452,8,WAIT,WAIT,0.050749978981912136,False,False,False,False,False,False,False
random_ruehl_mask,mixed,192,270920452,9,WAIT,WAIT,0.04449998959898949,False,False,False,False,False,False,False
random_ruehl_mask,mixed,192,270920452,10,WAIT,WAIT,0.055541982874274254,False,False,False,False,False,False,False
random_ruehl_mask,mixed,192,270920452,11,LEFT,LEFT,0.07970805745571852,False,True,False,False,False,False,False
random_ruehl_mask,mixed,192,270920452,12,DOWN,DOWN,0.08300004992634058,False,False,False,False,False,False,False
random_ruehl_mask,mixed,192,270920452,13,UP,UP,0.06962497718632221,False,False,False,False,False,False,False
random_ruehl_mask,mixed,192,270920452,14,WAIT,WAIT,0.0916249118745327,False,False,False,False,False,False,False
random_ruehl_mask,mixed,192,270920452,15,BOMB,BOMB,0.10683294385671616,False,False,False,True,False,False,False
random_ruehl_mask,mixed,192,270920452,16,DOWN,DOWN,0.03833300434052944,False,False,False,False,False,False,False
random_ruehl_mask,mixed,192,270920452,17,DOWN,DOWN,0.03524997737258673,False,False,False,False,False,False,False
random_ruehl_mask,mixed,192,270920452,18,RIGHT,RIGHT,0.04729093052446842,False,False,False,False,False,False,False
random_ruehl_mask,mixed,192,270920452,19,RIGHT,RIGHT,0.05075009539723396,False,False,False,False,False,False,False
random_ruehl_mask,mixed,192,270920452,20,LEFT,LEFT,0.05670799873769283,False,False,False,False,False,False,False
random_ruehl_mask,mixed,192,270920452,21,LEFT,LEFT,0.0576250022277236,False,True,False,False,False,False,False
random_ruehl_mask,mixed,192,270920452,22,DOWN,DOWN,0.08983304724097252,False,False,False,False,False,False,False
random_ruehl_mask,mixed,192,270920452,23,DOWN,DOWN,0.06500002928078175,False,False,False,False,False,False,False
random_ruehl_mask,mixed,192,270920452,24,WAIT,WAIT,0.08649996016174555,False,False,False,False,False,False,False
random_ruehl_mask,mixed,192,270920452,25,UP,UP,0.0803329749032855,False,False,False,False,False,False,False
random_ruehl_mask,mixed,192,270920452,26,UP,UP,0.06075005512684584,False,False,False,False,False,False,False
random_ruehl_mask,mixed,192,270920452,27,WAIT,WAIT,0.05733408033847809,False,False,False,False,False,False,False
random_ruehl_mask,mixed,192,270920452,28,WAIT,WAIT,0.0527920201420784,False,False,False,False,False,False,False
random_ruehl_mask,mixed,192,270920452,29,WAIT,WAIT,0.04924996756017208,False,False,False,False,False,False,False
random_ruehl_mask,mixed,192,270920452,30,UP,UP,0.06466696504503489,False,False,False,False,False,False,False
random_ruehl_mask,mixed,192,270920452,31,DOWN,DOWN,0.05845900159329176,False,True,False,False,False,False,False
random_ruehl_mask,mixed,192,270920452,32,UP,UP,0.05975004751235247,False,False,False,False,False,False,False
random_ruehl_mask,mixed,192,270920452,33,UP,UP,0.053875031881034374,False,False,False,False,False,False,False
random_ruehl_mask,mixed,192,270920452,34,RIGHT,RIGHT,0.07329205982387066,False,False,False,False,False,False,False
random_ruehl_mask,mixed,192,270920452,35,WAIT,WAIT,0.08566700853407383,False,False,False,False,False,False,False
random_ruehl_mask,mixed,192,270920452,36,LEFT,LEFT,0.08495792280882597,False,False,False,False,False,False,False
random_ruehl_mask,mixed,192,270920452,37,DOWN,DOWN,0.06104202475398779,False,False,False,False,False,False,False
random_ruehl_mask,mixed,192,270920452,38,DOWN,DOWN,0.07220800034701824,False,False,False,False,False,False,False
random_ruehl_mask,mixed,192,270920452,39,WAIT,WAIT,0.05645793862640858,False,False,False,False,False,False,False
random_ruehl_mask,mixed,192,270920452,40,WAIT,WAIT,0.05491694901138544,False,False,False,False,False,False,False
random_ruehl_mask,mixed,192,270920452,41,UP,UP,0.048749963752925396,False,True,False,False,False,False,False
random_ruehl_mask,mixed,192,270920452,42,UP,UP,0.05366699770092964,False,False,False,False,False,False,False
random_ruehl_mask,mixed,192,270920452,43,RIGHT,RIGHT,0.05904096178710461,False,False,False,False,False,False,False
random_ruehl_mask,mixed,192,270920452,44,WAIT,WAIT,0.08195801638066769,False,False,False,False,False,False,False
random_ruehl_mask,mixed,192,270920452,45,LEFT,LEFT,0.08045800495892763,False,False,False,False,False,False,False
random_ruehl_mask,mixed,192,270920452,46,DOWN,DOWN,0.06291596218943596,False,False,False,False,False,False,False
random_ruehl_mask,mixed,192,270920452,47,UP,UP,0.0576250022277236,False,False,False,False,False,False,False
random_ruehl_mask,mixed,192,270920452,48,WAIT,WAIT,0.06025005131959915,False,False,False,False,False,False,False
random_ruehl_mask,mixed,192,270920452,49,DOWN,DOWN,0.05012506153434515,False,False,False,False,False,False,False
random_ruehl_mask,mixed,192,270920452,50,WAIT,WAIT,0.06608304101973772,False,False,False,False,False,False,False
random_ruehl_mask,mixed,192,270920452,51,UP,UP,0.050166971050202847,False,True,False,False,False,False,False
random_ruehl_mask,mixed,192,270920452,52,DOWN,DOWN,0.056292046792805195,False,False,False,False,False,False,False
random_ruehl_mask,mixed,192,270920452,53,DOWN,DOWN,0.04950002767145634,False,False,False,False,False,False,False
random_ruehl_mask,mixed,192,270920452,54,RIGHT,RIGHT,0.06995804142206907,False,False,False,False,False,False,False
random_ruehl_mask,mixed,192,270920452,55,RIGHT,RIGHT,0.08691707625985146,False,False,False,False,False,False,False
random_ruehl_mask,mixed,192,270920452,56,UP,UP,0.10324991308152676,False,False,False,False,False,False,False
random_ruehl_mask,mixed,192,270920452,57,WAIT,WAIT,0.07370789535343647,False,False,False,False,False,False,False
random_ruehl_mask,mixed,192,270920452,58,DOWN,DOWN,0.094209099188447,False,False,False,False,False,False,False
random_ruehl_mask,mixed,192,270920452,59,RIGHT,RIGHT,0.1141249667853117,False,False,False,False,False,False,True
random_ruehl_mask,mixed,192,270920452,60,BOMB,BOMB,0.1117499778047204,False,False,False,True,False,False,True
random_ruehl_mask,mixed,192,270920452,61,LEFT,LEFT,0.07191603071987629,False,True,False,False,False,False,True
random_ruehl_mask,mixed,192,270920452,62,LEFT,LEFT,0.044332933612167835,False,False,False,False,False,False,True
random_ruehl_mask,mixed,192,270920452,63,WAIT,WAIT,0.04958396311849356,False,False,False,False,False,False,True
random_ruehl_mask,mixed,192,270920452,64,RIGHT,RIGHT,0.06674998439848423,False,False,False,False,False,False,True
random_ruehl_mask,mixed,193,270920453,1,WAIT,WAIT,0.09887502528727055,False,True,False,False,False,False,False
random_ruehl_mask,mixed,193,270920453,2,WAIT,WAIT,0.07679208647459745,False,False,False,False,False,False,False
random_ruehl_mask,mixed,193,270920453,3,LEFT,LEFT,0.09512505494058132,False,False,False,False,False,False,False
random_ruehl_mask,mixed,193,270920453,4,RIGHT,RIGHT,0.06691704038530588,False,False,False,False,False,False,False
random_ruehl_mask,mixed,193,270920453,5,WAIT,WAIT,0.09154202416539192,False,False,False,False,False,False,False
random_ruehl_mask,mixed,193,270920453,6,LEFT,LEFT,0.0837499974295497,False,False,False,False,False,False,False
random_ruehl_mask,mixed,193,270920453,7,WAIT,WAIT,0.07629208266735077,False,False,False,False,False,False,False
random_ruehl_mask,mixed,193,270920453,8,RIGHT,RIGHT,0.06320793181657791,False,False,False,False,False,False,False
random_ruehl_mask,mixed,193,270920453,9,LEFT,LEFT,0.06579200271517038,False,False,False,False,False,False,False
random_ruehl_mask,mixed,193,270920453,10,WAIT,WAIT,0.059916055761277676,False,False,False,False,False,False,False
random_ruehl_mask,mixed,193,270920453,11,BOMB,BOMB,0.08312496356666088,False,True,False,True,False,False,False
random_ruehl_mask,mixed,193,270920453,12,RIGHT,RIGHT,0.039041973650455475,False,False,False,False,False,False,False
random_ruehl_mask,mixed,193,270920453,13,WAIT,WAIT,0.05720800254493952,False,False,False,False,False,False,False
random_ruehl_mask,mixed,193,270920453,14,DOWN,DOWN,0.09708292782306671,False,False,False,False,False,False,False
random_ruehl_mask,mixed,193,270920453,15,WAIT,WAIT,0.07004197686910629,False,False,False,False,False,False,False
random_ruehl_mask,mixed,193,270920453,16,WAIT,WAIT,0.0427919439971447,False,False,False,False,False,False,False
random_ruehl_mask,mixed,193,270920453,17,WAIT,WAIT,0.036958022974431515,False,False,False,False,False,False,False
random_ruehl_mask,mixed,193,270920453,18,BOMB,BOMB,0.07191707845777273,False,False,False,True,False,False,False
random_ruehl_mask,mixed,193,270920453,19,UP,UP,0.03700004890561104,False,False,False,False,False,False,False
random_ruehl_mask,mixed,193,270920453,20,LEFT,LEFT,0.06437499541789293,False,False,False,False,False,False,False
random_ruehl_mask,mixed,193,270920453,21,LEFT,LEFT,0.06462505552917719,False,True,False,False,False,False,False
random_ruehl_mask,mixed,193,270920453,22,LEFT,LEFT,0.06429199129343033,False,False,False,False,False,False,False
random_ruehl_mask,mixed,193,270920453,23,LEFT,LEFT,0.0404169550165534,False,False,False,False,False,False,False
random_ruehl_mask,mixed,193,270920453,24,RIGHT,RIGHT,0.052165938541293144,False,False,False,False,False,False,False
random_ruehl_mask,mixed,193,270920453,25,WAIT,WAIT,0.07895904127508402,False,False,False,False,False,False,True
random_ruehl_mask,mixed,193,270920453,26,BOMB,BOMB,0.07150007877498865,False,False,False,True,False,False,True
random_ruehl_mask,mixed,193,270920453,27,LEFT,LEFT,0.03416603431105614,False,False,False,False,False,False,True
random_ruehl_mask,mixed,193,270920453,28,WAIT,WAIT,0.05949998740106821,False,False,False,False,False,False,True
random_ruehl_mask,mixed,193,270920453,29,WAIT,WAIT,0.054541975259780884,False,False,False,False,False,False,True
random_ruehl_mask,mixed,193,270920453,30,WAIT,WAIT,0.055750017054378986,False,False,False,False,False,False,True
random_ruehl_mask,mixed,194,270920454,1,LEFT,LEFT,0.0992499990388751,False,True,False,False,False,False,False
random_ruehl_mask,mixed,194,270920454,2,WAIT,WAIT,0.08150003850460052,False,False,False,False,False,False,False
random_ruehl_mask,mixed,194,270920454,3,RIGHT,RIGHT,0.06845803000032902,False,False,False,False,False,False,False
random_ruehl_mask,mixed,194,270920454,4,LEFT,LEFT,0.10133301839232445,False,False,False,False,False,False,True
random_ruehl_mask,mixed,194,270920454,5,BOMB,BOMB,0.0926669454202056,False,False,False,True,False,False,True
random_ruehl_mask,mixed,194,270920454,6,LEFT,LEFT,0.05550007335841656,False,False,False,False,False,False,True
random_ruehl_mask,mixed,194,270920454,7,WAIT,WAIT,0.04850002005696297,False,False,False,False,False,False,True
random_ruehl_mask,mixed,194,270920454,8,WAIT,WAIT,0.07612502668052912,False,False,False,False,False,False,True
random_ruehl_mask,mixed,194,270920454,9,WAIT,WAIT,0.047874986194074154,False,False,False,False,False,False,True
random_ruehl_mask,mixed,195,270920455,1,WAIT,WAIT,0.10795798152685165,False,True,False,False,False,False,False
random_ruehl_mask,mixed,195,270920455,2,WAIT,WAIT,0.08233299013227224,False,False,False,False,False,False,False
random_ruehl_mask,mixed,195,270920455,3,LEFT,LEFT,0.07558299694210291,False,False,False,False,False,False,False
random_ruehl_mask,mixed,195,270920455,4,WAIT,WAIT,0.06829097401350737,False,False,False,False,False,False,False
random_ruehl_mask,mixed,195,270920455,5,BOMB,BOMB,0.08679204620420933,False,False,False,True,False,False,False
random_ruehl_mask,mixed,195,270920455,6,RIGHT,RIGHT,0.07670803461223841,False,False,False,False,False,False,False
random_ruehl_mask,mixed,195,270920455,7,UP,UP,0.054958974942564964,False,False,False,False,False,False,False
random_ruehl_mask,mixed,195,270920455,8,WAIT,WAIT,0.04841701593250036,False,False,False,False,False,False,False
random_ruehl_mask,mixed,195,270920455,9,WAIT,WAIT,0.059582991525530815,False,False,False,False,False,False,False
random_ruehl_mask,mixed,195,270920455,10,WAIT,WAIT,0.04891701973974705,False,False,False,False,False,False,False
random_ruehl_mask,mixed,195,270920455,11,DOWN,DOWN,0.03845791798084974,False,True,False,False,False,False,False
random_ruehl_mask,mixed,195,270920455,12,WAIT,WAIT,0.08437491487711668,False,False,False,False,False,False,False
random_ruehl_mask,mixed,195,270920455,13,BOMB,BOMB,0.0904579646885395,False,False,False,True,False,False,False
random_ruehl_mask,mixed,195,270920455,14,LEFT,LEFT,0.07729197386652231,False,False,False,False,False,False,False
random_ruehl_mask,mixed,195,270920455,15,LEFT,LEFT,0.0540000619366765,False,False,False,False,False,False,False
random_ruehl_mask,mixed,195,270920455,16,LEFT,LEFT,0.04920794162899256,False,False,False,False,False,False,False
random_ruehl_mask,mixed,195,270920455,17,LEFT,LEFT,0.04662491846829653,False,False,False,False,False,False,False
random_ruehl_mask,mixed,195,270920455,18,WAIT,WAIT,0.04454096779227257,False,False,False,False,False,False,False
random_ruehl_mask,mixed,195,270920455,19,UP,UP,0.06433401722460985,False,False,False,False,False,False,False
random_ruehl_mask,mixed,195,270920455,20,WAIT,WAIT,0.08575001265853643,False,False,False,False,False,False,False
random_ruehl_mask,mixed,195,270920455,21,BOMB,BOMB,0.0765420263633132,False,True,False,True,False,False,False
random_ruehl_mask,mixed,195,270920455,22,DOWN,DOWN,0.048083020374178886,False,False,False,False,False,False,False
random_ruehl_mask,mixed,195,270920455,23,RIGHT,RIGHT,0.03583403304219246,False,False,False,False,False,False,False
random_ruehl_mask,mixed,195,270920455,24,WAIT,WAIT,0.04195899236947298,False,False,False,False,False,False,False
random_ruehl_mask,mixed,195,270920455,25,WAIT,WAIT,0.06162503268569708,False,False,False,False,False,False,False
random_ruehl_mask,mixed,195,270920455,26,RIGHT,RIGHT,0.06304099224507809,False,False,False,False,False,False,False
random_ruehl_mask,mixed,195,270920455,27,WAIT,WAIT,0.044792075641453266,False,False,False,False,False,False,False
random_ruehl_mask,mixed,195,270920455,28,RIGHT,RIGHT,0.09008403867483139,False,False,False,False,False,False,False
random_ruehl_mask,mixed,195,270920455,29,RIGHT,RIGHT,0.05825003609061241,False,False,False,False,False,False,False
random_ruehl_mask,mixed,195,270920455,30,UP,UP,0.07349997758865356,False,False,False,False,False,False,False
random_ruehl_mask,mixed,195,270920455,31,DOWN,DOWN,0.08779100608080626,False,True,False,False,False,False,False
random_ruehl_mask,mixed,195,270920455,32,WAIT,WAIT,0.05616701673716307,False,False,False,False,False,False,False
random_ruehl_mask,mixed,195,270920455,33,UP,UP,0.05583302117884159,False,False,False,False,False,False,False
random_ruehl_mask,mixed,195,270920455,34,BOMB,BOMB,0.08516700472682714,False,False,False,True,False,False,False
random_ruehl_mask,mixed,195,270920455,35,DOWN,DOWN,0.03895896952599287,False,False,False,False,False,False,False
random_ruehl_mask,mixed,195,270920455,36,WAIT,WAIT,0.04679197445511818,False,False,False,False,False,False,False
random_ruehl_mask,mixed,195,270920455,37,LEFT,LEFT,0.0541249755769968,False,False,False,False,False,False,False
random_ruehl_mask,mixed,195,270920455,38,WAIT,WAIT,0.06216706242412329,False,False,False,False,False,False,False
random_ruehl_mask,mixed,195,270920455,39,LEFT,LEFT,0.04183303099125624,False,False,False,False,False,False,False
random_ruehl_mask,mixed,195,270920455,40,LEFT,LEFT,0.03516708966344595,False,False,False,False,False,False,False
random_ruehl_mask,mixed,195,270920455,41,WAIT,WAIT,0.049666035920381546,False,True,False,False,False,False,False
random_ruehl_mask,mixed,195,270920455,42,RIGHT,RIGHT,0.06754195783287287,False,False,False,False,False,False,False
random_ruehl_mask,mixed,195,270920455,43,WAIT,WAIT,0.08549995254725218,False,False,False,False,False,False,True
random_ruehl_mask,mixed,195,270920455,44,BOMB,BOMB,0.1396250445395708,False,False,False,True,False,False,True
random_ruehl_mask,mixed,195,270920455,45,LEFT,LEFT,0.0844169408082962,False,False,False,False,False,False,True
random_ruehl_mask,mixed,195,270920455,46,WAIT,WAIT,0.06433296948671341,False,False,False,False,False,False,True
random_ruehl_mask,mixed,195,270920455,47,WAIT,WAIT,0.06020802538841963,False,False,False,False,False,False,True
random_ruehl_mask,mixed,195,270920455,48,WAIT,WAIT,0.045749940909445286,False,False,False,False,False,False,True
random_ruehl_mask,mixed,196,270920456,1,LEFT,LEFT,0.10237505193799734,False,True,False,False,False,False,False
random_ruehl_mask,mixed,196,270920456,2,RIGHT,RIGHT,0.09337498340755701,False,False,False,False,False,False,False
random_ruehl_mask,mixed,196,270920456,3,UP,UP,0.10470906272530556,False,False,False,False,False,False,False
random_ruehl_mask,mixed,196,270920456,4,WAIT,WAIT,0.07800001185387373,False,False,False,False,False,False,False
random_ruehl_mask,mixed,196,270920456,5,BOMB,BOMB,0.07800001185387373,False,False,False,True,False,False,False
random_ruehl_mask,mixed,196,270920456,6,DOWN,DOWN,0.07808301597833633,False,False,False,False,False,False,False
random_ruehl_mask,mixed,196,270920456,7,LEFT,LEFT,0.07299997378140688,False,False,False,False,False,False,False
random_ruehl_mask,mixed,196,270920456,8,WAIT,WAIT,0.06208301056176424,False,False,False,False,False,False,False
random_ruehl_mask,mixed,196,270920456,9,WAIT,WAIT,0.06754102651029825,False,False,False,False,False,False,False
random_ruehl_mask,mixed,196,270920456,10,WAIT,WAIT,0.07545808330178261,False,False,False,False,False,False,False
random_ruehl_mask,mixed,196,270920456,11,WAIT,WAIT,0.06845803000032902,False,True,False,False,False,False,False
random_ruehl_mask,mixed,196,270920456,12,RIGHT,RIGHT,0.08083297871053219,False,False,False,False,False,False,False
random_ruehl_mask,mixed,196,270920456,13,LEFT,LEFT,0.12625008821487427,False,False,False,False,False,False,False
random_ruehl_mask,mixed,196,270920456,14,BOMB,BOMB,0.10975007899105549,False,False,False,True,False,False,False
random_ruehl_mask,mixed,196,270920456,15,RIGHT,RIGHT,0.07129204459488392,False,False,False,False,False,False,False
random_ruehl_mask,mixed,196,270920456,16,UP,UP,0.043749925680458546,False,False,False,False,False,False,False
random_ruehl_mask,mixed,196,270920456,17,UP,UP,0.07070903666317463,False,False,False,False,False,False,False
random_ruehl_mask,mixed,196,270920456,18,DOWN,DOWN,0.05925004370510578,False,False,False,False,False,False,False
random_ruehl_mask,mixed,196,270920456,19,WAIT,WAIT,0.04987488500773907,False,False,False,False,False,False,False
random_ruehl_mask,mixed,196,270920456,20,DOWN,DOWN,0.062333070673048496,False,False,False,False,False,False,False
random_ruehl_mask,mixed,196,270920456,21,WAIT,WAIT,0.08029094897210598,False,True,False,False,False,False,False
random_ruehl_mask,mixed,196,270920456,22,UP,UP,0.0706670107319951,False,False,False,False,False,False,False
random_ruehl_mask,mixed,196,270920456,23,DOWN,DOWN,0.09095901623368263,False,False,False,False,False,False,False
random_ruehl_mask,mixed,196,270920456,24,LEFT,LEFT,0.06287498399615288,False,False,False,False,False,False,False
random_ruehl_mask,mixed,196,270920456,25,WAIT,WAIT,0.0742919510230422,False,False,False,False,False,False,False
random_ruehl_mask,mixed,196,270920456,26,WAIT,WAIT,0.06004201713949442,False,False,False,False,False,False,False
random_ruehl_mask,mixed,196,270920456,27,LEFT,LEFT,0.053165946155786514,False,False,False,False,False,False,False
random_ruehl_mask,mixed,196,270920456,28,RIGHT,RIGHT,0.09662494994699955,False,False,False,False,False,False,False
random_ruehl_mask,mixed,196,270920456,29,RIGHT,RIGHT,0.059999991208314896,False,False,False,False,False,False,False
random_ruehl_mask,mixed,196,270920456,30,UP,UP,0.06862496957182884,False,False,False,False,False,False,False
random_ruehl_mask,mixed,196,270920456,31,UP,UP,0.05679205060005188,False,True,False,False,False,False,False
random_ruehl_mask,mixed,196,270920456,32,BOMB,BOMB,0.09841599967330694,False,False,False,True,False,False,False
random_ruehl_mask,mixed,196,270920456,33,DOWN,DOWN,0.03741693217307329,False,False,False,False,False,False,False
random_ruehl_mask,mixed,196,270920456,34,DOWN,DOWN,0.03545801155269146,False,False,False,False,False,False,False
random_ruehl_mask,mixed,196,270920456,35,LEFT,LEFT,0.04695798270404339,False,False,False,False,False,False,False
random_ruehl_mask,mixed,196,270920456,36,WAIT,WAIT,0.04829210229218006,False,False,False,False,False,False,False
random_ruehl_mask,mixed,196,270920456,37,WAIT,WAIT,0.06016704719513655,False,False,False,False,False,False,False
random_ruehl_mask,mixed,196,270920456,38,WAIT,WAIT,0.0594588927924633,False,False,False,False,False,False,False
random_ruehl_mask,mixed,196,270920456,39,WAIT,WAIT,0.060542020946741104,False,False,False,False,False,False,False
random_ruehl_mask,mixed,196,270920456,40,WAIT,WAIT,0.06308394949883223,False,False,False,False,False,False,False
random_ruehl_mask,mixed,196,270920456,41,RIGHT,RIGHT,0.07754203397780657,False,True,False,False,False,False,False
random_ruehl_mask,mixed,196,270920456,42,UP,UP,0.08241704199463129,False,False,False,False,False,False,False
random_ruehl_mask,mixed,196,270920456,43,UP,UP,0.06316707003861666,False,False,False,False,False,False,False
random_ruehl_mask,mixed,196,270920456,44,WAIT,WAIT,0.060582999140024185,False,False,False,False,False,False,False
random_ruehl_mask,mixed,196,270920456,45,UP,UP,0.059416983276605606,False,False,False,False,False,False,False
random_ruehl_mask,mixed,196,270920456,46,DOWN,DOWN,0.10179099626839161,False,False,False,False,False,False,False
random_ruehl_mask,mixed,196,270920456,47,WAIT,WAIT,0.09304191917181015,False,False,False,False,False,False,False
random_ruehl_mask,mixed,196,270920456,48,UP,UP,0.0740840332582593,False,False,False,False,False,False,False
random_ruehl_mask,mixed,196,270920456,49,DOWN,DOWN,0.1128750154748559,False,False,False,False,False,False,False
random_ruehl_mask,mixed,196,270920456,50,WAIT,WAIT,0.06566697265952826,False,False,False,False,False,False,False
random_ruehl_mask,mixed,196,270920456,51,DOWN,DOWN,0.05324999801814556,False,True,False,False,False,False,False
random_ruehl_mask,mixed,196,270920456,52,UP,UP,0.04975008778274059,False,False,False,False,False,False,False
random_ruehl_mask,mixed,196,270920456,53,UP,UP,0.050666043534874916,False,False,False,False,False,False,True
random_ruehl_mask,mixed,196,270920456,54,BOMB,BOMB,0.08654198609292507,False,False,False,True,False,False,True
random_ruehl_mask,mixed,196,270920456,55,UP,UP,0.060999998822808266,False,False,False,False,False,False,True
random_ruehl_mask,mixed,196,270920456,56,WAIT,WAIT,0.05095789674669504,False,False,False,False,False,False,True
random_ruehl_mask,mixed,196,270920456,57,UP,UP,0.05133403465151787,False,False,False,False,False,False,True
random_ruehl_mask,mixed,196,270920456,58,DOWN,DOWN,0.0467090867459774,False,False,False,False,False,False,True
random_ruehl_mask,mixed,197,270920457,1,WAIT,WAIT,0.10708393529057503,False,True,False,False,False,False,False
random_ruehl_mask,mixed,197,270920457,2,UP,UP,0.08058303501456976,False,False,False,False,False,False,False
random_ruehl_mask,mixed,197,270920457,3,BOMB,BOMB,0.07083290256559849,False,False,False,True,False,False,False
random_ruehl_mask,mixed,197,270920457,4,DOWN,DOWN,0.038209022022783756,False,False,False,False,False,False,False
random_ruehl_mask,mixed,197,270920457,5,RIGHT,RIGHT,0.04720792640000582,False,False,False,False,False,False,False
random_ruehl_mask,mixed,197,270920457,6,WAIT,WAIT,0.06145797669887543,False,False,False,False,False,False,False
random_ruehl_mask,mixed,197,270920457,7,WAIT,WAIT,0.05949998740106821,False,False,False,False,False,False,False
random_ruehl_mask,mixed,197,270920457,8,WAIT,WAIT,0.049208989366889,False,False,False,False,False,False,False
random_ruehl_mask,mixed,197,270920457,9,LEFT,LEFT,0.03474997356534004,False,False,False,False,False,False,True
random_ruehl_mask,mixed,197,270920457,10,BOMB,BOMB,0.14012493193149567,False,False,False,True,False,False,True
random_ruehl_mask,mixed,197,270920457,11,UP,UP,0.051875016652047634,False,True,False,False,False,False,True
random_ruehl_mask,mixed,197,270920457,12,WAIT,WAIT,0.04529103171080351,False,False,False,False,False,False,True
random_ruehl_mask,mixed,197,270920457,13,WAIT,WAIT,0.059458077885210514,False,False,False,False,False,False,True
random_ruehl_mask,mixed,197,270920457,14,UP,UP,0.06316707003861666,False,False,False,False,False,False,True
random_ruehl_mask,mixed,198,270920458,1,WAIT,WAIT,0.10841700714081526,False,True,False,False,False,False,False
random_ruehl_mask,mixed,198,270920458,2,DOWN,DOWN,0.0967920059338212,False,False,False,False,False,False,False
random_ruehl_mask,mixed,198,270920458,3,BOMB,BOMB,0.0767499441280961,False,False,False,True,False,False,False
random_ruehl_mask,mixed,198,270920458,4,UP,UP,0.03887503407895565,False,False,False,False,False,False,False
random_ruehl_mask,mixed,198,270920458,5,WAIT,WAIT,0.054582953453063965,False,False,False,False,False,False,False
random_ruehl_mask,mixed,198,270920458,6,RIGHT,RIGHT,0.06125005893409252,False,False,False,False,False,False,False
random_ruehl_mask,mixed,198,270920458,7,RIGHT,RIGHT,0.05537504330277443,False,False,False,False,False,False,False
random_ruehl_mask,mixed,198,270920458,8,LEFT,LEFT,0.040874932892620564,False,False,False,False,False,False,False
random_ruehl_mask,mixed,198,270920458,9,RIGHT,RIGHT,0.0475000124424696,False,False,False,False,False,False,False
random_ruehl_mask,mixed,198,270920458,10,WAIT,WAIT,0.08337502367794514,False,False,False,False,False,False,False
random_ruehl_mask,mixed,198,270920458,11,WAIT,WAIT,0.07791595999151468,False,True,False,False,False,False,False
random_ruehl_mask,mixed,198,270920458,12,BOMB,BOMB,0.13874995056539774,False,False,False,True,False,False,False
random_ruehl_mask,mixed,198,270920458,13,LEFT,LEFT,0.06150000263005495,False,False,False,False,False,False,False
random_ruehl_mask,mixed,198,270920458,14,LEFT,LEFT,0.054333009757101536,False,False,False,False,False,False,False
random_ruehl_mask,mixed,198,270920458,15,DOWN,DOWN,0.05212496034801006,False,False,False,False,False,False,False
random_ruehl_mask,mixed,198,270920458,16,WAIT,WAIT,0.05437503568828106,False,False,False,False,False,False,False
random_ruehl_mask,mixed,198,270920458,17,WAIT,WAIT,0.05587493069469929,False,False,False,False,False,False,False
random_ruehl_mask,mixed,198,270920458,18,DOWN,DOWN,0.037458958104252815,False,False,False,False,False,False,False
random_ruehl_mask,mixed,198,270920458,19,DOWN,DOWN,0.09295810014009476,False,False,False,False,False,False,False
random_ruehl_mask,mixed,198,270920458,20,UP,UP,0.0737080117687583,False,False,False,False,False,False,False
random_ruehl_mask,mixed,198,270920458,21,WAIT,WAIT,0.13458298053592443,False,True,False,False,False,False,True
random_ruehl_mask,mixed,198,270920458,22,BOMB,BOMB,0.11191703379154205,False,False,False,True,False,False,True
random_ruehl_mask,mixed,198,270920458,23,UP,UP,0.05541706923395395,False,False,False,False,False,False,True
random_ruehl_mask,mixed,198,270920458,24,WAIT,WAIT,0.046291970647871494,False,False,False,False,False,False,True
random_ruehl_mask,mixed,198,270920458,25,WAIT,WAIT,0.04970794543623924,False,False,False,False,False,False,True
random_ruehl_mask,mixed,198,270920458,26,WAIT,WAIT,0.04991691093891859,False,False,False,False,False,False,True
random_ruehl_mask,mixed,199,270920459,1,WAIT,WAIT,0.1027919352054596,False,True,False,False,False,False,False
random_ruehl_mask,mixed,199,270920459,2,RIGHT,RIGHT,0.07837498560547829,False,False,False,False,False,False,False
random_ruehl_mask,mixed,199,270920459,3,WAIT,WAIT,0.07225002627819777,False,False,False,False,False,False,False
random_ruehl_mask,mixed,199,270920459,4,BOMB,BOMB,0.08775002788752317,False,False,False,True,False,False,False
random_ruehl_mask,mixed,199,270920459,5,LEFT,LEFT,0.06533297710120678,False,False,False,False,False,False,False
random_ruehl_mask,mixed,199,270920459,6,WAIT,WAIT,0.0564999645575881,False,False,False,False,False,False,False
random_ruehl_mask,mixed,199,270920459,7,DOWN,DOWN,0.08408399298787117,False,False,False,False,False,False,False
random_ruehl_mask,mixed,199,270920459,8,WAIT,WAIT,0.07325003389269114,False,False,False,False,False,False,False
random_ruehl_mask,mixed,199,270920459,9,WAIT,WAIT,0.05937507376074791,False,False,False,False,False,False,False
random_ruehl_mask,mixed,199,270920459,10,UP,UP,0.04804192576557398,False,False,False,False,False,False,False
random_ruehl_mask,mixed,199,270920459,11,WAIT,WAIT,0.10649999603629112,False,True,False,False,False,False,True
random_ruehl_mask,mixed,199,270920459,12,BOMB,BOMB,0.1230000052601099,False,False,False,True,False,False,True
random_ruehl_mask,mixed,199,270920459,13,DOWN,DOWN,0.06454193498939276,False,False,False,False,False,False,True
random_ruehl_mask,mixed,199,270920459,14,WAIT,WAIT,0.057582976296544075,False,False,False,False,False,False,True
random_ruehl_mask,mixed,199,270920459,15,WAIT,WAIT,0.10091695003211498,False,False,False,False,False,False,True
random_ruehl_mask,mixed,199,270920459,16,WAIT,WAIT,0.060249934904277325,False,False,False,False,False,False,True
