config,opponents,episode,seed,step,action,executed_action,latency_ms,timeout,audited,unsafe,bomb_dropped,threat,predicted_trap,death_within_six
random_ruehl_mask,strong,0,270920260,1,UP,UP,0.17370900604873896,False,True,False,False,False,False,False
random_ruehl_mask,strong,0,270920260,2,BOMB,BOMB,0.11741695925593376,False,False,False,True,False,False,False
random_ruehl_mask,strong,0,270920260,3,DOWN,DOWN,0.05116697866469622,False,False,False,False,False,False,False
random_ruehl_mask,strong,0,270920260,4,LEFT,LEFT,0.06712495815008879,False,False,False,False,False,False,False
random_ruehl_mask,strong,0,270920260,5,WAIT,WAIT,0.08929101750254631,False,False,False,False,False,False,False
random_ruehl_mask,strong,0,270920260,6,WAIT,WAIT,0.07745798211544752,False,False,False,False,False,False,False
random_ruehl_mask,strong,0,270920260,7,WAIT,WAIT,0.06649992428719997,False,False,False,False,False,False,False
random_ruehl_mask,strong,0,270920260,8,WAIT,WAIT,0.04620791878551245,False,False,False,False,False,False,False
random_ruehl_mask,strong,0,270920260,9,BOMB,BOMB,0.09220803622156382,False,False,False,True,False,False,False
random_ruehl_mask,strong,0,270920260,10,RIGHT,RIGHT,0.04412501584738493,False,False,False,False,False,False,False
random_ruehl_mask,strong,0,270920260,11,WAIT,WAIT,0.07050007116049528,False,True,False,False,False,False,False
random_ruehl_mask,strong,0,270920260,12,UP,UP,0.0723750563338399,False,False,False,False,False,False,False
random_ruehl_mask,strong,0,270920260,13,UP,UP,0.08699996396899223,False,False,False,False,False,False,False
random_ruehl_mask,strong,0,270920260,14,WAIT,WAIT,0.07520802319049835,False,False,False,False,False,False,False
random_ruehl_mask,strong,0,270920260,15,WAIT,WAIT,0.06595894228667021,False,False,False,False,False,False,False
random_ruehl_mask,strong,0,270920260,16,UP,UP,0.12770795729011297,False,False,False,False,False,False,False
random_ruehl_mask,strong,0,270920260,17,BOMB,BOMB,0.08754199370741844,False,False,False,True,False,False,False
random_ruehl_mask,strong,0,270920260,18,UP,UP,0.03833300434052944,False,False,False,False,False,False,False
random_ruehl_mask,strong,0,270920260,19,WAIT,WAIT,0.03854196984320879,False,False,False,False,False,False,False
random_ruehl_mask,strong,0,270920260,20,LEFT,LEFT,0.04958396311849356,False,False,False,False,False,False,False
random_ruehl_mask,strong,0,270920260,21,WAIT,WAIT,0.06833299994468689,False,True,False,False,False,False,False
random_ruehl_mask,strong,0,270920260,22,WAIT,WAIT,0.10375003330409527,False,False,False,False,False,False,False
random_ruehl_mask,strong,0,270920260,23,WAIT,WAIT,0.07266702596098185,False,False,False,False,False,False,False
random_ruehl_mask,strong,0,270920260,24,BOMB,BOMB,0.07845798972994089,False,False,False,True,False,False,False
random_ruehl_mask,strong,0,270920260,25,RIGHT,RIGHT,0.0575830927118659,False,False,False,False,False,False,False
random_ruehl_mask,strong,0,270920260,26,DOWN,DOWN,0.057458062656223774,False,False,False,False,False,False,False
random_ruehl_mask,strong,0,270920260,27,DOWN,DOWN,0.056875054724514484,False,False,False,False,False,False,False
random_ruehl_mask,strong,0,270920260,28,WAIT,WAIT,0.05725002847611904,False,False,False,False,False,False,False
random_ruehl_mask,strong,0,270920260,29,UP,UP,0.053750001825392246,False,False,False,False,False,False,False
random_ruehl_mask,strong,0,270920260,30,DOWN,DOWN,0.052749994210898876,False,False,False,False,False,False,False
random_ruehl_mask,strong,0,270920260,31,UP,UP,0.10358297731727362,False,True,False,False,False,False,False
random_ruehl_mask,strong,0,270920260,32,DOWN,DOWN,0.059666926972568035,False,False,False,False,False,False,False
random_ruehl_mask,strong,0,270920260,33,DOWN,DOWN,0.13633293565362692,False,False,False,False,False,False,False
random_ruehl_mask,strong,0,270920260,34,UP,UP,0.05929195322096348,False,False,False,False,False,False,False
random_ruehl_mask,strong,0,270920260,35,BOMB,BOMB,0.11158303823322058,False,False,False,True,False,False,False
random_ruehl_mask,strong,0,270920260,36,UP,UP,0.06958306767046452,False,False,False,False,False,False,False
random_ruehl_mask,strong,0,270920260,37,UP,UP,0.08699996396899223,False,False,False,False,False,False,False
random_ruehl_mask,strong,0,270920260,38,LEFT,LEFT,0.10445795487612486,False,False,False,False,False,False,False
random_ruehl_mask,strong,0,270920260,39,LEFT,LEFT,0.07141695823520422,False,False,False,False,False,False,False
random_ruehl_mask,strong,0,270920260,40,RIGHT,RIGHT,0.04900002386420965,False,False,False,False,False,False,False
random_ruehl_mask,strong,0,270920260,41,LEFT,LEFT,0.036792014725506306,False,True,False,False,False,False,False
random_ruehl_mask,strong,0,270920260,42,WAIT,WAIT,0.1342919422313571,False,False,False,False,False,False,False
random_ruehl_mask,strong,0,270920260,43,RIGHT,RIGHT,0.10458298493176699,False,False,False,False,False,False,False
random_ruehl_mask,strong,0,270920260,44,WAIT,WAIT,0.09983393829315901,False,False,False,False,False,False,False
random_ruehl_mask,strong,0,270920260,45,WAIT,WAIT,0.07437507156282663,False,False,False,False,False,False,False
random_ruehl_mask,strong,0,270920260,46,WAIT,WAIT,0.07379194721579552,False,False,False,False,False,False,False
random_ruehl_mask,strong,0,270920260,47,RIGHT,RIGHT,0.06191595457494259,False,False,False,False,False,False,False
random_ruehl_mask,strong,0,270920260,48,WAIT,WAIT,0.13166700955480337,False,False,False,False,False,False,False
random_ruehl_mask,strong,0,270920260,49,DOWN,DOWN,0.12304203119128942,False,False,False,False,False,False,False
random_ruehl_mask,strong,0,270920260,50,UP,UP,0.10770803783088923,False,False,False,False,False,False,False
random_ruehl_mask,strong,0,270920260,51,WAIT,WAIT,0.10829197708517313,False,True,False,False,False,False,False
random_ruehl_mask,strong,0,270920260,52,UP,UP,0.11908297892659903,False,False,False,False,False,False,False
random_ruehl_mask,strong,0,270920260,53,UP,UP,0.08229201193898916,False,False,False,False,False,False,False
random_ruehl_mask,strong,0,270920260,54,WAIT,WAIT,0.1015419838950038,False,False,False,False,False,False,False
random_ruehl_mask,strong,0,270920260,55,DOWN,DOWN,0.09791599586606026,False,False,False,False,False,False,False
random_ruehl_mask,strong,0,270920260,56,WAIT,WAIT,0.1466670073568821,False,False,False,False,False,False,False
random_ruehl_mask,strong,0,270920260,57,WAIT,WAIT,0.11495896615087986,False,False,False,False,False,False,False
random_ruehl_mask,strong,0,270920260,58,BOMB,BOMB,0.12104201596230268,False,False,False,True,False,False,False
random_ruehl_mask,strong,0,270920260,59,DOWN,DOWN,0.07033301517367363,False,False,False,False,False,False,False
random_ruehl_mask,strong,0,270920260,60,DOWN,DOWN,0.07216609083116055,False,False,False,False,False,False,False
random_ruehl_mask,strong,0,270920260,61,UP,UP,0.06654101889580488,False,True,False,False,False,False,False
random_ruehl_mask,strong,0,270920260,62,LEFT,LEFT,0.05116697866469622,False,False,False,False,False,False,False
random_ruehl_mask,strong,0,270920260,63,LEFT,LEFT,0.043584033846855164,False,False,False,False,False,False,False
random_ruehl_mask,strong,0,270920260,64,WAIT,WAIT,0.07054198067635298,False,False,False,False,False,False,False
random_ruehl_mask,strong,0,270920260,65,BOMB,BOMB,0.12049998622387648,False,False,False,True,False,False,False
random_ruehl_mask,strong,0,270920260,66,DOWN,DOWN,0.08770893327891827,False,False,False,False,False,False,False
random_ruehl_mask,strong,0,270920260,67,WAIT,WAIT,0.08699996396899223,False,False,False,False,False,False,False
random_ruehl_mask,strong,0,270920260,68,DOWN,DOWN,0.08358398918062449,False,False,False,False,False,False,False
random_ruehl_mask,strong,0,270920260,69,LEFT,LEFT,0.07095898035913706,False,False,False,False,False,False,False
random_ruehl_mask,strong,0,270920260,70,WAIT,WAIT,0.05583302117884159,False,False,False,False,False,False,False
random_ruehl_mask,strong,0,270920260,71,RIGHT,RIGHT,0.048208050429821014,False,True,False,False,False,False,False
random_ruehl_mask,strong,0,270920260,72,DOWN,DOWN,0.12283306568861008,False,False,False,False,False,False,False
random_ruehl_mask,strong,0,270920260,73,UP,UP,0.0563750509172678,False,False,False,False,False,False,False
random_ruehl_mask,strong,0,270920260,74,BOMB,BOMB,0.11208304204046726,False,False,False,True,False,False,False
random_ruehl_mask,strong,0,270920260,75,RIGHT,RIGHT,0.053750001825392246,False,False,False,False,False,False,False
random_ruehl_mask,strong,0,270920260,76,WAIT,WAIT,0.054916017688810825,False,False,False,False,False,False,False
random_ruehl_mask,strong,0,270920260,77,RIGHT,RIGHT,0.10125001426786184,False,False,False,False,False,False,False
random_ruehl_mask,strong,0,270920260,78,DOWN,DOWN,0.06720901001244783,False,False,False,False,False,False,False
random_ruehl_mask,strong,0,270920260,79,DOWN,DOWN,0.08341600187122822,False,False,False,False,False,False,False
random_ruehl_mask,strong,0,270920260,80,UP,UP,0.05670799873769283,False,False,False,False,False,False,False
random_ruehl_mask,strong,0,270920260,81,DOWN,DOWN,0.06895791739225388,False,True,False,False,False,False,False
random_ruehl_mask,strong,0,270920260,82,UP,UP,0.08120806887745857,False,False,False,False,False,False,False
random_ruehl_mask,strong,0,270920260,83,DOWN,DOWN,0.06766605656594038,False,False,False,False,False,False,False
random_ruehl_mask,strong,0,270920260,84,UP,UP,0.0500829191878438,False,False,False,False,False,False,False
random_ruehl_mask,strong,0,270920260,85,UP,UP,0.0500410096719861,False,False,False,False,False,False,False
random_ruehl_mask,strong,0,270920260,86,UP,UP,0.07720803841948509,False,False,False,False,False,False,False
random_ruehl_mask,strong,0,270920260,87,DOWN,DOWN,0.05425000563263893,False,False,False,False,False,False,False
random_ruehl_mask,strong,0,270920260,88,DOWN,DOWN,0.06374996155500412,False,False,False,False,False,False,False
random_ruehl_mask,strong,0,270920260,89,WAIT,WAIT,0.058165984228253365,False,False,False,False,False,False,False
random_ruehl_mask,strong,0,270920260,90,UP,UP,0.05537504330277443,False,False,False,False,False,False,False
random_ruehl_mask,strong,0,270920260,91,UP,UP,0.06624998059123755,False,True,False,False,False,False,False
random_ruehl_mask,strong,0,270920260,92,WAIT,WAIT,0.05704199429601431,False,False,False,False,False,False,False
random_ruehl_mask,strong,0,270920260,93,DOWN,DOWN,0.07554201874881983,False,False,False,False,False,False,False
random_ruehl_mask,strong,0,270920260,94,WAIT,WAIT,0.07750000804662704,False,False,False,False,False,False,False
random_ruehl_mask,strong,0,270920260,95,DOWN,DOWN,0.05737494211643934,False,False,False,False,False,False,False
random_ruehl_mask,strong,0,270920260,96,DOWN,DOWN,0.06679201032966375,False,False,False,False,False,False,False
random_ruehl_mask,strong,0,270920260,97,UP,UP,0.05795806646347046,False,False,False,False,False,False,False
random_ruehl_mask,strong,0,270920260,98,UP,UP,0.05366699770092964,False,False,False,False,False,False,False
random_ruehl_mask,strong,0,270920260,99,WAIT,WAIT,0.057541998103260994,False,False,False,False,False,False,False
random_ruehl_mask,strong,0,270920260,100,WAIT,WAIT,0.07991702295839787,False,False,False,False,False,False,False
random_ruehl_mask,strong,0,270920260,101,BOMB,BOMB,0.09445799514651299,False,True,False,True,True,False,False
random_ruehl_mask,strong,0,270920260,102,LEFT,LEFT,0.046749948523938656,False,False,False,False,False,False,False
random_ruehl_mask,strong,0,270920260,103,LEFT,LEFT,0.03791600465774536,False,False,False,False,False,False,False
random_ruehl_mask,strong,0,270920260,104,DOWN,DOWN,0.08058396633714437,False,False,False,False,False,False,False
random_ruehl_mask,strong,0,270920260,105,DOWN,DOWN,0.06724998820573092,False,False,False,False,False,False,False
random_ruehl_mask,strong,0,270920260,106,UP,UP,0.06345799192786217,False,False,False,False,False,False,False
random_ruehl_mask,strong,0,270920260,107,WAIT,WAIT,0.06066600326448679,False,False,False,False,False,False,False
random_ruehl_mask,strong,0,270920260,108,DOWN,DOWN,0.09170896373689175,False,False,False,False,False,False,False
random_ruehl_mask,strong,0,270920260,109,RIGHT,RIGHT,0.09133294224739075,False,False,False,False,False,False,False
random_ruehl_mask,strong,0,270920260,110,RIGHT,RIGHT,0.0613329466432333,False,False,False,False,False,False,False
random_ruehl_mask,strong,0,270920260,111,WAIT,WAIT,0.0979170436039567,False,True,False,False,False,False,False
random_ruehl_mask,strong,0,270920260,112,UP,UP,0.0794590450823307,False,False,False,False,False,False,False
random_ruehl_mask,strong,0,270920260,113,WAIT,WAIT,0.06033398676663637,False,False,False,False,False,False,True
random_ruehl_mask,strong,0,270920260,114,BOMB,BOMB,0.06804196164011955,False,False,False,True,True,True,True
random_ruehl_mask,strong,0,270920260,115,UP,UP,0.04924996756017208,False,False,False,False,False,False,True
random_ruehl_mask,strong,0,270920260,116,UP,UP,0.06458396092057228,False,False,False,False,False,False,True
random_ruehl_mask,strong,0,270920260,117,WAIT,WAIT,0.0541249755769968,False,False,False,False,False,False,True
random_ruehl_mask,strong,0,270920260,118,UP,UP,0.04545808769762516,False,False,False,False,False,False,True
random_ruehl_mask,strong,1,270920261,1,DOWN,DOWN,0.10054092854261398,False,True,False,False,False,False,False
random_ruehl_mask,strong,1,270920261,2,UP,UP,0.06904208566993475,False,False,False,False,False,False,False
random_ruehl_mask,strong,1,270920261,3,WAIT,WAIT,0.07325003389269114,False,False,False,False,False,False,False
random_ruehl_mask,strong,1,270920261,4,RIGHT,RIGHT,0.07133407052606344,False,False,False,False,False,False,False
random_ruehl_mask,strong,1,270920261,5,BOMB,BOMB,0.09491690434515476,False,False,False,True,False,False,False
random_ruehl_mask,strong,1,270920261,6,LEFT,LEFT,0.061166007071733475,False,False,False,False,False,False,False
random_ruehl_mask,strong,1,270920261,7,DOWN,DOWN,0.05425000563263893,False,False,False,False,False,False,False
random_ruehl_mask,strong,1,270920261,8,WAIT,WAIT,0.07783400360494852,False,False,False,False,False,False,False
random_ruehl_mask,strong,1,270920261,9,WAIT,WAIT,0.06629095878452063,False,False,False,False,False,False,False
random_ruehl_mask,strong,1,270920261,10,WAIT,WAIT,0.04845799412578344,False,False,False,False,False,False,False
random_ruehl_mask,strong,1,270920261,11,WAIT,WAIT,0.040416023693978786,False,True,False,False,False,False,False
random_ruehl_mask,strong,1,270920261,12,UP,UP,0.10545796249061823,False,False,False,False,False,False,True
random_ruehl_mask,strong,1,270920261,13,BOMB,BOMB,0.11433393228799105,False,False,False,True,False,False,True
random_ruehl_mask,strong,1,270920261,14,DOWN,DOWN,0.08191599044948816,False,False,False,False,False,False,True
random_ruehl_mask,strong,1,270920261,15,WAIT,WAIT,0.06137497257441282,False,False,False,False,False,False,True
random_ruehl_mask,strong,1,270920261,16,WAIT,WAIT,0.060959020629525185,False,False,False,False,False,False,True
random_ruehl_mask,strong,1,270920261,17,WAIT,WAIT,0.050875009037554264,False,False,False,False,False,False,True
random_ruehl_mask,strong,2,270920262,1,DOWN,DOWN,0.1026670215651393,False,True,False,False,False,False,False
random_ruehl_mask,strong,2,270920262,2,WAIT,WAIT,0.06804207805544138,False,False,False,False,False,False,False
random_ruehl_mask,strong,2,270920262,3,WAIT,WAIT,0.12116692960262299,False,False,False,False,False,False,False
random_ruehl_mask,strong,2,270920262,4,UP,UP,0.07574993651360273,False,False,False,False,False,False,False
random_ruehl_mask,strong,2,270920262,5,LEFT,LEFT,0.0931670656427741,False,False,False,False,False,False,False
random_ruehl_mask,strong,2,270920262,6,BOMB,BOMB,0.08408399298787117,False,False,False,True,False,False,False
random_ruehl_mask,strong,2,270920262,7,RIGHT,RIGHT,0.0677499920129776,False,False,False,False,False,False,False
random_ruehl_mask,strong,2,270920262,8,DOWN,DOWN,0.04912505391985178,False,False,False,False,False,False,False
random_ruehl_mask,strong,2,270920262,9,WAIT,WAIT,0.04570803139358759,False,False,False,False,False,False,False
random_ruehl_mask,strong,2,270920262,10,WAIT,WAIT,0.04420895129442215,False,False,False,False,False,False,False
random_ruehl_mask,strong,2,270920262,11,WAIT,WAIT,0.04225003067404032,False,True,False,False,False,False,False
random_ruehl_mask,strong,2,270920262,12,UP,UP,0.04170904867351055,False,False,False,False,False,False,True
random_ruehl_mask,strong,2,270920262,13,BOMB,BOMB,0.10987499263137579,False,False,False,True,False,False,True
random_ruehl_mask,strong,2,270920262,14,DOWN,DOWN,0.06091594696044922,False,False,False,False,False,False,True
random_ruehl_mask,strong,2,270920262,15,WAIT,WAIT,0.06687501445412636,False,False,False,False,False,False,True
random_ruehl_mask,strong,2,270920262,16,WAIT,WAIT,0.05154102109372616,False,False,False,False,False,False,True
random_ruehl_mask,strong,2,270920262,17,WAIT,WAIT,0.04895904567092657,False,False,False,False,False,False,True
random_ruehl_mask,strong,3,270920263,1,UP,UP,0.10287505574524403,False,True,False,False,False,False,False
random_ruehl_mask,strong,3,270920263,2,UP,UP,0.1022089272737503,False,False,False,False,False,False,False
random_ruehl_mask,strong,3,270920263,3,BOMB,BOMB,0.08516700472682714,False,False,False,True,False,False,False
random_ruehl_mask,strong,3,270920263,4,DOWN,DOWN,0.04633399657905102,False,False,False,False,False,False,False
random_ruehl_mask,strong,3,270920263,5,DOWN,DOWN,0.06408290937542915,False,False,False,False,False,False,False
random_ruehl_mask,strong,3,270920263,6,RIGHT,RIGHT,0.093833077698946,False,False,False,False,False,False,False
random_ruehl_mask,strong,3,270920263,7,WAIT,WAIT,0.09212503209710121,False,False,False,False,False,False,False
random_ruehl_mask,strong,3,270920263,8,WAIT,WAIT,0.05566701292991638,False,False,False,False,False,False,False
random_ruehl_mask,strong,3,270920263,9,LEFT,LEFT,0.03795791417360306,False,False,False,False,False,False,True
random_ruehl_mask,strong,3,270920263,10,BOMB,BOMB,0.08445803541690111,False,False,False,True,False,False,True
random_ruehl_mask,strong,3,270920263,11,RIGHT,RIGHT,0.04291697405278683,False,True,True,False,False,False,True
random_ruehl_mask,strong,3,270920263,12,WAIT,WAIT,0.05320901982486248,False,False,False,False,False,False,True
random_ruehl_mask,strong,3,270920263,13,WAIT,WAIT,0.09304098784923553,False,False,False,False,False,False,True
random_ruehl_mask,strong,3,270920263,14,WAIT,WAIT,0.07950002327561378,False,False,False,False,False,False,True
random_ruehl_mask,strong,4,270920264,1,DOWN,DOWN,0.0967920059338212,False,True,False,False,False,False,False
random_ruehl_mask,strong,4,270920264,2,BOMB,BOMB,0.07391697727143764,False,False,False,True,False,False,False
random_ruehl_mask,strong,4,270920264,3,UP,UP,0.04124990664422512,False,False,False,False,False,False,False
random_ruehl_mask,strong,4,270920264,4,RIGHT,RIGHT,0.03570795524865389,False,False,False,False,False,False,False
random_ruehl_mask,strong,4,270920264,5,WAIT,WAIT,0.07299997378140688,False,False,False,False,False,False,False
random_ruehl_mask,strong,4,270920264,6,WAIT,WAIT,0.07508392445743084,False,False,False,False,False,False,False
random_ruehl_mask,strong,4,270920264,7,RIGHT,RIGHT,0.08724990766495466,False,False,False,False,False,False,False
random_ruehl_mask,strong,4,270920264,8,LEFT,LEFT,0.05224999040365219,False,False,False,False,False,False,False
random_ruehl_mask,strong,4,270920264,9,LEFT,LEFT,0.09720900561660528,False,False,False,False,False,False,True
random_ruehl_mask,strong,4,270920264,10,BOMB,BOMB,0.08270808029919863,False,False,False,True,False,False,True
random_ruehl_mask,strong,4,270920264,11,RIGHT,RIGHT,0.03729097079485655,False,True,True,False,False,False,True
random_ruehl_mask,strong,4,270920264,12,WAIT,WAIT,0.05683302879333496,False,False,False,False,False,False,True
random_ruehl_mask,strong,4,270920264,13,RIGHT,RIGHT,0.07479102350771427,False,False,False,False,False,False,True
random_ruehl_mask,strong,4,270920264,14,LEFT,LEFT,0.06850005593150854,False,False,False,False,False,False,True
random_ruehl_mask,strong,5,270920265,1,WAIT,WAIT,0.09616697207093239,False,True,False,False,False,False,False
random_ruehl_mask,strong,5,270920265,2,DOWN,DOWN,0.08050003089010715,False,False,False,False,False,False,False
random_ruehl_mask,strong,5,270920265,3,WAIT,WAIT,0.06649992428719997,False,False,False,False,False,False,False
random_ruehl_mask,strong,5,270920265,4,UP,UP,0.06820796988904476,False,False,False,False,False,False,False
random_ruehl_mask,strong,5,270920265,5,DOWN,DOWN,0.14354195445775986,False,False,False,False,False,False,False
random_ruehl_mask,strong,5,270920265,6,WAIT,WAIT,0.09737501386553049,False,False,False,False,False,False,False
random_ruehl_mask,strong,5,270920265,7,UP,UP,0.09674998000264168,False,False,False,False,False,False,False
random_ruehl_mask,strong,5,270920265,8,DOWN,DOWN,0.10312499944120646,False,False,False,False,False,False,False
random_ruehl_mask,strong,5,270920265,9,WAIT,WAIT,0.07766601629555225,False,False,False,False,False,False,False
random_ruehl_mask,strong,5,270920265,10,UP,UP,0.08691591210663319,False,False,False,False,False,False,False
random_ruehl_mask,strong,5,270920265,11,RIGHT,RIGHT,0.10099995415657759,False,True,False,False,False,False,False
random_ruehl_mask,strong,5,270920265,12,WAIT,WAIT,0.07779104635119438,False,False,False,False,False,False,False
random_ruehl_mask,strong,5,270920265,13,BOMB,BOMB,0.08870800957083702,False,False,False,True,False,False,False
random_ruehl_mask,strong,5,270920265,14,LEFT,LEFT,0.05783408414572477,False,False,False,False,False,False,False
random_ruehl_mask,strong,5,270920265,15,DOWN,DOWN,0.06612506695091724,False,False,False,False,False,False,False
random_ruehl_mask,strong,5,270920265,16,WAIT,WAIT,0.04837499000132084,False,False,False,False,False,False,False
random_ruehl_mask,strong,5,270920265,17,WAIT,WAIT,0.0439169816672802,False,False,False,False,False,False,False
random_ruehl_mask,strong,5,270920265,18,WAIT,WAIT,0.08766702376306057,False,False,False,False,False,False,False
random_ruehl_mask,strong,5,270920265,19,WAIT,WAIT,0.043541076593101025,False,False,False,False,False,False,False
random_ruehl_mask,strong,5,270920265,20,UP,UP,0.08166697807610035,False,False,False,False,False,False,False
random_ruehl_mask,strong,5,270920265,21,WAIT,WAIT,0.1028749393299222,False,True,False,False,False,False,False
random_ruehl_mask,strong,5,270920265,22,DOWN,DOWN,0.12750003952533007,False,False,False,False,False,False,False
random_ruehl_mask,strong,5,270920265,23,WAIT,WAIT,0.095625058747828,False,False,False,False,False,False,False
random_ruehl_mask,strong,5,270920265,24,BOMB,BOMB,0.07195805665105581,False,False,False,True,False,False,False
random_ruehl_mask,strong,5,270920265,25,UP,UP,0.05433405749499798,False,False,False,False,False,False,False
random_ruehl_mask,strong,5,270920265,26,RIGHT,RIGHT,0.03933301195502281,False,False,False,False,False,False,False
random_ruehl_mask,strong,5,270920265,27,RIGHT,RIGHT,0.06670807488262653,False,False,False,False,False,False,False
random_ruehl_mask,strong,5,270920265,28,WAIT,WAIT,0.06287498399615288,False,False,False,False,False,False,False
random_ruehl_mask,strong,5,270920265,29,WAIT,WAIT,0.061542028561234474,False,False,False,False,False,False,False
random_ruehl_mask,strong,5,270920265,30,LEFT,LEFT,0.07195794023573399,False,False,False,False,False,False,False
random_ruehl_mask,strong,5,270920265,31,RIGHT,RIGHT,0.08433300536125898,False,True,False,False,False,False,False
random_ruehl_mask,strong,5,270920265,32,WAIT,WAIT,0.11283298954367638,False,False,False,False,False,False,False
random_ruehl_mask,strong,5,270920265,33,BOMB,BOMB,0.13991701416671276,False,False,False,True,False,False,False
random_ruehl_mask,strong,5,270920265,34,RIGHT,RIGHT,0.05037500523030758,False,False,False,False,False,False,False
random_ruehl_mask,strong,5,270920265,35,RIGHT,RIGHT,0.03654207102954388,False,False,False,False,False,False,False
random_ruehl_mask,strong,5,270920265,36,DOWN,DOWN,0.049999915063381195,False,False,False,False,False,False,False
random_ruehl_mask,strong,5,270920265,37,WAIT,WAIT,0.05358399357646704,False,False,False,False,False,False,False
random_ruehl_mask,strong,5,270920265,38,WAIT,WAIT,0.05504197906702757,False,False,False,False,False,False,False
random_ruehl_mask,strong,5,270920265,39,UP,UP,0.04299997817724943,False,False,False,False,False,False,False
random_ruehl_mask,strong,5,270920265,40,WAIT,WAIT,0.12575008440762758,False,False,False,False,False,False,False
random_ruehl_mask,strong,5,270920265,41,LEFT,LEFT,0.1015830785036087,False,True,False,False,False,False,False
random_ruehl_mask,strong,5,270920265,42,WAIT,WAIT,0.091583002358675,False,False,False,False,False,False,False
random_ruehl_mask,strong,5,270920265,43,WAIT,WAIT,0.062000006437301636,False,False,False,False,False,False,False
random_ruehl_mask,strong,5,270920265,44,WAIT,WAIT,0.05370797589421272,False,False,False,False,False,False,False
random_ruehl_mask,strong,5,270920265,45,LEFT,LEFT,0.051042065024375916,False,False,False,False,False,False,False
random_ruehl_mask,strong,5,270920265,46,RIGHT,RIGHT,0.09325006976723671,False,False,False,False,False,False,False
random_ruehl_mask,strong,5,270920265,47,RIGHT,RIGHT,0.08041597902774811,False,False,False,False,False,False,False
random_ruehl_mask,strong,5,270920265,48,BOMB,BOMB,0.12216693721711636,False,False,False,True,False,False,False
random_ruehl_mask,strong,5,270920265,49,LEFT,LEFT,0.053833937272429466,False,False,False,False,False,False,False
random_ruehl_mask,strong,5,270920265,50,WAIT,WAIT,0.03716698847711086,False,False,False,False,False,False,False
random_ruehl_mask,strong,5,270920265,51,LEFT,LEFT,0.06425008177757263,False,True,False,False,False,False,False
random_ruehl_mask,strong,5,270920265,52,DOWN,DOWN,0.05208293441683054,False,False,False,False,False,False,False
random_ruehl_mask,strong,5,270920265,53,DOWN,DOWN,0.07349997758865356,False,False,False,False,False,False,False
random_ruehl_mask,strong,5,270920265,54,DOWN,DOWN,0.06225006654858589,False,False,False,False,False,False,False
random_ruehl_mask,strong,5,270920265,55,WAIT,WAIT,0.12049998622387648,False,False,False,False,False,False,True
random_ruehl_mask,strong,5,270920265,56,BOMB,BOMB,0.0950000248849392,False,False,False,True,False,False,True
random_ruehl_mask,strong,5,270920265,57,UP,UP,0.05625002086162567,False,False,False,False,False,False,True
random_ruehl_mask,strong,5,270920265,58,WAIT,WAIT,0.051625072956085205,False,False,False,False,False,False,True
random_ruehl_mask,strong,5,270920265,59,UP,UP,0.06304099224507809,False,False,False,False,False,False,True
random_ruehl_mask,strong,5,270920265,60,UP,UP,0.055042095482349396,False,False,False,False,False,False,True
random_ruehl_mask,strong,6,270920266,1,WAIT,WAIT,0.10475004091858864,False,True,False,False,False,False,False
random_ruehl_mask,strong,6,270920266,2,WAIT,WAIT,0.11000002268701792,False,False,False,False,False,False,False
random_ruehl_mask,strong,6,270920266,3,DOWN,DOWN,0.0778749817982316,False,False,False,False,False,False,False
random_ruehl_mask,strong,6,270920266,4,WAIT,WAIT,0.13404199853539467,False,False,False,False,False,False,False
random_ruehl_mask,strong,6,270920266,5,UP,UP,0.09970797691494226,False,False,False,False,False,False,False
random_ruehl_mask,strong,6,270920266,6,DOWN,DOWN,0.10508298873901367,False,False,False,False,False,False,False
random_ruehl_mask,strong,6,270920266,7,WAIT,WAIT,0.08841603994369507,False,False,False,False,False,False,False
random_ruehl_mask,strong,6,270920266,8,WAIT,WAIT,0.09674998000264168,False,False,False,False,False,False,False
random_ruehl_mask,strong,6,270920266,9,UP,UP,0.07037492468953133,False,False,False,False,False,False,True
random_ruehl_mask,strong,6,270920266,10,BOMB,BOMB,0.10458298493176699,False,False,False,True,False,False,True
random_ruehl_mask,strong,6,270920266,11,RIGHT,RIGHT,0.05579192657023668,False,True,False,False,False,False,True
random_ruehl_mask,strong,6,270920266,12,WAIT,WAIT,0.05212507676333189,False,False,False,False,False,False,True
random_ruehl_mask,strong,6,270920266,13,RIGHT,RIGHT,0.08454197086393833,False,False,False,False,False,False,True
random_ruehl_mask,strong,6,270920266,14,RIGHT,RIGHT,0.07429206743836403,False,False,False,False,False,False,True
random_ruehl_mask,strong,7,270920267,1,LEFT,LEFT,0.11220807209610939,False,True,False,False,False,False,False
random_ruehl_mask,strong,7,270920267,2,BOMB,BOMB,0.1115420600399375,False,False,False,True,False,False,False
random_ruehl_mask,strong,7,270920267,3,RIGHT,RIGHT,0.04595902282744646,False,False,False,False,False,False,False
random_ruehl_mask,strong,7,270920267,4,WAIT,WAIT,0.03950006794184446,False,False,False,False,False,False,False
random_ruehl_mask,strong,7,270920267,5,DOWN,DOWN,0.12779096141457558,False,False,False,False,False,False,False
random_ruehl_mask,strong,7,270920267,6,WAIT,WAIT,0.10754202958196402,False,False,False,False,False,False,False
random_ruehl_mask,strong,7,270920267,7,WAIT,WAIT,0.0677499920129776,False,False,False,False,False,False,False
random_ruehl_mask,strong,7,270920267,8,WAIT,WAIT,0.05562498699873686,False,False,False,False,False,False,False
random_ruehl_mask,strong,7,270920267,9,WAIT,WAIT,0.07766694761812687,False,False,False,False,False,False,False
random_ruehl_mask,strong,7,270920267,10,BOMB,BOMB,0.16695796512067318,False,False,False,True,False,False,False
random_ruehl_mask,strong,7,270920267,11,UP,UP,0.08441705722361803,False,True,False,False,False,False,False
random_ruehl_mask,strong,7,270920267,12,LEFT,LEFT,0.07216597441583872,False,False,False,False,False,False,False
random_ruehl_mask,strong,7,270920267,13,LEFT,LEFT,0.09295798372477293,False,False,False,False,False,False,False
random_ruehl_mask,strong,7,270920267,14,LEFT,LEFT,0.07025001104921103,False,False,False,False,False,False,False
random_ruehl_mask,strong,7,270920267,15,LEFT,LEFT,0.0504170311614871,False,False,False,False,False,False,False
random_ruehl_mask,strong,7,270920267,16,RIGHT,RIGHT,0.040874932892620564,False,False,False,False,False,False,False
random_ruehl_mask,strong,7,270920267,17,BOMB,BOMB,0.08154206443578005,False,False,False,True,False,False,False
random_ruehl_mask,strong,7,270920267,18,RIGHT,RIGHT,0.06479199510067701,False,False,False,False,False,False,False
random_ruehl_mask,strong,7,270920267,19,WAIT,WAIT,0.04254200030118227,False,False,False,False,False,False,False
random_ruehl_mask,strong,7,270920267,20,DOWN,DOWN,0.06570795085281134,False,False,False,False,False,False,False
random_ruehl_mask,strong,7,270920267,21,WAIT,WAIT,0.06554194260388613,False,True,False,False,False,False,False
random_ruehl_mask,strong,7,270920267,22,WAIT,WAIT,0.07266702596098185,False,False,False,False,False,False,False
random_ruehl_mask,strong,7,270920267,23,WAIT,WAIT,0.0826249597594142,False,False,False,False,False,False,False
random_ruehl_mask,strong,7,270920267,24,WAIT,WAIT,0.09229197166860104,False,False,False,False,False,False,False
random_ruehl_mask,strong,7,270920267,25,UP,UP,0.0967500964179635,False,False,False,False,False,False,False
random_ruehl_mask,strong,7,270920267,26,WAIT,WAIT,0.09112502448260784,False,False,False,False,False,False,False
random_ruehl_mask,strong,7,270920267,27,WAIT,WAIT,0.08762499783188105,False,False,False,False,False,False,False
random_ruehl_mask,strong,7,270920267,28,WAIT,WAIT,0.09166693780571222,False,False,False,False,False,False,False
random_ruehl_mask,strong,7,270920267,29,RIGHT,RIGHT,0.10649999603629112,False,False,False,False,False,False,False
random_ruehl_mask,strong,7,270920267,30,LEFT,LEFT,0.07366703357547522,False,False,False,False,False,False,False
random_ruehl_mask,strong,7,270920267,31,WAIT,WAIT,0.09787501767277718,False,True,False,False,False,False,False
random_ruehl_mask,strong,7,270920267,32,WAIT,WAIT,0.11466606520116329,False,False,False,False,False,False,False
random_ruehl_mask,strong,7,270920267,33,LEFT,LEFT,0.09175005834549665,False,False,False,False,False,False,False
random_ruehl_mask,strong,7,270920267,34,LEFT,LEFT,0.06679096259176731,False,False,False,False,False,False,False
random_ruehl_mask,strong,7,270920267,35,RIGHT,RIGHT,0.12870901264250278,False,False,False,False,False,False,False
random_ruehl_mask,strong,7,270920267,36,RIGHT,RIGHT,0.08312507998198271,False,False,False,False,False,False,False
random_ruehl_mask,strong,7,270920267,37,WAIT,WAIT,0.09479094296693802,False,False,False,False,False,False,True
random_ruehl_mask,strong,7,270920267,38,BOMB,BOMB,0.08150003850460052,False,False,False,True,False,False,True
random_ruehl_mask,strong,7,270920267,39,RIGHT,RIGHT,0.0362080754712224,False,False,False,False,False,False,True
random_ruehl_mask,strong,7,270920267,40,WAIT,WAIT,0.03487500362098217,False,False,False,False,False,False,True
random_ruehl_mask,strong,7,270920267,41,WAIT,WAIT,0.0641250517219305,False,True,True,False,False,False,True
random_ruehl_mask,strong,7,270920267,42,WAIT,WAIT,0.06570795085281134,False,False,False,False,False,False,True
random_ruehl_mask,strong,8,270920268,1,RIGHT,RIGHT,0.09966699872165918,False,True,False,False,False,False,False
random_ruehl_mask,strong,8,270920268,2,LEFT,LEFT,0.0738329254090786,False,False,False,False,False,False,False
random_ruehl_mask,strong,8,270920268,3,UP,UP,0.07412501145154238,False,False,False,False,False,False,False
random_ruehl_mask,strong,8,270920268,4,DOWN,DOWN,0.07208401802927256,False,False,False,False,False,False,False
random_ruehl_mask,strong,8,270920268,5,RIGHT,RIGHT,0.09499990846961737,False,False,False,False,False,False,False
random_ruehl_mask,strong,8,270920268,6,WAIT,WAIT,0.07820792961865664,False,False,False,False,False,False,False
random_ruehl_mask,strong,8,270920268,7,BOMB,BOMB,0.08408294524997473,False,False,False,True,False,False,False
random_ruehl_mask,strong,8,270920268,8,LEFT,LEFT,0.054875039495527744,False,False,False,False,False,False,False
random_ruehl_mask,strong,8,270920268,9,WAIT,WAIT,0.04129100125283003,False,False,False,False,False,False,False
random_ruehl_mask,strong,8,270920268,10,UP,UP,0.047332956455647945,False,False,False,False,False,False,False
random_ruehl_mask,strong,8,270920268,11,UP,UP,0.04850002005696297,False,True,False,False,False,False,False
random_ruehl_mask,strong,8,270920268,12,WAIT,WAIT,0.06166601087898016,False,False,False,False,False,False,False
random_ruehl_mask,strong,8,270920268,13,WAIT,WAIT,0.07366703357547522,False,False,False,False,False,False,False
random_ruehl_mask,strong,8,270920268,14,DOWN,DOWN,0.10329100769013166,False,False,False,False,False,False,False
random_ruehl_mask,strong,8,270920268,15,WAIT,WAIT,0.09083293844014406,False,False,False,False,False,False,False
random_ruehl_mask,strong,8,270920268,16,DOWN,DOWN,0.0688750296831131,False,False,False,False,False,False,False
random_ruehl_mask,strong,8,270920268,17,UP,UP,0.07608393207192421,False,False,False,False,False,False,False
random_ruehl_mask,strong,8,270920268,18,DOWN,DOWN,0.06474996916949749,False,False,False,False,False,False,False
random_ruehl_mask,strong,8,270920268,19,BOMB,BOMB,0.07887498941272497,False,False,False,True,False,False,False
random_ruehl_mask,strong,8,270920268,20,RIGHT,RIGHT,0.036458950489759445,False,False,False,False,False,False,False
random_ruehl_mask,strong,8,270920268,21,RIGHT,RIGHT,0.06495905108749866,False,True,False,False,False,False,False
random_ruehl_mask,strong,8,270920268,22,RIGHT,RIGHT,0.09470793884247541,False,False,False,False,False,False,False
random_ruehl_mask,strong,8,270920268,23,RIGHT,RIGHT,0.06975000724196434,False,False,False,False,False,False,False
random_ruehl_mask,strong,8,270920268,24,WAIT,WAIT,0.04158297087997198,False,False,False,False,False,False,False
random_ruehl_mask,strong,8,270920268,25,LEFT,LEFT,0.05216605495661497,False,False,False,False,False,False,False
random_ruehl_mask,strong,8,270920268,26,WAIT,WAIT,0.09166600648313761,False,False,False,False,False,False,False
random_ruehl_mask,strong,8,270920268,27,LEFT,LEFT,0.09708304423838854,False,False,False,False,False,False,False
random_ruehl_mask,strong,8,270920268,28,WAIT,WAIT,0.08454197086393833,False,False,False,False,False,False,False
random_ruehl_mask,strong,8,270920268,29,LEFT,LEFT,0.08095800876617432,False,False,False,False,False,False,False
random_ruehl_mask,strong,8,270920268,30,WAIT,WAIT,0.049749971367418766,False,False,False,False,False,False,False
random_ruehl_mask,strong,8,270920268,31,RIGHT,RIGHT,0.06562506314367056,False,True,False,False,False,False,False
random_ruehl_mask,strong,8,270920268,32,LEFT,LEFT,0.10370800737291574,False,False,False,False,False,False,False
random_ruehl_mask,strong,8,270920268,33,LEFT,LEFT,0.06824999582022429,False,False,False,False,False,False,False
random_ruehl_mask,strong,8,270920268,34,RIGHT,RIGHT,0.0678329961374402,False,False,False,False,False,False,False
random_ruehl_mask,strong,8,270920268,35,LEFT,LEFT,0.04816707223653793,False,False,False,False,False,False,False
random_ruehl_mask,strong,8,270920268,36,UP,UP,0.04708394408226013,False,False,False,False,False,False,False
random_ruehl_mask,strong,8,270920268,37,DOWN,DOWN,0.11412508320063353,False,False,False,False,False,False,False
random_ruehl_mask,strong,8,270920268,38,WAIT,WAIT,0.050458009354770184,False,False,False,False,False,False,False
random_ruehl_mask,strong,8,270920268,39,WAIT,WAIT,0.05679193418473005,False,False,False,False,False,False,False
random_ruehl_mask,strong,8,270920268,40,RIGHT,RIGHT,0.07433397695422173,False,False,False,False,False,False,False
random_ruehl_mask,strong,8,270920268,41,RIGHT,RIGHT,0.07800001185387373,False,True,False,False,False,False,False
random_ruehl_mask,strong,8,270920268,42,LEFT,LEFT,0.10154105257242918,False,False,False,False,False,False,False
random_ruehl_mask,strong,8,270920268,43,WAIT,WAIT,0.058542005717754364,False,False,False,False,False,False,False
random_ruehl_mask,strong,8,270920268,44,RIGHT,RIGHT,0.06937503349035978,False,False,False,False,False,False,False
random_ruehl_mask,strong,8,270920268,45,RIGHT,RIGHT,0.08920894470065832,False,False,False,False,False,False,False
random_ruehl_mask,strong,8,270920268,46,WAIT,WAIT,0.0914999982342124,False,False,False,False,False,False,True
random_ruehl_mask,strong,8,270920268,47,BOMB,BOMB,0.10158296208828688,False,False,False,True,False,False,True
random_ruehl_mask,strong,8,270920268,48,RIGHT,RIGHT,0.04679197445511818,False,False,False,False,False,False,True
random_ruehl_mask,strong,8,270920268,49,WAIT,WAIT,0.06404193118214607,False,False,False,False,False,False,True
random_ruehl_mask,strong,8,270920268,50,WAIT,WAIT,0.07316702976822853,False,False,False,False,False,False,True
random_ruehl_mask,strong,8,270920268,51,WAIT,WAIT,0.06691692396998405,False,False,False,False,False,False,True
random_ruehl_mask,strong,9,270920269,1,LEFT,LEFT,0.10787509381771088,False,True,False,False,False,False,False
random_ruehl_mask,strong,9,270920269,2,BOMB,BOMB,0.0724999699741602,False,False,False,True,False,False,False
random_ruehl_mask,strong,9,270920269,3,RIGHT,RIGHT,0.03658293280750513,False,False,False,False,False,False,False
random_ruehl_mask,strong,9,270920269,4,WAIT,WAIT,0.03941706381738186,False,False,False,False,False,False,False
random_ruehl_mask,strong,9,270920269,5,UP,UP,0.06612495053559542,False,False,False,False,False,False,False
random_ruehl_mask,strong,9,270920269,6,UP,UP,0.061125028878450394,False,False,False,False,False,False,False
random_ruehl_mask,strong,9,270920269,7,UP,UP,0.06087496876716614,False,False,False,False,False,False,False
random_ruehl_mask,strong,9,270920269,8,DOWN,DOWN,0.06004201713949442,False,False,False,False,False,False,True
random_ruehl_mask,strong,9,270920269,9,BOMB,BOMB,0.09270792361348867,False,False,False,True,False,False,True
random_ruehl_mask,strong,9,270920269,10,DOWN,DOWN,0.040125101804733276,False,False,False,False,False,False,True
random_ruehl_mask,strong,9,270920269,11,WAIT,WAIT,0.03787491004914045,False,True,False,False,False,False,True
random_ruehl_mask,strong,9,270920269,12,WAIT,WAIT,0.07166597060859203,False,False,False,False,False,False,True
random_ruehl_mask,strong,9,270920269,13,DOWN,DOWN,0.09241700172424316,False,False,False,False,False,False,True
random_ruehl_mask,strong,10,270920270,1,WAIT,WAIT,0.09583402425050735,False,True,False,False,False,False,False
random_ruehl_mask,strong,10,270920270,2,RIGHT,RIGHT,0.08566700853407383,False,False,False,False,False,False,False
random_ruehl_mask,strong,10,270920270,3,LEFT,LEFT,0.06687501445412636,False,False,False,False,False,False,False
random_ruehl_mask,strong,10,270920270,4,RIGHT,RIGHT,0.07129204459488392,False,False,False,False,False,False,False
random_ruehl_mask,strong,10,270920270,5,WAIT,WAIT,0.11495791841298342,False,False,False,False,False,False,False
random_ruehl_mask,strong,10,270920270,6,BOMB,BOMB,0.10825006756931543,False,False,False,True,False,False,False
random_ruehl_mask,strong,10,270920270,7,LEFT,LEFT,0.054582953453063965,False,False,False,False,False,False,False
random_ruehl_mask,strong,10,270920270,8,WAIT,WAIT,0.03608397673815489,False,False,False,False,False,False,False
random_ruehl_mask,strong,10,270920270,9,UP,UP,0.07291696965694427,False,False,False,False,False,False,False
random_ruehl_mask,strong,10,270920270,10,WAIT,WAIT,0.05383300594985485,False,False,False,False,False,False,False
random_ruehl_mask,strong,10,270920270,11,WAIT,WAIT,0.0475830165669322,False,True,False,False,False,False,False
random_ruehl_mask,strong,10,270920270,12,WAIT,WAIT,0.039541046135127544,False,False,False,False,False,False,False
random_ruehl_mask,strong,10,270920270,13,WAIT,WAIT,0.1099579967558384,False,False,False,False,False,False,False
random_ruehl_mask,strong,10,270920270,14,BOMB,BOMB,0.09533402044326067,False,False,False,True,False,False,False
random_ruehl_mask,strong,10,270920270,15,DOWN,DOWN,0.05320797208696604,False,False,False,False,False,False,False
random_ruehl_mask,strong,10,270920270,16,RIGHT,RIGHT,0.05220901221036911,False,False,False,False,False,False,False
random_ruehl_mask,strong,10,270920270,17,WAIT,WAIT,0.06216706242412329,False,False,False,False,False,False,False
random_ruehl_mask,strong,10,270920270,18,WAIT,WAIT,0.04837499000132084,False,False,False,False,False,False,False
random_ruehl_mask,strong,10,270920270,19,WAIT,WAIT,0.042625004425644875,False,False,False,False,False,False,False
random_ruehl_mask,strong,10,270920270,20,WAIT,WAIT,0.03970798570662737,False,False,False,False,False,False,False
random_ruehl_mask,strong,10,270920270,21,RIGHT,RIGHT,0.07937499321997166,False,True,False,False,False,False,False
random_ruehl_mask,strong,10,270920270,22,LEFT,LEFT,0.1313330139964819,False,False,False,False,False,False,False
random_ruehl_mask,strong,10,270920270,23,LEFT,LEFT,0.08016591891646385,False,False,False,False,False,False,False
random_ruehl_mask,strong,10,270920270,24,UP,UP,0.05137501284480095,False,False,False,False,False,False,False
random_ruehl_mask,strong,10,270920270,25,DOWN,DOWN,0.050791073590517044,False,False,False,False,False,False,False
random_ruehl_mask,strong,10,270920270,26,UP,UP,0.04870793782174587,False,False,False,False,False,False,False
random_ruehl_mask,strong,10,270920270,27,DOWN,DOWN,0.0724999699741602,False,False,False,False,False,False,False
random_ruehl_mask,strong,10,270920270,28,WAIT,WAIT,0.06279197987169027,False,False,False,False,False,False,False
random_ruehl_mask,strong,10,270920270,29,WAIT,WAIT,0.06350001785904169,False,False,False,False,False,False,False
random_ruehl_mask,strong,10,270920270,30,WAIT,WAIT,0.06870797369629145,False,False,False,False,False,False,False
random_ruehl_mask,strong,10,270920270,31,RIGHT,RIGHT,0.06804207805544138,False,True,False,False,False,False,False
random_ruehl_mask,strong,10,270920270,32,RIGHT,RIGHT,0.0665000407025218,False,False,False,False,False,False,False
random_ruehl_mask,strong,10,270920270,33,LEFT,LEFT,0.08958298712968826,False,False,False,False,False,False,False
random_ruehl_mask,strong,10,270920270,34,WAIT,WAIT,0.067290966399014,False,False,False,False,False,False,False
random_ruehl_mask,strong,10,270920270,35,RIGHT,RIGHT,0.05395803600549698,False,False,False,False,False,False,False
random_ruehl_mask,strong,10,270920270,36,LEFT,LEFT,0.0974580179899931,False,False,False,False,False,False,False
random_ruehl_mask,strong,10,270920270,37,WAIT,WAIT,0.06999995093792677,False,False,False,False,False,False,False
random_ruehl_mask,strong,10,270920270,38,WAIT,WAIT,0.06704195402562618,False,False,False,False,False,False,False
random_ruehl_mask,strong,10,270920270,39,WAIT,WAIT,0.05000003147870302,False,False,False,False,False,False,False
random_ruehl_mask,strong,10,270920270,40,LEFT,LEFT,0.046541099436581135,False,False,False,False,False,False,False
random_ruehl_mask,strong,10,270920270,41,RIGHT,RIGHT,0.05470891483128071,False,True,False,False,False,False,False
random_ruehl_mask,strong,10,270920270,42,RIGHT,RIGHT,0.060542020946741104,False,False,False,False,False,False,False
random_ruehl_mask,strong,10,270920270,43,BOMB,BOMB,0.11258397717028856,False,False,False,True,False,False,False
random_ruehl_mask,strong,10,270920270,44,LEFT,LEFT,0.0738329254090786,False,False,False,False,False,False,False
random_ruehl_mask,strong,10,270920270,45,WAIT,WAIT,0.06204203236848116,False,False,False,False,False,False,False
random_ruehl_mask,strong,10,270920270,46,LEFT,LEFT,0.07537496276199818,False,False,False,False,False,False,False
random_ruehl_mask,strong,10,270920270,47,UP,UP,0.05045789293944836,False,False,False,False,False,False,False
random_ruehl_mask,strong,10,270920270,48,UP,UP,0.06433296948671341,False,False,False,False,False,False,False
random_ruehl_mask,strong,10,270920270,49,WAIT,WAIT,0.0399160198867321,False,False,False,False,False,False,False
random_ruehl_mask,strong,10,270920270,50,WAIT,WAIT,0.08599995635449886,False,False,False,False,False,False,False
random_ruehl_mask,strong,10,270920270,51,DOWN,DOWN,0.08016708306968212,False,True,False,False,False,False,False
random_ruehl_mask,strong,10,270920270,52,UP,UP,0.07129192817956209,False,False,False,False,False,False,False
random_ruehl_mask,strong,10,270920270,53,WAIT,WAIT,0.10599999222904444,False,False,False,False,False,False,False
random_ruehl_mask,strong,10,270920270,54,UP,UP,0.10787497740238905,False,False,False,False,False,False,False
random_ruehl_mask,strong,10,270920270,55,WAIT,WAIT,0.08862500544637442,False,False,False,False,False,False,False
random_ruehl_mask,strong,10,270920270,56,DOWN,DOWN,0.08687505032867193,False,False,False,False,False,False,False
random_ruehl_mask,strong,10,270920270,57,BOMB,BOMB,0.0903330510482192,False,False,False,True,False,False,False
random_ruehl_mask,strong,10,270920270,58,DOWN,DOWN,0.046083005145192146,False,False,False,False,False,False,False
random_ruehl_mask,strong,10,270920270,59,DOWN,DOWN,0.04470802377909422,False,False,False,False,False,False,False
random_ruehl_mask,strong,10,270920270,60,RIGHT,RIGHT,0.05333393346518278,False,False,False,False,False,False,False
random_ruehl_mask,strong,10,270920270,61,WAIT,WAIT,0.07758301217108965,False,True,False,False,False,False,False
random_ruehl_mask,strong,10,270920270,62,RIGHT,RIGHT,0.06704090628772974,False,False,False,False,False,False,False
random_ruehl_mask,strong,10,270920270,63,UP,UP,0.06350001785904169,False,False,False,False,False,False,False
random_ruehl_mask,strong,10,270920270,64,DOWN,DOWN,0.10312499944120646,False,False,False,False,False,False,False
random_ruehl_mask,strong,10,270920270,65,WAIT,WAIT,0.09316601790487766,False,False,False,False,False,False,False
random_ruehl_mask,strong,10,270920270,66,RIGHT,RIGHT,0.06316707003861666,False,False,False,False,False,False,False
random_ruehl_mask,strong,10,270920270,67,LEFT,LEFT,0.05183299072086811,False,False,False,False,False,False,False
random_ruehl_mask,strong,10,270920270,68,WAIT,WAIT,0.06808293983340263,False,False,False,False,False,False,False
random_ruehl_mask,strong,10,270920270,69,WAIT,WAIT,0.06383296567946672,False,False,False,False,False,False,False
random_ruehl_mask,strong,10,270920270,70,LEFT,LEFT,0.0628340058028698,False,False,False,False,False,False,False
random_ruehl_mask,strong,10,270920270,71,WAIT,WAIT,0.055040931329131126,False,True,False,False,False,False,False
random_ruehl_mask,strong,10,270920270,72,RIGHT,RIGHT,0.05324999801814556,False,False,False,False,False,False,False
random_ruehl_mask,strong,10,270920270,73,RIGHT,RIGHT,0.06504205521196127,False,False,False,False,False,False,False
random_ruehl_mask,strong,10,270920270,74,WAIT,WAIT,0.05491706542670727,False,False,False,False,False,False,False
random_ruehl_mask,strong,10,270920270,75,RIGHT,RIGHT,0.06312504410743713,False,False,False,False,False,False,False
random_ruehl_mask,strong,10,270920270,76,LEFT,LEFT,0.09408302139490843,False,False,False,False,False,False,False
random_ruehl_mask,strong,10,270920270,77,RIGHT,RIGHT,0.06833299994468689,False,False,False,False,False,False,False
random_ruehl_mask,strong,10,270920270,78,LEFT,LEFT,0.09041698649525642,False,False,False,False,False,False,False
random_ruehl_mask,strong,10,270920270,79,WAIT,WAIT,0.04837499000132084,False,False,False,False,False,False,False
random_ruehl_mask,strong,10,270920270,80,RIGHT,RIGHT,0.04724995233118534,False,False,False,False,False,False,True
random_ruehl_mask,strong,10,270920270,81,BOMB,BOMB,0.11100003030151129,False,True,False,True,False,False,True
random_ruehl_mask,strong,10,270920270,82,RIGHT,RIGHT,0.04349998198449612,False,False,False,False,False,False,True
random_ruehl_mask,strong,10,270920270,83,WAIT,WAIT,0.03729097079485655,False,False,False,False,False,False,True
random_ruehl_mask,strong,10,270920270,84,WAIT,WAIT,0.04883401561528444,False,False,False,False,False,False,True
random_ruehl_mask,strong,10,270920270,85,RIGHT,RIGHT,0.04583399277180433,False,False,False,False,False,False,True
random_ruehl_mask,strong,11,270920271,1,DOWN,DOWN,0.12120790779590607,False,True,False,False,False,False,False
random_ruehl_mask,strong,11,270920271,2,BOMB,BOMB,0.07670791819691658,False,False,False,True,False,False,False
random_ruehl_mask,strong,11,270920271,3,UP,UP,0.04466704558581114,False,False,False,False,False,False,False
random_ruehl_mask,strong,11,270920271,4,RIGHT,RIGHT,0.03887503407895565,False,False,False,False,False,False,False
random_ruehl_mask,strong,11,270920271,5,WAIT,WAIT,0.08195801638066769,False,False,False,False,False,False,False
random_ruehl_mask,strong,11,270920271,6,WAIT,WAIT,0.08220807649195194,False,False,False,False,False,False,False
random_ruehl_mask,strong,11,270920271,7,WAIT,WAIT,0.06495893467217684,False,False,False,False,False,False,False
random_ruehl_mask,strong,11,270920271,8,LEFT,LEFT,0.06524997297674417,False,False,False,False,False,False,False
random_ruehl_mask,strong,11,270920271,9,RIGHT,RIGHT,0.11758401524275541,False,False,False,False,False,False,False
random_ruehl_mask,strong,11,270920271,10,LEFT,LEFT,0.07183291018009186,False,False,False,False,False,False,False
random_ruehl_mask,strong,11,270920271,11,RIGHT,RIGHT,0.07958302740007639,False,True,False,False,False,False,False
random_ruehl_mask,strong,11,270920271,12,LEFT,LEFT,0.08804199751466513,False,False,False,False,False,False,False
random_ruehl_mask,strong,11,270920271,13,WAIT,WAIT,0.11899997480213642,False,False,False,False,False,False,True
random_ruehl_mask,strong,11,270920271,14,BOMB,BOMB,0.11204194743186235,False,False,False,True,False,False,True
random_ruehl_mask,strong,11,270920271,15,RIGHT,RIGHT,0.06316602230072021,False,False,False,False,False,False,True
random_ruehl_mask,strong,11,270920271,16,WAIT,WAIT,0.057333032600581646,False,False,False,False,False,False,True
random_ruehl_mask,strong,11,270920271,17,WAIT,WAIT,0.05200004670768976,False,False,False,False,False,False,True
random_ruehl_mask,strong,11,270920271,18,WAIT,WAIT,0.05841709207743406,False,False,False,False,False,False,True
random_ruehl_mask,strong,12,270920272,1,WAIT,WAIT,0.10420801118016243,False,True,False,False,False,False,False
random_ruehl_mask,strong,12,270920272,2,DOWN,DOWN,0.10062498040497303,False,False,False,False,False,False,False
random_ruehl_mask,strong,12,270920272,3,BOMB,BOMB,0.0790830235928297,False,False,False,True,False,False,False
random_ruehl_mask,strong,12,270920272,4,UP,UP,0.04054210148751736,False,False,False,False,False,False,False
random_ruehl_mask,strong,12,270920272,5,LEFT,LEFT,0.07695902604609728,False,False,False,False,False,False,False
random_ruehl_mask,strong,12,270920272,6,WAIT,WAIT,0.07470895070582628,False,False,False,False,False,False,False
random_ruehl_mask,strong,12,270920272,7,WAIT,WAIT,0.07850001566112041,False,False,False,False,False,False,False
random_ruehl_mask,strong,12,270920272,8,WAIT,WAIT,0.05241704639047384,False,False,False,False,False,False,False
random_ruehl_mask,strong,12,270920272,9,WAIT,WAIT,0.04125002305954695,False,False,False,False,False,False,False
random_ruehl_mask,strong,12,270920272,10,RIGHT,RIGHT,0.09574997238814831,False,False,False,False,False,False,False
random_ruehl_mask,strong,12,270920272,11,LEFT,LEFT,0.09404204320162535,False,True,False,False,False,False,False
random_ruehl_mask,strong,12,270920272,12,BOMB,BOMB,0.08008303120732307,False,False,False,True,False,False,False
random_ruehl_mask,strong,12,270920272,13,RIGHT,RIGHT,0.06954197306185961,False,False,False,False,False,False,False
random_ruehl_mask,strong,12,270920272,14,DOWN,DOWN,0.06995804142206907,False,False,False,False,False,False,False
random_ruehl_mask,strong,12,270920272,15,DOWN,DOWN,0.08487491868436337,False,False,False,False,False,False,False
random_ruehl_mask,strong,12,270920272,16,UP,UP,0.05749997217208147,False,False,False,False,False,False,False
random_ruehl_mask,strong,12,270920272,17,DOWN,DOWN,0.04470802377909422,False,False,False,False,False,False,False
random_ruehl_mask,strong,12,270920272,18,UP,UP,0.052749994210898876,False,False,False,False,False,False,False
random_ruehl_mask,strong,12,270920272,19,DOWN,DOWN,0.06795802619308233,False,False,False,False,False,False,False
random_ruehl_mask,strong,12,270920272,20,WAIT,WAIT,0.10654190555214882,False,False,False,False,False,False,False
random_ruehl_mask,strong,12,270920272,21,UP,UP,0.09520899038761854,False,True,False,False,False,False,False
random_ruehl_mask,strong,12,270920272,22,UP,UP,0.07679092232137918,False,False,False,False,False,False,False
random_ruehl_mask,strong,12,270920272,23,LEFT,LEFT,0.058875069953501225,False,False,False,False,False,False,False
random_ruehl_mask,strong,12,270920272,24,WAIT,WAIT,0.07637508679181337,False,False,False,False,False,False,False
random_ruehl_mask,strong,12,270920272,25,WAIT,WAIT,0.07883401121944189,False,False,False,False,False,False,False
random_ruehl_mask,strong,12,270920272,26,WAIT,WAIT,0.08537503890693188,False,False,False,False,False,False,False
random_ruehl_mask,strong,12,270920272,27,LEFT,LEFT,0.06625009700655937,False,False,False,False,False,False,False
random_ruehl_mask,strong,12,270920272,28,RIGHT,RIGHT,0.09879202116280794,False,False,False,False,False,False,False
random_ruehl_mask,strong,12,270920272,29,LEFT,LEFT,0.0576250022277236,False,False,False,False,False,False,False
random_ruehl_mask,strong,12,270920272,30,WAIT,WAIT,0.11091597843915224,False,False,False,False,False,False,False
random_ruehl_mask,strong,12,270920272,31,LEFT,LEFT,0.09300000965595245,False,True,False,False,False,False,False
random_ruehl_mask,strong,12,270920272,32,WAIT,WAIT,0.1008340623229742,False,False,False,False,False,False,True
random_ruehl_mask,strong,12,270920272,33,BOMB,BOMB,0.08487503509968519,False,False,False,True,False,False,True
random_ruehl_mask,strong,12,270920272,34,LEFT,LEFT,0.037499936297535896,False,False,False,False,False,False,True
random_ruehl_mask,strong,12,270920272,35,LEFT,LEFT,0.06708293221890926,False,False,False,False,False,False,True
random_ruehl_mask,strong,12,270920272,36,RIGHT,RIGHT,0.0652089947834611,False,False,False,False,False,False,True
random_ruehl_mask,strong,12,270920272,37,LEFT,LEFT,0.05491694901138544,False,False,False,False,False,False,True
random_ruehl_mask,strong,13,270920273,1,WAIT,WAIT,0.10145897977054119,False,True,False,False,False,False,False
random_ruehl_mask,strong,13,270920273,2,RIGHT,RIGHT,0.10258296970278025,False,False,False,False,False,False,False
random_ruehl_mask,strong,13,270920273,3,LEFT,LEFT,0.07962505333125591,False,False,False,False,False,False,False
random_ruehl_mask,strong,13,270920273,4,WAIT,WAIT,0.07499998901039362,False,False,False,False,False,False,False
random_ruehl_mask,strong,13,270920273,5,WAIT,WAIT,0.12454099487513304,False,False,False,False,False,False,False
random_ruehl_mask,strong,13,270920273,6,RIGHT,RIGHT,0.12283306568861008,False,False,False,False,False,False,False
random_ruehl_mask,strong,13,270920273,7,LEFT,LEFT,0.09008299093693495,False,False,False,False,False,False,False
random_ruehl_mask,strong,13,270920273,8,UP,UP,0.1053329324349761,False,False,False,False,False,False,False
random_ruehl_mask,strong,13,270920273,9,WAIT,WAIT,0.07604097481817007,False,False,False,False,False,False,False
random_ruehl_mask,strong,13,270920273,10,BOMB,BOMB,0.06829202175140381,False,False,False,True,False,False,False
random_ruehl_mask,strong,13,270920273,11,DOWN,DOWN,0.04883401561528444,False,True,False,False,False,False,False
random_ruehl_mask,strong,13,270920273,12,WAIT,WAIT,0.07979199290275574,False,False,False,False,False,False,False
random_ruehl_mask,strong,13,270920273,13,RIGHT,RIGHT,0.07254199590533972,False,False,False,False,False,False,False
random_ruehl_mask,strong,13,270920273,14,WAIT,WAIT,0.08566700853407383,False,False,False,False,False,False,False
random_ruehl_mask,strong,13,270920273,15,WAIT,WAIT,0.07562502287328243,False,False,False,False,False,False,False
random_ruehl_mask,strong,13,270920273,16,LEFT,LEFT,0.04050007555633783,False,False,False,False,False,False,False
random_ruehl_mask,strong,13,270920273,17,WAIT,WAIT,0.10329193901270628,False,False,False,False,False,False,False
random_ruehl_mask,strong,13,270920273,18,UP,UP,0.08712499402463436,False,False,False,False,False,False,False
random_ruehl_mask,strong,13,270920273,19,DOWN,DOWN,0.05133310332894325,False,False,False,False,False,False,False
random_ruehl_mask,strong,13,270920273,20,UP,UP,0.07991690654307604,False,False,False,False,False,False,False
random_ruehl_mask,strong,13,270920273,21,WAIT,WAIT,0.05766598042100668,False,True,False,False,False,False,False
random_ruehl_mask,strong,13,270920273,22,UP,UP,0.0903749605640769,False,False,False,False,False,False,False
random_ruehl_mask,strong,13,270920273,23,DOWN,DOWN,0.11812499724328518,False,False,False,False,False,False,False
random_ruehl_mask,strong,13,270920273,24,UP,UP,0.07945799734443426,False,False,False,False,False,False,False
random_ruehl_mask,strong,13,270920273,25,WAIT,WAIT,0.09604205843061209,False,False,False,False,False,False,False
random_ruehl_mask,strong,13,270920273,26,DOWN,DOWN,0.1016249880194664,False,False,False,False,False,False,False
random_ruehl_mask,strong,13,270920273,27,UP,UP,0.06125005893409252,False,False,False,False,False,False,False
random_ruehl_mask,strong,13,270920273,28,UP,UP,0.08733407594263554,False,False,False,False,False,False,True
random_ruehl_mask,strong,13,270920273,29,BOMB,BOMB,0.09370804764330387,False,False,False,True,False,False,True
random_ruehl_mask,strong,13,270920273,30,UP,UP,0.05058303941041231,False,False,False,False,False,False,True
random_ruehl_mask,strong,13,270920273,31,WAIT,WAIT,0.05541602149605751,False,False,False,False,False,False,True
random_ruehl_mask,strong,13,270920273,32,WAIT,WAIT,0.06808305624872446,False,False,False,False,False,False,True
random_ruehl_mask,strong,13,270920273,33,WAIT,WAIT,0.05491706542670727,False,False,False,False,False,False,True
random_ruehl_mask,strong,14,270920274,1,UP,UP,0.11624989565461874,False,True,False,False,False,False,False
random_ruehl_mask,strong,14,270920274,2,UP,UP,0.14274998102337122,False,False,False,False,False,False,False
random_ruehl_mask,strong,14,270920274,3,BOMB,BOMB,0.12420793063938618,False,False,False,True,False,False,False
random_ruehl_mask,strong,14,270920274,4,DOWN,DOWN,0.0723750563338399,False,False,False,False,False,False,False
random_ruehl_mask,strong,14,270920274,5,DOWN,DOWN,0.09020895231515169,False,False,False,False,False,False,False
random_ruehl_mask,strong,14,270920274,6,RIGHT,RIGHT,0.10408391244709492,False,False,False,False,False,False,False
random_ruehl_mask,strong,14,270920274,7,WAIT,WAIT,0.07204199209809303,False,False,False,False,False,False,False
random_ruehl_mask,strong,14,270920274,8,WAIT,WAIT,0.04758394788950682,False,False,False,False,False,False,False
random_ruehl_mask,strong,14,270920274,9,LEFT,LEFT,0.06283295806497335,False,False,False,False,False,False,False
random_ruehl_mask,strong,14,270920274,10,BOMB,BOMB,0.10245898738503456,False,False,False,True,False,False,False
random_ruehl_mask,strong,14,270920274,11,UP,UP,0.07158296648412943,False,True,False,False,False,False,False
random_ruehl_mask,strong,14,270920274,12,WAIT,WAIT,0.05408399738371372,False,False,False,False,False,False,False
random_ruehl_mask,strong,14,270920274,13,UP,UP,0.058208941482007504,False,False,False,False,False,False,False
random_ruehl_mask,strong,14,270920274,14,RIGHT,RIGHT,0.05729193799197674,False,False,False,False,False,False,False
random_ruehl_mask,strong,14,270920274,15,WAIT,WAIT,0.07033406291157007,False,False,False,False,False,False,False
random_ruehl_mask,strong,14,270920274,16,WAIT,WAIT,0.044208019971847534,False,False,False,False,False,False,False
random_ruehl_mask,strong,14,270920274,17,RIGHT,RIGHT,0.12212491128593683,False,False,False,False,False,False,False
random_ruehl_mask,strong,14,270920274,18,RIGHT,RIGHT,0.10612502228468657,False,False,False,False,False,False,True
random_ruehl_mask,strong,14,270920274,19,BOMB,BOMB,0.09120802860707045,False,False,False,True,False,False,True
random_ruehl_mask,strong,14,270920274,20,LEFT,LEFT,0.06345892325043678,False,False,False,False,False,False,True
random_ruehl_mask,strong,14,270920274,21,WAIT,WAIT,0.0547909876331687,False,True,True,False,False,False,True
random_ruehl_mask,strong,14,270920274,22,LEFT,LEFT,0.059165991842746735,False,False,False,False,False,False,True
random_ruehl_mask,strong,14,270920274,23,LEFT,LEFT,0.06437499541789293,False,False,False,False,False,False,True
random_ruehl_mask,strong,15,270920275,1,DOWN,DOWN,0.09762507397681475,False,True,False,False,False,False,False
random_ruehl_mask,strong,15,270920275,2,BOMB,BOMB,0.09779201354831457,False,False,False,True,False,False,False
random_ruehl_mask,strong,15,270920275,3,UP,UP,0.057333032600581646,False,False,False,False,False,False,False
random_ruehl_mask,strong,15,270920275,4,LEFT,LEFT,0.044749933294951916,False,False,False,False,False,False,False
random_ruehl_mask,strong,15,270920275,5,WAIT,WAIT,0.0712500186637044,False,False,False,False,False,False,False
random_ruehl_mask,strong,15,270920275,6,WAIT,WAIT,0.06437499541789293,False,False,False,False,False,False,False
random_ruehl_mask,strong,15,270920275,7,WAIT,WAIT,0.05570799112319946,False,False,False,False,False,False,False
random_ruehl_mask,strong,15,270920275,8,RIGHT,RIGHT,0.0564999645575881,False,False,False,False,False,False,False
random_ruehl_mask,strong,15,270920275,9,WAIT,WAIT,0.09866699110716581,False,False,False,False,False,False,False
random_ruehl_mask,strong,15,270920275,10,DOWN,DOWN,0.10325002949684858,False,False,False,False,False,False,False
random_ruehl_mask,strong,15,270920275,11,DOWN,DOWN,0.056040938943624496,False,True,False,False,False,False,False
random_ruehl_mask,strong,15,270920275,12,BOMB,BOMB,0.09354203939437866,False,False,False,True,False,False,False
random_ruehl_mask,strong,15,270920275,13,UP,UP,0.05904200952500105,False,False,False,False,False,False,False
random_ruehl_mask,strong,15,270920275,14,UP,UP,0.07845798972994089,False,False,False,False,False,False,False
random_ruehl_mask,strong,15,270920275,15,LEFT,LEFT,0.063000014051795,False,False,False,False,False,False,False
random_ruehl_mask,strong,15,270920275,16,WAIT,WAIT,0.048165908083319664,False,False,False,False,False,False,False
random_ruehl_mask,strong,15,270920275,17,WAIT,WAIT,0.05249993409961462,False,False,False,False,False,False,False
random_ruehl_mask,strong,15,270920275,18,WAIT,WAIT,0.040499959141016006,False,False,False,False,False,False,False
random_ruehl_mask,strong,15,270920275,19,WAIT,WAIT,0.07120892405509949,False,False,False,False,False,False,False
random_ruehl_mask,strong,15,270920275,20,BOMB,BOMB,0.07499998901039362,False,False,False,True,False,False,False
random_ruehl_mask,strong,15,270920275,21,RIGHT,RIGHT,0.08470797911286354,False,True,False,False,False,False,False
random_ruehl_mask,strong,15,270920275,22,DOWN,DOWN,0.08983304724097252,False,False,False,False,False,False,False
random_ruehl_mask,strong,15,270920275,23,WAIT,WAIT,0.0750409672036767,False,False,False,False,False,False,False
random_ruehl_mask,strong,15,270920275,24,DOWN,DOWN,0.04795799031853676,False,False,False,False,False,False,False
random_ruehl_mask,strong,15,270920275,25,WAIT,WAIT,0.048332964070141315,False,False,False,False,False,False,False
random_ruehl_mask,strong,15,270920275,26,LEFT,LEFT,0.03766699228435755,False,False,False,False,False,False,False
random_ruehl_mask,strong,15,270920275,27,RIGHT,RIGHT,0.07158308289945126,False,False,False,False,False,False,False
random_ruehl_mask,strong,15,270920275,28,UP,UP,0.05337502807378769,False,False,False,False,False,False,False
random_ruehl_mask,strong,15,270920275,29,UP,UP,0.05224999040365219,False,False,False,False,False,False,False
random_ruehl_mask,strong,15,270920275,30,LEFT,LEFT,0.05270796827971935,False,False,False,False,False,False,False
random_ruehl_mask,strong,15,270920275,31,LEFT,LEFT,0.07087504491209984,False,True,False,False,False,False,False
random_ruehl_mask,strong,15,270920275,32,WAIT,WAIT,0.09754195343703032,False,False,False,False,False,False,False
random_ruehl_mask,strong,15,270920275,33,RIGHT,RIGHT,0.0987079693004489,False,False,False,False,False,False,False
random_ruehl_mask,strong,15,270920275,34,WAIT,WAIT,0.04725006874650717,False,False,False,False,False,False,False
random_ruehl_mask,strong,15,270920275,35,RIGHT,RIGHT,0.048749963752925396,False,False,False,False,False,False,False
random_ruehl_mask,strong,15,270920275,36,DOWN,DOWN,0.06358395330607891,False,False,False,False,False,False,False
random_ruehl_mask,strong,15,270920275,37,UP,UP,0.06758398376405239,False,False,False,False,False,False,False
random_ruehl_mask,strong,15,270920275,38,DOWN,DOWN,0.056832912378013134,False,False,False,False,False,False,False
random_ruehl_mask,strong,15,270920275,39,UP,UP,0.052999937906861305,False,False,False,False,False,False,False
random_ruehl_mask,strong,15,270920275,40,DOWN,DOWN,0.049875001423060894,False,False,False,False,False,False,False
random_ruehl_mask,strong,15,270920275,41,UP,UP,0.061416998505592346,False,True,False,False,False,False,False
random_ruehl_mask,strong,15,270920275,42,LEFT,LEFT,0.059959013015031815,False,False,False,False,False,False,False
random_ruehl_mask,strong,15,270920275,43,RIGHT,RIGHT,0.05533394869416952,False,False,False,False,False,False,False
random_ruehl_mask,strong,15,270920275,44,LEFT,LEFT,0.06337498780339956,False,False,False,False,False,False,False
random_ruehl_mask,strong,15,270920275,45,RIGHT,RIGHT,0.06850005593150854,False,False,False,False,False,False,False
random_ruehl_mask,strong,15,270920275,46,LEFT,LEFT,0.05283299833536148,False,False,False,False,False,False,False
random_ruehl_mask,strong,15,270920275,47,WAIT,WAIT,0.04579196684062481,False,False,False,False,False,False,False
random_ruehl_mask,strong,15,270920275,48,RIGHT,RIGHT,0.0462500611320138,False,False,False,False,False,False,False
random_ruehl_mask,strong,15,270920275,49,WAIT,WAIT,0.0963329803198576,False,False,False,False,False,False,False
random_ruehl_mask,strong,15,270920275,50,DOWN,DOWN,0.07229193579405546,False,False,False,False,False,False,False
random_ruehl_mask,strong,15,270920275,51,WAIT,WAIT,0.06579095497727394,False,True,False,False,False,False,False
random_ruehl_mask,strong,15,270920275,52,UP,UP,0.08124997839331627,False,False,False,False,False,False,False
random_ruehl_mask,strong,15,270920275,53,LEFT,LEFT,0.06345799192786217,False,False,False,False,False,False,False
random_ruehl_mask,strong,15,270920275,54,RIGHT,RIGHT,0.06083305925130844,False,False,False,False,False,False,False
random_ruehl_mask,strong,15,270920275,55,LEFT,LEFT,0.06079208105802536,False,False,False,False,False,False,False
random_ruehl_mask,strong,15,270920275,56,WAIT,WAIT,0.05504197906702757,False,False,False,False,False,False,False
random_ruehl_mask,strong,15,270920275,57,WAIT,WAIT,0.05191704258322716,False,False,False,False,False,False,False
random_ruehl_mask,strong,15,270920275,58,WAIT,WAIT,0.07637508679181337,False,False,False,False,False,False,False
random_ruehl_mask,strong,15,270920275,59,LEFT,LEFT,0.0767499441280961,False,False,False,False,False,False,False
random_ruehl_mask,strong,15,270920275,60,RIGHT,RIGHT,0.10266597382724285,False,False,False,False,False,False,False
random_ruehl_mask,strong,15,270920275,61,WAIT,WAIT,0.061583006754517555,False,True,False,False,False,False,False
random_ruehl_mask,strong,15,270920275,62,LEFT,LEFT,0.05024997517466545,False,False,False,False,False,False,False
random_ruehl_mask,strong,15,270920275,63,BOMB,BOMB,0.07845798972994089,False,False,False,True,False,False,False
random_ruehl_mask,strong,15,270920275,64,RIGHT,RIGHT,0.04741700831800699,False,False,False,False,False,False,False
random_ruehl_mask,strong,15,270920275,65,RIGHT,RIGHT,0.06120791658759117,False,False,False,False,False,False,False
random_ruehl_mask,strong,15,270920275,66,DOWN,DOWN,0.08483300916850567,False,False,False,False,False,False,False
random_ruehl_mask,strong,15,270920275,67,WAIT,WAIT,0.07825007196515799,False,False,False,False,False,False,False
random_ruehl_mask,strong,15,270920275,68,WAIT,WAIT,0.05620799493044615,False,False,False,False,False,False,False
random_ruehl_mask,strong,15,270920275,69,DOWN,DOWN,0.042208004742860794,False,False,False,False,False,False,False
random_ruehl_mask,strong,15,270920275,70,UP,UP,0.07583305705338717,False,False,False,False,False,False,False
random_ruehl_mask,strong,15,270920275,71,WAIT,WAIT,0.069082947447896,False,True,False,False,False,False,False
random_ruehl_mask,strong,15,270920275,72,UP,UP,0.05987496115267277,False,False,False,False,False,False,False
random_ruehl_mask,strong,15,270920275,73,LEFT,LEFT,0.06045796908438206,False,False,False,False,False,False,False
random_ruehl_mask,strong,15,270920275,74,RIGHT,RIGHT,0.0475000124424696,False,False,False,False,False,False,False
random_ruehl_mask,strong,15,270920275,75,LEFT,LEFT,0.04791701212525368,False,False,False,False,False,False,False
random_ruehl_mask,strong,15,270920275,76,RIGHT,RIGHT,0.07008295506238937,False,False,False,False,False,False,False
random_ruehl_mask,strong,15,270920275,77,WAIT,WAIT,0.07329194340854883,False,False,False,False,False,False,False
random_ruehl_mask,strong,15,270920275,78,DOWN,DOWN,0.06770796608179808,False,False,False,False,False,False,False
random_ruehl_mask,strong,15,270920275,79,DOWN,DOWN,0.07129204459488392,False,False,False,False,False,False,False
random_ruehl_mask,strong,15,270920275,80,LEFT,LEFT,0.0616670586168766,False,False,False,False,False,False,False
random_ruehl_mask,strong,15,270920275,81,BOMB,BOMB,0.08100003469735384,False,True,False,True,False,False,False
random_ruehl_mask,strong,15,270920275,82,LEFT,LEFT,0.04316703416407108,False,False,False,False,False,False,False
random_ruehl_mask,strong,15,270920275,83,DOWN,DOWN,0.04375004209578037,False,False,False,False,False,False,False
random_ruehl_mask,strong,15,270920275,84,DOWN,DOWN,0.05712499842047691,False,False,False,False,False,False,False
random_ruehl_mask,strong,15,270920275,85,WAIT,WAIT,0.08379097562283278,False,False,False,False,False,False,False
random_ruehl_mask,strong,15,270920275,86,LEFT,LEFT,0.06616697646677494,False,False,False,False,False,False,False
random_ruehl_mask,strong,15,270920275,87,LEFT,LEFT,0.06474996916949749,False,False,False,False,False,False,False
random_ruehl_mask,strong,15,270920275,88,RIGHT,RIGHT,0.1354999840259552,False,False,False,False,False,False,False
random_ruehl_mask,strong,15,270920275,89,RIGHT,RIGHT,0.09637500625103712,False,False,False,False,False,False,False
random_ruehl_mask,strong,15,270920275,90,WAIT,WAIT,0.11124997399747372,False,False,False,False,False,False,False
random_ruehl_mask,strong,15,270920275,91,UP,UP,0.08983397856354713,False,True,False,False,False,False,False
random_ruehl_mask,strong,15,270920275,92,DOWN,DOWN,0.07774995174258947,False,False,False,False,False,False,False
random_ruehl_mask,strong,15,270920275,93,UP,UP,0.1092919846996665,False,False,False,False,False,False,False
random_ruehl_mask,strong,15,270920275,94,UP,UP,0.10783295147120953,False,False,False,False,False,False,False
random_ruehl_mask,strong,15,270920275,95,DOWN,DOWN,0.11908297892659903,False,False,False,False,False,False,False
random_ruehl_mask,strong,15,270920275,96,WAIT,WAIT,0.09341700933873653,False,False,False,False,False,False,False
random_ruehl_mask,strong,15,270920275,97,UP,UP,0.07624994032084942,False,False,False,False,False,False,False
random_ruehl_mask,strong,15,270920275,98,UP,UP,0.09620795026421547,False,False,False,False,False,False,False
random_ruehl_mask,strong,15,270920275,99,UP,UP,0.06308301817625761,False,False,False,False,False,False,False
random_ruehl_mask,strong,15,270920275,100,LEFT,LEFT,0.053582945838570595,False,False,False,False,False,False,False
random_ruehl_mask,strong,15,270920275,101,LEFT,LEFT,0.0540419714525342,False,True,False,False,False,False,False
random_ruehl_mask,strong,15,270920275,102,WAIT,WAIT,0.08687505032867193,False,False,False,False,False,False,False
random_ruehl_mask,strong,15,270920275,103,RIGHT,RIGHT,0.08670904207974672,False,False,False,False,False,False,False
random_ruehl_mask,strong,15,270920275,104,WAIT,WAIT,0.05012494511902332,False,False,False,False,False,False,False
random_ruehl_mask,strong,15,270920275,105,LEFT,LEFT,0.05487492308020592,False,False,False,False,False,False,False
random_ruehl_mask,strong,15,270920275,106,RIGHT,RIGHT,0.10304199531674385,False,False,False,False,False,False,False
random_ruehl_mask,strong,15,270920275,107,LEFT,LEFT,0.07187493611127138,False,False,False,False,False,False,False
random_ruehl_mask,strong,15,270920275,108,WAIT,WAIT,0.09204202797263861,False,False,False,False,False,False,False
random_ruehl_mask,strong,15,270920275,109,BOMB,BOMB,0.08779193740338087,False,False,False,True,False,False,False
random_ruehl_mask,strong,15,270920275,110,RIGHT,RIGHT,0.0705840066075325,False,False,False,False,False,False,False
random_ruehl_mask,strong,15,270920275,111,RIGHT,RIGHT,0.056416960433125496,False,True,False,False,False,False,False
random_ruehl_mask,strong,15,270920275,112,DOWN,DOWN,0.055165961384773254,False,False,False,False,False,False,False
random_ruehl_mask,strong,15,270920275,113,DOWN,DOWN,0.05837506614625454,False,False,False,False,False,False,False
random_ruehl_mask,strong,15,270920275,114,DOWN,DOWN,0.04516704939305782,False,False,False,False,False,False,False
random_ruehl_mask,strong,15,270920275,115,WAIT,WAIT,0.0350000336766243,False,False,False,False,False,False,False
random_ruehl_mask,strong,15,270920275,116,UP,UP,0.09441690053790808,False,False,False,False,False,False,False
random_ruehl_mask,strong,15,270920275,117,BOMB,BOMB,0.1125409035012126,False,False,False,True,False,False,False
random_ruehl_mask,strong,15,270920275,118,DOWN,DOWN,0.055125099606812,False,False,False,False,False,False,False
random_ruehl_mask,strong,15,270920275,119,DOWN,DOWN,0.05270808469504118,False,False,False,False,False,False,False
random_ruehl_mask,strong,15,270920275,120,LEFT,LEFT,0.054833944886922836,False,False,False,False,False,False,False
random_ruehl_mask,strong,15,270920275,121,LEFT,LEFT,0.04924996756017208,False,True,False,False,False,False,True
random_ruehl_mask,strong,15,270920275,122,WAIT,WAIT,0.04583306144922972,False,False,False,False,False,False,True
random_ruehl_mask,strong,15,270920275,123,WAIT,WAIT,0.03595894668251276,False,False,False,False,False,False,True
random_ruehl_mask,strong,15,270920275,124,WAIT,WAIT,0.07525004912167788,False,False,False,False,False,False,True
random_ruehl_mask,strong,15,270920275,125,BOMB,BOMB,0.08154194802045822,False,False,False,True,False,False,True
random_ruehl_mask,strong,15,270920275,126,RIGHT,RIGHT,0.04870793782174587,False,False,False,False,False,False,True
random_ruehl_mask,strong,16,270920276,1,WAIT,WAIT,0.11000002268701792,False,True,False,False,False,False,False
random_ruehl_mask,strong,16,270920276,2,WAIT,WAIT,0.11533405631780624,False,False,False,False,False,False,False
random_ruehl_mask,strong,16,270920276,3,WAIT,WAIT,0.1127920113503933,False,False,False,False,False,False,False
random_ruehl_mask,strong,16,270920276,4,WAIT,WAIT,0.14999997802078724,False,False,False,False,False,False,False
random_ruehl_mask,strong,16,270920276,5,WAIT,WAIT,0.11754094157367945,False,False,False,False,False,False,False
random_ruehl_mask,strong,16,270920276,6,WAIT,WAIT,0.11504092253744602,False,False,False,False,False,False,False
random_ruehl_mask,strong,16,270920276,7,UP,UP,0.13233302161097527,False,False,False,False,False,False,False
random_ruehl_mask,strong,16,270920276,8,DOWN,DOWN,0.08925003930926323,False,False,False,False,False,False,False
random_ruehl_mask,strong,16,270920276,9,UP,UP,0.10649999603629112,False,False,False,False,False,False,False
random_ruehl_mask,strong,16,270920276,10,BOMB,BOMB,0.09629095438867807,False,False,False,True,False,False,False
random_ruehl_mask,strong,16,270920276,11,DOWN,DOWN,0.06745802238583565,False,True,False,False,False,False,False
random_ruehl_mask,strong,16,270920276,12,RIGHT,RIGHT,0.0463749747723341,False,False,False,False,False,False,False
random_ruehl_mask,strong,16,270920276,13,RIGHT,RIGHT,0.10133301839232445,False,False,False,False,False,False,False
random_ruehl_mask,strong,16,270920276,14,WAIT,WAIT,0.0851659569889307,False,False,False,False,False,False,False
random_ruehl_mask,strong,16,270920276,15,RIGHT,RIGHT,0.10649999603629112,False,False,False,False,False,False,False
random_ruehl_mask,strong,16,270920276,16,WAIT,WAIT,0.07354095578193665,False,False,False,False,False,False,True
random_ruehl_mask,strong,16,270920276,17,BOMB,BOMB,0.1028330298140645,False,False,False,True,False,False,True
random_ruehl_mask,strong,16,270920276,18,LEFT,LEFT,0.04737498238682747,False,False,False,False,False,False,True
random_ruehl_mask,strong,16,270920276,19,WAIT,WAIT,0.04666694439947605,False,False,False,False,False,False,True
random_ruehl_mask,strong,16,270920276,20,LEFT,LEFT,0.11445896234363317,False,False,False,False,False,False,True
random_ruehl_mask,strong,16,270920276,21,LEFT,LEFT,0.08175009861588478,False,False,False,False,False,False,True
random_ruehl_mask,strong,17,270920277,1,UP,UP,0.1485410612076521,False,True,False,False,False,False,False
random_ruehl_mask,strong,17,270920277,2,BOMB,BOMB,0.08687505032867193,False,False,False,True,False,False,False
random_ruehl_mask,strong,17,270920277,3,UP,UP,0.041791005060076714,False,False,False,False,False,False,False
random_ruehl_mask,strong,17,270920277,4,WAIT,WAIT,0.05083298310637474,False,False,False,False,False,False,False
random_ruehl_mask,strong,17,270920277,5,RIGHT,RIGHT,0.08199992589652538,False,False,False,False,False,False,False
random_ruehl_mask,strong,17,270920277,6,WAIT,WAIT,0.06845803000032902,False,False,False,False,False,False,False
random_ruehl_mask,strong,17,270920277,7,RIGHT,RIGHT,0.06079196464270353,False,False,False,False,False,False,False
random_ruehl_mask,strong,17,270920277,8,WAIT,WAIT,0.047958921641111374,False,False,False,False,False,False,False
random_ruehl_mask,strong,17,270920277,9,LEFT,LEFT,0.09208300616592169,False,False,False,False,False,False,False
random_ruehl_mask,strong,17,270920277,10,BOMB,BOMB,0.07129192817956209,False,False,False,True,False,False,False
random_ruehl_mask,strong,17,270920277,11,RIGHT,RIGHT,0.038624973967671394,False,True,False,False,False,False,False
random_ruehl_mask,strong,17,270920277,12,WAIT,WAIT,0.056333024986088276,False,False,False,False,False,False,False
random_ruehl_mask,strong,17,270920277,13,DOWN,DOWN,0.06362493149936199,False,False,False,False,False,False,False
random_ruehl_mask,strong,17,270920277,14,WAIT,WAIT,0.06579200271517038,False,False,False,False,False,False,False
random_ruehl_mask,strong,17,270920277,15,WAIT,WAIT,0.0624579843133688,False,False,False,False,False,False,False
random_ruehl_mask,strong,17,270920277,16,UP,UP,0.03999995533376932,False,False,False,False,False,False,False
random_ruehl_mask,strong,17,270920277,17,LEFT,LEFT,0.09195797611027956,False,False,False,False,False,False,False
random_ruehl_mask,strong,17,270920277,18,RIGHT,RIGHT,0.05108409095555544,False,False,False,False,False,False,False
random_ruehl_mask,strong,17,270920277,19,RIGHT,RIGHT,0.11300004553049803,False,False,False,False,False,False,True
random_ruehl_mask,strong,17,270920277,20,BOMB,BOMB,0.10683294385671616,False,False,False,True,False,False,True
random_ruehl_mask,strong,17,270920277,21,RIGHT,RIGHT,0.06566604133695364,False,True,True,False,False,False,True
random_ruehl_mask,strong,17,270920277,22,WAIT,WAIT,0.08420809172093868,False,False,False,False,False,False,True
random_ruehl_mask,strong,17,270920277,23,WAIT,WAIT,0.0576250022277236,False,False,False,False,False,False,True
random_ruehl_mask,strong,17,270920277,24,WAIT,WAIT,0.06120791658759117,False,False,False,False,False,False,True
random_ruehl_mask,strong,18,270920278,1,RIGHT,RIGHT,0.10120891965925694,False,True,False,False,False,False,False
random_ruehl_mask,strong,18,270920278,2,LEFT,LEFT,0.0683339312672615,False,False,False,False,False,False,False
random_ruehl_mask,strong,18,270920278,3,RIGHT,RIGHT,0.06891589146107435,False,False,False,False,False,False,False
random_ruehl_mask,strong,18,270920278,4,LEFT,LEFT,0.060999998822808266,False,False,False,False,False,False,False
random_ruehl_mask,strong,18,270920278,5,RIGHT,RIGHT,0.12662506196647882,False,False,False,False,False,False,False
random_ruehl_mask,strong,18,270920278,6,WAIT,WAIT,0.09866710752248764,False,False,False,False,False,False,False
random_ruehl_mask,strong,18,270920278,7,BOMB,BOMB,0.08349993731826544,False,False,False,True,False,False,False
random_ruehl_mask,strong,18,270920278,8,LEFT,LEFT,0.03716594073921442,False,False,False,False,False,False,False
random_ruehl_mask,strong,18,270920278,9,WAIT,WAIT,0.055541982874274254,False,False,False,False,False,False,False
random_ruehl_mask,strong,18,270920278,10,UP,UP,0.05208398215472698,False,False,False,False,False,False,False
random_ruehl_mask,strong,18,270920278,11,WAIT,WAIT,0.06137497257441282,False,True,False,False,False,False,False
random_ruehl_mask,strong,18,270920278,12,WAIT,WAIT,0.06466603372246027,False,False,False,False,False,False,False
random_ruehl_mask,strong,18,270920278,13,WAIT,WAIT,0.0641250517219305,False,False,False,False,False,False,False
random_ruehl_mask,strong,18,270920278,14,WAIT,WAIT,0.09049999061971903,False,False,False,False,False,False,False
random_ruehl_mask,strong,18,270920278,15,WAIT,WAIT,0.07391709368675947,False,False,False,False,False,False,False
random_ruehl_mask,strong,18,270920278,16,WAIT,WAIT,0.0652089947834611,False,False,False,False,False,False,False
random_ruehl_mask,strong,18,270920278,17,DOWN,DOWN,0.08166593033820391,False,False,False,False,False,False,False
random_ruehl_mask,strong,18,270920278,18,BOMB,BOMB,0.08095905650407076,False,False,False,True,False,False,False
random_ruehl_mask,strong,18,270920278,19,RIGHT,RIGHT,0.06475008558481932,False,False,False,False,False,False,False
random_ruehl_mask,strong,18,270920278,20,RIGHT,RIGHT,0.060125021263957024,False,False,False,False,False,False,False
random_ruehl_mask,strong,18,270920278,21,UP,UP,0.07920898497104645,False,True,False,False,False,False,False
random_ruehl_mask,strong,18,270920278,22,WAIT,WAIT,0.085500068962574,False,False,False,False,False,False,False
random_ruehl_mask,strong,18,270920278,23,WAIT,WAIT,0.06304099224507809,False,False,False,False,False,False,False
random_ruehl_mask,strong,18,270920278,24,DOWN,DOWN,0.056541990488767624,False,False,False,False,False,False,True
random_ruehl_mask,strong,18,270920278,25,BOMB,BOMB,0.09958294685930014,False,False,False,True,False,False,True
random_ruehl_mask,strong,18,270920278,26,UP,UP,0.04579091910272837,False,False,False,False,False,False,True
random_ruehl_mask,strong,18,270920278,27,WAIT,WAIT,0.05254102870821953,False,False,False,False,False,False,True
random_ruehl_mask,strong,18,270920278,28,WAIT,WAIT,0.07979199290275574,False,False,False,False,False,False,True
random_ruehl_mask,strong,18,270920278,29,WAIT,WAIT,0.07100007496774197,False,False,False,False,False,False,True
random_ruehl_mask,strong,19,270920279,1,DOWN,DOWN,0.09324995335191488,False,True,False,False,False,False,False
random_ruehl_mask,strong,19,270920279,2,BOMB,BOMB,0.06858306005597115,False,False,False,True,False,False,False
random_ruehl_mask,strong,19,270920279,3,UP,UP,0.04716601688414812,False,False,False,False,False,False,False
random_ruehl_mask,strong,19,270920279,4,WAIT,WAIT,0.05258305463939905,False,False,False,False,False,False,False
random_ruehl_mask,strong,19,270920279,5,LEFT,LEFT,0.06945792119950056,False,False,False,False,False,False,False
random_ruehl_mask,strong,19,270920279,6,WAIT,WAIT,0.07475004531443119,False,False,False,False,False,False,False
random_ruehl_mask,strong,19,270920279,7,WAIT,WAIT,0.07033394649624825,False,False,False,False,False,False,False
random_ruehl_mask,strong,19,270920279,8,RIGHT,RIGHT,0.07650000043213367,False,False,False,False,False,False,True
random_ruehl_mask,strong,19,270920279,9,BOMB,BOMB,0.108166947029531,False,False,False,True,False,False,True
random_ruehl_mask,strong,19,270920279,10,LEFT,LEFT,0.05387491546571255,False,False,False,False,False,False,True
random_ruehl_mask,strong,19,270920279,11,WAIT,WAIT,0.049584079533815384,False,False,False,False,False,False,True
random_ruehl_mask,strong,19,270920279,12,WAIT,WAIT,0.05670799873769283,False,False,False,False,False,False,True
random_ruehl_mask,strong,19,270920279,13,WAIT,WAIT,0.05558400880545378,False,False,False,False,False,False,True
random_ruehl_mask,strong,20,270920280,1,WAIT,WAIT,0.10000006295740604,False,True,False,False,False,False,False
random_ruehl_mask,strong,20,270920280,2,UP,UP,0.08249992970377207,False,False,False,False,False,False,False
random_ruehl_mask,strong,20,270920280,3,BOMB,BOMB,0.06533297710120678,False,False,False,True,False,False,False
random_ruehl_mask,strong,20,270920280,4,DOWN,DOWN,0.047625042498111725,False,False,False,False,False,False,False
random_ruehl_mask,strong,20,270920280,5,WAIT,WAIT,0.0864590983837843,False,False,False,False,False,False,False
random_ruehl_mask,strong,20,270920280,6,RIGHT,RIGHT,0.07287506014108658,False,False,False,False,False,False,False
random_ruehl_mask,strong,20,270920280,7,RIGHT,RIGHT,0.06183306686580181,False,False,False,False,False,False,False
random_ruehl_mask,strong,20,270920280,8,WAIT,WAIT,0.057833967730402946,False,False,False,False,False,False,False
random_ruehl_mask,strong,20,270920280,9,WAIT,WAIT,0.07554097101092339,False,False,False,False,False,False,False
random_ruehl_mask,strong,20,270920280,10,WAIT,WAIT,0.08774991147220135,False,False,False,False,False,False,False
random_ruehl_mask,strong,20,270920280,11,BOMB,BOMB,0.08070794865489006,False,True,False,True,False,False,False
random_ruehl_mask,strong,20,270920280,12,LEFT,LEFT,0.04295899998396635,False,False,False,False,False,False,False
random_ruehl_mask,strong,20,270920280,13,LEFT,LEFT,0.06516603752970695,False,False,False,False,False,False,False
random_ruehl_mask,strong,20,270920280,14,UP,UP,0.0939579913392663,False,False,False,False,False,False,False
random_ruehl_mask,strong,20,270920280,15,UP,UP,0.07683294825255871,False,False,False,False,False,False,False
random_ruehl_mask,strong,20,270920280,16,WAIT,WAIT,0.04841596819460392,False,False,False,False,False,False,False
random_ruehl_mask,strong,20,270920280,17,RIGHT,RIGHT,0.03583298530429602,False,False,False,False,False,False,False
random_ruehl_mask,strong,20,270920280,18,LEFT,LEFT,0.07558299694210291,False,False,False,False,False,False,False
random_ruehl_mask,strong,20,270920280,19,RIGHT,RIGHT,0.08750008419156075,False,False,False,False,False,False,False
random_ruehl_mask,strong,20,270920280,20,BOMB,BOMB,0.09679095819592476,False,False,False,True,False,False,False
random_ruehl_mask,strong,20,270920280,21,LEFT,LEFT,0.09262491948902607,False,True,False,False,False,False,False
random_ruehl_mask,strong,20,270920280,22,WAIT,WAIT,0.0742919510230422,False,False,False,False,False,False,False
random_ruehl_mask,strong,20,270920280,23,DOWN,DOWN,0.08516700472682714,False,False,False,False,False,False,False
random_ruehl_mask,strong,20,270920280,24,WAIT,WAIT,0.055333017371594906,False,False,False,False,False,False,False
random_ruehl_mask,strong,20,270920280,25,WAIT,WAIT,0.04575005732476711,False,False,False,False,False,False,False
random_ruehl_mask,strong,20,270920280,26,WAIT,WAIT,0.037375022657215595,False,False,False,False,False,False,False
random_ruehl_mask,strong,20,270920280,27,DOWN,DOWN,0.05112506914883852,False,False,False,False,False,False,False
random_ruehl_mask,strong,20,270920280,28,WAIT,WAIT,0.08266698569059372,False,False,False,False,False,False,False
random_ruehl_mask,strong,20,270920280,29,WAIT,WAIT,0.08662499021738768,False,False,False,False,False,False,False
random_ruehl_mask,strong,20,270920280,30,WAIT,WAIT,0.06916699931025505,False,False,False,False,False,False,False
random_ruehl_mask,strong,20,270920280,31,WAIT,WAIT,0.07308297790586948,False,True,False,False,False,False,False
random_ruehl_mask,strong,20,270920280,32,WAIT,WAIT,0.06204191595315933,False,False,False,False,False,False,False
random_ruehl_mask,strong,20,270920280,33,UP,UP,0.07429206743836403,False,False,False,False,False,False,False
random_ruehl_mask,strong,20,270920280,34,UP,UP,0.06074993871152401,False,False,False,False,False,False,False
random_ruehl_mask,strong,20,270920280,35,DOWN,DOWN,0.09787501767277718,False,False,False,False,False,False,False
random_ruehl_mask,strong,20,270920280,36,DOWN,DOWN,0.06491702515631914,False,False,False,False,False,False,False
random_ruehl_mask,strong,20,270920280,37,RIGHT,RIGHT,0.0600829953327775,False,False,False,False,False,False,False
random_ruehl_mask,strong,20,270920280,38,RIGHT,RIGHT,0.07499998901039362,False,False,False,False,False,False,False
random_ruehl_mask,strong,20,270920280,39,UP,UP,0.06829097401350737,False,False,False,False,False,False,False
random_ruehl_mask,strong,20,270920280,40,BOMB,BOMB,0.0914169941097498,False,False,False,True,False,False,False
random_ruehl_mask,strong,20,270920280,41,DOWN,DOWN,0.045042019337415695,False,True,False,False,False,False,False
random_ruehl_mask,strong,20,270920280,42,RIGHT,RIGHT,0.05512498319149017,False,False,False,False,False,False,False
random_ruehl_mask,strong,20,270920280,43,RIGHT,RIGHT,0.04804099444299936,False,False,False,False,False,False,False
random_ruehl_mask,strong,20,270920280,44,RIGHT,RIGHT,0.04287506453692913,False,False,False,False,False,False,False
random_ruehl_mask,strong,20,270920280,45,WAIT,WAIT,0.05908298771828413,False,False,False,False,False,False,False
random_ruehl_mask,strong,20,270920280,46,RIGHT,RIGHT,0.04225003067404032,False,False,False,False,False,False,False
random_ruehl_mask,strong,20,270920280,47,WAIT,WAIT,0.10495807509869337,False,False,False,False,False,False,False
random_ruehl_mask,strong,20,270920280,48,LEFT,LEFT,0.11529098264873028,False,False,False,False,False,False,False
random_ruehl_mask,strong,20,270920280,49,WAIT,WAIT,0.07820792961865664,False,False,False,False,False,False,False
random_ruehl_mask,strong,20,270920280,50,RIGHT,RIGHT,0.05983398295938969,False,False,False,False,False,False,False
random_ruehl_mask,strong,20,270920280,51,WAIT,WAIT,0.11274998541921377,False,True,False,False,False,False,False
random_ruehl_mask,strong,20,270920280,52,LEFT,LEFT,0.08783291559666395,False,False,False,False,False,False,False
random_ruehl_mask,strong,20,270920280,53,LEFT,LEFT,0.06683391984552145,False,False,False,False,False,False,False
random_ruehl_mask,strong,20,270920280,54,RIGHT,RIGHT,0.09479199070483446,False,False,False,False,False,False,False
random_ruehl_mask,strong,20,270920280,55,WAIT,WAIT,0.056875054724514484,False,False,False,False,False,False,False
random_ruehl_mask,strong,20,270920280,56,RIGHT,RIGHT,0.07404200732707977,False,False,False,False,False,False,False
random_ruehl_mask,strong,20,270920280,57,WAIT,WAIT,0.12533296830952168,False,False,False,False,False,False,False
random_ruehl_mask,strong,20,270920280,58,LEFT,LEFT,0.1448750263080001,False,False,False,False,False,False,False
random_ruehl_mask,strong,20,270920280,59,RIGHT,RIGHT,0.06425008177757263,False,False,False,False,False,False,False
random_ruehl_mask,strong,20,270920280,60,RIGHT,RIGHT,0.09491702076047659,False,False,False,False,False,False,False
random_ruehl_mask,strong,20,270920280,61,LEFT,LEFT,0.052875024266541004,False,True,False,False,False,False,False
random_ruehl_mask,strong,20,270920280,62,WAIT,WAIT,0.08554104715585709,False,False,False,False,False,False,False
random_ruehl_mask,strong,20,270920280,63,LEFT,LEFT,0.1413340214639902,False,False,False,False,False,False,False
random_ruehl_mask,strong,20,270920280,64,LEFT,LEFT,0.058542005717754364,False,False,False,False,False,False,False
random_ruehl_mask,strong,20,270920280,65,WAIT,WAIT,0.0927499495446682,False,False,False,False,False,False,False
random_ruehl_mask,strong,20,270920280,66,WAIT,WAIT,0.12245797552168369,False,False,False,False,False,False,True
random_ruehl_mask,strong,20,270920280,67,BOMB,BOMB,0.1014170702546835,False,False,False,True,False,False,True
random_ruehl_mask,strong,20,270920280,68,RIGHT,RIGHT,0.06366707384586334,False,False,False,False,False,False,True
random_ruehl_mask,strong,20,270920280,69,WAIT,WAIT,0.038624973967671394,False,False,False,False,False,False,True
random_ruehl_mask,strong,20,270920280,70,WAIT,WAIT,0.048625050112605095,False,False,False,False,False,False,True
random_ruehl_mask,strong,20,270920280,71,RIGHT,RIGHT,0.04583399277180433,False,False,False,False,False,False,True
random_ruehl_mask,strong,21,270920281,1,WAIT,WAIT,0.09708409197628498,False,True,False,False,False,False,False
random_ruehl_mask,strong,21,270920281,2,WAIT,WAIT,0.08116697426885366,False,False,False,False,False,False,False
random_ruehl_mask,strong,21,270920281,3,UP,UP,0.10449998080730438,False,False,False,False,False,False,False
random_ruehl_mask,strong,21,270920281,4,BOMB,BOMB,0.13095804024487734,False,False,False,True,False,False,False
random_ruehl_mask,strong,21,270920281,5,DOWN,DOWN,0.07933296728879213,False,False,False,False,False,False,False
random_ruehl_mask,strong,21,270920281,6,RIGHT,RIGHT,0.07316702976822853,False,False,False,False,False,False,False
random_ruehl_mask,strong,21,270920281,7,WAIT,WAIT,0.07333292160183191,False,False,False,False,False,False,False
random_ruehl_mask,strong,21,270920281,8,WAIT,WAIT,0.047749956138432026,False,False,False,False,False,False,False
random_ruehl_mask,strong,21,270920281,9,WAIT,WAIT,0.06483402103185654,False,False,False,False,False,False,False
random_ruehl_mask,strong,21,270920281,10,LEFT,LEFT,0.0462500611320138,False,False,False,False,False,False,False
random_ruehl_mask,strong,21,270920281,11,UP,UP,0.11087500024586916,False,True,False,False,False,False,False
random_ruehl_mask,strong,21,270920281,12,WAIT,WAIT,0.07175002247095108,False,False,False,False,False,False,False
random_ruehl_mask,strong,21,270920281,13,DOWN,DOWN,0.0712500186637044,False,False,False,False,False,False,False
random_ruehl_mask,strong,21,270920281,14,WAIT,WAIT,0.10437495075166225,False,False,False,False,False,False,False
random_ruehl_mask,strong,21,270920281,15,RIGHT,RIGHT,0.11612498201429844,False,False,False,False,False,False,False
random_ruehl_mask,strong,21,270920281,16,LEFT,LEFT,0.08579099085181952,False,False,False,False,False,False,False
random_ruehl_mask,strong,21,270920281,17,WAIT,WAIT,0.08645805064588785,False,False,False,False,False,False,True
random_ruehl_mask,strong,21,270920281,18,BOMB,BOMB,0.08733395952731371,False,False,False,True,False,False,True
random_ruehl_mask,strong,21,270920281,19,RIGHT,RIGHT,0.07212511263787746,False,False,False,False,False,False,True
random_ruehl_mask,strong,21,270920281,20,WAIT,WAIT,0.06695894990116358,False,False,False,False,False,False,True
random_ruehl_mask,strong,21,270920281,21,WAIT,WAIT,0.05749997217208147,False,False,False,False,False,False,True
random_ruehl_mask,strong,21,270920281,22,WAIT,WAIT,0.061416998505592346,False,False,False,False,False,False,True
random_ruehl_mask,strong,22,270920282,1,WAIT,WAIT,0.12316706124693155,False,True,False,False,False,False,False
random_ruehl_mask,strong,22,270920282,2,UP,UP,0.09975000284612179,False,False,False,False,False,False,False
random_ruehl_mask,strong,22,270920282,3,BOMB,BOMB,0.23587490431964397,False,False,False,True,False,False,False
random_ruehl_mask,strong,22,270920282,4,DOWN,DOWN,0.07274991367012262,False,False,False,False,False,False,False
random_ruehl_mask,strong,22,270920282,5,RIGHT,RIGHT,0.0694170594215393,False,False,False,False,False,False,False
random_ruehl_mask,strong,22,270920282,6,WAIT,WAIT,0.10954204481095076,False,False,False,False,False,False,False
random_ruehl_mask,strong,22,270920282,7,WAIT,WAIT,0.0754999928176403,False,False,False,False,False,False,False
random_ruehl_mask,strong,22,270920282,8,WAIT,WAIT,0.049332971684634686,False,False,False,False,False,False,False
random_ruehl_mask,strong,22,270920282,9,WAIT,WAIT,0.03591598942875862,False,False,False,False,False,False,False
random_ruehl_mask,strong,22,270920282,10,WAIT,WAIT,0.09462493471801281,False,False,False,False,False,False,False
random_ruehl_mask,strong,22,270920282,11,WAIT,WAIT,0.07512501906603575,False,True,False,False,False,False,False
random_ruehl_mask,strong,22,270920282,12,WAIT,WAIT,0.07650000043213367,False,False,False,False,False,False,False
random_ruehl_mask,strong,22,270920282,13,WAIT,WAIT,0.12104201596230268,False,False,False,False,False,False,False
random_ruehl_mask,strong,22,270920282,14,WAIT,WAIT,0.12612505815923214,False,False,False,False,False,False,False
random_ruehl_mask,strong,22,270920282,15,WAIT,WAIT,0.08954200893640518,False,False,False,False,False,False,False
random_ruehl_mask,strong,22,270920282,16,WAIT,WAIT,0.08750008419156075,False,False,False,False,False,False,False
random_ruehl_mask,strong,22,270920282,17,LEFT,LEFT,0.07283291779458523,False,False,False,False,False,False,False
random_ruehl_mask,strong,22,270920282,18,UP,UP,0.10770896915346384,False,False,False,False,False,False,False
random_ruehl_mask,strong,22,270920282,19,DOWN,DOWN,0.06174994632601738,False,False,False,False,False,False,False
random_ruehl_mask,strong,22,270920282,20,RIGHT,RIGHT,0.11804199311882257,False,False,False,False,False,False,False
random_ruehl_mask,strong,22,270920282,21,LEFT,LEFT,0.1373749691992998,False,True,False,False,False,False,False
random_ruehl_mask,strong,22,270920282,22,RIGHT,RIGHT,0.10854192078113556,False,False,False,False,False,False,False
random_ruehl_mask,strong,22,270920282,23,BOMB,BOMB,0.07520895451307297,False,False,False,True,False,False,False
random_ruehl_mask,strong,22,270920282,24,LEFT,LEFT,0.03783300053328276,False,False,False,False,False,False,False
random_ruehl_mask,strong,22,270920282,25,UP,UP,0.06145797669887543,False,False,False,False,False,False,False
random_ruehl_mask,strong,22,270920282,26,WAIT,WAIT,0.05866598803550005,False,False,False,False,False,False,False
random_ruehl_mask,strong,22,270920282,27,WAIT,WAIT,0.04712492227554321,False,False,False,False,False,False,False
random_ruehl_mask,strong,22,270920282,28,WAIT,WAIT,0.054165953770279884,False,False,False,False,False,False,False
random_ruehl_mask,strong,22,270920282,29,DOWN,DOWN,0.044625019654631615,False,False,False,False,False,False,False
random_ruehl_mask,strong,22,270920282,30,UP,UP,0.10020798072218895,False,False,False,False,False,False,False
random_ruehl_mask,strong,22,270920282,31,UP,UP,0.07537496276199818,False,True,False,False,False,False,False
random_ruehl_mask,strong,22,270920282,32,WAIT,WAIT,0.11458306107670069,False,False,False,False,False,False,False
random_ruehl_mask,strong,22,270920282,33,BOMB,BOMB,0.08549995254725218,False,False,False,True,False,False,False
random_ruehl_mask,strong,22,270920282,34,DOWN,DOWN,0.060165999457240105,False,False,False,False,False,False,False
random_ruehl_mask,strong,22,270920282,35,DOWN,DOWN,0.06279197987169027,False,False,False,False,False,False,False
random_ruehl_mask,strong,22,270920282,36,RIGHT,RIGHT,0.0629170099273324,False,False,False,False,False,False,False
random_ruehl_mask,strong,22,270920282,37,WAIT,WAIT,0.06029196083545685,False,False,False,False,False,False,False
random_ruehl_mask,strong,22,270920282,38,WAIT,WAIT,0.04658394027501345,False,False,False,False,False,False,False
random_ruehl_mask,strong,22,270920282,39,RIGHT,RIGHT,0.03733392804861069,False,False,False,False,False,False,False
random_ruehl_mask,strong,22,270920282,40,WAIT,WAIT,0.11699995957314968,False,False,False,False,False,False,False
random_ruehl_mask,strong,22,270920282,41,BOMB,BOMB,0.10075001046061516,False,True,False,True,False,False,False
random_ruehl_mask,strong,22,270920282,42,LEFT,LEFT,0.05845900159329176,False,False,False,False,False,False,False
random_ruehl_mask,strong,22,270920282,43,LEFT,LEFT,0.06333400961011648,False,False,False,False,False,False,False
random_ruehl_mask,strong,22,270920282,44,UP,UP,0.07175002247095108,False,False,False,False,False,False,False
random_ruehl_mask,strong,22,270920282,45,UP,UP,0.1467500114813447,False,False,False,False,False,False,False
random_ruehl_mask,strong,22,270920282,46,WAIT,WAIT,0.0641250517219305,False,False,False,False,False,False,False
random_ruehl_mask,strong,22,270920282,47,DOWN,DOWN,0.04025001544505358,False,False,False,False,False,False,False
random_ruehl_mask,strong,22,270920282,48,DOWN,DOWN,0.05112495273351669,False,False,False,False,False,False,False
random_ruehl_mask,strong,22,270920282,49,RIGHT,RIGHT,0.052292016334831715,False,False,False,False,False,False,False
random_ruehl_mask,strong,22,270920282,50,LEFT,LEFT,0.04841701593250036,False,False,False,False,False,False,False
random_ruehl_mask,strong,22,270920282,51,RIGHT,RIGHT,0.05904200952500105,False,True,False,False,False,False,False
random_ruehl_mask,strong,22,270920282,52,RIGHT,RIGHT,0.08549995254725218,False,False,False,False,False,False,False
random_ruehl_mask,strong,22,270920282,53,WAIT,WAIT,0.08733291178941727,False,False,False,False,False,False,False
random_ruehl_mask,strong,22,270920282,54,WAIT,WAIT,0.06791693158447742,False,False,False,False,False,False,False
random_ruehl_mask,strong,22,270920282,55,UP,UP,0.06862496957182884,False,False,False,False,False,False,False
random_ruehl_mask,strong,22,270920282,56,BOMB,BOMB,0.08687505032867193,False,False,False,True,False,False,False
random_ruehl_mask,strong,22,270920282,57,UP,UP,0.04050007555633783,False,False,False,False,False,False,False
random_ruehl_mask,strong,22,270920282,58,LEFT,LEFT,0.03845803439617157,False,False,False,False,False,False,False
random_ruehl_mask,strong,22,270920282,59,LEFT,LEFT,0.06025005131959915,False,False,False,False,False,False,False
random_ruehl_mask,strong,22,270920282,60,UP,UP,0.06616697646677494,False,False,False,False,False,False,False
random_ruehl_mask,strong,22,270920282,61,DOWN,DOWN,0.05720905028283596,False,True,False,False,False,False,False
random_ruehl_mask,strong,22,270920282,62,UP,UP,0.04791701212525368,False,False,False,False,False,False,False
random_ruehl_mask,strong,22,270920282,63,DOWN,DOWN,0.07200008258223534,False,False,False,False,False,False,False
random_ruehl_mask,strong,22,270920282,64,WAIT,WAIT,0.0677499920129776,False,False,False,False,False,False,False
random_ruehl_mask,strong,22,270920282,65,WAIT,WAIT,0.08166697807610035,False,False,False,False,False,False,False
random_ruehl_mask,strong,22,270920282,66,UP,UP,0.05687493830919266,False,False,False,False,False,False,False
random_ruehl_mask,strong,22,270920282,67,WAIT,WAIT,0.05683302879333496,False,False,False,False,False,False,False
random_ruehl_mask,strong,22,270920282,68,WAIT,WAIT,0.056582968682050705,False,False,False,False,False,False,False
random_ruehl_mask,strong,22,270920282,69,WAIT,WAIT,0.07612502668052912,False,False,False,False,False,False,False
random_ruehl_mask,strong,22,270920282,70,WAIT,WAIT,0.056999968364834785,False,False,False,False,False,False,False
random_ruehl_mask,strong,22,270920282,71,WAIT,WAIT,0.05066697485744953,False,True,False,False,False,False,False
random_ruehl_mask,strong,22,270920282,72,DOWN,DOWN,0.08291692938655615,False,False,False,False,False,False,False
random_ruehl_mask,strong,22,270920282,73,WAIT,WAIT,0.1134589547291398,False,False,False,False,False,False,False
random_ruehl_mask,strong,22,270920282,74,UP,UP,0.08899997919797897,False,False,False,False,False,False,False
random_ruehl_mask,strong,22,270920282,75,DOWN,DOWN,0.06087496876716614,False,False,False,False,False,False,False
random_ruehl_mask,strong,22,270920282,76,WAIT,WAIT,0.09220791980624199,False,False,False,False,False,False,False
random_ruehl_mask,strong,22,270920282,77,UP,UP,0.06741599645465612,False,False,False,False,False,False,False
random_ruehl_mask,strong,22,270920282,78,WAIT,WAIT,0.06604206282645464,False,False,False,False,False,False,False
random_ruehl_mask,strong,22,270920282,79,WAIT,WAIT,0.04800001624971628,False,False,False,False,False,False,False
random_ruehl_mask,strong,22,270920282,80,WAIT,WAIT,0.06270792800933123,False,False,False,False,False,False,False
random_ruehl_mask,strong,22,270920282,81,WAIT,WAIT,0.0684160040691495,False,True,False,False,False,False,False
random_ruehl_mask,strong,22,270920282,82,WAIT,WAIT,0.05162495654076338,False,False,False,False,False,False,False
random_ruehl_mask,strong,22,270920282,83,DOWN,DOWN,0.05500006955116987,False,False,False,False,False,False,False
random_ruehl_mask,strong,22,270920282,84,RIGHT,RIGHT,0.09275006595999002,False,False,False,False,False,False,False
random_ruehl_mask,strong,22,270920282,85,LEFT,LEFT,0.0842090230435133,False,False,False,False,False,False,False
random_ruehl_mask,strong,22,270920282,86,UP,UP,0.08683395572006702,False,False,False,False,False,False,False
random_ruehl_mask,strong,22,270920282,87,DOWN,DOWN,0.06712495815008879,False,False,False,False,False,False,False
random_ruehl_mask,strong,22,270920282,88,RIGHT,RIGHT,0.06295798812061548,False,False,False,False,False,False,False
random_ruehl_mask,strong,22,270920282,89,WAIT,WAIT,0.06587500683963299,False,False,False,False,False,False,False
random_ruehl_mask,strong,22,270920282,90,WAIT,WAIT,0.05162495654076338,False,False,False,False,False,False,False
random_ruehl_mask,strong,22,270920282,91,WAIT,WAIT,0.04883401561528444,False,True,False,False,False,False,False
random_ruehl_mask,strong,22,270920282,92,LEFT,LEFT,0.06916595157235861,False,False,False,False,False,False,False
random_ruehl_mask,strong,22,270920282,93,RIGHT,RIGHT,0.06995804142206907,False,False,False,False,False,False,False
random_ruehl_mask,strong,22,270920282,94,LEFT,LEFT,0.0652919989079237,False,False,False,False,False,False,False
random_ruehl_mask,strong,22,270920282,95,DOWN,DOWN,0.07366703357547522,False,False,False,False,False,False,False
random_ruehl_mask,strong,22,270920282,96,WAIT,WAIT,0.05941605195403099,False,False,False,False,False,False,False
random_ruehl_mask,strong,22,270920282,97,DOWN,DOWN,0.10904099326580763,False,False,False,False,False,False,False
random_ruehl_mask,strong,22,270920282,98,RIGHT,RIGHT,0.07354095578193665,False,False,False,False,False,False,False
random_ruehl_mask,strong,22,270920282,99,WAIT,WAIT,0.06437499541789293,False,False,False,False,False,False,False
random_ruehl_mask,strong,22,270920282,100,WAIT,WAIT,0.07541605737060308,False,False,False,False,False,False,False
random_ruehl_mask,strong,22,270920282,101,LEFT,LEFT,0.0944589264690876,False,True,False,False,False,False,False
random_ruehl_mask,strong,22,270920282,102,UP,UP,0.06700004450976849,False,False,False,False,False,False,False
random_ruehl_mask,strong,22,270920282,103,DOWN,DOWN,0.05695794243365526,False,False,False,False,False,False,False
random_ruehl_mask,strong,22,270920282,104,WAIT,WAIT,0.05091703496873379,False,False,False,False,False,False,False
random_ruehl_mask,strong,22,270920282,105,WAIT,WAIT,0.04954205360263586,False,False,False,False,False,False,False
random_ruehl_mask,strong,22,270920282,106,RIGHT,RIGHT,0.04991702735424042,False,False,False,False,False,False,False
random_ruehl_mask,strong,22,270920282,107,RIGHT,RIGHT,0.09370793122798204,False,False,False,False,False,False,False
random_ruehl_mask,strong,22,270920282,108,LEFT,LEFT,0.10591698810458183,False,False,False,False,False,False,False
random_ruehl_mask,strong,22,270920282,109,WAIT,WAIT,0.06737501826137304,False,False,False,False,False,False,False
random_ruehl_mask,strong,22,270920282,110,LEFT,LEFT,0.06991601549088955,False,False,False,False,False,False,False
random_ruehl_mask,strong,22,270920282,111,UP,UP,0.05687493830919266,False,True,False,False,False,False,False
random_ruehl_mask,strong,22,270920282,112,WAIT,WAIT,0.05195802077651024,False,False,False,False,False,False,False
random_ruehl_mask,strong,22,270920282,113,UP,UP,0.05016708746552467,False,False,False,False,False,False,False
random_ruehl_mask,strong,22,270920282,114,RIGHT,RIGHT,0.06829097401350737,False,False,False,False,False,False,False
random_ruehl_mask,strong,22,270920282,115,RIGHT,RIGHT,0.07445807568728924,False,False,False,False,False,False,False
random_ruehl_mask,strong,22,270920282,116,LEFT,LEFT,0.06645894609391689,False,False,False,False,False,False,False
random_ruehl_mask,strong,22,270920282,117,RIGHT,RIGHT,0.0718339579179883,False,False,False,False,False,False,False
random_ruehl_mask,strong,22,270920282,118,WAIT,WAIT,0.07599999662488699,False,False,False,False,False,False,False
random_ruehl_mask,strong,22,270920282,119,WAIT,WAIT,0.0629170099273324,False,False,False,False,False,False,False
random_ruehl_mask,strong,22,270920282,120,UP,UP,0.06075005512684584,False,False,False,False,False,False,False
random_ruehl_mask,strong,22,270920282,121,WAIT,WAIT,0.06708304863423109,False,True,False,False,False,False,False
random_ruehl_mask,strong,22,270920282,122,UP,UP,0.06779201794415712,False,False,False,False,False,False,False
random_ruehl_mask,strong,22,270920282,123,BOMB,BOMB,0.12283306568861008,False,False,False,True,False,False,False
random_ruehl_mask,strong,22,270920282,124,LEFT,LEFT,0.07283396553248167,False,False,False,False,False,False,False
random_ruehl_mask,strong,22,270920282,125,WAIT,WAIT,0.04766695201396942,False,False,False,False,False,False,False
random_ruehl_mask,strong,22,270920282,126,LEFT,LEFT,0.0687920255586505,False,False,False,False,False,False,False
random_ruehl_mask,strong,22,270920282,127,UP,UP,0.06220792420208454,False,False,False,False,False,False,False
random_ruehl_mask,strong,22,270920282,128,WAIT,WAIT,0.08899997919797897,False,False,False,False,False,False,False
random_ruehl_mask,strong,22,270920282,129,WAIT,WAIT,0.051416922360658646,False,False,False,False,False,False,False
random_ruehl_mask,strong,22,270920282,130,WAIT,WAIT,0.059416983276605606,False,False,False,False,False,False,False
random_ruehl_mask,strong,22,270920282,131,UP,UP,0.07783295586705208,False,True,False,False,False,False,False
random_ruehl_mask,strong,22,270920282,132,WAIT,WAIT,0.06433296948671341,False,False,False,False,False,False,False
random_ruehl_mask,strong,22,270920282,133,DOWN,DOWN,0.0950000248849392,False,False,False,False,False,False,False
random_ruehl_mask,strong,22,270920282,134,WAIT,WAIT,0.05904096178710461,False,False,False,False,False,False,False
random_ruehl_mask,strong,22,270920282,135,DOWN,DOWN,0.06975000724196434,False,False,False,False,False,False,False
random_ruehl_mask,strong,22,270920282,136,UP,UP,0.06233400199562311,False,False,False,False,False,False,False
random_ruehl_mask,strong,22,270920282,137,DOWN,DOWN,0.060416990891098976,False,False,False,False,False,False,False
random_ruehl_mask,strong,22,270920282,138,RIGHT,RIGHT,0.0601249048486352,False,False,False,False,False,False,False
random_ruehl_mask,strong,22,270920282,139,RIGHT,RIGHT,0.06816710811108351,False,False,False,False,False,False,False
random_ruehl_mask,strong,22,270920282,140,UP,UP,0.07937499321997166,False,False,False,False,False,False,False
random_ruehl_mask,strong,22,270920282,141,WAIT,WAIT,0.07041601929813623,False,True,False,False,False,False,False
random_ruehl_mask,strong,22,270920282,142,UP,UP,0.07320789154618979,False,False,False,False,False,False,False
random_ruehl_mask,strong,22,270920282,143,LEFT,LEFT,0.12149999383836985,False,False,False,False,False,False,False
random_ruehl_mask,strong,22,270920282,144,RIGHT,RIGHT,0.06737501826137304,False,False,False,False,False,False,False
random_ruehl_mask,strong,22,270920282,145,RIGHT,RIGHT,0.1057089539244771,False,False,False,False,False,False,False
random_ruehl_mask,strong,22,270920282,146,RIGHT,RIGHT,0.0511660473421216,False,False,False,False,False,False,False
random_ruehl_mask,strong,22,270920282,147,LEFT,LEFT,0.1217919634655118,False,False,False,False,False,False,False
random_ruehl_mask,strong,22,270920282,148,RIGHT,RIGHT,0.060249934904277325,False,False,False,False,False,False,False
random_ruehl_mask,strong,22,270920282,149,WAIT,WAIT,0.09537499863654375,False,False,False,False,False,False,False
random_ruehl_mask,strong,22,270920282,150,DOWN,DOWN,0.10295805986970663,False,False,False,False,False,False,False
random_ruehl_mask,strong,22,270920282,151,DOWN,DOWN,0.10020798072218895,False,True,False,False,False,False,False
random_ruehl_mask,strong,22,270920282,152,WAIT,WAIT,0.1247910549864173,False,False,False,False,False,False,False
random_ruehl_mask,strong,22,270920282,153,LEFT,LEFT,0.13087503612041473,False,False,False,False,False,False,False
random_ruehl_mask,strong,22,270920282,154,RIGHT,RIGHT,0.06350001785904169,False,False,False,False,False,False,False
random_ruehl_mask,strong,22,270920282,155,UP,UP,0.10179204400628805,False,False,False,False,False,False,False
random_ruehl_mask,strong,22,270920282,156,WAIT,WAIT,0.09437499102205038,False,False,False,False,False,False,False
random_ruehl_mask,strong,22,270920282,157,WAIT,WAIT,0.0694170594215393,False,False,False,False,False,False,False
random_ruehl_mask,strong,22,270920282,158,DOWN,DOWN,0.0730419997125864,False,False,False,False,False,False,False
random_ruehl_mask,strong,22,270920282,159,LEFT,LEFT,0.0951249385252595,False,False,False,False,False,False,False
random_ruehl_mask,strong,22,270920282,160,LEFT,LEFT,0.049291993491351604,False,False,False,False,False,False,False
random_ruehl_mask,strong,22,270920282,161,RIGHT,RIGHT,0.0764590222388506,False,True,False,False,False,False,False
random_ruehl_mask,strong,22,270920282,162,WAIT,WAIT,0.11045904830098152,False,False,False,False,False,False,False
random_ruehl_mask,strong,22,270920282,163,LEFT,LEFT,0.09633391164243221,False,False,False,False,False,False,False
random_ruehl_mask,strong,22,270920282,164,RIGHT,RIGHT,0.12208300177007914,False,False,False,False,False,False,False
random_ruehl_mask,strong,22,270920282,165,LEFT,LEFT,0.0541249755769968,False,False,False,False,False,False,False
random_ruehl_mask,strong,22,270920282,166,UP,UP,0.06620795466005802,False,False,False,False,False,False,False
random_ruehl_mask,strong,22,270920282,167,UP,UP,0.07970898877829313,False,False,False,False,False,False,False
random_ruehl_mask,strong,22,270920282,168,DOWN,DOWN,0.1265000319108367,False,False,False,False,False,False,False
random_ruehl_mask,strong,22,270920282,169,DOWN,DOWN,0.07995800115168095,False,False,False,False,False,False,False
random_ruehl_mask,strong,22,270920282,170,LEFT,LEFT,0.11925003491342068,False,False,False,False,False,False,False
random_ruehl_mask,strong,22,270920282,171,LEFT,LEFT,0.08233299013227224,False,True,False,False,False,False,False
random_ruehl_mask,strong,22,270920282,172,WAIT,WAIT,0.07037504110485315,False,False,False,False,False,False,False
random_ruehl_mask,strong,22,270920282,173,UP,UP,0.10900001507252455,False,False,False,False,False,False,False
random_ruehl_mask,strong,22,270920282,174,DOWN,DOWN,0.08683395572006702,False,False,False,False,False,False,False
random_ruehl_mask,strong,22,270920282,175,DOWN,DOWN,0.08645805064588785,False,False,False,False,False,False,False
random_ruehl_mask,strong,22,270920282,176,DOWN,DOWN,0.05358399357646704,False,False,False,False,False,False,False
random_ruehl_mask,strong,22,270920282,177,DOWN,DOWN,0.07945799734443426,False,False,False,False,False,False,False
random_ruehl_mask,strong,22,270920282,178,DOWN,DOWN,0.05979207344353199,False,False,False,False,False,False,False
random_ruehl_mask,strong,22,270920282,179,RIGHT,RIGHT,0.08545804303139448,False,False,False,False,False,False,False
random_ruehl_mask,strong,22,270920282,180,LEFT,LEFT,0.0564999645575881,False,False,False,False,False,False,False
random_ruehl_mask,strong,22,270920282,181,WAIT,WAIT,0.05620799493044615,False,True,False,False,False,False,False
random_ruehl_mask,strong,22,270920282,182,WAIT,WAIT,0.05304196383804083,False,False,False,False,False,False,False
random_ruehl_mask,strong,22,270920282,183,WAIT,WAIT,0.08304195944219828,False,False,False,False,False,False,False
random_ruehl_mask,strong,22,270920282,184,WAIT,WAIT,0.07129099685698748,False,False,False,False,False,False,False
random_ruehl_mask,strong,22,270920282,185,UP,UP,0.06341701373457909,False,False,False,False,False,False,False
random_ruehl_mask,strong,22,270920282,186,UP,UP,0.06620795466005802,False,False,False,False,False,False,False
random_ruehl_mask,strong,22,270920282,187,UP,UP,0.05554209928959608,False,False,False,False,False,False,False
random_ruehl_mask,strong,22,270920282,188,DOWN,DOWN,0.05691708065569401,False,False,False,False,False,False,False
random_ruehl_mask,strong,22,270920282,189,DOWN,DOWN,0.05416607018560171,False,False,False,False,False,False,False
random_ruehl_mask,strong,22,270920282,190,UP,UP,0.05095801316201687,False,False,False,False,False,False,False
random_ruehl_mask,strong,22,270920282,191,RIGHT,RIGHT,0.05291705019772053,False,True,False,False,False,False,False
random_ruehl_mask,strong,22,270920282,192,WAIT,WAIT,0.06495905108749866,False,False,False,False,False,False,False
random_ruehl_mask,strong,22,270920282,193,WAIT,WAIT,0.0600829953327775,False,False,False,False,False,False,False
random_ruehl_mask,strong,22,270920282,194,LEFT,LEFT,0.0701249809935689,False,False,False,False,False,False,False
random_ruehl_mask,strong,22,270920282,195,WAIT,WAIT,0.06925000343471766,False,False,False,False,False,False,False
random_ruehl_mask,strong,22,270920282,196,UP,UP,0.057999975979328156,False,False,False,False,False,False,False
random_ruehl_mask,strong,22,270920282,197,WAIT,WAIT,0.06683403626084328,False,False,False,False,False,False,False
random_ruehl_mask,strong,22,270920282,198,UP,UP,0.10516599286347628,False,False,False,False,False,False,False
random_ruehl_mask,strong,22,270920282,199,UP,UP,0.08016708306968212,False,False,False,False,False,False,False
random_ruehl_mask,strong,22,270920282,200,WAIT,WAIT,0.10683294385671616,False,False,False,False,False,False,False
random_ruehl_mask,strong,22,270920282,201,WAIT,WAIT,0.10808301158249378,False,True,False,False,False,False,False
random_ruehl_mask,strong,22,270920282,202,DOWN,DOWN,0.11108396574854851,False,False,False,False,False,False,False
random_ruehl_mask,strong,22,270920282,203,RIGHT,RIGHT,0.08274998981505632,False,False,False,False,False,False,False
random_ruehl_mask,strong,22,270920282,204,RIGHT,RIGHT,0.07616705261170864,False,False,False,False,False,False,False
random_ruehl_mask,strong,22,270920282,205,UP,UP,0.07066607940942049,False,False,False,False,False,False,False
random_ruehl_mask,strong,22,270920282,206,WAIT,WAIT,0.06941601168364286,False,False,False,False,False,False,False
random_ruehl_mask,strong,22,270920282,207,DOWN,DOWN,0.07574993651360273,False,False,False,False,False,False,False
random_ruehl_mask,strong,22,270920282,208,LEFT,LEFT,0.0700000673532486,False,False,False,False,False,False,False
random_ruehl_mask,strong,22,270920282,209,RIGHT,RIGHT,0.09216694161295891,False,False,False,False,False,False,False
random_ruehl_mask,strong,22,270920282,210,WAIT,WAIT,0.0886659836396575,False,False,False,False,False,False,False
random_ruehl_mask,strong,22,270920282,211,DOWN,DOWN,0.07245794404298067,False,True,False,False,False,False,False
random_ruehl_mask,strong,22,270920282,212,WAIT,WAIT,0.06108300294727087,False,False,False,False,False,False,False
random_ruehl_mask,strong,22,270920282,213,WAIT,WAIT,0.0617919722571969,False,False,False,False,False,False,False
random_ruehl_mask,strong,22,270920282,214,UP,UP,0.07462501525878906,False,False,False,False,False,False,False
random_ruehl_mask,strong,22,270920282,215,RIGHT,RIGHT,0.08100003469735384,False,False,False,False,False,False,False
random_ruehl_mask,strong,22,270920282,216,LEFT,LEFT,0.06850005593150854,False,False,False,False,False,False,False
random_ruehl_mask,strong,22,270920282,217,DOWN,DOWN,0.0731669133529067,False,False,False,False,False,False,False
random_ruehl_mask,strong,22,270920282,218,UP,UP,0.07520802319049835,False,False,False,False,False,False,False
random_ruehl_mask,strong,22,270920282,219,WAIT,WAIT,0.057165976613759995,False,False,False,False,False,False,False
random_ruehl_mask,strong,22,270920282,220,LEFT,LEFT,0.07929210551083088,False,False,False,False,False,False,False
random_ruehl_mask,strong,22,270920282,221,LEFT,LEFT,0.06624998059123755,False,True,False,False,False,False,False
random_ruehl_mask,strong,22,270920282,222,RIGHT,RIGHT,0.08216709829866886,False,False,False,False,False,False,False
random_ruehl_mask,strong,22,270920282,223,WAIT,WAIT,0.06433390080928802,False,False,False,False,False,False,False
random_ruehl_mask,strong,22,270920282,224,LEFT,LEFT,0.05425000563263893,False,False,False,False,False,False,False
random_ruehl_mask,strong,22,270920282,225,UP,UP,0.08791603613644838,False,False,False,False,False,False,False
random_ruehl_mask,strong,22,270920282,226,UP,UP,0.0728340819478035,False,False,False,False,False,False,False
random_ruehl_mask,strong,22,270920282,227,UP,UP,0.06966700311750174,False,False,False,False,False,False,False
random_ruehl_mask,strong,22,270920282,228,UP,UP,0.08745910599827766,False,False,False,False,False,False,False
random_ruehl_mask,strong,22,270920282,229,WAIT,WAIT,0.08070794865489006,False,False,False,False,False,False,False
random_ruehl_mask,strong,22,270920282,230,RIGHT,RIGHT,0.11508294846862555,False,False,False,False,False,False,False
random_ruehl_mask,strong,22,270920282,231,RIGHT,RIGHT,0.06929098162800074,False,True,False,False,False,False,False
random_ruehl_mask,strong,22,270920282,232,RIGHT,RIGHT,0.09733298793435097,False,False,False,False,False,False,False
random_ruehl_mask,strong,22,270920282,233,RIGHT,RIGHT,0.09662506636232138,False,False,False,False,False,False,False
random_ruehl_mask,strong,22,270920282,234,BOMB,BOMB,0.09850005153566599,False,False,False,True,True,False,False
random_ruehl_mask,strong,22,270920282,235,DOWN,DOWN,0.06295798812061548,False,False,False,False,False,False,False
random_ruehl_mask,strong,22,270920282,236,WAIT,WAIT,0.05833397153764963,False,False,False,False,False,False,False
random_ruehl_mask,strong,22,270920282,237,DOWN,DOWN,0.07624994032084942,False,False,False,False,False,False,False
random_ruehl_mask,strong,22,270920282,238,RIGHT,RIGHT,0.10462501086294651,False,False,False,False,False,False,False
random_ruehl_mask,strong,22,270920282,239,WAIT,WAIT,0.1027500256896019,False,False,False,False,False,False,False
random_ruehl_mask,strong,22,270920282,240,WAIT,WAIT,0.07637497037649155,False,False,False,False,False,False,False
random_ruehl_mask,strong,22,270920282,241,LEFT,LEFT,0.09754195343703032,False,True,False,False,False,False,False
random_ruehl_mask,strong,22,270920282,242,UP,UP,0.06470899097621441,False,False,False,False,False,False,False
random_ruehl_mask,strong,22,270920282,243,UP,UP,0.07462501525878906,False,False,False,False,False,False,False
random_ruehl_mask,strong,22,270920282,244,UP,UP,0.1193750649690628,False,False,False,False,False,False,False
random_ruehl_mask,strong,22,270920282,245,DOWN,DOWN,0.06800005212426186,False,False,False,False,False,False,False
random_ruehl_mask,strong,22,270920282,246,WAIT,WAIT,0.10779197327792645,False,False,False,False,False,False,False
random_ruehl_mask,strong,22,270920282,247,UP,UP,0.13529101852327585,False,False,False,False,False,False,False
random_ruehl_mask,strong,22,270920282,248,WAIT,WAIT,0.09724998380988836,False,False,False,False,False,False,False
random_ruehl_mask,strong,22,270920282,249,BOMB,BOMB,0.12445799075067043,False,False,False,True,True,False,False
random_ruehl_mask,strong,22,270920282,250,DOWN,DOWN,0.054333009757101536,False,False,False,False,False,False,False
random_ruehl_mask,strong,22,270920282,251,DOWN,DOWN,0.07595797069370747,False,True,False,False,False,False,False
random_ruehl_mask,strong,22,270920282,252,DOWN,DOWN,0.07929198909550905,False,False,False,False,False,False,False
random_ruehl_mask,strong,22,270920282,253,LEFT,LEFT,0.09958294685930014,False,False,False,False,False,False,False
random_ruehl_mask,strong,22,270920282,254,WAIT,WAIT,0.09341700933873653,False,False,False,False,False,False,False
random_ruehl_mask,strong,22,270920282,255,RIGHT,RIGHT,0.08825003169476986,False,False,False,False,False,False,False
random_ruehl_mask,strong,22,270920282,256,UP,UP,0.09049999061971903,False,False,False,False,False,False,False
random_ruehl_mask,strong,22,270920282,257,WAIT,WAIT,0.25299994740635157,False,False,False,False,False,False,False
random_ruehl_mask,strong,22,270920282,258,DOWN,DOWN,0.12937502469867468,False,False,False,False,False,False,False
random_ruehl_mask,strong,22,270920282,259,WAIT,WAIT,0.11575000826269388,False,False,False,False,False,False,False
random_ruehl_mask,strong,22,270920282,260,UP,UP,0.1141249667853117,False,False,False,False,False,False,False
random_ruehl_mask,strong,22,270920282,261,UP,UP,0.10987499263137579,False,True,False,False,False,False,False
random_ruehl_mask,strong,22,270920282,262,UP,UP,0.1247089821845293,False,False,False,False,False,False,False
random_ruehl_mask,strong,22,270920282,263,UP,UP,0.19016594160348177,False,False,False,False,False,False,False
random_ruehl_mask,strong,22,270920282,264,WAIT,WAIT,0.10420905891805887,False,False,False,False,False,False,False
random_ruehl_mask,strong,22,270920282,265,UP,UP,0.06600003689527512,False,False,False,False,False,False,False
random_ruehl_mask,strong,22,270920282,266,UP,UP,0.08270808029919863,False,False,False,False,False,False,False
random_ruehl_mask,strong,22,270920282,267,DOWN,DOWN,0.06970809772610664,False,False,False,False,False,False,False
random_ruehl_mask,strong,22,270920282,268,DOWN,DOWN,0.07149996235966682,False,False,False,False,False,False,False
random_ruehl_mask,strong,22,270920282,269,UP,UP,0.07287506014108658,False,False,False,False,False,False,False
random_ruehl_mask,strong,22,270920282,270,UP,UP,0.0702079851180315,False,False,False,False,False,False,False
random_ruehl_mask,strong,22,270920282,271,DOWN,DOWN,0.06279197987169027,False,True,False,False,False,False,False
random_ruehl_mask,strong,22,270920282,272,RIGHT,RIGHT,0.06379198748618364,False,False,False,False,False,False,False
random_ruehl_mask,strong,22,270920282,273,LEFT,LEFT,0.05462497938424349,False,False,False,False,False,False,False
random_ruehl_mask,strong,22,270920282,274,DOWN,DOWN,0.06862496957182884,False,False,False,False,False,False,False
random_ruehl_mask,strong,22,270920282,275,UP,UP,0.059416983276605606,False,False,False,False,False,False,False
random_ruehl_mask,strong,22,270920282,276,UP,UP,0.0712500186637044,False,False,False,False,False,False,False
random_ruehl_mask,strong,22,270920282,277,DOWN,DOWN,0.05283404607325792,False,False,False,False,False,False,False
random_ruehl_mask,strong,22,270920282,278,UP,UP,0.07345899939537048,False,False,False,False,False,False,False
random_ruehl_mask,strong,22,270920282,279,WAIT,WAIT,0.0873330282047391,False,False,False,False,False,False,False
random_ruehl_mask,strong,22,270920282,280,WAIT,WAIT,0.09033398237079382,False,False,False,False,False,False,False
random_ruehl_mask,strong,22,270920282,281,UP,UP,0.05154090467840433,False,True,False,False,False,False,False
random_ruehl_mask,strong,22,270920282,282,DOWN,DOWN,0.054416945204138756,False,False,False,False,False,False,False
random_ruehl_mask,strong,22,270920282,283,WAIT,WAIT,0.055292039178311825,False,False,False,False,False,False,False
random_ruehl_mask,strong,22,270920282,284,DOWN,DOWN,0.07391697727143764,False,False,False,False,False,False,False
random_ruehl_mask,strong,22,270920282,285,UP,UP,0.0790000194683671,False,False,False,False,False,False,False
random_ruehl_mask,strong,22,270920282,286,DOWN,DOWN,0.08245802018791437,False,False,False,False,False,False,False
random_ruehl_mask,strong,22,270920282,287,WAIT,WAIT,0.06945792119950056,False,False,False,False,False,False,False
random_ruehl_mask,strong,22,270920282,288,DOWN,DOWN,0.0838330015540123,False,False,False,False,False,False,False
random_ruehl_mask,strong,22,270920282,289,UP,UP,0.062249950133264065,False,False,False,False,False,False,False
random_ruehl_mask,strong,22,270920282,290,RIGHT,RIGHT,0.07329194340854883,False,False,False,False,False,False,False
random_ruehl_mask,strong,22,270920282,291,WAIT,WAIT,0.06975000724196434,False,True,False,False,False,False,False
random_ruehl_mask,strong,22,270920282,292,RIGHT,RIGHT,0.05716702435165644,False,False,False,False,False,False,False
random_ruehl_mask,strong,22,270920282,293,UP,UP,0.07045792881399393,False,False,False,False,False,False,False
random_ruehl_mask,strong,22,270920282,294,WAIT,WAIT,0.07250008638948202,False,False,False,False,False,False,False
random_ruehl_mask,strong,22,270920282,295,UP,UP,0.0908339861780405,False,False,False,False,False,False,False
random_ruehl_mask,strong,22,270920282,296,LEFT,LEFT,0.07104198448359966,False,False,False,False,False,False,False
random_ruehl_mask,strong,22,270920282,297,RIGHT,RIGHT,0.06958399899303913,False,False,False,False,False,False,False
random_ruehl_mask,strong,22,270920282,298,LEFT,LEFT,0.06524997297674417,False,False,False,False,False,False,False
random_ruehl_mask,strong,22,270920282,299,RIGHT,RIGHT,0.05658401641994715,False,False,False,False,False,False,False
random_ruehl_mask,strong,22,270920282,300,RIGHT,RIGHT,0.07750000804662704,False,False,False,False,False,False,False
random_ruehl_mask,strong,22,270920282,301,WAIT,WAIT,0.0730419997125864,False,True,False,False,False,False,False
random_ruehl_mask,strong,22,270920282,302,WAIT,WAIT,0.07437507156282663,False,False,False,False,False,False,False
random_ruehl_mask,strong,22,270920282,303,RIGHT,RIGHT,0.07879198528826237,False,False,False,False,False,False,False
random_ruehl_mask,strong,22,270920282,304,RIGHT,RIGHT,0.05658401641994715,False,False,False,False,False,False,False
random_ruehl_mask,strong,22,270920282,305,WAIT,WAIT,0.049875001423060894,False,False,False,False,False,False,False
random_ruehl_mask,strong,22,270920282,306,LEFT,LEFT,0.04954100586473942,False,False,False,False,False,False,False
random_ruehl_mask,strong,22,270920282,307,WAIT,WAIT,0.09187497198581696,False,False,False,False,False,False,False
random_ruehl_mask,strong,22,270920282,308,WAIT,WAIT,0.057833967730402946,False,False,False,False,False,False,False
random_ruehl_mask,strong,22,270920282,309,DOWN,DOWN,0.08533301297575235,False,False,False,False,False,False,False
random_ruehl_mask,strong,22,270920282,310,DOWN,DOWN,0.07395795546472073,False,False,False,False,False,False,False
random_ruehl_mask,strong,22,270920282,311,RIGHT,RIGHT,0.08599995635449886,False,True,False,False,False,False,False
random_ruehl_mask,strong,22,270920282,312,WAIT,WAIT,0.06354204379022121,False,False,False,False,False,False,False
random_ruehl_mask,strong,22,270920282,313,LEFT,LEFT,0.04983297549188137,False,False,False,False,False,False,False
random_ruehl_mask,strong,22,270920282,314,UP,UP,0.06479199510067701,False,False,False,False,False,False,False
random_ruehl_mask,strong,22,270920282,315,WAIT,WAIT,0.07041601929813623,False,False,False,False,False,False,False
random_ruehl_mask,strong,22,270920282,316,DOWN,DOWN,0.07175002247095108,False,False,False,False,False,False,False
random_ruehl_mask,strong,22,270920282,317,RIGHT,RIGHT,0.09008299093693495,False,False,False,False,False,False,False
random_ruehl_mask,strong,22,270920282,318,WAIT,WAIT,0.06891600787639618,False,False,False,False,False,False,False
random_ruehl_mask,strong,22,270920282,319,WAIT,WAIT,0.052458024583756924,False,False,False,False,False,False,False
random_ruehl_mask,strong,22,270920282,320,LEFT,LEFT,0.0604590168222785,False,False,False,False,False,False,False
random_ruehl_mask,strong,22,270920282,321,RIGHT,RIGHT,0.07450010161846876,False,True,False,False,False,False,False
random_ruehl_mask,strong,22,270920282,322,LEFT,LEFT,0.06975000724196434,False,False,False,False,False,False,False
random_ruehl_mask,strong,22,270920282,323,DOWN,DOWN,0.0678329961374402,False,False,False,False,False,False,False
random_ruehl_mask,strong,22,270920282,324,DOWN,DOWN,0.06025005131959915,False,False,False,False,False,False,False
random_ruehl_mask,strong,22,270920282,325,WAIT,WAIT,0.05637493450194597,False,False,False,False,False,False,False
random_ruehl_mask,strong,22,270920282,326,UP,UP,0.0760830007493496,False,False,False,False,False,False,False
random_ruehl_mask,strong,22,270920282,327,DOWN,DOWN,0.055416952818632126,False,False,False,False,False,False,False
random_ruehl_mask,strong,22,270920282,328,UP,UP,0.0665000407025218,False,False,False,False,False,False,False
random_ruehl_mask,strong,22,270920282,329,WAIT,WAIT,0.06633391603827477,False,False,False,False,False,False,False
random_ruehl_mask,strong,22,270920282,330,WAIT,WAIT,0.07483409717679024,False,False,False,False,False,False,False
random_ruehl_mask,strong,22,270920282,331,WAIT,WAIT,0.05870801396667957,False,True,False,False,False,False,False
random_ruehl_mask,strong,22,270920282,332,UP,UP,0.06129196844995022,False,False,False,False,False,False,False
random_ruehl_mask,strong,22,270920282,333,DOWN,DOWN,0.0631249276921153,False,False,False,False,False,False,False
random_ruehl_mask,strong,22,270920282,334,UP,UP,0.052875024266541004,False,False,False,False,False,False,False
random_ruehl_mask,strong,22,270920282,335,UP,UP,0.05779194179922342,False,False,False,False,False,False,False
random_ruehl_mask,strong,22,270920282,336,UP,UP,0.06204203236848116,False,False,False,False,False,False,False
random_ruehl_mask,strong,22,270920282,337,WAIT,WAIT,0.05604198668152094,False,False,False,False,False,False,False
random_ruehl_mask,strong,22,270920282,338,LEFT,LEFT,0.07741700392216444,False,False,False,False,False,False,False
random_ruehl_mask,strong,22,270920282,339,LEFT,LEFT,0.0754999928176403,False,False,False,False,False,False,False
random_ruehl_mask,strong,22,270920282,340,WAIT,WAIT,0.05991698708385229,False,False,False,False,False,False,False
random_ruehl_mask,strong,22,270920282,341,LEFT,LEFT,0.06637501064687967,False,True,False,False,False,False,False
random_ruehl_mask,strong,22,270920282,342,RIGHT,RIGHT,0.054750009439885616,False,False,False,False,False,False,False
random_ruehl_mask,strong,22,270920282,343,DOWN,DOWN,0.05620799493044615,False,False,False,False,False,False,False
random_ruehl_mask,strong,22,270920282,344,WAIT,WAIT,0.04783400800079107,False,False,False,False,False,False,False
random_ruehl_mask,strong,22,270920282,345,DOWN,DOWN,0.06679201032966375,False,False,False,False,False,False,False
random_ruehl_mask,strong,22,270920282,346,WAIT,WAIT,0.06033293902873993,False,False,False,False,False,False,False
random_ruehl_mask,strong,22,270920282,347,WAIT,WAIT,0.0689999433234334,False,False,False,False,False,False,False
random_ruehl_mask,strong,22,270920282,348,DOWN,DOWN,0.07841596379876137,False,False,False,False,False,False,False
random_ruehl_mask,strong,22,270920282,349,UP,UP,0.07062498480081558,False,False,False,False,False,False,False
random_ruehl_mask,strong,22,270920282,350,WAIT,WAIT,0.0629170099273324,False,False,False,False,False,False,False
random_ruehl_mask,strong,22,270920282,351,RIGHT,RIGHT,0.06833299994468689,False,True,False,False,False,False,False
random_ruehl_mask,strong,22,270920282,352,LEFT,LEFT,0.06700004450976849,False,False,False,False,False,False,False
random_ruehl_mask,strong,22,270920282,353,LEFT,LEFT,0.06183306686580181,False,False,False,False,False,False,False
random_ruehl_mask,strong,22,270920282,354,LEFT,LEFT,0.05141703877598047,False,False,False,False,False,False,False
random_ruehl_mask,strong,22,270920282,355,DOWN,DOWN,0.06375007797032595,False,False,False,False,False,False,False
random_ruehl_mask,strong,22,270920282,356,WAIT,WAIT,0.09854207746684551,False,False,False,False,False,False,False
random_ruehl_mask,strong,22,270920282,357,DOWN,DOWN,0.07570895832031965,False,False,False,False,False,False,False
random_ruehl_mask,strong,22,270920282,358,UP,UP,0.07166701834648848,False,False,False,False,False,False,False
random_ruehl_mask,strong,22,270920282,359,UP,UP,0.06970809772610664,False,False,False,False,False,False,False
random_ruehl_mask,strong,22,270920282,360,RIGHT,RIGHT,0.06066705100238323,False,False,False,False,False,False,False
random_ruehl_mask,strong,22,270920282,361,WAIT,WAIT,0.07004197686910629,False,True,False,False,False,False,False
random_ruehl_mask,strong,22,270920282,362,LEFT,LEFT,0.05800009239464998,False,False,False,False,False,False,False
random_ruehl_mask,strong,22,270920282,363,LEFT,LEFT,0.06729201413691044,False,False,False,False,False,False,False
random_ruehl_mask,strong,22,270920282,364,RIGHT,RIGHT,0.05362497176975012,False,False,False,False,False,False,False
random_ruehl_mask,strong,22,270920282,365,UP,UP,0.07629196625202894,False,False,False,False,False,False,False
random_ruehl_mask,strong,22,270920282,366,WAIT,WAIT,0.05916692316532135,False,False,False,False,False,False,False
random_ruehl_mask,strong,22,270920282,367,UP,UP,0.06591703277081251,False,False,False,False,False,False,False
random_ruehl_mask,strong,22,270920282,368,RIGHT,RIGHT,0.06029102951288223,False,False,False,False,False,False,False
random_ruehl_mask,strong,22,270920282,369,RIGHT,RIGHT,0.05091703496873379,False,False,False,False,False,False,False
random_ruehl_mask,strong,22,270920282,370,DOWN,DOWN,0.05458400119096041,False,False,False,False,False,False,False
random_ruehl_mask,strong,22,270920282,371,WAIT,WAIT,0.04879198968410492,False,True,False,False,False,False,False
random_ruehl_mask,strong,22,270920282,372,WAIT,WAIT,0.0688750296831131,False,False,False,False,False,False,False
random_ruehl_mask,strong,22,270920282,373,UP,UP,0.059875077567994595,False,False,False,False,False,False,False
random_ruehl_mask,strong,22,270920282,374,RIGHT,RIGHT,0.07254199590533972,False,False,False,False,False,False,False
random_ruehl_mask,strong,22,270920282,375,RIGHT,RIGHT,0.05804095417261124,False,False,False,False,False,False,False
random_ruehl_mask,strong,22,270920282,376,DOWN,DOWN,0.0640420475974679,False,False,False,False,False,False,False
random_ruehl_mask,strong,22,270920282,377,UP,UP,0.06374996155500412,False,False,False,False,False,False,False
random_ruehl_mask,strong,22,270920282,378,LEFT,LEFT,0.0707919243723154,False,False,False,False,False,False,False
random_ruehl_mask,strong,22,270920282,379,WAIT,WAIT,0.058125006034970284,False,False,False,False,False,False,False
random_ruehl_mask,strong,22,270920282,380,RIGHT,RIGHT,0.05270796827971935,False,False,False,False,False,False,False
random_ruehl_mask,strong,22,270920282,381,RIGHT,RIGHT,0.06162491627037525,False,True,False,False,False,False,False
random_ruehl_mask,strong,22,270920282,382,LEFT,LEFT,0.0541249755769968,False,False,False,False,False,False,False
random_ruehl_mask,strong,22,270920282,383,WAIT,WAIT,0.05095801316201687,False,False,False,False,False,False,False
random_ruehl_mask,strong,22,270920282,384,DOWN,DOWN,0.07133290637284517,False,False,False,False,False,False,False
random_ruehl_mask,strong,22,270920282,385,WAIT,WAIT,0.06079103332012892,False,False,False,False,False,False,False
random_ruehl_mask,strong,22,270920282,386,WAIT,WAIT,0.061333063058555126,False,False,False,False,False,False,False
random_ruehl_mask,strong,22,270920282,387,UP,UP,0.09337498340755701,False,False,False,False,False,False,False
random_ruehl_mask,strong,22,270920282,388,RIGHT,RIGHT,0.07474992889910936,False,False,False,False,False,False,False
random_ruehl_mask,strong,22,270920282,389,LEFT,LEFT,0.05691696424037218,False,False,False,False,False,False,False
random_ruehl_mask,strong,22,270920282,390,RIGHT,RIGHT,0.05662499461323023,False,False,False,False,False,False,False
random_ruehl_mask,strong,22,270920282,391,WAIT,WAIT,0.07637497037649155,False,True,False,False,False,False,False
random_ruehl_mask,strong,22,270920282,392,RIGHT,RIGHT,0.063000014051795,False,False,False,False,False,False,False
random_ruehl_mask,strong,22,270920282,393,LEFT,LEFT,0.05566701292991638,False,False,False,False,False,False,False
random_ruehl_mask,strong,22,270920282,394,RIGHT,RIGHT,0.07637508679181337,False,False,False,False,False,False,False
random_ruehl_mask,strong,22,270920282,395,WAIT,WAIT,0.07104105316102505,False,False,False,False,False,False,False
random_ruehl_mask,strong,22,270920282,396,WAIT,WAIT,0.09341700933873653,False,False,False,False,False,False,False
random_ruehl_mask,strong,22,270920282,397,RIGHT,RIGHT,0.06933393888175488,False,False,False,False,False,False,False
random_ruehl_mask,strong,22,270920282,398,RIGHT,RIGHT,0.07195898797363043,False,False,False,False,False,False,False
random_ruehl_mask,strong,22,270920282,399,LEFT,LEFT,0.056916032917797565,False,False,False,False,False,False,False
random_ruehl_mask,strong,22,270920282,400,LEFT,LEFT,0.08291692938655615,False,False,False,False,False,False,False
random_ruehl_mask,strong,23,270920283,1,UP,UP,0.09674998000264168,False,True,False,False,False,False,False
random_ruehl_mask,strong,23,270920283,2,WAIT,WAIT,0.07199996616691351,False,False,False,False,False,False,True
random_ruehl_mask,strong,23,270920283,3,BOMB,BOMB,0.06737501826137304,False,False,False,True,False,False,True
random_ruehl_mask,strong,23,270920283,4,UP,UP,0.07383304182440042,False,False,False,False,False,False,True
random_ruehl_mask,strong,23,270920283,5,WAIT,WAIT,0.06208405829966068,False,False,False,False,False,False,True
random_ruehl_mask,strong,23,270920283,6,WAIT,WAIT,0.0779579859226942,False,False,False,False,False,False,True
random_ruehl_mask,strong,23,270920283,7,WAIT,WAIT,0.08658296428620815,False,False,False,False,False,False,True
random_ruehl_mask,strong,24,270920284,1,UP,UP,0.23224996402859688,False,True,False,False,False,False,False
random_ruehl_mask,strong,24,270920284,2,DOWN,DOWN,0.11308398097753525,False,False,False,False,False,False,False
random_ruehl_mask,strong,24,270920284,3,UP,UP,0.12262503150850534,False,False,False,False,False,False,False
random_ruehl_mask,strong,24,270920284,4,WAIT,WAIT,0.9088750230148435,False,False,False,False,False,False,False
random_ruehl_mask,strong,24,270920284,5,DOWN,DOWN,0.1378749730065465,False,False,False,False,False,False,False
random_ruehl_mask,strong,24,270920284,6,WAIT,WAIT,0.6614169105887413,False,False,False,False,False,False,False
random_ruehl_mask,strong,24,270920284,7,UP,UP,0.10750000365078449,False,False,False,False,False,False,False
random_ruehl_mask,strong,24,270920284,8,BOMB,BOMB,0.07320905569940805,False,False,False,True,False,False,False
random_ruehl_mask,strong,24,270920284,9,DOWN,DOWN,0.048833899199962616,False,False,False,False,False,False,False
random_ruehl_mask,strong,24,270920284,10,WAIT,WAIT,0.07941597141325474,False,False,False,False,False,False,False
random_ruehl_mask,strong,24,270920284,11,LEFT,LEFT,0.06383401341736317,False,True,False,False,False,False,False
random_ruehl_mask,strong,24,270920284,12,WAIT,WAIT,0.06029196083545685,False,False,False,False,False,False,False
random_ruehl_mask,strong,24,270920284,13,WAIT,WAIT,0.1252919901162386,False,False,False,False,False,False,False
random_ruehl_mask,strong,24,270920284,14,RIGHT,RIGHT,0.09058404248207808,False,False,False,False,False,False,False
random_ruehl_mask,strong,24,270920284,15,UP,UP,0.1437920145690441,False,False,False,False,False,False,False
random_ruehl_mask,strong,24,270920284,16,DOWN,DOWN,0.05479203537106514,False,False,False,False,False,False,False
random_ruehl_mask,strong,24,270920284,17,LEFT,LEFT,0.08787494152784348,False,False,False,False,False,False,False
random_ruehl_mask,strong,24,270920284,18,BOMB,BOMB,0.08362496737390757,False,False,False,True,False,False,False
random_ruehl_mask,strong,24,270920284,19,RIGHT,RIGHT,0.04104094114154577,False,False,False,False,False,False,False
random_ruehl_mask,strong,24,270920284,20,WAIT,WAIT,0.08091598283499479,False,False,False,False,False,False,False
random_ruehl_mask,strong,24,270920284,21,UP,UP,0.07812504190951586,False,True,False,False,False,False,False
random_ruehl_mask,strong,24,270920284,22,WAIT,WAIT,0.06916699931025505,False,False,False,False,False,False,False
random_ruehl_mask,strong,24,270920284,23,WAIT,WAIT,0.09645801037549973,False,False,False,False,False,False,False
random_ruehl_mask,strong,24,270920284,24,WAIT,WAIT,0.04554190672934055,False,False,False,False,False,False,False
random_ruehl_mask,strong,24,270920284,25,DOWN,DOWN,0.057999975979328156,False,False,False,False,False,False,False
random_ruehl_mask,strong,24,270920284,26,WAIT,WAIT,0.05066709127277136,False,False,False,False,False,False,False
random_ruehl_mask,strong,24,270920284,27,WAIT,WAIT,0.07075001485645771,False,False,False,False,False,False,False
random_ruehl_mask,strong,24,270920284,28,UP,UP,0.06379198748618364,False,False,False,False,False,False,False
random_ruehl_mask,strong,24,270920284,29,WAIT,WAIT,0.0700830714777112,False,False,False,False,False,False,False
random_ruehl_mask,strong,24,270920284,30,WAIT,WAIT,0.07824995554983616,False,False,False,False,False,False,False
random_ruehl_mask,strong,24,270920284,31,UP,UP,0.06208301056176424,False,True,False,False,False,False,False
random_ruehl_mask,strong,24,270920284,32,LEFT,LEFT,0.10179099626839161,False,False,False,False,False,False,False
random_ruehl_mask,strong,24,270920284,33,BOMB,BOMB,0.06437499541789293,False,False,False,True,False,False,False
random_ruehl_mask,strong,24,270920284,34,RIGHT,RIGHT,0.03729201853275299,False,False,False,False,False,False,False
random_ruehl_mask,strong,24,270920284,35,DOWN,DOWN,0.06345903966575861,False,False,False,False,False,False,False
random_ruehl_mask,strong,24,270920284,36,WAIT,WAIT,0.10095792822539806,False,False,False,False,False,False,False
random_ruehl_mask,strong,24,270920284,37,WAIT,WAIT,0.07333396933972836,False,False,False,False,False,False,False
random_ruehl_mask,strong,24,270920284,38,DOWN,DOWN,0.08525000885128975,False,False,False,False,False,False,False
random_ruehl_mask,strong,24,270920284,39,LEFT,LEFT,0.07595797069370747,False,False,False,False,False,False,False
random_ruehl_mask,strong,24,270920284,40,LEFT,LEFT,0.07216702215373516,False,False,False,False,False,False,False
random_ruehl_mask,strong,24,270920284,41,BOMB,BOMB,0.09600003249943256,False,True,False,True,False,False,False
random_ruehl_mask,strong,24,270920284,42,RIGHT,RIGHT,0.04008400719612837,False,False,False,False,False,False,False
random_ruehl_mask,strong,24,270920284,43,RIGHT,RIGHT,0.06341701373457909,False,False,False,False,False,False,False
random_ruehl_mask,strong,24,270920284,44,UP,UP,0.06737501826137304,False,False,False,False,False,False,False
random_ruehl_mask,strong,24,270920284,45,WAIT,WAIT,0.07333396933972836,False,False,False,False,False,False,False
random_ruehl_mask,strong,24,270920284,46,UP,UP,0.058999983593821526,False,False,False,False,False,False,False
random_ruehl_mask,strong,24,270920284,47,LEFT,LEFT,0.06279197987169027,False,False,False,False,False,False,False
random_ruehl_mask,strong,24,270920284,48,WAIT,WAIT,0.07716694381088018,False,False,False,False,False,False,False
random_ruehl_mask,strong,24,270920284,49,RIGHT,RIGHT,0.06608397234231234,False,False,False,False,False,False,False
random_ruehl_mask,strong,24,270920284,50,UP,UP,0.06595905870199203,False,False,False,False,False,False,False
random_ruehl_mask,strong,24,270920284,51,UP,UP,0.05962501745671034,False,True,False,False,False,False,True
random_ruehl_mask,strong,24,270920284,52,BOMB,BOMB,0.1281670993193984,False,False,False,True,False,False,True
random_ruehl_mask,strong,24,270920284,53,UP,UP,0.05195802077651024,False,False,False,False,False,False,True
random_ruehl_mask,strong,24,270920284,54,WAIT,WAIT,0.04737498238682747,False,False,False,False,False,False,True
random_ruehl_mask,strong,24,270920284,55,UP,UP,0.058666919358074665,False,False,False,False,False,False,True
random_ruehl_mask,strong,24,270920284,56,UP,UP,0.06362504791468382,False,False,False,False,False,False,True
random_ruehl_mask,strong,25,270920285,1,UP,UP,0.1032920554280281,False,True,False,False,False,False,False
random_ruehl_mask,strong,25,270920285,2,BOMB,BOMB,0.11466606520116329,False,False,False,True,False,False,False
random_ruehl_mask,strong,25,270920285,3,DOWN,DOWN,0.09099999442696571,False,False,False,False,False,False,False
random_ruehl_mask,strong,25,270920285,4,LEFT,LEFT,0.055165961384773254,False,False,False,False,False,False,False
random_ruehl_mask,strong,25,270920285,5,WAIT,WAIT,0.06624998059123755,False,False,False,False,False,False,False
random_ruehl_mask,strong,25,270920285,6,WAIT,WAIT,0.07599999662488699,False,False,False,False,False,False,False
random_ruehl_mask,strong,25,270920285,7,WAIT,WAIT,0.07758301217108965,False,False,False,False,False,False,False
random_ruehl_mask,strong,25,270920285,8,RIGHT,RIGHT,0.06204203236848116,False,False,False,False,False,False,False
random_ruehl_mask,strong,25,270920285,9,UP,UP,0.12720900122076273,False,False,False,False,False,False,False
random_ruehl_mask,strong,25,270920285,10,DOWN,DOWN,0.0642499653622508,False,False,False,False,False,False,False
random_ruehl_mask,strong,25,270920285,11,UP,UP,0.0839579151943326,False,True,False,False,False,False,False
random_ruehl_mask,strong,25,270920285,12,DOWN,DOWN,0.09433296509087086,False,False,False,False,False,False,True
random_ruehl_mask,strong,25,270920285,13,BOMB,BOMB,0.12266694102436304,False,False,False,True,False,False,True
random_ruehl_mask,strong,25,270920285,14,LEFT,LEFT,0.060125021263957024,False,False,False,False,False,False,True
random_ruehl_mask,strong,25,270920285,15,WAIT,WAIT,0.06566604133695364,False,False,False,False,False,False,True
random_ruehl_mask,strong,25,270920285,16,WAIT,WAIT,0.06433308590203524,False,False,False,False,False,False,True
random_ruehl_mask,strong,25,270920285,17,WAIT,WAIT,0.05462497938424349,False,False,False,False,False,False,True
random_ruehl_mask,strong,26,270920286,1,BOMB,BOMB,0.09858293924480677,False,True,False,True,False,False,False
random_ruehl_mask,strong,26,270920286,2,LEFT,LEFT,0.050709000788629055,False,False,False,False,False,False,False
random_ruehl_mask,strong,26,270920286,3,LEFT,LEFT,0.039334059692919254,False,False,False,False,False,False,False
random_ruehl_mask,strong,26,270920286,4,DOWN,DOWN,0.04754203837364912,False,False,False,False,False,False,False
random_ruehl_mask,strong,26,270920286,5,DOWN,DOWN,0.06645801477134228,False,False,False,False,False,False,False
random_ruehl_mask,strong,26,270920286,6,WAIT,WAIT,0.09175005834549665,False,False,False,False,False,False,False
random_ruehl_mask,strong,26,270920286,7,WAIT,WAIT,0.05929102189838886,False,False,False,False,False,False,False
random_ruehl_mask,strong,26,270920286,8,WAIT,WAIT,0.10258308611810207,False,False,False,False,False,False,False
random_ruehl_mask,strong,26,270920286,9,UP,UP,0.11612498201429844,False,False,False,False,False,False,False
random_ruehl_mask,strong,26,270920286,10,DOWN,DOWN,0.12279103975743055,False,False,False,False,False,False,False
random_ruehl_mask,strong,26,270920286,11,WAIT,WAIT,0.10100007057189941,False,True,False,False,False,False,False
random_ruehl_mask,strong,26,270920286,12,WAIT,WAIT,0.08970790077000856,False,False,False,False,False,False,False
random_ruehl_mask,strong,26,270920286,13,WAIT,WAIT,0.09970902465283871,False,False,False,False,False,False,False
random_ruehl_mask,strong,26,270920286,14,BOMB,BOMB,0.11120899580419064,False,False,False,True,False,False,False
random_ruehl_mask,strong,26,270920286,15,UP,UP,0.05608296487480402,False,False,False,False,False,False,False
random_ruehl_mask,strong,26,270920286,16,UP,UP,0.049875001423060894,False,False,False,False,False,False,False
random_ruehl_mask,strong,26,270920286,17,LEFT,LEFT,0.05366699770092964,False,False,False,False,False,False,False
random_ruehl_mask,strong,26,270920286,18,WAIT,WAIT,0.04858302418142557,False,False,False,False,False,False,False
random_ruehl_mask,strong,26,270920286,19,WAIT,WAIT,0.05066697485744953,False,False,False,False,False,False,False
random_ruehl_mask,strong,26,270920286,20,RIGHT,RIGHT,0.036415993236005306,False,False,False,False,False,False,True
random_ruehl_mask,strong,26,270920286,21,BOMB,BOMB,0.13512501027435064,False,True,False,True,False,False,True
random_ruehl_mask,strong,26,270920286,22,RIGHT,RIGHT,0.07591699250042439,False,False,False,False,False,False,True
random_ruehl_mask,strong,26,270920286,23,WAIT,WAIT,0.09291607420891523,False,False,False,False,False,False,True
random_ruehl_mask,strong,26,270920286,24,WAIT,WAIT,0.06520794704556465,False,False,False,False,False,False,True
random_ruehl_mask,strong,26,270920286,25,WAIT,WAIT,0.049915979616343975,False,False,False,False,False,False,True
random_ruehl_mask,strong,27,270920287,1,RIGHT,RIGHT,0.1041659852489829,False,True,False,False,False,False,False
random_ruehl_mask,strong,27,270920287,2,RIGHT,RIGHT,0.08712499402463436,False,False,False,False,False,False,False
random_ruehl_mask,strong,27,270920287,3,BOMB,BOMB,0.08850009180605412,False,False,False,True,False,False,False
random_ruehl_mask,strong,27,270920287,4,LEFT,LEFT,0.059333979152143,False,False,False,False,False,False,False
random_ruehl_mask,strong,27,270920287,5,WAIT,WAIT,0.0729170860722661,False,False,False,False,False,False,False
random_ruehl_mask,strong,27,270920287,6,LEFT,LEFT,0.07645797450095415,False,False,False,False,False,False,False
random_ruehl_mask,strong,27,270920287,7,UP,UP,0.0868749339133501,False,False,False,False,False,False,False
random_ruehl_mask,strong,27,270920287,8,WAIT,WAIT,0.06841693539172411,False,False,False,False,False,False,False
random_ruehl_mask,strong,27,270920287,9,WAIT,WAIT,0.06075005512684584,False,False,False,False,False,False,False
random_ruehl_mask,strong,27,270920287,10,WAIT,WAIT,0.08454103954136372,False,False,False,False,False,False,True
random_ruehl_mask,strong,27,270920287,11,BOMB,BOMB,0.08445803541690111,False,True,False,True,False,False,True
random_ruehl_mask,strong,27,270920287,12,UP,UP,0.07141707465052605,False,False,False,False,False,False,True
random_ruehl_mask,strong,27,270920287,13,WAIT,WAIT,0.09483401663601398,False,False,False,False,False,False,True
random_ruehl_mask,strong,27,270920287,14,WAIT,WAIT,0.08604093454778194,False,False,False,False,False,False,True
random_ruehl_mask,strong,27,270920287,15,WAIT,WAIT,0.09237509220838547,False,False,False,False,False,False,True
random_ruehl_mask,strong,28,270920288,1,LEFT,LEFT,0.10654202196747065,False,True,False,False,False,False,False
random_ruehl_mask,strong,28,270920288,2,BOMB,BOMB,0.09849993512034416,False,False,False,True,False,False,False
random_ruehl_mask,strong,28,270920288,3,RIGHT,RIGHT,0.05683302879333496,False,False,False,False,False,False,False
random_ruehl_mask,strong,28,270920288,4,UP,UP,0.058125006034970284,False,False,False,False,False,False,False
random_ruehl_mask,strong,28,270920288,5,WAIT,WAIT,0.07379194721579552,False,False,False,False,False,False,False
random_ruehl_mask,strong,28,270920288,6,WAIT,WAIT,0.08608296047896147,False,False,False,False,False,False,False
random_ruehl_mask,strong,28,270920288,7,UP,UP,0.1773328986018896,False,False,False,False,False,False,False
random_ruehl_mask,strong,28,270920288,8,LEFT,LEFT,0.055916025303304195,False,False,False,False,False,False,False
random_ruehl_mask,strong,28,270920288,9,BOMB,BOMB,0.10279100388288498,False,False,False,True,False,False,False
random_ruehl_mask,strong,28,270920288,10,RIGHT,RIGHT,0.045291963033378124,False,False,False,False,False,False,False
random_ruehl_mask,strong,28,270920288,11,DOWN,DOWN,0.04391605034470558,False,True,False,False,False,False,False
random_ruehl_mask,strong,28,270920288,12,WAIT,WAIT,0.06095890421420336,False,False,False,False,False,False,False
random_ruehl_mask,strong,28,270920288,13,WAIT,WAIT,0.07016595918685198,False,False,False,False,False,False,False
random_ruehl_mask,strong,28,270920288,14,WAIT,WAIT,0.06758293602615595,False,False,False,False,False,False,False
random_ruehl_mask,strong,28,270920288,15,WAIT,WAIT,0.07387495134025812,False,False,False,False,False,False,False
random_ruehl_mask,strong,28,270920288,16,UP,UP,0.09983405470848083,False,False,False,False,False,False,False
random_ruehl_mask,strong,28,270920288,17,DOWN,DOWN,0.08637504652142525,False,False,False,False,False,False,False
random_ruehl_mask,strong,28,270920288,18,DOWN,DOWN,0.11208292562514544,False,False,False,False,False,False,False
random_ruehl_mask,strong,28,270920288,19,UP,UP,0.09766698349267244,False,False,False,False,False,False,False
random_ruehl_mask,strong,28,270920288,20,DOWN,DOWN,0.09087496437132359,False,False,False,False,False,False,False
random_ruehl_mask,strong,28,270920288,21,WAIT,WAIT,0.11095788795500994,False,True,False,False,False,False,False
random_ruehl_mask,strong,28,270920288,22,WAIT,WAIT,0.26795791927725077,False,False,False,False,False,False,False
random_ruehl_mask,strong,28,270920288,23,LEFT,LEFT,0.10820792522281408,False,False,False,False,False,False,False
random_ruehl_mask,strong,28,270920288,24,RIGHT,RIGHT,0.06250001024454832,False,False,False,False,False,False,False
random_ruehl_mask,strong,28,270920288,25,WAIT,WAIT,0.1068750862032175,False,False,False,False,False,False,False
random_ruehl_mask,strong,28,270920288,26,LEFT,LEFT,0.1050001010298729,False,False,False,False,False,False,False
random_ruehl_mask,strong,28,270920288,27,LEFT,LEFT,0.11466606520116329,False,False,False,False,False,False,False
random_ruehl_mask,strong,28,270920288,28,RIGHT,RIGHT,0.10091695003211498,False,False,False,False,False,False,False
random_ruehl_mask,strong,28,270920288,29,RIGHT,RIGHT,0.07029192056506872,False,False,False,False,False,False,False
random_ruehl_mask,strong,28,270920288,30,LEFT,LEFT,0.11300004553049803,False,False,False,False,False,False,False
random_ruehl_mask,strong,28,270920288,31,WAIT,WAIT,0.14770799316465855,False,True,False,False,False,False,False
random_ruehl_mask,strong,28,270920288,32,WAIT,WAIT,0.08220807649195194,False,False,False,False,False,False,False
random_ruehl_mask,strong,28,270920288,33,RIGHT,RIGHT,0.08674990385770798,False,False,False,False,False,False,False
random_ruehl_mask,strong,28,270920288,34,WAIT,WAIT,0.1338329166173935,False,False,False,False,False,False,False
random_ruehl_mask,strong,28,270920288,35,LEFT,LEFT,0.13483408838510513,False,False,False,False,False,False,False
random_ruehl_mask,strong,28,270920288,36,LEFT,LEFT,8.48558300640434,False,False,False,False,False,False,False
random_ruehl_mask,strong,28,270920288,37,LEFT,LEFT,0.1564159756526351,False,False,False,False,False,False,False
random_ruehl_mask,strong,28,270920288,38,RIGHT,RIGHT,0.13162498362362385,False,False,False,False,False,False,False
random_ruehl_mask,strong,28,270920288,39,WAIT,WAIT,0.1332079991698265,False,False,False,False,False,False,False
random_ruehl_mask,strong,28,270920288,40,LEFT,LEFT,0.10599999222904444,False,False,False,False,False,False,False
random_ruehl_mask,strong,28,270920288,41,LEFT,LEFT,0.0987079693004489,False,True,False,False,False,False,False
random_ruehl_mask,strong,28,270920288,42,RIGHT,RIGHT,0.10474992450326681,False,False,False,False,False,False,False
random_ruehl_mask,strong,28,270920288,43,LEFT,LEFT,0.12158299796283245,False,False,False,False,False,False,False
random_ruehl_mask,strong,28,270920288,44,WAIT,WAIT,0.12374995276331902,False,False,False,False,False,False,False
random_ruehl_mask,strong,28,270920288,45,BOMB,BOMB,0.13333396054804325,False,False,False,True,False,False,False
random_ruehl_mask,strong,28,270920288,46,UP,UP,0.07100007496774197,False,False,False,False,False,False,False
random_ruehl_mask,strong,28,270920288,47,UP,UP,0.07895799353718758,False,False,False,False,False,False,False
random_ruehl_mask,strong,28,270920288,48,RIGHT,RIGHT,0.08170900400727987,False,False,False,False,False,False,False
random_ruehl_mask,strong,28,270920288,49,RIGHT,RIGHT,0.06504205521196127,False,False,False,False,False,False,False
random_ruehl_mask,strong,28,270920288,50,WAIT,WAIT,0.06283295806497335,False,False,False,False,False,False,False
random_ruehl_mask,strong,28,270920288,51,LEFT,LEFT,0.06087496876716614,False,True,False,False,False,False,False
random_ruehl_mask,strong,28,270920288,52,RIGHT,RIGHT,0.10895798914134502,False,False,False,False,False,False,False
random_ruehl_mask,strong,28,270920288,53,BOMB,BOMB,0.10241696145385504,False,False,False,True,False,False,False
random_ruehl_mask,strong,28,270920288,54,RIGHT,RIGHT,0.05000003147870302,False,False,False,False,False,False,False
random_ruehl_mask,strong,28,270920288,55,RIGHT,RIGHT,0.039375037886202335,False,False,False,False,False,False,False
random_ruehl_mask,strong,28,270920288,56,DOWN,DOWN,0.07554201874881983,False,False,False,False,False,False,False
random_ruehl_mask,strong,28,270920288,57,DOWN,DOWN,0.0639590434730053,False,False,False,False,False,False,False
random_ruehl_mask,strong,28,270920288,58,UP,UP,0.06304203998297453,False,False,False,False,False,False,False
random_ruehl_mask,strong,28,270920288,59,DOWN,DOWN,0.06275007035583258,False,False,False,False,False,False,True
random_ruehl_mask,strong,28,270920288,60,BOMB,BOMB,0.10070903226733208,False,False,False,True,False,False,True
random_ruehl_mask,strong,28,270920288,61,LEFT,LEFT,0.07025001104921103,False,True,False,False,False,False,True
random_ruehl_mask,strong,28,270920288,62,WAIT,WAIT,0.07333303801715374,False,False,False,False,False,False,True
random_ruehl_mask,strong,28,270920288,63,WAIT,WAIT,0.0624579843133688,False,False,False,False,False,False,True
random_ruehl_mask,strong,28,270920288,64,LEFT,LEFT,0.04941702354699373,False,False,False,False,False,False,True
random_ruehl_mask,strong,29,270920289,1,WAIT,WAIT,0.10333291720598936,False,True,False,False,False,False,False
random_ruehl_mask,strong,29,270920289,2,UP,UP,0.08179107680916786,False,False,False,False,False,False,False
random_ruehl_mask,strong,29,270920289,3,BOMB,BOMB,0.07016700692474842,False,False,False,True,False,False,False
random_ruehl_mask,strong,29,270920289,4,DOWN,DOWN,0.038125086575746536,False,False,False,False,False,False,False
random_ruehl_mask,strong,29,270920289,5,LEFT,LEFT,0.07837498560547829,False,False,False,False,False,False,False
random_ruehl_mask,strong,29,270920289,6,WAIT,WAIT,0.06658292841166258,False,False,False,False,False,False,False
random_ruehl_mask,strong,29,270920289,7,WAIT,WAIT,0.06874999962747097,False,False,False,False,False,False,False
random_ruehl_mask,strong,29,270920289,8,WAIT,WAIT,0.04712503869086504,False,False,False,False,False,False,False
random_ruehl_mask,strong,29,270920289,9,RIGHT,RIGHT,0.03579189069569111,False,False,False,False,False,False,False
random_ruehl_mask,strong,29,270920289,10,LEFT,LEFT,0.07937499321997166,False,False,False,False,False,False,False
random_ruehl_mask,strong,29,270920289,11,WAIT,WAIT,0.06550003308802843,False,True,False,False,False,False,False
random_ruehl_mask,strong,29,270920289,12,BOMB,BOMB,0.0779579859226942,False,False,False,True,False,False,False
random_ruehl_mask,strong,29,270920289,13,RIGHT,RIGHT,0.09179196786135435,False,False,False,False,False,False,False
random_ruehl_mask,strong,29,270920289,14,UP,UP,0.069458968937397,False,False,False,False,False,False,False
random_ruehl_mask,strong,29,270920289,15,UP,UP,0.06812508217990398,False,False,False,False,False,False,False
random_ruehl_mask,strong,29,270920289,16,UP,UP,0.0451250234618783,False,False,False,False,False,False,False
random_ruehl_mask,strong,29,270920289,17,DOWN,DOWN,0.06054108962416649,False,False,False,False,False,False,False
random_ruehl_mask,strong,29,270920289,18,WAIT,WAIT,0.06420805584639311,False,False,False,False,False,False,False
random_ruehl_mask,strong,29,270920289,19,DOWN,DOWN,0.10004104115068913,False,False,False,False,False,False,False
random_ruehl_mask,strong,29,270920289,20,UP,UP,0.07429101970046759,False,False,False,False,False,False,False
random_ruehl_mask,strong,29,270920289,21,DOWN,DOWN,0.10608299635350704,False,True,False,False,False,False,False
random_ruehl_mask,strong,29,270920289,22,DOWN,DOWN,0.07037504110485315,False,False,False,False,False,False,False
random_ruehl_mask,strong,29,270920289,23,LEFT,LEFT,0.06262492388486862,False,False,False,False,False,False,False
random_ruehl_mask,strong,29,270920289,24,WAIT,WAIT,0.08854200132191181,False,False,False,False,False,False,False
random_ruehl_mask,strong,29,270920289,25,RIGHT,RIGHT,0.0855419784784317,False,False,False,False,False,False,False
random_ruehl_mask,strong,29,270920289,26,UP,UP,0.07141695823520422,False,False,False,False,False,False,False
random_ruehl_mask,strong,29,270920289,27,UP,UP,0.06733299233019352,False,False,False,False,False,False,False
random_ruehl_mask,strong,29,270920289,28,BOMB,BOMB,0.0963329803198576,False,False,False,True,False,False,False
random_ruehl_mask,strong,29,270920289,29,DOWN,DOWN,0.05000003147870302,False,False,False,False,False,False,False
random_ruehl_mask,strong,29,270920289,30,DOWN,DOWN,0.06416707765311003,False,False,False,False,False,False,False
random_ruehl_mask,strong,29,270920289,31,LEFT,LEFT,0.055208103731274605,False,True,False,False,False,False,False
random_ruehl_mask,strong,29,270920289,32,WAIT,WAIT,0.05754106678068638,False,False,False,False,False,False,False
random_ruehl_mask,strong,29,270920289,33,WAIT,WAIT,0.05695805884897709,False,False,False,False,False,False,False
random_ruehl_mask,strong,29,270920289,34,RIGHT,RIGHT,0.048208050429821014,False,False,False,False,False,False,False
random_ruehl_mask,strong,29,270920289,35,UP,UP,0.11024996638298035,False,False,False,False,False,False,False
random_ruehl_mask,strong,29,270920289,36,WAIT,WAIT,0.07441604975610971,False,False,False,False,False,False,False
random_ruehl_mask,strong,29,270920289,37,DOWN,DOWN,0.08462509140372276,False,False,False,False,False,False,False
random_ruehl_mask,strong,29,270920289,38,UP,UP,0.04979199729859829,False,False,False,False,False,False,False
random_ruehl_mask,strong,29,270920289,39,DOWN,DOWN,0.05420797970145941,False,False,False,False,False,False,False
random_ruehl_mask,strong,29,270920289,40,UP,UP,0.07962493691593409,False,False,False,False,False,False,False
random_ruehl_mask,strong,29,270920289,41,WAIT,WAIT,0.06399990525096655,False,True,False,False,False,False,False
random_ruehl_mask,strong,29,270920289,42,DOWN,DOWN,0.06462505552917719,False,False,False,False,False,False,False
random_ruehl_mask,strong,29,270920289,43,WAIT,WAIT,0.05316699389368296,False,False,False,False,False,False,False
random_ruehl_mask,strong,29,270920289,44,LEFT,LEFT,0.05787494592368603,False,False,False,False,False,False,False
random_ruehl_mask,strong,29,270920289,45,LEFT,LEFT,0.06545789074152708,False,False,False,False,False,False,False
random_ruehl_mask,strong,29,270920289,46,BOMB,BOMB,0.11716596782207489,False,False,False,True,False,False,False
random_ruehl_mask,strong,29,270920289,47,RIGHT,RIGHT,0.04766695201396942,False,False,False,False,False,False,False
random_ruehl_mask,strong,29,270920289,48,RIGHT,RIGHT,0.04129100125283003,False,False,False,False,False,False,False
random_ruehl_mask,strong,29,270920289,49,UP,UP,0.0714579364284873,False,False,False,False,False,False,False
random_ruehl_mask,strong,29,270920289,50,UP,UP,0.06637501064687967,False,False,False,False,False,False,False
random_ruehl_mask,strong,29,270920289,51,WAIT,WAIT,0.06683298852294683,False,True,False,False,False,False,False
random_ruehl_mask,strong,29,270920289,52,UP,UP,0.050625065341591835,False,False,False,False,False,False,False
random_ruehl_mask,strong,29,270920289,53,BOMB,BOMB,0.10433304123580456,False,False,False,True,False,False,False
random_ruehl_mask,strong,29,270920289,54,DOWN,DOWN,0.043874955736100674,False,False,False,False,False,False,False
random_ruehl_mask,strong,29,270920289,55,WAIT,WAIT,0.037375022657215595,False,False,False,False,False,False,False
random_ruehl_mask,strong,29,270920289,56,LEFT,LEFT,0.05179096478968859,False,False,False,False,False,False,False
random_ruehl_mask,strong,29,270920289,57,WAIT,WAIT,0.05725002847611904,False,False,False,False,False,False,False
random_ruehl_mask,strong,29,270920289,58,WAIT,WAIT,0.06479094736278057,False,False,False,False,False,False,False
random_ruehl_mask,strong,29,270920289,59,WAIT,WAIT,0.043792068026959896,False,False,False,False,False,False,False
random_ruehl_mask,strong,29,270920289,60,RIGHT,RIGHT,0.06025005131959915,False,False,False,False,False,False,False
random_ruehl_mask,strong,29,270920289,61,WAIT,WAIT,0.08233299013227224,False,True,False,False,False,False,False
random_ruehl_mask,strong,29,270920289,62,WAIT,WAIT,0.07837498560547829,False,False,False,False,False,False,False
random_ruehl_mask,strong,29,270920289,63,UP,UP,0.07841596379876137,False,False,False,False,False,False,False
random_ruehl_mask,strong,29,270920289,64,WAIT,WAIT,0.05408399738371372,False,False,False,False,False,False,False
random_ruehl_mask,strong,29,270920289,65,WAIT,WAIT,0.05908403545618057,False,False,False,False,False,False,False
random_ruehl_mask,strong,29,270920289,66,WAIT,WAIT,0.059542013332247734,False,False,False,False,False,False,False
random_ruehl_mask,strong,29,270920289,67,UP,UP,0.05712499842047691,False,False,False,False,False,False,False
random_ruehl_mask,strong,29,270920289,68,WAIT,WAIT,0.0952909467741847,False,False,False,False,False,False,False
random_ruehl_mask,strong,29,270920289,69,UP,UP,0.08091703057289124,False,False,False,False,False,False,False
random_ruehl_mask,strong,29,270920289,70,DOWN,DOWN,0.09087496437132359,False,False,False,False,False,False,False
random_ruehl_mask,strong,29,270920289,71,DOWN,DOWN,0.15508290380239487,False,True,False,False,False,False,False
random_ruehl_mask,strong,29,270920289,72,DOWN,DOWN,0.07049995474517345,False,False,False,False,False,False,False
random_ruehl_mask,strong,29,270920289,73,LEFT,LEFT,0.10308402124792337,False,False,False,False,False,False,False
random_ruehl_mask,strong,29,270920289,74,RIGHT,RIGHT,0.07462489884346724,False,False,False,False,False,False,False
random_ruehl_mask,strong,29,270920289,75,UP,UP,0.07033394649624825,False,False,False,False,False,False,False
random_ruehl_mask,strong,29,270920289,76,DOWN,DOWN,0.04937499761581421,False,False,False,False,False,False,False
random_ruehl_mask,strong,29,270920289,77,UP,UP,0.09116693399846554,False,False,False,False,False,False,False
random_ruehl_mask,strong,29,270920289,78,UP,UP,0.05600007716566324,False,False,False,False,False,False,False
random_ruehl_mask,strong,29,270920289,79,UP,UP,0.10537507478147745,False,False,False,False,False,False,False
random_ruehl_mask,strong,29,270920289,80,UP,UP,0.09350001346319914,False,False,False,False,False,False,False
random_ruehl_mask,strong,29,270920289,81,DOWN,DOWN,0.09404192678630352,False,True,False,False,False,False,True
random_ruehl_mask,strong,29,270920289,82,UP,UP,0.0926669454202056,False,False,False,False,False,False,True
random_ruehl_mask,strong,29,270920289,83,DOWN,DOWN,0.08091703057289124,False,False,False,False,False,False,True
random_ruehl_mask,strong,29,270920289,84,WAIT,WAIT,0.07795891724526882,False,False,False,False,False,False,True
random_ruehl_mask,strong,29,270920289,85,WAIT,WAIT,0.08104101289063692,False,False,False,False,False,False,True
random_ruehl_mask,strong,29,270920289,86,WAIT,WAIT,0.0866251066327095,False,False,False,False,False,False,True
random_ruehl_mask,strong,30,270920290,1,BOMB,BOMB,0.1067090779542923,False,True,False,True,False,False,False
random_ruehl_mask,strong,30,270920290,2,DOWN,DOWN,0.04487507976591587,False,False,False,False,False,False,False
random_ruehl_mask,strong,30,270920290,3,WAIT,WAIT,0.038207974284887314,False,False,False,False,False,False,False
random_ruehl_mask,strong,30,270920290,4,DOWN,DOWN,0.06441702134907246,False,False,False,False,False,False,False
random_ruehl_mask,strong,30,270920290,5,RIGHT,RIGHT,0.07679197005927563,False,False,False,False,False,False,False
random_ruehl_mask,strong,30,270920290,6,WAIT,WAIT,0.06779201794415712,False,False,False,False,False,False,False
random_ruehl_mask,strong,30,270920290,7,LEFT,LEFT,0.04954100586473942,False,False,False,False,False,False,False
random_ruehl_mask,strong,30,270920290,8,DOWN,DOWN,0.10325002949684858,False,False,False,False,False,False,False
random_ruehl_mask,strong,30,270920290,9,WAIT,WAIT,0.07866695523262024,False,False,False,False,False,False,False
random_ruehl_mask,strong,30,270920290,10,BOMB,BOMB,0.07866602391004562,False,False,False,True,False,False,False
random_ruehl_mask,strong,30,270920290,11,UP,UP,0.047584064304828644,False,True,False,False,False,False,False
random_ruehl_mask,strong,30,270920290,12,RIGHT,RIGHT,0.04920794162899256,False,False,False,False,False,False,False
random_ruehl_mask,strong,30,270920290,13,WAIT,WAIT,0.09749992750585079,False,False,False,False,False,False,False
random_ruehl_mask,strong,30,270920290,14,WAIT,WAIT,0.07229100447148085,False,False,False,False,False,False,False
random_ruehl_mask,strong,30,270920290,15,WAIT,WAIT,0.050042057409882545,False,False,False,False,False,False,False
random_ruehl_mask,strong,30,270920290,16,WAIT,WAIT,0.05404104012995958,False,False,False,False,False,False,False
random_ruehl_mask,strong,30,270920290,17,BOMB,BOMB,0.07283291779458523,False,False,False,True,False,False,False
random_ruehl_mask,strong,30,270920290,18,LEFT,LEFT,0.037499936297535896,False,False,False,False,False,False,False
random_ruehl_mask,strong,30,270920290,19,UP,UP,0.05979102570563555,False,False,False,False,False,False,False
random_ruehl_mask,strong,30,270920290,20,UP,UP,0.08208304643630981,False,False,False,False,False,False,False
random_ruehl_mask,strong,30,270920290,21,DOWN,DOWN,0.12270803563296795,False,True,False,False,False,False,False
random_ruehl_mask,strong,30,270920290,22,UP,UP,0.06866606418043375,False,False,False,False,False,False,False
random_ruehl_mask,strong,30,270920290,23,DOWN,DOWN,0.06716698408126831,False,False,False,False,False,False,False
random_ruehl_mask,strong,30,270920290,24,UP,UP,0.051584094762802124,False,False,False,False,False,False,False
random_ruehl_mask,strong,30,270920290,25,DOWN,DOWN,0.04804192576557398,False,False,False,False,False,False,False
random_ruehl_mask,strong,30,270920290,26,WAIT,WAIT,0.0464579788967967,False,False,False,False,False,False,False
random_ruehl_mask,strong,30,270920290,27,DOWN,DOWN,0.05533394869416952,False,False,False,False,False,False,False
random_ruehl_mask,strong,30,270920290,28,UP,UP,0.0599580816924572,False,False,False,False,False,False,False
random_ruehl_mask,strong,30,270920290,29,DOWN,DOWN,0.06045796908438206,False,False,False,False,False,False,False
random_ruehl_mask,strong,30,270920290,30,UP,UP,0.16545795369893312,False,False,False,False,False,False,False
random_ruehl_mask,strong,30,270920290,31,DOWN,DOWN,0.07691700011491776,False,True,False,False,False,False,False
random_ruehl_mask,strong,30,270920290,32,WAIT,WAIT,0.06633298471570015,False,False,False,False,False,False,False
random_ruehl_mask,strong,30,270920290,33,WAIT,WAIT,0.05791697185486555,False,False,False,False,False,False,False
random_ruehl_mask,strong,30,270920290,34,WAIT,WAIT,0.050458009354770184,False,False,False,False,False,False,False
random_ruehl_mask,strong,30,270920290,35,UP,UP,0.05150004290044308,False,False,False,False,False,False,False
random_ruehl_mask,strong,30,270920290,36,UP,UP,0.08787494152784348,False,False,False,False,False,False,False
random_ruehl_mask,strong,30,270920290,37,DOWN,DOWN,0.06816699169576168,False,False,False,False,False,False,False
random_ruehl_mask,strong,30,270920290,38,UP,UP,0.08833303581923246,False,False,False,False,False,False,False
random_ruehl_mask,strong,30,270920290,39,DOWN,DOWN,0.06337498780339956,False,False,False,False,False,False,False
random_ruehl_mask,strong,30,270920290,40,DOWN,DOWN,0.052709016017615795,False,False,False,False,False,False,False
random_ruehl_mask,strong,30,270920290,41,WAIT,WAIT,0.07404200732707977,False,True,False,False,False,False,False
random_ruehl_mask,strong,30,270920290,42,DOWN,DOWN,0.0717920484021306,False,False,False,False,False,False,False
random_ruehl_mask,strong,30,270920290,43,WAIT,WAIT,0.07570907473564148,False,False,False,False,False,False,False
random_ruehl_mask,strong,30,270920290,44,WAIT,WAIT,0.06920809391885996,False,False,False,False,False,False,False
random_ruehl_mask,strong,30,270920290,45,DOWN,DOWN,0.08549995254725218,False,False,False,False,False,False,False
random_ruehl_mask,strong,30,270920290,46,UP,UP,0.10141602251678705,False,False,False,False,False,False,False
random_ruehl_mask,strong,30,270920290,47,UP,UP,0.06070802919566631,False,False,False,False,False,False,False
random_ruehl_mask,strong,30,270920290,48,WAIT,WAIT,0.07037492468953133,False,False,False,False,False,False,False
random_ruehl_mask,strong,30,270920290,49,UP,UP,0.0666249543428421,False,False,False,False,False,False,False
random_ruehl_mask,strong,30,270920290,50,WAIT,WAIT,0.06587500683963299,False,False,False,False,False,False,False
random_ruehl_mask,strong,30,270920290,51,DOWN,DOWN,0.05704199429601431,False,True,False,False,False,False,False
random_ruehl_mask,strong,30,270920290,52,RIGHT,RIGHT,0.06620795466005802,False,False,False,False,False,False,False
random_ruehl_mask,strong,30,270920290,53,RIGHT,RIGHT,0.07333408575505018,False,False,False,False,False,False,False
random_ruehl_mask,strong,30,270920290,54,WAIT,WAIT,0.13966707047075033,False,False,False,False,False,False,False
random_ruehl_mask,strong,30,270920290,55,RIGHT,RIGHT,0.11133297812193632,False,False,False,False,False,False,False
random_ruehl_mask,strong,30,270920290,56,BOMB,BOMB,0.11433300096541643,False,False,False,True,False,False,False
random_ruehl_mask,strong,30,270920290,57,LEFT,LEFT,0.052332994528114796,False,False,False,False,False,False,False
random_ruehl_mask,strong,30,270920290,58,DOWN,DOWN,0.048291985876858234,False,False,False,False,False,False,False
random_ruehl_mask,strong,30,270920290,59,WAIT,WAIT,0.06049999501556158,False,False,False,False,False,False,False
random_ruehl_mask,strong,30,270920290,60,WAIT,WAIT,0.05162495654076338,False,False,False,False,False,False,False
random_ruehl_mask,strong,30,270920290,61,WAIT,WAIT,0.05920801777392626,False,True,False,False,False,False,False
random_ruehl_mask,strong,30,270920290,62,WAIT,WAIT,0.0399160198867321,False,False,False,False,False,False,False
random_ruehl_mask,strong,30,270920290,63,BOMB,BOMB,0.07337494753301144,False,False,False,True,False,False,False
random_ruehl_mask,strong,30,270920290,64,UP,UP,0.057040946558117867,False,False,False,False,False,False,False
random_ruehl_mask,strong,30,270920290,65,LEFT,LEFT,0.051292008720338345,False,False,False,False,False,False,False
random_ruehl_mask,strong,30,270920290,66,WAIT,WAIT,0.0575000885874033,False,False,False,False,False,False,False
random_ruehl_mask,strong,30,270920290,67,LEFT,LEFT,0.046291970647871494,False,False,False,False,False,False,False
random_ruehl_mask,strong,30,270920290,68,WAIT,WAIT,0.059416983276605606,False,False,False,False,False,False,False
random_ruehl_mask,strong,30,270920290,69,UP,UP,0.05075009539723396,False,False,False,False,False,False,False
random_ruehl_mask,strong,30,270920290,70,DOWN,DOWN,0.05745794624090195,False,False,False,False,False,False,False
random_ruehl_mask,strong,30,270920290,71,UP,UP,0.06387510802596807,False,True,False,False,False,False,False
random_ruehl_mask,strong,30,270920290,72,UP,UP,0.05366699770092964,False,False,False,False,False,False,False
random_ruehl_mask,strong,30,270920290,73,RIGHT,RIGHT,0.06258394569158554,False,False,False,False,False,False,False
random_ruehl_mask,strong,30,270920290,74,RIGHT,RIGHT,0.06320804823189974,False,False,False,False,False,False,False
random_ruehl_mask,strong,30,270920290,75,WAIT,WAIT,0.06429199129343033,False,False,False,False,False,False,False
random_ruehl_mask,strong,30,270920290,76,WAIT,WAIT,0.06362504791468382,False,False,False,False,False,False,False
random_ruehl_mask,strong,30,270920290,77,DOWN,DOWN,0.059709069319069386,False,False,False,False,False,False,False
random_ruehl_mask,strong,30,270920290,78,UP,UP,0.07874995935708284,False,False,False,False,False,False,False
random_ruehl_mask,strong,30,270920290,79,LEFT,LEFT,0.0665419502183795,False,False,False,False,False,False,False
random_ruehl_mask,strong,30,270920290,80,RIGHT,RIGHT,0.07212499622255564,False,False,False,False,False,False,False
random_ruehl_mask,strong,30,270920290,81,RIGHT,RIGHT,0.0551670091226697,False,True,False,False,False,False,False
random_ruehl_mask,strong,30,270920290,82,WAIT,WAIT,0.06395799573510885,False,False,False,False,False,False,False
random_ruehl_mask,strong,30,270920290,83,LEFT,LEFT,0.06500002928078175,False,False,False,False,False,False,False
random_ruehl_mask,strong,30,270920290,84,WAIT,WAIT,0.053999945521354675,False,False,False,False,False,False,False
random_ruehl_mask,strong,30,270920290,85,LEFT,LEFT,0.056165968999266624,False,False,False,False,False,False,False
random_ruehl_mask,strong,30,270920290,86,LEFT,LEFT,0.053582945838570595,False,False,False,False,False,False,False
random_ruehl_mask,strong,30,270920290,87,RIGHT,RIGHT,0.05729193799197674,False,False,False,False,False,False,False
random_ruehl_mask,strong,30,270920290,88,RIGHT,RIGHT,0.05312508437782526,False,False,False,False,False,False,False
random_ruehl_mask,strong,30,270920290,89,RIGHT,RIGHT,0.06900005973875523,False,False,False,False,False,False,False
random_ruehl_mask,strong,30,270920290,90,WAIT,WAIT,0.05833292379975319,False,False,False,False,False,False,False
random_ruehl_mask,strong,30,270920290,91,LEFT,LEFT,0.050083035603165627,False,True,False,False,False,False,False
random_ruehl_mask,strong,30,270920290,92,RIGHT,RIGHT,0.05991698708385229,False,False,False,False,False,False,False
random_ruehl_mask,strong,30,270920290,93,WAIT,WAIT,0.04983297549188137,False,False,False,False,False,False,False
random_ruehl_mask,strong,30,270920290,94,RIGHT,RIGHT,0.07708393968641758,False,False,False,False,False,False,False
random_ruehl_mask,strong,30,270920290,95,WAIT,WAIT,0.08779100608080626,False,False,False,False,False,False,False
random_ruehl_mask,strong,30,270920290,96,LEFT,LEFT,0.10733399540185928,False,False,False,False,False,False,False
random_ruehl_mask,strong,30,270920290,97,LEFT,LEFT,0.0676250783726573,False,False,False,False,False,False,False
random_ruehl_mask,strong,30,270920290,98,WAIT,WAIT,0.08749996777623892,False,False,False,False,False,False,False
random_ruehl_mask,strong,30,270920290,99,LEFT,LEFT,0.0616670586168766,False,False,False,False,False,False,False
random_ruehl_mask,strong,30,270920290,100,RIGHT,RIGHT,0.04958303179591894,False,False,False,False,False,False,False
random_ruehl_mask,strong,30,270920290,101,RIGHT,RIGHT,0.050332979299128056,False,True,False,False,False,False,False
random_ruehl_mask,strong,30,270920290,102,RIGHT,RIGHT,0.05533394869416952,False,False,False,False,False,False,False
random_ruehl_mask,strong,30,270920290,103,RIGHT,RIGHT,0.08174998220056295,False,False,False,False,False,False,False
random_ruehl_mask,strong,30,270920290,104,LEFT,LEFT,0.09708397556096315,False,False,False,False,False,False,False
random_ruehl_mask,strong,30,270920290,105,BOMB,BOMB,0.10349997319281101,False,False,False,True,False,False,False
random_ruehl_mask,strong,30,270920290,106,LEFT,LEFT,0.059292069636285305,False,False,False,False,False,False,False
random_ruehl_mask,strong,30,270920290,107,WAIT,WAIT,0.048332964070141315,False,False,False,False,False,False,False
random_ruehl_mask,strong,30,270920290,108,LEFT,LEFT,0.046083005145192146,False,False,False,False,False,False,False
random_ruehl_mask,strong,30,270920290,109,DOWN,DOWN,0.05683302879333496,False,False,False,False,False,False,False
random_ruehl_mask,strong,30,270920290,110,DOWN,DOWN,0.0476249260827899,False,False,False,False,False,False,False
random_ruehl_mask,strong,30,270920290,111,DOWN,DOWN,0.03687501884996891,False,True,False,False,False,False,False
random_ruehl_mask,strong,30,270920290,112,DOWN,DOWN,0.07241708226501942,False,False,False,False,False,False,False
random_ruehl_mask,strong,30,270920290,113,BOMB,BOMB,0.10645901784300804,False,False,False,True,False,False,False
random_ruehl_mask,strong,30,270920290,114,UP,UP,0.04991702735424042,False,False,False,False,False,False,False
random_ruehl_mask,strong,30,270920290,115,WAIT,WAIT,0.046459026634693146,False,False,False,False,False,False,False
random_ruehl_mask,strong,30,270920290,116,UP,UP,0.077791977673769,False,False,False,False,False,False,False
random_ruehl_mask,strong,30,270920290,117,RIGHT,RIGHT,0.0660410150885582,False,False,False,False,False,False,False
random_ruehl_mask,strong,30,270920290,118,RIGHT,RIGHT,0.051458016969263554,False,False,False,False,False,False,False
random_ruehl_mask,strong,30,270920290,119,WAIT,WAIT,0.03770901821553707,False,False,False,False,False,False,False
random_ruehl_mask,strong,30,270920290,120,RIGHT,RIGHT,0.10062498040497303,False,False,False,False,False,False,False
random_ruehl_mask,strong,30,270920290,121,RIGHT,RIGHT,0.06745895370841026,False,True,False,False,False,False,False
random_ruehl_mask,strong,30,270920290,122,WAIT,WAIT,0.07974996697157621,False,False,False,False,False,False,False
random_ruehl_mask,strong,30,270920290,123,BOMB,BOMB,0.07762503810226917,False,False,False,True,False,False,False
random_ruehl_mask,strong,30,270920290,124,UP,UP,0.0724999699741602,False,False,False,False,False,False,False
random_ruehl_mask,strong,30,270920290,125,UP,UP,0.05937495734542608,False,False,False,False,False,False,False
random_ruehl_mask,strong,30,270920290,126,LEFT,LEFT,0.06466696504503489,False,False,False,False,False,False,False
random_ruehl_mask,strong,30,270920290,127,WAIT,WAIT,0.053292023949325085,False,False,False,False,False,False,False
random_ruehl_mask,strong,30,270920290,128,LEFT,LEFT,0.047749956138432026,False,False,False,False,False,False,False
random_ruehl_mask,strong,30,270920290,129,RIGHT,RIGHT,0.03558408934623003,False,False,False,False,False,False,False
random_ruehl_mask,strong,30,270920290,130,WAIT,WAIT,0.055458047427237034,False,False,False,False,False,False,False
random_ruehl_mask,strong,30,270920290,131,RIGHT,RIGHT,0.089791021309793,False,True,False,False,False,False,False
random_ruehl_mask,strong,30,270920290,132,LEFT,LEFT,0.06016704719513655,False,False,False,False,False,False,False
random_ruehl_mask,strong,30,270920290,133,LEFT,LEFT,0.06420805584639311,False,False,False,False,False,False,False
random_ruehl_mask,strong,30,270920290,134,RIGHT,RIGHT,0.05695794243365526,False,False,False,False,False,False,False
random_ruehl_mask,strong,30,270920290,135,WAIT,WAIT,0.08158304262906313,False,False,False,False,False,False,False
random_ruehl_mask,strong,30,270920290,136,WAIT,WAIT,0.0738329254090786,False,False,False,False,False,False,False
random_ruehl_mask,strong,30,270920290,137,WAIT,WAIT,0.053958967328071594,False,False,False,False,False,False,False
random_ruehl_mask,strong,30,270920290,138,RIGHT,RIGHT,0.0464579788967967,False,False,False,False,False,False,False
random_ruehl_mask,strong,30,270920290,139,WAIT,WAIT,0.048749963752925396,False,False,False,False,False,False,False
random_ruehl_mask,strong,30,270920290,140,LEFT,LEFT,0.04545797128230333,False,False,False,False,False,False,False
random_ruehl_mask,strong,30,270920290,141,LEFT,LEFT,0.04212500061839819,False,True,False,False,False,False,False
random_ruehl_mask,strong,30,270920290,142,RIGHT,RIGHT,0.04845799412578344,False,False,False,False,False,False,False
random_ruehl_mask,strong,30,270920290,143,WAIT,WAIT,0.04962494131177664,False,False,False,False,False,False,False
random_ruehl_mask,strong,30,270920290,144,WAIT,WAIT,0.07379194721579552,False,False,False,False,False,False,False
random_ruehl_mask,strong,30,270920290,145,LEFT,LEFT,0.06183306686580181,False,False,False,False,False,False,False
random_ruehl_mask,strong,30,270920290,146,DOWN,DOWN,0.0612910371273756,False,False,False,False,False,False,False
random_ruehl_mask,strong,30,270920290,147,UP,UP,0.04591699689626694,False,False,False,False,False,False,False
random_ruehl_mask,strong,30,270920290,148,DOWN,DOWN,0.04641700070351362,False,False,False,False,False,False,False
random_ruehl_mask,strong,30,270920290,149,DOWN,DOWN,0.04041707143187523,False,False,False,False,False,False,False
random_ruehl_mask,strong,30,270920290,150,WAIT,WAIT,0.07254199590533972,False,False,False,False,False,False,False
random_ruehl_mask,strong,30,270920290,151,LEFT,LEFT,0.06433296948671341,False,True,False,False,False,False,False
random_ruehl_mask,strong,30,270920290,152,LEFT,LEFT,0.05004194099456072,False,False,False,False,False,False,False
random_ruehl_mask,strong,30,270920290,153,DOWN,DOWN,0.05024997517466545,False,False,False,False,False,False,False
random_ruehl_mask,strong,30,270920290,154,WAIT,WAIT,0.04491698928177357,False,False,False,False,False,False,False
random_ruehl_mask,strong,30,270920290,155,WAIT,WAIT,0.08345895912498236,False,False,False,False,False,False,False
random_ruehl_mask,strong,30,270920290,156,DOWN,DOWN,0.07974996697157621,False,False,False,False,False,False,False
random_ruehl_mask,strong,30,270920290,157,BOMB,BOMB,0.1352920662611723,False,False,False,True,True,False,False
random_ruehl_mask,strong,30,270920290,158,RIGHT,RIGHT,0.04416704177856445,False,False,False,False,False,False,False
random_ruehl_mask,strong,30,270920290,159,WAIT,WAIT,0.03716710489243269,False,False,False,False,False,False,False
random_ruehl_mask,strong,30,270920290,160,RIGHT,RIGHT,0.05137501284480095,False,False,False,False,False,False,False
random_ruehl_mask,strong,30,270920290,161,UP,UP,0.0785409938544035,False,True,False,False,False,False,False
random_ruehl_mask,strong,30,270920290,162,WAIT,WAIT,0.054040923714637756,False,False,False,False,False,False,False
random_ruehl_mask,strong,30,270920290,163,DOWN,DOWN,0.03529200330376625,False,False,False,False,False,False,False
random_ruehl_mask,strong,30,270920290,164,UP,UP,0.07095793262124062,False,False,False,False,False,False,False
random_ruehl_mask,strong,30,270920290,165,WAIT,WAIT,0.08570903446525335,False,False,False,False,False,False,False
random_ruehl_mask,strong,30,270920290,166,WAIT,WAIT,0.06704102270305157,False,False,False,False,False,False,False
random_ruehl_mask,strong,30,270920290,167,LEFT,LEFT,0.06949994713068008,False,False,False,False,False,False,False
random_ruehl_mask,strong,30,270920290,168,LEFT,LEFT,0.05704199429601431,False,False,False,False,False,False,False
random_ruehl_mask,strong,30,270920290,169,RIGHT,RIGHT,0.08820905350148678,False,False,False,False,False,False,False
random_ruehl_mask,strong,30,270920290,170,LEFT,LEFT,0.04691607318818569,False,False,False,False,False,False,False
random_ruehl_mask,strong,30,270920290,171,LEFT,LEFT,0.04879094194620848,False,True,False,False,False,False,False
random_ruehl_mask,strong,30,270920290,172,LEFT,LEFT,0.0666249543428421,False,False,False,False,False,False,False
random_ruehl_mask,strong,30,270920290,173,RIGHT,RIGHT,0.0540419714525342,False,False,False,False,False,False,False
random_ruehl_mask,strong,30,270920290,174,LEFT,LEFT,0.056416960433125496,False,False,False,False,False,False,False
random_ruehl_mask,strong,30,270920290,175,DOWN,DOWN,0.05308398976922035,False,False,False,False,False,False,False
random_ruehl_mask,strong,30,270920290,176,DOWN,DOWN,0.0468340003862977,False,False,False,False,False,False,False
random_ruehl_mask,strong,30,270920290,177,DOWN,DOWN,0.04949991125613451,False,False,False,False,False,False,False
random_ruehl_mask,strong,30,270920290,178,UP,UP,0.05158304702490568,False,False,False,False,False,False,False
random_ruehl_mask,strong,30,270920290,179,DOWN,DOWN,0.048832967877388,False,False,False,False,False,False,False
random_ruehl_mask,strong,30,270920290,180,WAIT,WAIT,0.10116701014339924,False,False,False,False,False,False,False
random_ruehl_mask,strong,30,270920290,181,WAIT,WAIT,0.06966700311750174,False,True,False,False,False,False,False
random_ruehl_mask,strong,30,270920290,182,UP,UP,0.05283299833536148,False,False,False,False,False,False,False
random_ruehl_mask,strong,30,270920290,183,UP,UP,0.05150004290044308,False,False,False,False,False,False,False
random_ruehl_mask,strong,30,270920290,184,WAIT,WAIT,0.04549999721348286,False,False,False,False,False,False,False
random_ruehl_mask,strong,30,270920290,185,DOWN,DOWN,0.04533305764198303,False,False,False,False,False,False,False
random_ruehl_mask,strong,30,270920290,186,DOWN,DOWN,0.059582991525530815,False,False,False,False,False,False,False
random_ruehl_mask,strong,30,270920290,187,DOWN,DOWN,0.07508404087275267,False,False,False,False,False,False,False
random_ruehl_mask,strong,30,270920290,188,DOWN,DOWN,0.07458298932760954,False,False,False,False,False,False,True
random_ruehl_mask,strong,30,270920290,189,BOMB,BOMB,0.06741704419255257,False,False,False,True,True,False,True
random_ruehl_mask,strong,30,270920290,190,UP,UP,0.033958000130951405,False,False,False,False,False,False,True
random_ruehl_mask,strong,30,270920290,191,WAIT,WAIT,0.034125056117773056,False,True,True,False,False,False,True
random_ruehl_mask,strong,30,270920290,192,UP,UP,0.04583294503390789,False,False,False,False,False,False,True
random_ruehl_mask,strong,30,270920290,193,WAIT,WAIT,0.06545800715684891,False,False,False,False,False,False,True
random_ruehl_mask,strong,31,270920291,1,WAIT,WAIT,0.11970801278948784,False,True,False,False,False,False,False
random_ruehl_mask,strong,31,270920291,2,UP,UP,0.17870892770588398,False,False,False,False,False,False,False
random_ruehl_mask,strong,31,270920291,3,UP,UP,0.08883292321115732,False,False,False,False,False,False,True
random_ruehl_mask,strong,31,270920291,4,BOMB,BOMB,0.0992080895230174,False,False,False,True,False,False,True
random_ruehl_mask,strong,31,270920291,5,UP,UP,0.06475008558481932,False,False,False,False,False,False,True
random_ruehl_mask,strong,31,270920291,6,WAIT,WAIT,0.07195805665105581,False,False,False,False,False,False,True
random_ruehl_mask,strong,31,270920291,7,WAIT,WAIT,0.15487498603761196,False,False,False,False,False,False,True
random_ruehl_mask,strong,31,270920291,8,WAIT,WAIT,0.06808305624872446,False,False,False,False,False,False,True
random_ruehl_mask,strong,32,270920292,1,WAIT,WAIT,0.1116669736802578,False,True,False,False,False,False,False
random_ruehl_mask,strong,32,270920292,2,WAIT,WAIT,0.09095901623368263,False,False,False,False,False,False,False
random_ruehl_mask,strong,32,270920292,3,LEFT,LEFT,0.08808297570794821,False,False,False,False,False,False,False
random_ruehl_mask,strong,32,270920292,4,RIGHT,RIGHT,0.08425000123679638,False,False,False,False,False,False,False
random_ruehl_mask,strong,32,270920292,5,UP,UP,0.1214159419760108,False,False,False,False,False,False,False
random_ruehl_mask,strong,32,270920292,6,BOMB,BOMB,0.12470805086195469,False,False,False,True,False,False,False
random_ruehl_mask,strong,32,270920292,7,DOWN,DOWN,0.0802499707788229,False,False,False,False,False,False,False
random_ruehl_mask,strong,32,270920292,8,LEFT,LEFT,0.08041702676564455,False,False,False,False,False,False,False
random_ruehl_mask,strong,32,270920292,9,WAIT,WAIT,0.06766605656594038,False,False,False,False,False,False,False
random_ruehl_mask,strong,32,270920292,10,WAIT,WAIT,0.1352920662611723,False,False,False,False,False,False,False
random_ruehl_mask,strong,32,270920292,11,WAIT,WAIT,0.13020902406424284,False,True,False,False,False,False,False
random_ruehl_mask,strong,32,270920292,12,RIGHT,RIGHT,0.04341697786003351,False,False,False,False,False,False,False
random_ruehl_mask,strong,32,270920292,13,WAIT,WAIT,0.09291700553148985,False,False,False,False,False,False,False
random_ruehl_mask,strong,32,270920292,14,WAIT,WAIT,0.15316694043576717,False,False,False,False,False,False,False
random_ruehl_mask,strong,32,270920292,15,LEFT,LEFT,0.13866694644093513,False,False,False,False,False,False,False
random_ruehl_mask,strong,32,270920292,16,BOMB,BOMB,0.1253749942407012,False,False,False,True,False,False,False
random_ruehl_mask,strong,32,270920292,17,RIGHT,RIGHT,0.05895807407796383,False,False,False,False,False,False,False
random_ruehl_mask,strong,32,270920292,18,WAIT,WAIT,0.06600003689527512,False,False,False,False,False,False,False
random_ruehl_mask,strong,32,270920292,19,UP,UP,0.08399994112551212,False,False,False,False,False,False,False
random_ruehl_mask,strong,32,270920292,20,WAIT,WAIT,0.08208409417420626,False,False,False,False,False,False,False
random_ruehl_mask,strong,32,270920292,21,UP,UP,0.07754191756248474,False,True,False,False,False,False,False
random_ruehl_mask,strong,32,270920292,22,DOWN,DOWN,0.12012501247227192,False,False,False,False,False,False,False
random_ruehl_mask,strong,32,270920292,23,DOWN,DOWN,0.10516599286347628,False,False,False,False,False,False,False
random_ruehl_mask,strong,32,270920292,24,WAIT,WAIT,0.07758405990898609,False,False,False,False,False,False,False
random_ruehl_mask,strong,32,270920292,25,WAIT,WAIT,0.058542005717754364,False,False,False,False,False,False,False
random_ruehl_mask,strong,32,270920292,26,WAIT,WAIT,0.0779998954385519,False,False,False,False,False,False,False
random_ruehl_mask,strong,32,270920292,27,UP,UP,0.08320901542901993,False,False,False,False,False,False,False
random_ruehl_mask,strong,32,270920292,28,UP,UP,0.09995803702622652,False,False,False,False,False,False,False
random_ruehl_mask,strong,32,270920292,29,WAIT,WAIT,0.12516696006059647,False,False,False,False,False,False,False
random_ruehl_mask,strong,32,270920292,30,DOWN,DOWN,0.0938749872148037,False,False,False,False,False,False,False
random_ruehl_mask,strong,32,270920292,31,UP,UP,0.14629203360527754,False,True,False,False,False,False,False
random_ruehl_mask,strong,32,270920292,32,DOWN,DOWN,0.17220806330442429,False,False,False,False,False,False,False
random_ruehl_mask,strong,32,270920292,33,UP,UP,0.09162502828985453,False,False,False,False,False,False,False
random_ruehl_mask,strong,32,270920292,34,UP,UP,0.10545796249061823,False,False,False,False,False,False,False
random_ruehl_mask,strong,32,270920292,35,DOWN,DOWN,0.09791692718863487,False,False,False,False,False,False,False
random_ruehl_mask,strong,32,270920292,36,UP,UP,0.10816601570695639,False,False,False,False,False,False,False
random_ruehl_mask,strong,32,270920292,37,WAIT,WAIT,0.11979206465184689,False,False,False,False,False,False,False
random_ruehl_mask,strong,32,270920292,38,WAIT,WAIT,0.13037491589784622,False,False,False,False,False,False,True
random_ruehl_mask,strong,32,270920292,39,BOMB,BOMB,0.11554104276001453,False,False,False,True,False,False,True
random_ruehl_mask,strong,32,270920292,40,UP,UP,0.060959020629525185,False,False,False,False,False,False,True
random_ruehl_mask,strong,32,270920292,41,WAIT,WAIT,0.16008294187486172,False,False,False,False,False,False,True
random_ruehl_mask,strong,32,270920292,42,WAIT,WAIT,0.07595797069370747,False,False,False,False,False,False,True
random_ruehl_mask,strong,32,270920292,43,WAIT,WAIT,0.05891697946935892,False,False,False,False,False,False,True
random_ruehl_mask,strong,33,270920293,1,DOWN,DOWN,0.15366694424301386,False,True,False,False,False,False,False
random_ruehl_mask,strong,33,270920293,2,BOMB,BOMB,0.11024996638298035,False,False,False,True,False,False,False
random_ruehl_mask,strong,33,270920293,3,UP,UP,0.06454205140471458,False,False,False,False,False,False,False
random_ruehl_mask,strong,33,270920293,4,RIGHT,RIGHT,0.06641692016273737,False,False,False,False,False,False,False
random_ruehl_mask,strong,33,270920293,5,WAIT,WAIT,0.08595897816121578,False,False,False,False,False,False,False
random_ruehl_mask,strong,33,270920293,6,WAIT,WAIT,0.09712507016956806,False,False,False,False,False,False,False
random_ruehl_mask,strong,33,270920293,7,WAIT,WAIT,0.06874999962747097,False,False,False,False,False,False,False
random_ruehl_mask,strong,33,270920293,8,LEFT,LEFT,0.044042011722922325,False,False,False,False,False,False,False
random_ruehl_mask,strong,33,270920293,9,RIGHT,RIGHT,0.08929101750254631,False,False,False,False,False,False,False
random_ruehl_mask,strong,33,270920293,10,WAIT,WAIT,0.06608304101973772,False,False,False,False,False,False,False
random_ruehl_mask,strong,33,270920293,11,LEFT,LEFT,0.07562502287328243,False,True,False,False,False,False,True
random_ruehl_mask,strong,33,270920293,12,BOMB,BOMB,0.1768340589478612,False,False,False,True,False,False,True
random_ruehl_mask,strong,33,270920293,13,DOWN,DOWN,0.07241708226501942,False,False,False,False,False,False,True
random_ruehl_mask,strong,33,270920293,14,DOWN,DOWN,0.07399998139590025,False,False,False,False,False,False,True
random_ruehl_mask,strong,33,270920293,15,WAIT,WAIT,0.08425000123679638,False,False,False,False,False,False,True
random_ruehl_mask,strong,33,270920293,16,UP,UP,0.06091594696044922,False,False,False,False,False,False,True
random_ruehl_mask,strong,34,270920294,1,WAIT,WAIT,0.10649999603629112,False,True,False,False,False,False,False
random_ruehl_mask,strong,34,270920294,2,DOWN,DOWN,0.07887498941272497,False,False,False,False,False,False,False
random_ruehl_mask,strong,34,270920294,3,WAIT,WAIT,0.06933289114385843,False,False,False,False,False,False,False
random_ruehl_mask,strong,34,270920294,4,BOMB,BOMB,0.0904579646885395,False,False,False,True,False,False,False
random_ruehl_mask,strong,34,270920294,5,UP,UP,0.08920906111598015,False,False,False,False,False,False,False
random_ruehl_mask,strong,34,270920294,6,LEFT,LEFT,0.0660410150885582,False,False,False,False,False,False,False
random_ruehl_mask,strong,34,270920294,7,WAIT,WAIT,0.08237501606345177,False,False,False,False,False,False,False
random_ruehl_mask,strong,34,270920294,8,WAIT,WAIT,0.049416907131671906,False,False,False,False,False,False,False
random_ruehl_mask,strong,34,270920294,9,WAIT,WAIT,0.042458996176719666,False,False,False,False,False,False,False
random_ruehl_mask,strong,34,270920294,10,RIGHT,RIGHT,0.035125063732266426,False,False,False,False,False,False,False
random_ruehl_mask,strong,34,270920294,11,DOWN,DOWN,0.12270896695554256,False,True,False,False,False,False,False
random_ruehl_mask,strong,34,270920294,12,WAIT,WAIT,0.05566596519201994,False,False,False,False,False,False,False
random_ruehl_mask,strong,34,270920294,13,UP,UP,0.07112498860806227,False,False,False,False,False,False,True
random_ruehl_mask,strong,34,270920294,14,BOMB,BOMB,0.12966606300324202,False,False,False,True,False,False,True
random_ruehl_mask,strong,34,270920294,15,LEFT,LEFT,0.06166601087898016,False,False,False,False,False,False,True
random_ruehl_mask,strong,34,270920294,16,WAIT,WAIT,0.04079192876815796,False,False,False,False,False,False,True
random_ruehl_mask,strong,34,270920294,17,WAIT,WAIT,0.050083035603165627,False,False,False,False,False,False,True
random_ruehl_mask,strong,34,270920294,18,WAIT,WAIT,0.04970794543623924,False,False,False,False,False,False,True
random_ruehl_mask,strong,35,270920295,1,LEFT,LEFT,0.15199999324977398,False,True,False,False,False,False,False
random_ruehl_mask,strong,35,270920295,2,WAIT,WAIT,0.09970797691494226,False,False,False,False,False,False,False
random_ruehl_mask,strong,35,270920295,3,WAIT,WAIT,0.07308402564376593,False,False,False,False,False,False,False
random_ruehl_mask,strong,35,270920295,4,WAIT,WAIT,0.08837506175041199,False,False,False,False,False,False,False
random_ruehl_mask,strong,35,270920295,5,WAIT,WAIT,0.1027919352054596,False,False,False,False,False,False,False
random_ruehl_mask,strong,35,270920295,6,LEFT,LEFT,0.09175005834549665,False,False,False,False,False,False,False
random_ruehl_mask,strong,35,270920295,7,RIGHT,RIGHT,0.12887490447610617,False,False,False,False,False,False,False
random_ruehl_mask,strong,35,270920295,8,LEFT,LEFT,0.0980000477284193,False,False,False,False,False,False,False
random_ruehl_mask,strong,35,270920295,9,RIGHT,RIGHT,0.08741591591387987,False,False,False,False,False,False,False
random_ruehl_mask,strong,35,270920295,10,LEFT,LEFT,0.06600003689527512,False,False,False,False,False,False,False
random_ruehl_mask,strong,35,270920295,11,BOMB,BOMB,0.09858293924480677,False,True,False,True,False,False,False
random_ruehl_mask,strong,35,270920295,12,RIGHT,RIGHT,0.05908298771828413,False,False,False,False,False,False,False
random_ruehl_mask,strong,35,270920295,13,RIGHT,RIGHT,0.08133298251777887,False,False,False,False,False,False,False
random_ruehl_mask,strong,35,270920295,14,UP,UP,0.09241700172424316,False,False,False,False,False,False,False
random_ruehl_mask,strong,35,270920295,15,UP,UP,0.06937503349035978,False,False,False,False,False,False,False
random_ruehl_mask,strong,35,270920295,16,DOWN,DOWN,0.05262496415525675,False,False,False,False,False,False,False
random_ruehl_mask,strong,35,270920295,17,WAIT,WAIT,0.060208956710994244,False,False,False,False,False,False,False
random_ruehl_mask,strong,35,270920295,18,BOMB,BOMB,0.12637500185519457,False,False,False,True,False,False,False
random_ruehl_mask,strong,35,270920295,19,UP,UP,0.051083043217659,False,False,False,False,False,False,False
random_ruehl_mask,strong,35,270920295,20,LEFT,LEFT,0.05504197906702757,False,False,False,False,False,False,False
random_ruehl_mask,strong,35,270920295,21,LEFT,LEFT,0.07325003389269114,False,True,False,False,False,False,False
random_ruehl_mask,strong,35,270920295,22,WAIT,WAIT,0.0939579913392663,False,False,False,False,False,False,False
random_ruehl_mask,strong,35,270920295,23,UP,UP,0.09587500244379044,False,False,False,False,False,False,False
random_ruehl_mask,strong,35,270920295,24,DOWN,DOWN,0.0631249276921153,False,False,False,False,False,False,False
random_ruehl_mask,strong,35,270920295,25,UP,UP,0.11120899580419064,False,False,False,False,False,False,False
random_ruehl_mask,strong,35,270920295,26,DOWN,DOWN,0.08529203478246927,False,False,False,False,False,False,False
random_ruehl_mask,strong,35,270920295,27,UP,UP,0.0931670656427741,False,False,False,False,False,False,False
random_ruehl_mask,strong,35,270920295,28,DOWN,DOWN,0.11029199231415987,False,False,False,False,False,False,False
random_ruehl_mask,strong,35,270920295,29,RIGHT,RIGHT,0.11512497439980507,False,False,False,False,False,False,False
random_ruehl_mask,strong,35,270920295,30,WAIT,WAIT,0.186040997505188,False,False,False,False,False,False,False
random_ruehl_mask,strong,35,270920295,31,RIGHT,RIGHT,0.10458298493176699,False,True,False,False,False,False,False
random_ruehl_mask,strong,35,270920295,32,WAIT,WAIT,0.1409579999744892,False,False,False,False,False,False,False
random_ruehl_mask,strong,35,270920295,33,UP,UP,0.1120840897783637,False,False,False,False,False,False,False
random_ruehl_mask,strong,35,270920295,34,WAIT,WAIT,0.08070794865489006,False,False,False,False,False,False,False
random_ruehl_mask,strong,35,270920295,35,DOWN,DOWN,0.06345903966575861,False,False,False,False,False,False,False
random_ruehl_mask,strong,35,270920295,36,WAIT,WAIT,0.1817919546738267,False,False,False,False,False,False,False
random_ruehl_mask,strong,35,270920295,37,DOWN,DOWN,0.10941701475530863,False,False,False,False,False,False,False
random_ruehl_mask,strong,35,270920295,38,WAIT,WAIT,0.09279209189116955,False,False,False,False,False,False,False
random_ruehl_mask,strong,35,270920295,39,WAIT,WAIT,0.05949998740106821,False,False,False,False,False,False,False
random_ruehl_mask,strong,35,270920295,40,WAIT,WAIT,0.05070806946605444,False,False,False,False,False,False,False
random_ruehl_mask,strong,35,270920295,41,DOWN,DOWN,0.06812508217990398,False,True,False,False,False,False,False
random_ruehl_mask,strong,35,270920295,42,WAIT,WAIT,0.08408294524997473,False,False,False,False,False,False,False
random_ruehl_mask,strong,35,270920295,43,UP,UP,0.08100003469735384,False,False,False,False,False,False,False
random_ruehl_mask,strong,35,270920295,44,WAIT,WAIT,0.07945799734443426,False,False,False,False,False,False,False
random_ruehl_mask,strong,35,270920295,45,DOWN,DOWN,0.05520798731595278,False,False,False,False,False,False,False
random_ruehl_mask,strong,35,270920295,46,UP,UP,0.05295907612890005,False,False,False,False,False,False,False
random_ruehl_mask,strong,35,270920295,47,DOWN,DOWN,0.06637501064687967,False,False,False,False,False,False,False
random_ruehl_mask,strong,35,270920295,48,LEFT,LEFT,0.05787494592368603,False,False,False,False,False,False,False
random_ruehl_mask,strong,35,270920295,49,RIGHT,RIGHT,0.07841701153665781,False,False,False,False,False,False,False
random_ruehl_mask,strong,35,270920295,50,UP,UP,0.06362493149936199,False,False,False,False,False,False,False
random_ruehl_mask,strong,35,270920295,51,UP,UP,0.08108303882181644,False,True,False,False,False,False,False
random_ruehl_mask,strong,35,270920295,52,LEFT,LEFT,0.11112506035715342,False,False,False,False,False,False,False
random_ruehl_mask,strong,35,270920295,53,WAIT,WAIT,0.10725005995482206,False,False,False,False,False,False,False
random_ruehl_mask,strong,35,270920295,54,LEFT,LEFT,0.08358398918062449,False,False,False,False,False,False,False
random_ruehl_mask,strong,35,270920295,55,UP,UP,0.11025008279830217,False,False,False,False,False,False,False
random_ruehl_mask,strong,35,270920295,56,DOWN,DOWN,0.0819170381873846,False,False,False,False,False,False,False
random_ruehl_mask,strong,35,270920295,57,WAIT,WAIT,0.3303330158814788,False,False,False,False,False,False,False
random_ruehl_mask,strong,35,270920295,58,DOWN,DOWN,0.2963340375572443,False,False,False,False,False,False,False
random_ruehl_mask,strong,35,270920295,59,DOWN,DOWN,0.08366699330508709,False,False,False,False,False,False,True
random_ruehl_mask,strong,35,270920295,60,BOMB,BOMB,0.11150003410875797,False,False,False,True,True,False,True
random_ruehl_mask,strong,35,270920295,61,UP,UP,0.057666911743581295,False,True,False,False,False,False,True
random_ruehl_mask,strong,35,270920295,62,WAIT,WAIT,0.06783404387533665,False,False,False,False,False,False,True
random_ruehl_mask,strong,35,270920295,63,WAIT,WAIT,0.0766250304877758,False,False,False,False,False,False,True
random_ruehl_mask,strong,35,270920295,64,WAIT,WAIT,0.06941694300621748,False,False,False,False,False,False,True
random_ruehl_mask,strong,36,270920296,1,DOWN,DOWN,0.1112079480662942,False,True,False,False,False,False,False
random_ruehl_mask,strong,36,270920296,2,BOMB,BOMB,0.09854196105152369,False,False,False,True,False,False,False
random_ruehl_mask,strong,36,270920296,3,UP,UP,0.058416975662112236,False,False,False,False,False,False,False
random_ruehl_mask,strong,36,270920296,4,RIGHT,RIGHT,0.05333404988050461,False,False,False,False,False,False,False
random_ruehl_mask,strong,36,270920296,5,WAIT,WAIT,0.15479209832847118,False,False,False,False,False,False,False
random_ruehl_mask,strong,36,270920296,6,WAIT,WAIT,0.09745894931256771,False,False,False,False,False,False,False
random_ruehl_mask,strong,36,270920296,7,WAIT,WAIT,0.09112502448260784,False,False,False,False,False,False,False
random_ruehl_mask,strong,36,270920296,8,LEFT,LEFT,0.08633302059024572,False,False,False,False,False,False,True
random_ruehl_mask,strong,36,270920296,9,BOMB,BOMB,0.12862496078014374,False,False,False,True,False,False,True
random_ruehl_mask,strong,36,270920296,10,DOWN,DOWN,0.05791697185486555,False,False,False,False,False,False,True
random_ruehl_mask,strong,36,270920296,11,DOWN,DOWN,0.08324999362230301,False,True,False,False,False,False,True
random_ruehl_mask,strong,36,270920296,12,UP,UP,1.9519589841365814,False,False,False,False,False,False,True
random_ruehl_mask,strong,36,270920296,13,WAIT,WAIT,0.10137504432350397,False,False,False,False,False,False,True
random_ruehl_mask,strong,37,270920297,1,WAIT,WAIT,0.41458301711827517,False,True,False,False,False,False,False
random_ruehl_mask,strong,37,270920297,2,WAIT,WAIT,0.16366597265005112,False,False,False,False,False,False,False
random_ruehl_mask,strong,37,270920297,3,RIGHT,RIGHT,0.21237507462501526,False,False,False,False,False,False,False
random_ruehl_mask,strong,37,270920297,4,WAIT,WAIT,0.26625010650604963,False,False,False,False,False,False,False
random_ruehl_mask,strong,37,270920297,5,BOMB,BOMB,0.24437508545815945,False,False,False,True,False,False,False
random_ruehl_mask,strong,37,270920297,6,LEFT,LEFT,18.355624983087182,False,False,False,False,False,False,False
random_ruehl_mask,strong,37,270920297,7,UP,UP,0.1130829332396388,False,False,False,False,False,False,False
random_ruehl_mask,strong,37,270920297,8,UP,UP,0.1044590026140213,False,False,False,False,False,False,False
random_ruehl_mask,strong,37,270920297,9,DOWN,DOWN,0.07533305324614048,False,False,False,False,False,False,False
random_ruehl_mask,strong,37,270920297,10,UP,UP,0.08191599044948816,False,False,False,False,False,False,False
random_ruehl_mask,strong,37,270920297,11,DOWN,DOWN,0.07983401883393526,False,True,False,False,False,False,False
random_ruehl_mask,strong,37,270920297,12,WAIT,WAIT,0.09749992750585079,False,False,False,False,False,False,False
random_ruehl_mask,strong,37,270920297,13,BOMB,BOMB,0.47329196240752935,False,False,False,True,False,False,False
random_ruehl_mask,strong,37,270920297,14,DOWN,DOWN,0.10141695383936167,False,False,False,False,False,False,False
random_ruehl_mask,strong,37,270920297,15,WAIT,WAIT,0.09637500625103712,False,False,False,False,False,False,False
random_ruehl_mask,strong,37,270920297,16,RIGHT,RIGHT,0.15420792624354362,False,False,False,False,False,False,False
random_ruehl_mask,strong,37,270920297,17,WAIT,WAIT,0.07604202255606651,False,False,False,False,False,False,False
random_ruehl_mask,strong,37,270920297,18,WAIT,WAIT,0.08174998220056295,False,False,False,False,False,False,False
random_ruehl_mask,strong,37,270920297,19,WAIT,WAIT,0.08812500163912773,False,False,False,False,False,False,False
random_ruehl_mask,strong,37,270920297,20,LEFT,LEFT,0.1188330352306366,False,False,False,False,False,False,False
random_ruehl_mask,strong,37,270920297,21,WAIT,WAIT,0.11462497059255838,False,True,False,False,False,False,False
random_ruehl_mask,strong,37,270920297,22,RIGHT,RIGHT,0.2162910532206297,False,False,False,False,False,False,False
random_ruehl_mask,strong,37,270920297,23,RIGHT,RIGHT,0.10599999222904444,False,False,False,False,False,False,False
random_ruehl_mask,strong,37,270920297,24,WAIT,WAIT,0.1382090849801898,False,False,False,False,False,False,False
random_ruehl_mask,strong,37,270920297,25,BOMB,BOMB,0.1503749517723918,False,False,False,True,False,False,False
random_ruehl_mask,strong,37,270920297,26,LEFT,LEFT,0.08941697888076305,False,False,False,False,False,False,False
random_ruehl_mask,strong,37,270920297,27,LEFT,LEFT,0.09366706945002079,False,False,False,False,False,False,False
random_ruehl_mask,strong,37,270920297,28,UP,UP,0.0813750084489584,False,False,False,False,False,False,False
random_ruehl_mask,strong,37,270920297,29,UP,UP,0.10383408516645432,False,False,False,False,False,False,False
random_ruehl_mask,strong,37,270920297,30,WAIT,WAIT,0.1039580674842,False,False,False,False,False,False,False
random_ruehl_mask,strong,37,270920297,31,WAIT,WAIT,0.09291688911616802,False,True,False,False,False,False,False
random_ruehl_mask,strong,37,270920297,32,UP,UP,0.5592919187620282,False,False,False,False,False,False,False
random_ruehl_mask,strong,37,270920297,33,UP,UP,0.13699999544769526,False,False,False,False,False,False,True
random_ruehl_mask,strong,37,270920297,34,BOMB,BOMB,0.09662506636232138,False,False,False,True,False,False,True
random_ruehl_mask,strong,37,270920297,35,DOWN,DOWN,0.06883300375193357,False,False,False,False,False,False,True
random_ruehl_mask,strong,37,270920297,36,WAIT,WAIT,0.061415950767695904,False,False,False,False,False,False,True
random_ruehl_mask,strong,37,270920297,37,WAIT,WAIT,0.08116709068417549,False,False,False,False,False,False,True
random_ruehl_mask,strong,37,270920297,38,DOWN,DOWN,0.08445791900157928,False,False,False,False,False,False,True
random_ruehl_mask,strong,38,270920298,1,LEFT,LEFT,0.12104201596230268,False,True,False,False,False,False,False
random_ruehl_mask,strong,38,270920298,2,BOMB,BOMB,0.13391708489507437,False,False,False,True,False,False,False
random_ruehl_mask,strong,38,270920298,3,RIGHT,RIGHT,0.1082499511539936,False,False,False,False,False,False,False
random_ruehl_mask,strong,38,270920298,4,WAIT,WAIT,0.14433299656957388,False,False,False,False,False,False,False
random_ruehl_mask,strong,38,270920298,5,DOWN,DOWN,0.11233298573642969,False,False,False,False,False,False,False
random_ruehl_mask,strong,38,270920298,6,WAIT,WAIT,0.1707079354673624,False,False,False,False,False,False,False
random_ruehl_mask,strong,38,270920298,7,WAIT,WAIT,0.10558392386883497,False,False,False,False,False,False,False
random_ruehl_mask,strong,38,270920298,8,WAIT,WAIT,0.19029201939702034,False,False,False,False,False,False,False
random_ruehl_mask,strong,38,270920298,9,UP,UP,0.15766697470098734,False,False,False,False,False,False,True
random_ruehl_mask,strong,38,270920298,10,BOMB,BOMB,0.10375003330409527,False,False,False,True,False,False,True
random_ruehl_mask,strong,38,270920298,11,DOWN,DOWN,0.07324991747736931,False,True,True,False,False,False,True
random_ruehl_mask,strong,38,270920298,12,WAIT,WAIT,0.12149999383836985,False,False,False,False,False,False,True
random_ruehl_mask,strong,38,270920298,13,WAIT,WAIT,0.14112505596131086,False,False,False,False,False,False,True
random_ruehl_mask,strong,38,270920298,14,WAIT,WAIT,0.10724994353950024,False,False,False,False,False,False,True
random_ruehl_mask,strong,39,270920299,1,RIGHT,RIGHT,0.12341607362031937,False,True,False,False,False,False,False
random_ruehl_mask,strong,39,270920299,2,BOMB,BOMB,0.1367910299450159,False,False,False,True,False,False,False
random_ruehl_mask,strong,39,270920299,3,LEFT,LEFT,0.08712511043995619,False,False,False,False,False,False,False
random_ruehl_mask,strong,39,270920299,4,DOWN,DOWN,0.08870905730873346,False,False,False,False,False,False,False
random_ruehl_mask,strong,39,270920299,5,DOWN,DOWN,0.07687497418373823,False,False,False,False,False,False,False
random_ruehl_mask,strong,39,270920299,6,RIGHT,RIGHT,0.17775001469999552,False,False,False,False,False,False,False
random_ruehl_mask,strong,39,270920299,7,LEFT,LEFT,0.15604100190103054,False,False,False,False,False,False,False
random_ruehl_mask,strong,39,270920299,8,RIGHT,RIGHT,0.136125017888844,False,False,False,False,False,False,False
random_ruehl_mask,strong,39,270920299,9,BOMB,BOMB,0.15037506818771362,False,False,False,True,False,False,False
random_ruehl_mask,strong,39,270920299,10,LEFT,LEFT,0.0849580392241478,False,False,False,False,False,False,False
random_ruehl_mask,strong,39,270920299,11,UP,UP,0.12850004713982344,False,True,False,False,False,False,False
random_ruehl_mask,strong,39,270920299,12,UP,UP,0.07895892485976219,False,False,False,False,False,False,False
random_ruehl_mask,strong,39,270920299,13,WAIT,WAIT,0.1301249722018838,False,False,False,False,False,False,False
random_ruehl_mask,strong,39,270920299,14,DOWN,DOWN,0.16950001008808613,False,False,False,False,False,False,False
random_ruehl_mask,strong,39,270920299,15,WAIT,WAIT,0.11479097884148359,False,False,False,False,False,False,False
random_ruehl_mask,strong,39,270920299,16,DOWN,DOWN,0.11554197408258915,False,False,False,False,False,False,False
random_ruehl_mask,strong,39,270920299,17,WAIT,WAIT,0.1747499918565154,False,False,False,False,False,False,False
random_ruehl_mask,strong,39,270920299,18,RIGHT,RIGHT,0.14224997721612453,False,False,False,False,False,False,False
random_ruehl_mask,strong,39,270920299,19,WAIT,WAIT,0.06250001024454832,False,False,False,False,False,False,False
random_ruehl_mask,strong,39,270920299,20,RIGHT,RIGHT,0.20233402028679848,False,False,False,False,False,False,False
random_ruehl_mask,strong,39,270920299,21,WAIT,WAIT,0.1205001026391983,False,True,False,False,False,False,True
random_ruehl_mask,strong,39,270920299,22,BOMB,BOMB,0.12137496378272772,False,False,False,True,False,False,True
random_ruehl_mask,strong,39,270920299,23,RIGHT,RIGHT,0.08570891804993153,False,False,False,False,False,False,True
random_ruehl_mask,strong,39,270920299,24,RIGHT,RIGHT,0.05729100666940212,False,False,False,False,False,False,True
random_ruehl_mask,strong,39,270920299,25,WAIT,WAIT,0.07795903366059065,False,False,False,False,False,False,True
random_ruehl_mask,strong,39,270920299,26,LEFT,LEFT,0.10670896153897047,False,False,False,False,False,False,True
random_ruehl_mask,strong,40,270920300,1,LEFT,LEFT,0.13054197188466787,False,True,False,False,False,False,False
random_ruehl_mask,strong,40,270920300,2,RIGHT,RIGHT,0.15016598626971245,False,False,False,False,False,False,False
random_ruehl_mask,strong,40,270920300,3,DOWN,DOWN,0.46624999959021807,False,False,False,False,False,False,False
random_ruehl_mask,strong,40,270920300,4,BOMB,BOMB,0.5232499679550529,False,False,False,True,False,False,False
random_ruehl_mask,strong,40,270920300,5,UP,UP,0.12433307711035013,False,False,False,False,False,False,False
random_ruehl_mask,strong,40,270920300,6,WAIT,WAIT,0.11079199612140656,False,False,False,False,False,False,False
random_ruehl_mask,strong,40,270920300,7,LEFT,LEFT,0.1318750437349081,False,False,False,False,False,False,False
random_ruehl_mask,strong,40,270920300,8,WAIT,WAIT,0.1368329394608736,False,False,False,False,False,False,False
random_ruehl_mask,strong,40,270920300,9,WAIT,WAIT,0.12108299415558577,False,False,False,False,False,False,False
random_ruehl_mask,strong,40,270920300,10,RIGHT,RIGHT,0.09854102972894907,False,False,False,False,False,False,False
random_ruehl_mask,strong,40,270920300,11,WAIT,WAIT,0.21104200277477503,False,True,False,False,False,False,False
random_ruehl_mask,strong,40,270920300,12,DOWN,DOWN,0.1265830360352993,False,False,False,False,False,False,False
random_ruehl_mask,strong,40,270920300,13,UP,UP,0.17024995759129524,False,False,False,False,False,False,False
random_ruehl_mask,strong,40,270920300,14,DOWN,DOWN,1.0750420624390244,False,False,False,False,False,False,False
random_ruehl_mask,strong,40,270920300,15,DOWN,DOWN,1.0628330055624247,False,False,False,False,False,False,False
random_ruehl_mask,strong,40,270920300,16,WAIT,WAIT,0.16516703180968761,False,False,False,False,False,False,False
random_ruehl_mask,strong,40,270920300,17,UP,UP,0.24954206310212612,False,False,False,False,False,False,False
random_ruehl_mask,strong,40,270920300,18,UP,UP,0.11549994815140963,False,False,False,False,False,False,False
random_ruehl_mask,strong,40,270920300,19,LEFT,LEFT,0.15324994456022978,False,False,False,False,False,False,False
random_ruehl_mask,strong,40,270920300,20,WAIT,WAIT,0.13862503692507744,False,False,False,False,False,False,False
random_ruehl_mask,strong,40,270920300,21,BOMB,BOMB,0.18637499306350946,False,True,False,True,False,False,False
random_ruehl_mask,strong,40,270920300,22,RIGHT,RIGHT,0.1181670231744647,False,False,False,False,False,False,False
random_ruehl_mask,strong,40,270920300,23,WAIT,WAIT,0.09487499482929707,False,False,False,False,False,False,False
random_ruehl_mask,strong,40,270920300,24,DOWN,DOWN,0.1099160872399807,False,False,False,False,False,False,False
random_ruehl_mask,strong,40,270920300,25,DOWN,DOWN,0.07279205601662397,False,False,False,False,False,False,False
random_ruehl_mask,strong,40,270920300,26,UP,UP,0.06616709288209677,False,False,False,False,False,False,False
random_ruehl_mask,strong,40,270920300,27,DOWN,DOWN,0.06070802919566631,False,False,False,False,False,False,False
random_ruehl_mask,strong,40,270920300,28,DOWN,DOWN,0.12729200534522533,False,False,False,False,False,False,False
random_ruehl_mask,strong,40,270920300,29,DOWN,DOWN,0.11212506797164679,False,False,False,False,False,False,True
random_ruehl_mask,strong,40,270920300,30,BOMB,BOMB,0.10245805606245995,False,False,False,True,False,False,True
random_ruehl_mask,strong,40,270920300,31,UP,UP,0.0743749551475048,False,True,False,False,False,False,True
random_ruehl_mask,strong,40,270920300,32,WAIT,WAIT,0.11612498201429844,False,False,False,False,False,False,True
random_ruehl_mask,strong,40,270920300,33,WAIT,WAIT,0.09766698349267244,False,False,False,False,False,False,True
random_ruehl_mask,strong,40,270920300,34,WAIT,WAIT,0.12458302080631256,False,False,False,False,False,False,True
random_ruehl_mask,strong,41,270920301,1,WAIT,WAIT,0.12333295308053493,False,True,False,False,False,False,False
random_ruehl_mask,strong,41,270920301,2,UP,UP,0.10904099326580763,False,False,False,False,False,False,False
random_ruehl_mask,strong,41,270920301,3,BOMB,BOMB,0.08491601329296827,False,False,False,True,False,False,False
random_ruehl_mask,strong,41,270920301,4,UP,UP,0.05820801015943289,False,False,False,False,False,False,False
random_ruehl_mask,strong,41,270920301,5,WAIT,WAIT,0.08987495675683022,False,False,False,False,False,False,False
random_ruehl_mask,strong,41,270920301,6,LEFT,LEFT,0.10070810094475746,False,False,False,False,False,False,False
random_ruehl_mask,strong,41,270920301,7,WAIT,WAIT,0.08116697426885366,False,False,False,False,False,False,False
random_ruehl_mask,strong,41,270920301,8,WAIT,WAIT,0.07045792881399393,False,False,False,False,False,False,False
random_ruehl_mask,strong,41,270920301,9,RIGHT,RIGHT,0.04429207183420658,False,False,False,False,False,False,False
random_ruehl_mask,strong,41,270920301,10,UP,UP,0.09883299935609102,False,False,False,False,False,False,True
random_ruehl_mask,strong,41,270920301,11,BOMB,BOMB,0.11445803102105856,False,True,False,True,False,False,True
random_ruehl_mask,strong,41,270920301,12,UP,UP,0.0856249826028943,False,False,False,False,False,False,True
random_ruehl_mask,strong,41,270920301,13,UP,UP,0.09050010703504086,False,False,False,False,False,False,True
random_ruehl_mask,strong,41,270920301,14,DOWN,DOWN,0.09179196786135435,False,False,False,False,False,False,True
random_ruehl_mask,strong,41,270920301,15,WAIT,WAIT,0.06691704038530588,False,False,False,False,False,False,True
random_ruehl_mask,strong,42,270920302,1,WAIT,WAIT,0.1051250146701932,False,True,False,False,False,False,False
random_ruehl_mask,strong,42,270920302,2,WAIT,WAIT,0.10995904449373484,False,False,False,False,False,False,False
random_ruehl_mask,strong,42,270920302,3,WAIT,WAIT,0.08954107761383057,False,False,False,False,False,False,False
random_ruehl_mask,strong,42,270920302,4,DOWN,DOWN,0.13216701336205006,False,False,False,False,False,False,False
random_ruehl_mask,strong,42,270920302,5,BOMB,BOMB,0.16941700596362352,False,False,False,True,False,False,False
random_ruehl_mask,strong,42,270920302,6,UP,UP,0.06562506314367056,False,False,False,False,False,False,False
random_ruehl_mask,strong,42,270920302,7,LEFT,LEFT,0.08495908696204424,False,False,False,False,False,False,False
random_ruehl_mask,strong,42,270920302,8,WAIT,WAIT,0.06500002928078175,False,False,False,False,False,False,False
random_ruehl_mask,strong,42,270920302,9,WAIT,WAIT,0.05745794624090195,False,False,False,False,False,False,False
random_ruehl_mask,strong,42,270920302,10,WAIT,WAIT,0.05845900159329176,False,False,False,False,False,False,False
random_ruehl_mask,strong,42,270920302,11,WAIT,WAIT,0.04954100586473942,False,True,False,False,False,False,False
random_ruehl_mask,strong,42,270920302,12,RIGHT,RIGHT,0.11654198169708252,False,False,False,False,False,False,False
random_ruehl_mask,strong,42,270920302,13,DOWN,DOWN,0.12429198250174522,False,False,False,False,False,False,False
random_ruehl_mask,strong,42,270920302,14,WAIT,WAIT,0.08412497118115425,False,False,False,False,False,False,False
random_ruehl_mask,strong,42,270920302,15,DOWN,DOWN,0.09079207666218281,False,False,False,False,False,False,False
random_ruehl_mask,strong,42,270920302,16,DOWN,DOWN,0.09174994193017483,False,False,False,False,False,False,False
random_ruehl_mask,strong,42,270920302,17,WAIT,WAIT,0.08245802018791437,False,False,False,False,False,False,False
random_ruehl_mask,strong,42,270920302,18,DOWN,DOWN,0.10874995496124029,False,False,False,False,False,False,False
random_ruehl_mask,strong,42,270920302,19,WAIT,WAIT,0.09883299935609102,False,False,False,False,False,False,False
random_ruehl_mask,strong,42,270920302,20,WAIT,WAIT,0.11270795948803425,False,False,False,False,False,False,False
random_ruehl_mask,strong,42,270920302,21,BOMB,BOMB,0.10974996257573366,False,True,False,True,False,False,False
random_ruehl_mask,strong,42,270920302,22,UP,UP,0.09904196485877037,False,False,False,False,False,False,False
random_ruehl_mask,strong,42,270920302,23,UP,UP,0.0687920255586505,False,False,False,False,False,False,False
random_ruehl_mask,strong,42,270920302,24,UP,UP,0.05225010681897402,False,False,False,False,False,False,False
random_ruehl_mask,strong,42,270920302,25,UP,UP,0.047666020691394806,False,False,False,False,False,False,False
random_ruehl_mask,strong,42,270920302,26,WAIT,WAIT,0.04850002005696297,False,False,False,False,False,False,False
random_ruehl_mask,strong,42,270920302,27,LEFT,LEFT,0.051459064707159996,False,False,False,False,False,False,False
random_ruehl_mask,strong,42,270920302,28,RIGHT,RIGHT,0.08549995254725218,False,False,False,False,False,False,True
random_ruehl_mask,strong,42,270920302,29,BOMB,BOMB,0.1371670514345169,False,False,False,True,False,False,True
random_ruehl_mask,strong,42,270920302,30,DOWN,DOWN,0.08229096420109272,False,False,False,False,False,False,True
random_ruehl_mask,strong,42,270920302,31,WAIT,WAIT,0.09254191536456347,False,True,True,False,False,False,True
random_ruehl_mask,strong,42,270920302,32,DOWN,DOWN,0.08070794865489006,False,False,False,False,False,False,True
random_ruehl_mask,strong,42,270920302,33,DOWN,DOWN,0.05250005051493645,False,False,False,False,False,False,True
random_ruehl_mask,strong,43,270920303,1,RIGHT,RIGHT,0.10887498501688242,False,True,False,False,False,False,False
random_ruehl_mask,strong,43,270920303,2,WAIT,WAIT,0.07562502287328243,False,False,False,False,False,False,False
random_ruehl_mask,strong,43,270920303,3,WAIT,WAIT,0.09437499102205038,False,False,False,False,False,False,False
random_ruehl_mask,strong,43,270920303,4,RIGHT,RIGHT,0.08216698188334703,False,False,False,False,False,False,False
random_ruehl_mask,strong,43,270920303,5,BOMB,BOMB,0.11120806448161602,False,False,False,True,False,False,False
random_ruehl_mask,strong,43,270920303,6,LEFT,LEFT,0.07508299313485622,False,False,False,False,False,False,False
random_ruehl_mask,strong,43,270920303,7,LEFT,LEFT,0.07454107981175184,False,False,False,False,False,False,False
random_ruehl_mask,strong,43,270920303,8,DOWN,DOWN,0.05654105916619301,False,False,False,False,False,False,False
random_ruehl_mask,strong,43,270920303,9,WAIT,WAIT,0.04716601688414812,False,False,False,False,False,False,False
random_ruehl_mask,strong,43,270920303,10,WAIT,WAIT,0.06683391984552145,False,False,False,False,False,False,False
random_ruehl_mask,strong,43,270920303,11,DOWN,DOWN,0.051709008403122425,False,True,False,False,False,False,False
random_ruehl_mask,strong,43,270920303,12,BOMB,BOMB,0.09291700553148985,False,False,False,True,False,False,False
random_ruehl_mask,strong,43,270920303,13,UP,UP,0.06250001024454832,False,False,False,False,False,False,False
random_ruehl_mask,strong,43,270920303,14,UP,UP,0.08045800495892763,False,False,False,False,False,False,False
random_ruehl_mask,strong,43,270920303,15,RIGHT,RIGHT,0.07383304182440042,False,False,False,False,False,False,False
random_ruehl_mask,strong,43,270920303,16,WAIT,WAIT,0.04837499000132084,False,False,False,False,False,False,False
random_ruehl_mask,strong,43,270920303,17,WAIT,WAIT,0.04583294503390789,False,False,False,False,False,False,False
random_ruehl_mask,strong,43,270920303,18,RIGHT,RIGHT,0.06366695743054152,False,False,False,False,False,False,False
random_ruehl_mask,strong,43,270920303,19,WAIT,WAIT,0.07654109504073858,False,False,False,False,False,False,False
random_ruehl_mask,strong,43,270920303,20,RIGHT,RIGHT,0.07041695062071085,False,False,False,False,False,False,False
random_ruehl_mask,strong,43,270920303,21,LEFT,LEFT,0.10445795487612486,False,True,False,False,False,False,False
random_ruehl_mask,strong,43,270920303,22,DOWN,DOWN,0.07862504571676254,False,False,False,False,False,False,False
random_ruehl_mask,strong,43,270920303,23,DOWN,DOWN,0.10054209269583225,False,False,False,False,False,False,False
random_ruehl_mask,strong,43,270920303,24,WAIT,WAIT,0.0914999982342124,False,False,False,False,False,False,False
random_ruehl_mask,strong,43,270920303,25,WAIT,WAIT,0.08754199370741844,False,False,False,False,False,False,False
random_ruehl_mask,strong,43,270920303,26,BOMB,BOMB,0.08654198609292507,False,False,False,True,False,False,False
random_ruehl_mask,strong,43,270920303,27,LEFT,LEFT,0.04912505391985178,False,False,False,False,False,False,False
random_ruehl_mask,strong,43,270920303,28,LEFT,LEFT,0.041749910451471806,False,False,False,False,False,False,False
random_ruehl_mask,strong,43,270920303,29,UP,UP,0.06062502507120371,False,False,False,False,False,False,False
random_ruehl_mask,strong,43,270920303,30,WAIT,WAIT,0.0967920059338212,False,False,False,False,False,False,False
random_ruehl_mask,strong,43,270920303,31,UP,UP,0.09312503971159458,False,True,False,False,False,False,False
random_ruehl_mask,strong,43,270920303,32,WAIT,WAIT,0.05633407272398472,False,False,False,False,False,False,False
random_ruehl_mask,strong,43,270920303,33,RIGHT,RIGHT,0.05679193418473005,False,False,False,False,False,False,False
random_ruehl_mask,strong,43,270920303,34,WAIT,WAIT,0.04658394027501345,False,False,False,False,False,False,False
random_ruehl_mask,strong,43,270920303,35,LEFT,LEFT,0.09554100688546896,False,False,False,False,False,False,False
random_ruehl_mask,strong,43,270920303,36,WAIT,WAIT,0.06862508598715067,False,False,False,False,False,False,False
random_ruehl_mask,strong,43,270920303,37,RIGHT,RIGHT,0.056333024986088276,False,False,False,False,False,False,False
random_ruehl_mask,strong,43,270920303,38,LEFT,LEFT,0.0726659782230854,False,False,False,False,False,False,False
random_ruehl_mask,strong,43,270920303,39,WAIT,WAIT,0.091583002358675,False,False,False,False,False,False,False
random_ruehl_mask,strong,43,270920303,40,DOWN,DOWN,0.10891701094806194,False,False,False,False,False,False,False
random_ruehl_mask,strong,43,270920303,41,UP,UP,0.09033398237079382,False,True,False,False,False,False,False
random_ruehl_mask,strong,43,270920303,42,WAIT,WAIT,0.0724999699741602,False,False,False,False,False,False,False
random_ruehl_mask,strong,43,270920303,43,DOWN,DOWN,0.05991698708385229,False,False,False,False,False,False,False
random_ruehl_mask,strong,43,270920303,44,DOWN,DOWN,0.05583302117884159,False,False,False,False,False,False,False
random_ruehl_mask,strong,43,270920303,45,UP,UP,0.07483398076146841,False,False,False,False,False,False,False
random_ruehl_mask,strong,43,270920303,46,WAIT,WAIT,0.06337498780339956,False,False,False,False,False,False,False
random_ruehl_mask,strong,43,270920303,47,DOWN,DOWN,0.06791600026190281,False,False,False,False,False,False,False
random_ruehl_mask,strong,43,270920303,48,DOWN,DOWN,0.07816706784069538,False,False,False,False,False,False,False
random_ruehl_mask,strong,43,270920303,49,DOWN,DOWN,0.06129196844995022,False,False,False,False,False,False,False
random_ruehl_mask,strong,43,270920303,50,BOMB,BOMB,0.12808397877961397,False,False,False,True,False,False,False
random_ruehl_mask,strong,43,270920303,51,DOWN,DOWN,0.05124998278915882,False,True,False,False,False,False,False
random_ruehl_mask,strong,43,270920303,52,WAIT,WAIT,0.05462497938424349,False,False,False,False,False,False,False
random_ruehl_mask,strong,43,270920303,53,DOWN,DOWN,0.07695797830820084,False,False,False,False,False,False,False
random_ruehl_mask,strong,43,270920303,54,RIGHT,RIGHT,0.07208297029137611,False,False,False,False,False,False,False
random_ruehl_mask,strong,43,270920303,55,WAIT,WAIT,0.06204098463058472,False,False,False,False,False,False,False
random_ruehl_mask,strong,43,270920303,56,RIGHT,RIGHT,0.11570798233151436,False,False,False,False,False,False,False
random_ruehl_mask,strong,43,270920303,57,LEFT,LEFT,0.11725001968443394,False,False,False,False,False,False,False
random_ruehl_mask,strong,43,270920303,58,LEFT,LEFT,0.09554193820804358,False,False,False,False,False,False,False
random_ruehl_mask,strong,43,270920303,59,RIGHT,RIGHT,0.12270803563296795,False,False,False,False,False,False,False
random_ruehl_mask,strong,43,270920303,60,WAIT,WAIT,0.08337490726262331,False,False,False,False,False,False,False
random_ruehl_mask,strong,43,270920303,61,WAIT,WAIT,0.11879100929945707,False,True,False,False,False,False,False
random_ruehl_mask,strong,43,270920303,62,RIGHT,RIGHT,0.08525000885128975,False,False,False,False,False,False,False
random_ruehl_mask,strong,43,270920303,63,UP,UP,0.10437495075166225,False,False,False,False,False,False,False
random_ruehl_mask,strong,43,270920303,64,BOMB,BOMB,0.07824995554983616,False,False,False,True,False,False,False
random_ruehl_mask,strong,43,270920303,65,DOWN,DOWN,0.10129204019904137,False,False,False,False,False,False,False
random_ruehl_mask,strong,43,270920303,66,WAIT,WAIT,0.07812504190951586,False,False,False,False,False,False,False
random_ruehl_mask,strong,43,270920303,67,LEFT,LEFT,0.10783295147120953,False,False,False,False,False,False,False
random_ruehl_mask,strong,43,270920303,68,LEFT,LEFT,0.0628751004114747,False,False,False,False,False,False,False
random_ruehl_mask,strong,43,270920303,69,RIGHT,RIGHT,0.04733307287096977,False,False,False,False,False,False,False
random_ruehl_mask,strong,43,270920303,70,WAIT,WAIT,0.040917075239121914,False,False,False,False,False,False,False
random_ruehl_mask,strong,43,270920303,71,LEFT,LEFT,0.0891669187694788,False,True,False,False,False,False,False
random_ruehl_mask,strong,43,270920303,72,RIGHT,RIGHT,0.13183301780372858,False,False,False,False,False,False,False
random_ruehl_mask,strong,43,270920303,73,LEFT,LEFT,0.09750004392117262,False,False,False,False,False,False,False
random_ruehl_mask,strong,43,270920303,74,RIGHT,RIGHT,0.1128750154748559,False,False,False,False,False,False,False
random_ruehl_mask,strong,43,270920303,75,BOMB,BOMB,0.07558299694210291,False,False,False,True,False,False,False
random_ruehl_mask,strong,43,270920303,76,RIGHT,RIGHT,0.05145894829183817,False,False,False,False,False,False,False
random_ruehl_mask,strong,43,270920303,77,WAIT,WAIT,0.05937495734542608,False,False,False,False,False,False,False
random_ruehl_mask,strong,43,270920303,78,UP,UP,0.07091590669006109,False,False,False,False,False,False,False
random_ruehl_mask,strong,43,270920303,79,WAIT,WAIT,0.06308301817625761,False,False,False,False,False,False,False
random_ruehl_mask,strong,43,270920303,80,UP,UP,0.048874993808567524,False,False,False,False,False,False,False
random_ruehl_mask,strong,43,270920303,81,LEFT,LEFT,0.03987504169344902,False,True,False,False,False,False,False
random_ruehl_mask,strong,43,270920303,82,LEFT,LEFT,0.07154198829084635,False,False,False,False,False,False,False
random_ruehl_mask,strong,43,270920303,83,WAIT,WAIT,0.04954088944941759,False,False,False,False,False,False,False
random_ruehl_mask,strong,43,270920303,84,WAIT,WAIT,0.0588330440223217,False,False,False,False,False,False,False
random_ruehl_mask,strong,43,270920303,85,WAIT,WAIT,0.05970802158117294,False,False,False,False,False,False,False
random_ruehl_mask,strong,43,270920303,86,UP,UP,0.07274991367012262,False,False,False,False,False,False,False
random_ruehl_mask,strong,43,270920303,87,WAIT,WAIT,0.08450006134808064,False,False,False,False,False,False,False
random_ruehl_mask,strong,43,270920303,88,WAIT,WAIT,0.07479090709239244,False,False,False,False,False,False,False
random_ruehl_mask,strong,43,270920303,89,WAIT,WAIT,0.049083027988672256,False,False,False,False,False,False,False
random_ruehl_mask,strong,43,270920303,90,DOWN,DOWN,0.061416998505592346,False,False,False,False,False,False,False
random_ruehl_mask,strong,43,270920303,91,DOWN,DOWN,0.05191704258322716,False,True,False,False,False,False,False
random_ruehl_mask,strong,43,270920303,92,DOWN,DOWN,0.0525409122928977,False,False,False,False,False,False,False
random_ruehl_mask,strong,43,270920303,93,UP,UP,0.07095898035913706,False,False,False,False,False,False,False
random_ruehl_mask,strong,43,270920303,94,UP,UP,0.055042095482349396,False,False,False,False,False,False,False
random_ruehl_mask,strong,43,270920303,95,RIGHT,RIGHT,0.06079103332012892,False,False,False,False,False,False,False
random_ruehl_mask,strong,43,270920303,96,LEFT,LEFT,0.07916602771729231,False,False,False,False,False,False,False
random_ruehl_mask,strong,43,270920303,97,DOWN,DOWN,0.08570798672735691,False,False,False,False,False,False,False
random_ruehl_mask,strong,43,270920303,98,WAIT,WAIT,0.08775002788752317,False,False,False,False,False,False,False
random_ruehl_mask,strong,43,270920303,99,DOWN,DOWN,0.06683298852294683,False,False,False,False,False,False,False
random_ruehl_mask,strong,43,270920303,100,RIGHT,RIGHT,0.08216698188334703,False,False,False,False,False,False,False
random_ruehl_mask,strong,43,270920303,101,LEFT,LEFT,0.0752920750528574,False,True,False,False,False,False,False
random_ruehl_mask,strong,43,270920303,102,UP,UP,0.06895896513015032,False,False,False,False,False,False,False
random_ruehl_mask,strong,43,270920303,103,DOWN,DOWN,0.05662499461323023,False,False,False,False,False,False,False
random_ruehl_mask,strong,43,270920303,104,DOWN,DOWN,0.07645797450095415,False,False,False,False,False,False,False
random_ruehl_mask,strong,43,270920303,105,WAIT,WAIT,0.052875024266541004,False,False,False,False,False,False,False
random_ruehl_mask,strong,43,270920303,106,DOWN,DOWN,0.04816602449864149,False,False,False,False,False,False,False
random_ruehl_mask,strong,43,270920303,107,BOMB,BOMB,0.15841599088162184,False,False,False,True,False,False,False
random_ruehl_mask,strong,43,270920303,108,UP,UP,0.07591699250042439,False,False,False,False,False,False,False
random_ruehl_mask,strong,43,270920303,109,WAIT,WAIT,0.04541699308902025,False,False,False,False,False,False,False
random_ruehl_mask,strong,43,270920303,110,UP,UP,0.06741704419255257,False,False,False,False,False,False,False
random_ruehl_mask,strong,43,270920303,111,RIGHT,RIGHT,0.05108409095555544,False,True,False,False,False,False,False
random_ruehl_mask,strong,43,270920303,112,RIGHT,RIGHT,0.04979199729859829,False,False,False,False,False,False,False
random_ruehl_mask,strong,43,270920303,113,UP,UP,0.06479094736278057,False,False,False,False,False,False,False
random_ruehl_mask,strong,43,270920303,114,BOMB,BOMB,0.079666031524539,False,False,False,True,True,False,False
random_ruehl_mask,strong,43,270920303,115,DOWN,DOWN,0.055416952818632126,False,False,False,False,False,False,False
random_ruehl_mask,strong,43,270920303,116,DOWN,DOWN,0.05804200191050768,False,False,False,False,False,False,False
random_ruehl_mask,strong,43,270920303,117,UP,UP,0.08000002708286047,False,False,False,False,False,False,False
random_ruehl_mask,strong,43,270920303,118,RIGHT,RIGHT,0.06874999962747097,False,False,False,False,False,False,False
random_ruehl_mask,strong,43,270920303,119,RIGHT,RIGHT,0.07095909677445889,False,False,False,False,False,False,False
random_ruehl_mask,strong,43,270920303,120,LEFT,LEFT,0.07537507917732,False,False,False,False,False,False,False
random_ruehl_mask,strong,43,270920303,121,LEFT,LEFT,0.1189579488709569,False,True,False,False,False,False,True
random_ruehl_mask,strong,43,270920303,122,BOMB,BOMB,0.1420000335201621,False,False,False,True,False,False,True
random_ruehl_mask,strong,43,270920303,123,DOWN,DOWN,0.07512501906603575,False,False,False,False,False,False,True
random_ruehl_mask,strong,43,270920303,124,WAIT,WAIT,0.08354103192687035,False,False,False,False,False,False,True
random_ruehl_mask,strong,43,270920303,125,WAIT,WAIT,0.08341704960912466,False,False,False,False,False,False,True
random_ruehl_mask,strong,43,270920303,126,DOWN,DOWN,0.05395803600549698,False,False,False,False,False,False,True
random_ruehl_mask,strong,44,270920304,1,LEFT,LEFT,0.0980000477284193,False,True,False,False,False,False,False
random_ruehl_mask,strong,44,270920304,2,WAIT,WAIT,0.07800001185387373,False,False,False,False,False,False,False
random_ruehl_mask,strong,44,270920304,3,RIGHT,RIGHT,0.08987495675683022,False,False,False,False,False,False,False
random_ruehl_mask,strong,44,270920304,4,LEFT,LEFT,0.10204198770225048,False,False,False,False,False,False,False
random_ruehl_mask,strong,44,270920304,5,BOMB,BOMB,0.11824991088360548,False,False,False,True,False,False,False
random_ruehl_mask,strong,44,270920304,6,RIGHT,RIGHT,0.10245793964713812,False,False,False,False,False,False,False
random_ruehl_mask,strong,44,270920304,7,UP,UP,0.06720901001244783,False,False,False,False,False,False,False
random_ruehl_mask,strong,44,270920304,8,UP,UP,0.050749978981912136,False,False,False,False,False,False,False
random_ruehl_mask,strong,44,270920304,9,DOWN,DOWN,0.043665990233421326,False,False,False,False,False,False,False
random_ruehl_mask,strong,44,270920304,10,WAIT,WAIT,0.06999995093792677,False,False,False,False,False,False,False
random_ruehl_mask,strong,44,270920304,11,UP,UP,0.05916703958064318,False,True,False,False,False,False,False
random_ruehl_mask,strong,44,270920304,12,DOWN,DOWN,0.08966703899204731,False,False,False,False,False,False,False
random_ruehl_mask,strong,44,270920304,13,DOWN,DOWN,0.11054205242544413,False,False,False,False,False,False,False
random_ruehl_mask,strong,44,270920304,14,UP,UP,0.10804098565131426,False,False,False,False,False,False,False
random_ruehl_mask,strong,44,270920304,15,DOWN,DOWN,0.10900001507252455,False,False,False,False,False,False,False
random_ruehl_mask,strong,44,270920304,16,UP,UP,0.09541702456772327,False,False,False,False,False,False,False
random_ruehl_mask,strong,44,270920304,17,UP,UP,0.06787502206861973,False,False,False,False,False,False,False
random_ruehl_mask,strong,44,270920304,18,WAIT,WAIT,0.07033301517367363,False,False,False,False,False,False,False
random_ruehl_mask,strong,44,270920304,19,BOMB,BOMB,0.090167042799294,False,False,False,True,False,False,False
random_ruehl_mask,strong,44,270920304,20,DOWN,DOWN,0.06075005512684584,False,False,False,False,False,False,False
random_ruehl_mask,strong,44,270920304,21,WAIT,WAIT,0.08608296047896147,False,True,False,False,False,False,False
random_ruehl_mask,strong,44,270920304,22,DOWN,DOWN,0.07833307608962059,False,False,False,False,False,False,False
random_ruehl_mask,strong,44,270920304,23,LEFT,LEFT,0.05949998740106821,False,False,False,False,False,False,False
random_ruehl_mask,strong,44,270920304,24,LEFT,LEFT,0.062249950133264065,False,False,False,False,False,False,False
random_ruehl_mask,strong,44,270920304,25,LEFT,LEFT,0.04850002005696297,False,False,False,False,False,False,True
random_ruehl_mask,strong,44,270920304,26,BOMB,BOMB,0.10833400301635265,False,False,False,True,False,False,True
random_ruehl_mask,strong,44,270920304,27,LEFT,LEFT,0.04133302718400955,False,False,False,False,False,False,True
random_ruehl_mask,strong,44,270920304,28,LEFT,LEFT,0.05591590888798237,False,False,False,False,False,False,True
random_ruehl_mask,strong,44,270920304,29,WAIT,WAIT,0.08270901162177324,False,False,False,False,False,False,True
random_ruehl_mask,strong,44,270920304,30,WAIT,WAIT,0.06975000724196434,False,False,False,False,False,False,True
random_ruehl_mask,strong,45,270920305,1,RIGHT,RIGHT,0.10325002949684858,False,True,False,False,False,False,False
random_ruehl_mask,strong,45,270920305,2,WAIT,WAIT,0.12008403427898884,False,False,False,False,False,False,False
random_ruehl_mask,strong,45,270920305,3,BOMB,BOMB,0.08495897054672241,False,False,False,True,False,False,False
random_ruehl_mask,strong,45,270920305,4,LEFT,LEFT,0.05216605495661497,False,False,False,False,False,False,False
random_ruehl_mask,strong,45,270920305,5,WAIT,WAIT,0.0678329961374402,False,False,False,False,False,False,False
random_ruehl_mask,strong,45,270920305,6,DOWN,DOWN,0.06474996916949749,False,False,False,False,False,False,False
random_ruehl_mask,strong,45,270920305,7,WAIT,WAIT,0.08324999362230301,False,False,False,False,False,False,False
random_ruehl_mask,strong,45,270920305,8,WAIT,WAIT,0.0475000124424696,False,False,False,False,False,False,False
random_ruehl_mask,strong,45,270920305,9,WAIT,WAIT,0.03791600465774536,False,False,False,False,False,False,False
random_ruehl_mask,strong,45,270920305,10,BOMB,BOMB,0.07237493991851807,False,False,False,True,False,False,False
random_ruehl_mask,strong,45,270920305,11,UP,UP,0.05533394869416952,False,True,False,False,False,False,False
random_ruehl_mask,strong,45,270920305,12,RIGHT,RIGHT,0.055832904763519764,False,False,False,False,False,False,False
random_ruehl_mask,strong,45,270920305,13,WAIT,WAIT,0.06666698027402163,False,False,False,False,False,False,False
random_ruehl_mask,strong,45,270920305,14,RIGHT,RIGHT,0.0631249276921153,False,False,False,False,False,False,False
random_ruehl_mask,strong,45,270920305,15,LEFT,LEFT,0.07391697727143764,False,False,False,False,False,False,False
random_ruehl_mask,strong,45,270920305,16,LEFT,LEFT,0.040499959141016006,False,False,False,False,False,False,False
random_ruehl_mask,strong,45,270920305,17,WAIT,WAIT,0.05162495654076338,False,False,False,False,False,False,False
random_ruehl_mask,strong,45,270920305,18,RIGHT,RIGHT,0.05091691855341196,False,False,False,False,False,False,False
random_ruehl_mask,strong,45,270920305,19,WAIT,WAIT,0.050292001105844975,False,False,False,False,False,False,False
random_ruehl_mask,strong,45,270920305,20,RIGHT,RIGHT,0.06195798050612211,False,False,False,False,False,False,False
random_ruehl_mask,strong,45,270920305,21,LEFT,LEFT,0.1365420175716281,False,True,False,False,False,False,False
random_ruehl_mask,strong,45,270920305,22,WAIT,WAIT,0.08608296047896147,False,False,False,False,False,False,False
random_ruehl_mask,strong,45,270920305,23,LEFT,LEFT,0.07433292921632528,False,False,False,False,False,False,False
random_ruehl_mask,strong,45,270920305,24,WAIT,WAIT,0.05745899397879839,False,False,False,False,False,False,False
random_ruehl_mask,strong,45,270920305,25,WAIT,WAIT,0.05100003909319639,False,False,False,False,False,False,False
random_ruehl_mask,strong,45,270920305,26,RIGHT,RIGHT,0.050749978981912136,False,False,False,False,False,False,False
random_ruehl_mask,strong,45,270920305,27,WAIT,WAIT,0.04900002386420965,False,False,False,False,False,False,False
random_ruehl_mask,strong,45,270920305,28,WAIT,WAIT,0.06870902143418789,False,False,False,False,False,False,False
random_ruehl_mask,strong,45,270920305,29,WAIT,WAIT,0.05470798350870609,False,False,False,False,False,False,False
random_ruehl_mask,strong,45,270920305,30,WAIT,WAIT,0.08670904207974672,False,False,False,False,False,False,False
random_ruehl_mask,strong,45,270920305,31,RIGHT,RIGHT,0.07462501525878906,False,True,False,False,False,False,False
random_ruehl_mask,strong,45,270920305,32,WAIT,WAIT,0.1116250641644001,False,False,False,False,False,False,True
random_ruehl_mask,strong,45,270920305,33,BOMB,BOMB,0.12108299415558577,False,False,False,True,False,False,True
random_ruehl_mask,strong,45,270920305,34,RIGHT,RIGHT,0.04470802377909422,False,False,False,False,False,False,True
random_ruehl_mask,strong,45,270920305,35,WAIT,WAIT,0.03683299291878939,False,False,False,False,False,False,True
random_ruehl_mask,strong,45,270920305,36,WAIT,WAIT,0.0588749535381794,False,False,False,False,False,False,True
random_ruehl_mask,strong,45,270920305,37,WAIT,WAIT,0.05204102490097284,False,False,False,False,False,False,True
random_ruehl_mask,strong,46,270920306,1,RIGHT,RIGHT,0.11020805686712265,False,True,False,False,False,False,False
random_ruehl_mask,strong,46,270920306,2,WAIT,WAIT,0.06554101128131151,False,False,False,False,False,False,False
random_ruehl_mask,strong,46,270920306,3,RIGHT,RIGHT,0.05091703496873379,False,False,False,False,False,False,False
random_ruehl_mask,strong,46,270920306,4,WAIT,WAIT,0.13920897617936134,False,False,False,False,False,False,True
random_ruehl_mask,strong,46,270920306,5,BOMB,BOMB,0.12233399320393801,False,False,False,True,False,False,True
random_ruehl_mask,strong,46,270920306,6,RIGHT,RIGHT,0.08354103192687035,False,False,False,False,False,False,True
random_ruehl_mask,strong,46,270920306,7,WAIT,WAIT,0.057249912060797215,False,False,False,False,False,False,True
random_ruehl_mask,strong,46,270920306,8,RIGHT,RIGHT,0.05058303941041231,False,False,False,False,False,False,True
random_ruehl_mask,strong,46,270920306,9,LEFT,LEFT,0.04675006493926048,False,False,False,False,False,False,True
random_ruehl_mask,strong,47,270920307,1,WAIT,WAIT,0.09550002869218588,False,True,False,False,False,False,False
random_ruehl_mask,strong,47,270920307,2,LEFT,LEFT,0.0878750579431653,False,False,False,False,False,False,False
random_ruehl_mask,strong,47,270920307,3,WAIT,WAIT,0.07208297029137611,False,False,False,False,False,False,False
random_ruehl_mask,strong,47,270920307,4,RIGHT,RIGHT,0.06858294364064932,False,False,False,False,False,False,False
random_ruehl_mask,strong,47,270920307,5,UP,UP,0.12674997560679913,False,False,False,False,False,False,False
random_ruehl_mask,strong,47,270920307,6,DOWN,DOWN,0.11362507939338684,False,False,False,False,False,False,False
random_ruehl_mask,strong,47,270920307,7,LEFT,LEFT,0.09512505494058132,False,False,False,False,False,False,False
random_ruehl_mask,strong,47,270920307,8,BOMB,BOMB,0.11104193981736898,False,False,False,True,False,False,False
random_ruehl_mask,strong,47,270920307,9,RIGHT,RIGHT,0.04654098302125931,False,False,False,False,False,False,False
random_ruehl_mask,strong,47,270920307,10,WAIT,WAIT,0.05479191895574331,False,False,False,False,False,False,False
random_ruehl_mask,strong,47,270920307,11,UP,UP,0.06450002547353506,False,True,False,False,False,False,False
random_ruehl_mask,strong,47,270920307,12,WAIT,WAIT,0.07475004531443119,False,False,False,False,False,False,False
random_ruehl_mask,strong,47,270920307,13,WAIT,WAIT,0.10620802640914917,False,False,False,False,False,False,False
random_ruehl_mask,strong,47,270920307,14,DOWN,DOWN,0.1671659993007779,False,False,False,False,False,False,False
random_ruehl_mask,strong,47,270920307,15,WAIT,WAIT,0.12454099487513304,False,False,False,False,False,False,False
random_ruehl_mask,strong,47,270920307,16,LEFT,LEFT,0.10737497359514236,False,False,False,False,False,False,False
random_ruehl_mask,strong,47,270920307,17,RIGHT,RIGHT,0.06441702134907246,False,False,False,False,False,False,False
random_ruehl_mask,strong,47,270920307,18,WAIT,WAIT,0.10808301158249378,False,False,False,False,False,False,False
random_ruehl_mask,strong,47,270920307,19,WAIT,WAIT,0.11954200454056263,False,False,False,False,False,False,False
random_ruehl_mask,strong,47,270920307,20,LEFT,LEFT,0.12470805086195469,False,False,False,False,False,False,False
random_ruehl_mask,strong,47,270920307,21,RIGHT,RIGHT,0.10070798452943563,False,True,False,False,False,False,False
random_ruehl_mask,strong,47,270920307,22,WAIT,WAIT,0.1574589405208826,False,False,False,False,False,False,False
random_ruehl_mask,strong,47,270920307,23,WAIT,WAIT,0.1337080029770732,False,False,False,False,False,False,False
random_ruehl_mask,strong,47,270920307,24,BOMB,BOMB,0.13066607061773539,False,False,False,True,False,False,False
random_ruehl_mask,strong,47,270920307,25,LEFT,LEFT,0.04775007255375385,False,False,False,False,False,False,False
random_ruehl_mask,strong,47,270920307,26,LEFT,LEFT,0.07183302659541368,False,False,False,False,False,False,False
random_ruehl_mask,strong,47,270920307,27,LEFT,LEFT,0.07208401802927256,False,False,False,False,False,False,False
random_ruehl_mask,strong,47,270920307,28,LEFT,LEFT,0.13670790940523148,False,False,False,False,False,False,False
random_ruehl_mask,strong,47,270920307,29,UP,UP,0.09691703598946333,False,False,False,False,False,False,False
random_ruehl_mask,strong,47,270920307,30,DOWN,DOWN,0.06499991286545992,False,False,False,False,False,False,False
random_ruehl_mask,strong,47,270920307,31,RIGHT,RIGHT,0.13637507800012827,False,True,False,False,False,False,False
random_ruehl_mask,strong,47,270920307,32,WAIT,WAIT,0.1350409584119916,False,False,False,False,False,False,False
random_ruehl_mask,strong,47,270920307,33,LEFT,LEFT,0.1319580478593707,False,False,False,False,False,False,False
random_ruehl_mask,strong,47,270920307,34,UP,UP,0.25995797477662563,False,False,False,False,False,False,False
random_ruehl_mask,strong,47,270920307,35,BOMB,BOMB,0.10104209650307894,False,False,False,True,False,False,False
random_ruehl_mask,strong,47,270920307,36,DOWN,DOWN,0.11558295227587223,False,False,False,False,False,False,False
random_ruehl_mask,strong,47,270920307,37,RIGHT,RIGHT,0.0940409954637289,False,False,False,False,False,False,False
random_ruehl_mask,strong,47,270920307,38,WAIT,WAIT,0.07991609163582325,False,False,False,False,False,False,False
random_ruehl_mask,strong,47,270920307,39,RIGHT,RIGHT,0.09129196405410767,False,False,False,False,False,False,False
random_ruehl_mask,strong,47,270920307,40,RIGHT,RIGHT,0.08429191075265408,False,False,False,False,False,False,False
random_ruehl_mask,strong,47,270920307,41,WAIT,WAIT,0.06758305244147778,False,True,False,False,False,False,False
random_ruehl_mask,strong,47,270920307,42,LEFT,LEFT,0.08949998300522566,False,False,False,False,False,False,False
random_ruehl_mask,strong,47,270920307,43,RIGHT,RIGHT,0.12099999003112316,False,False,False,False,False,False,False
random_ruehl_mask,strong,47,270920307,44,WAIT,WAIT,0.06358290556818247,False,False,False,False,False,False,False
random_ruehl_mask,strong,47,270920307,45,WAIT,WAIT,0.05541602149605751,False,False,False,False,False,False,False
random_ruehl_mask,strong,47,270920307,46,WAIT,WAIT,0.08279189933091402,False,False,False,False,False,False,False
random_ruehl_mask,strong,47,270920307,47,LEFT,LEFT,0.0765420263633132,False,False,False,False,False,False,False
random_ruehl_mask,strong,47,270920307,48,RIGHT,RIGHT,0.12162502389401197,False,False,False,False,False,False,False
random_ruehl_mask,strong,47,270920307,49,WAIT,WAIT,0.08016603533178568,False,False,False,False,False,False,False
random_ruehl_mask,strong,47,270920307,50,LEFT,LEFT,0.04975008778274059,False,False,False,False,False,False,False
random_ruehl_mask,strong,47,270920307,51,BOMB,BOMB,0.0878750579431653,False,True,False,True,False,False,False
random_ruehl_mask,strong,47,270920307,52,RIGHT,RIGHT,0.07504201494157314,False,False,False,False,False,False,False
random_ruehl_mask,strong,47,270920307,53,WAIT,WAIT,0.061249942518770695,False,False,False,False,False,False,False
random_ruehl_mask,strong,47,270920307,54,RIGHT,RIGHT,0.05479191895574331,False,False,False,False,False,False,False
random_ruehl_mask,strong,47,270920307,55,UP,UP,0.049291993491351604,False,False,False,False,False,False,False
random_ruehl_mask,strong,47,270920307,56,WAIT,WAIT,0.06883300375193357,False,False,False,False,False,False,False
random_ruehl_mask,strong,47,270920307,57,WAIT,WAIT,0.045749940909445286,False,False,False,False,False,False,False
random_ruehl_mask,strong,47,270920307,58,DOWN,DOWN,0.08770800195634365,False,False,False,False,False,False,False
random_ruehl_mask,strong,47,270920307,59,WAIT,WAIT,0.07370894309133291,False,False,False,False,False,False,False
random_ruehl_mask,strong,47,270920307,60,UP,UP,0.07133290637284517,False,False,False,False,False,False,False
random_ruehl_mask,strong,47,270920307,61,WAIT,WAIT,0.09529199451208115,False,True,False,False,False,False,False
random_ruehl_mask,strong,47,270920307,62,UP,UP,0.10166596621274948,False,False,False,False,False,False,False
random_ruehl_mask,strong,47,270920307,63,WAIT,WAIT,0.08908298332244158,False,False,False,False,False,False,False
random_ruehl_mask,strong,47,270920307,64,UP,UP,0.1009589759632945,False,False,False,False,False,False,False
random_ruehl_mask,strong,47,270920307,65,BOMB,BOMB,0.08066697046160698,False,False,False,True,False,False,False
random_ruehl_mask,strong,47,270920307,66,DOWN,DOWN,0.03987492527812719,False,False,False,False,False,False,False
random_ruehl_mask,strong,47,270920307,67,LEFT,LEFT,0.07320800796151161,False,False,False,False,False,False,False
random_ruehl_mask,strong,47,270920307,68,WAIT,WAIT,0.07858395110815763,False,False,False,False,False,False,False
random_ruehl_mask,strong,47,270920307,69,WAIT,WAIT,0.06874999962747097,False,False,False,False,False,False,False
random_ruehl_mask,strong,47,270920307,70,WAIT,WAIT,0.06454193498939276,False,False,False,False,False,False,False
random_ruehl_mask,strong,47,270920307,71,WAIT,WAIT,0.03758305683732033,False,True,False,False,False,False,False
random_ruehl_mask,strong,47,270920307,72,WAIT,WAIT,0.07645809091627598,False,False,False,False,False,False,False
random_ruehl_mask,strong,47,270920307,73,BOMB,BOMB,0.07116596680134535,False,False,False,True,False,False,False
random_ruehl_mask,strong,47,270920307,74,LEFT,LEFT,0.06599992047995329,False,False,False,False,False,False,False
random_ruehl_mask,strong,47,270920307,75,UP,UP,0.07112498860806227,False,False,False,False,False,False,False
random_ruehl_mask,strong,47,270920307,76,WAIT,WAIT,0.0631249276921153,False,False,False,False,False,False,False
random_ruehl_mask,strong,47,270920307,77,WAIT,WAIT,0.06833299994468689,False,False,False,False,False,False,False
random_ruehl_mask,strong,47,270920307,78,WAIT,WAIT,0.04233303479850292,False,False,False,False,False,False,False
random_ruehl_mask,strong,47,270920307,79,UP,UP,0.0362499849870801,False,False,False,False,False,False,True
random_ruehl_mask,strong,47,270920307,80,BOMB,BOMB,0.08224998600780964,False,False,False,True,False,False,True
random_ruehl_mask,strong,47,270920307,81,UP,UP,0.05320797208696604,False,True,True,False,False,False,True
random_ruehl_mask,strong,47,270920307,82,WAIT,WAIT,0.04791701212525368,False,False,False,False,False,False,True
random_ruehl_mask,strong,47,270920307,83,WAIT,WAIT,0.06374996155500412,False,False,False,False,False,False,True
random_ruehl_mask,strong,47,270920307,84,WAIT,WAIT,0.04850002005696297,False,False,False,False,False,False,True
random_ruehl_mask,strong,48,270920308,1,UP,UP,0.1016249880194664,False,True,False,False,False,False,False
random_ruehl_mask,strong,48,270920308,2,WAIT,WAIT,0.0712500186637044,False,False,False,False,False,False,False
random_ruehl_mask,strong,48,270920308,3,DOWN,DOWN,0.06691692396998405,False,False,False,False,False,False,False
random_ruehl_mask,strong,48,270920308,4,RIGHT,RIGHT,0.10116701014339924,False,False,False,False,False,False,False
random_ruehl_mask,strong,48,270920308,5,BOMB,BOMB,0.09733298793435097,False,False,False,True,False,False,False
random_ruehl_mask,strong,48,270920308,6,LEFT,LEFT,0.07233396172523499,False,False,False,False,False,False,False
random_ruehl_mask,strong,48,270920308,7,UP,UP,0.060333055444061756,False,False,False,False,False,False,False
random_ruehl_mask,strong,48,270920308,8,WAIT,WAIT,0.05666702054440975,False,False,False,False,False,False,False
random_ruehl_mask,strong,48,270920308,9,WAIT,WAIT,0.0499580055475235,False,False,False,False,False,False,False
random_ruehl_mask,strong,48,270920308,10,WAIT,WAIT,0.039958045817911625,False,False,False,False,False,False,False
random_ruehl_mask,strong,48,270920308,11,WAIT,WAIT,0.05691708065569401,False,True,False,False,False,False,False
random_ruehl_mask,strong,48,270920308,12,WAIT,WAIT,0.07283303420990705,False,False,False,False,False,False,False
random_ruehl_mask,strong,48,270920308,13,BOMB,BOMB,0.08287501987069845,False,False,False,True,False,False,False
random_ruehl_mask,strong,48,270920308,14,DOWN,DOWN,0.054958974942564964,False,False,False,False,False,False,False
random_ruehl_mask,strong,48,270920308,15,RIGHT,RIGHT,0.05237502045929432,False,False,False,False,False,False,False
random_ruehl_mask,strong,48,270920308,16,RIGHT,RIGHT,0.059999991208314896,False,False,False,False,False,False,False
random_ruehl_mask,strong,48,270920308,17,WAIT,WAIT,0.06033293902873993,False,False,False,False,False,False,False
random_ruehl_mask,strong,48,270920308,18,WAIT,WAIT,0.053333002142608166,False,False,False,False,False,False,False
random_ruehl_mask,strong,48,270920308,19,LEFT,LEFT,0.045666005462408066,False,False,False,False,False,False,False
random_ruehl_mask,strong,48,270920308,20,LEFT,LEFT,0.07033301517367363,False,False,False,False,False,False,False
random_ruehl_mask,strong,48,270920308,21,WAIT,WAIT,0.06570795085281134,False,True,False,False,False,False,False
random_ruehl_mask,strong,48,270920308,22,RIGHT,RIGHT,0.06712495815008879,False,False,False,False,False,False,False
random_ruehl_mask,strong,48,270920308,23,WAIT,WAIT,0.06266694981604815,False,False,False,False,False,False,False
random_ruehl_mask,strong,48,270920308,24,WAIT,WAIT,0.06758398376405239,False,False,False,False,False,False,False
random_ruehl_mask,strong,48,270920308,25,LEFT,LEFT,0.05916692316532135,False,False,False,False,False,False,False
random_ruehl_mask,strong,48,270920308,26,WAIT,WAIT,0.08291692938655615,False,False,False,False,False,False,False
random_ruehl_mask,strong,48,270920308,27,RIGHT,RIGHT,0.06362504791468382,False,False,False,False,False,False,False
random_ruehl_mask,strong,48,270920308,28,RIGHT,RIGHT,0.05712499842047691,False,False,False,False,False,False,False
random_ruehl_mask,strong,48,270920308,29,RIGHT,RIGHT,0.1279159914702177,False,False,False,False,False,False,True
random_ruehl_mask,strong,48,270920308,30,BOMB,BOMB,0.09566603694111109,False,False,False,True,False,False,True
random_ruehl_mask,strong,48,270920308,31,RIGHT,RIGHT,0.0529169337823987,False,True,True,False,False,False,True
random_ruehl_mask,strong,48,270920308,32,WAIT,WAIT,0.07175002247095108,False,False,False,False,False,False,True
random_ruehl_mask,strong,48,270920308,33,WAIT,WAIT,0.08274998981505632,False,False,False,False,False,False,True
random_ruehl_mask,strong,48,270920308,34,WAIT,WAIT,0.07975008338689804,False,False,False,False,False,False,True
random_ruehl_mask,strong,49,270920309,1,BOMB,BOMB,0.10566692799329758,False,True,False,True,False,False,False
random_ruehl_mask,strong,49,270920309,2,DOWN,DOWN,0.04212500061839819,False,False,False,False,False,False,False
random_ruehl_mask,strong,49,270920309,3,DOWN,DOWN,0.03929203376173973,False,False,False,False,False,False,False
random_ruehl_mask,strong,49,270920309,4,LEFT,LEFT,0.04941609222441912,False,False,False,False,False,False,False
random_ruehl_mask,strong,49,270920309,5,WAIT,WAIT,0.07745798211544752,False,False,False,False,False,False,False
random_ruehl_mask,strong,49,270920309,6,WAIT,WAIT,0.07275003008544445,False,False,False,False,False,False,False
random_ruehl_mask,strong,49,270920309,7,RIGHT,RIGHT,0.07199996616691351,False,False,False,False,False,False,True
random_ruehl_mask,strong,49,270920309,8,BOMB,BOMB,0.09650003630667925,False,False,False,True,False,False,True
random_ruehl_mask,strong,49,270920309,9,DOWN,DOWN,0.038708909414708614,False,False,False,False,False,False,True
random_ruehl_mask,strong,49,270920309,10,DOWN,DOWN,0.03766699228435755,False,False,False,False,False,False,True
random_ruehl_mask,strong,49,270920309,11,WAIT,WAIT,0.046584056690335274,False,False,False,False,False,False,True
random_ruehl_mask,strong,49,270920309,12,WAIT,WAIT,0.05179201252758503,False,False,False,False,False,False,True
random_ruehl_mask,strong,50,270920310,1,RIGHT,RIGHT,0.10649999603629112,False,True,False,False,False,False,False
random_ruehl_mask,strong,50,270920310,2,BOMB,BOMB,0.07512501906603575,False,False,False,True,False,False,False
random_ruehl_mask,strong,50,270920310,3,LEFT,LEFT,0.040375045500695705,False,False,False,False,False,False,False
random_ruehl_mask,strong,50,270920310,4,DOWN,DOWN,0.037624966353178024,False,False,False,False,False,False,False
random_ruehl_mask,strong,50,270920310,5,WAIT,WAIT,0.06520794704556465,False,False,False,False,False,False,False
random_ruehl_mask,strong,50,270920310,6,WAIT,WAIT,0.06354099605232477,False,False,False,False,False,False,False
random_ruehl_mask,strong,50,270920310,7,WAIT,WAIT,0.05541706923395395,False,False,False,False,False,False,False
random_ruehl_mask,strong,50,270920310,8,WAIT,WAIT,0.034791999496519566,False,False,False,False,False,False,False
random_ruehl_mask,strong,50,270920310,9,WAIT,WAIT,0.06429094355553389,False,False,False,False,False,False,False
random_ruehl_mask,strong,50,270920310,10,BOMB,BOMB,0.06312504410743713,False,False,False,True,False,False,False
random_ruehl_mask,strong,50,270920310,11,UP,UP,0.03545801155269146,False,True,False,False,False,False,False
random_ruehl_mask,strong,50,270920310,12,RIGHT,RIGHT,0.06266706623136997,False,False,False,False,False,False,False
random_ruehl_mask,strong,50,270920310,13,WAIT,WAIT,0.09129091631621122,False,False,False,False,False,False,False
random_ruehl_mask,strong,50,270920310,14,WAIT,WAIT,0.06845791358500719,False,False,False,False,False,False,False
random_ruehl_mask,strong,50,270920310,15,WAIT,WAIT,0.053458032198250294,False,False,False,False,False,False,False
random_ruehl_mask,strong,50,270920310,16,RIGHT,RIGHT,0.034499913454055786,False,False,False,False,False,False,False
random_ruehl_mask,strong,50,270920310,17,LEFT,LEFT,0.12545904610306025,False,False,False,False,False,False,False
random_ruehl_mask,strong,50,270920310,18,RIGHT,RIGHT,0.06137497257441282,False,False,False,False,False,False,False
random_ruehl_mask,strong,50,270920310,19,LEFT,LEFT,0.08949998300522566,False,False,False,False,False,False,False
random_ruehl_mask,strong,50,270920310,20,LEFT,LEFT,0.06433390080928802,False,False,False,False,False,False,False
random_ruehl_mask,strong,50,270920310,21,WAIT,WAIT,0.09787501767277718,False,True,False,False,False,False,False
random_ruehl_mask,strong,50,270920310,22,RIGHT,RIGHT,0.09704206604510546,False,False,False,False,False,False,False
random_ruehl_mask,strong,50,270920310,23,WAIT,WAIT,0.09266706183552742,False,False,False,False,False,False,False
random_ruehl_mask,strong,50,270920310,24,LEFT,LEFT,0.0990420812740922,False,False,False,False,False,False,False
random_ruehl_mask,strong,50,270920310,25,DOWN,DOWN,0.05904200952500105,False,False,False,False,False,False,False
random_ruehl_mask,strong,50,270920310,26,WAIT,WAIT,0.06925000343471766,False,False,False,False,False,False,False
random_ruehl_mask,strong,50,270920310,27,WAIT,WAIT,0.05925004370510578,False,False,False,False,False,False,False
random_ruehl_mask,strong,50,270920310,28,UP,UP,0.05808298010379076,False,False,False,False,False,False,False
random_ruehl_mask,strong,50,270920310,29,WAIT,WAIT,0.06550003308802843,False,False,False,False,False,False,False
random_ruehl_mask,strong,50,270920310,30,WAIT,WAIT,0.08320808410644531,False,False,False,False,False,False,False
random_ruehl_mask,strong,50,270920310,31,RIGHT,RIGHT,0.06524997297674417,False,True,False,False,False,False,False
random_ruehl_mask,strong,50,270920310,32,WAIT,WAIT,0.07679197005927563,False,False,False,False,False,False,False
random_ruehl_mask,strong,50,270920310,33,RIGHT,RIGHT,0.05808298010379076,False,False,False,False,False,False,False
random_ruehl_mask,strong,50,270920310,34,WAIT,WAIT,0.09158393368124962,False,False,False,False,False,False,False
random_ruehl_mask,strong,50,270920310,35,RIGHT,RIGHT,0.10304106399416924,False,False,False,False,False,False,True
random_ruehl_mask,strong,50,270920310,36,BOMB,BOMB,0.10183302219957113,False,False,False,True,False,False,True
random_ruehl_mask,strong,50,270920310,37,RIGHT,RIGHT,0.044792075641453266,False,False,False,False,False,False,True
random_ruehl_mask,strong,50,270920310,38,WAIT,WAIT,0.043375068344175816,False,False,False,False,False,False,True
random_ruehl_mask,strong,50,270920310,39,WAIT,WAIT,0.07029192056506872,False,False,False,False,False,False,True
random_ruehl_mask,strong,50,270920310,40,WAIT,WAIT,0.05754095036536455,False,False,False,False,False,False,True
random_ruehl_mask,strong,51,270920311,1,WAIT,WAIT,0.11808297131210566,False,True,False,False,False,False,False
random_ruehl_mask,strong,51,270920311,2,UP,UP,0.10041706264019012,False,False,False,False,False,False,False
random_ruehl_mask,strong,51,270920311,3,DOWN,DOWN,0.08308305405080318,False,False,False,False,False,False,False
random_ruehl_mask,strong,51,270920311,4,LEFT,LEFT,0.12754194904118776,False,False,False,False,False,False,False
random_ruehl_mask,strong,51,270920311,5,RIGHT,RIGHT,0.1254999078810215,False,False,False,False,False,False,False
random_ruehl_mask,strong,51,270920311,6,WAIT,WAIT,0.1300000585615635,False,False,False,False,False,False,False
random_ruehl_mask,strong,51,270920311,7,WAIT,WAIT,0.12116704601794481,False,False,False,False,False,False,False
random_ruehl_mask,strong,51,270920311,8,LEFT,LEFT,0.08583406452089548,False,False,False,False,False,False,False
random_ruehl_mask,strong,51,270920311,9,WAIT,WAIT,0.09154202416539192,False,False,False,False,False,False,False
random_ruehl_mask,strong,51,270920311,10,WAIT,WAIT,0.10120798833668232,False,False,False,False,False,False,False
random_ruehl_mask,strong,51,270920311,11,RIGHT,RIGHT,0.0770840561017394,False,True,False,False,False,False,False
random_ruehl_mask,strong,51,270920311,12,UP,UP,0.11691695544868708,False,False,False,False,False,False,False
random_ruehl_mask,strong,51,270920311,13,BOMB,BOMB,0.10391697287559509,False,False,False,True,False,False,False
random_ruehl_mask,strong,51,270920311,14,DOWN,DOWN,0.0790830235928297,False,False,False,False,False,False,False
random_ruehl_mask,strong,51,270920311,15,LEFT,LEFT,0.0563750509172678,False,False,False,False,False,False,False
random_ruehl_mask,strong,51,270920311,16,WAIT,WAIT,0.04879198968410492,False,False,False,False,False,False,False
random_ruehl_mask,strong,51,270920311,17,WAIT,WAIT,0.05629193037748337,False,False,False,False,False,False,False
random_ruehl_mask,strong,51,270920311,18,WAIT,WAIT,0.050083035603165627,False,False,False,False,False,False,False
random_ruehl_mask,strong,51,270920311,19,RIGHT,RIGHT,0.03845803439617157,False,False,False,False,False,False,True
random_ruehl_mask,strong,51,270920311,20,BOMB,BOMB,0.13195897918194532,False,False,False,True,False,False,True
random_ruehl_mask,strong,51,270920311,21,UP,UP,0.07362500764429569,False,True,False,False,False,False,True
random_ruehl_mask,strong,51,270920311,22,WAIT,WAIT,0.07104105316102505,False,False,False,False,False,False,True
random_ruehl_mask,strong,51,270920311,23,WAIT,WAIT,0.06862508598715067,False,False,False,False,False,False,True
random_ruehl_mask,strong,51,270920311,24,WAIT,WAIT,0.05100003909319639,False,False,False,False,False,False,True
random_ruehl_mask,strong,52,270920312,1,WAIT,WAIT,0.10945799294859171,False,True,False,False,False,False,False
random_ruehl_mask,strong,52,270920312,2,WAIT,WAIT,0.07750000804662704,False,False,False,False,False,False,False
random_ruehl_mask,strong,52,270920312,3,DOWN,DOWN,0.06904092151671648,False,False,False,False,False,False,False
random_ruehl_mask,strong,52,270920312,4,UP,UP,0.15974999405443668,False,False,False,False,False,False,False
random_ruehl_mask,strong,52,270920312,5,RIGHT,RIGHT,0.12479093857109547,False,False,False,False,False,False,False
random_ruehl_mask,strong,52,270920312,6,LEFT,LEFT,0.09633391164243221,False,False,False,False,False,False,False
random_ruehl_mask,strong,52,270920312,7,RIGHT,RIGHT,0.10787497740238905,False,False,False,False,False,False,False
random_ruehl_mask,strong,52,270920312,8,LEFT,LEFT,0.06708304863423109,False,False,False,False,False,False,False
random_ruehl_mask,strong,52,270920312,9,DOWN,DOWN,0.0654999166727066,False,False,False,False,False,False,False
random_ruehl_mask,strong,52,270920312,10,WAIT,WAIT,0.06112491246312857,False,False,False,False,False,False,False
random_ruehl_mask,strong,52,270920312,11,WAIT,WAIT,0.061916070990264416,False,True,False,False,False,False,False
random_ruehl_mask,strong,52,270920312,12,WAIT,WAIT,0.07049995474517345,False,False,False,False,False,False,False
random_ruehl_mask,strong,52,270920312,13,BOMB,BOMB,0.07754203397780657,False,False,False,True,False,False,False
random_ruehl_mask,strong,52,270920312,14,UP,UP,0.09225006215274334,False,False,False,False,False,False,False
random_ruehl_mask,strong,52,270920312,15,WAIT,WAIT,0.06754195783287287,False,False,False,False,False,False,False
random_ruehl_mask,strong,52,270920312,16,RIGHT,RIGHT,0.05220796447247267,False,False,False,False,False,False,False
random_ruehl_mask,strong,52,270920312,17,WAIT,WAIT,0.04870793782174587,False,False,False,False,False,False,False
random_ruehl_mask,strong,52,270920312,18,WAIT,WAIT,0.041375053115189075,False,False,False,False,False,False,False
random_ruehl_mask,strong,52,270920312,19,WAIT,WAIT,0.03670796286314726,False,False,False,False,False,False,False
random_ruehl_mask,strong,52,270920312,20,BOMB,BOMB,0.07962493691593409,False,False,False,True,False,False,False
random_ruehl_mask,strong,52,270920312,21,LEFT,LEFT,0.0536659499630332,False,True,False,False,False,False,False
random_ruehl_mask,strong,52,270920312,22,DOWN,DOWN,0.05354091990739107,False,False,False,False,False,False,False
random_ruehl_mask,strong,52,270920312,23,WAIT,WAIT,0.05066697485744953,False,False,False,False,False,False,False
random_ruehl_mask,strong,52,270920312,24,WAIT,WAIT,0.0438750721514225,False,False,False,False,False,False,False
random_ruehl_mask,strong,52,270920312,25,WAIT,WAIT,0.049416907131671906,False,False,False,False,False,False,False
random_ruehl_mask,strong,52,270920312,26,UP,UP,0.04449998959898949,False,False,False,False,False,False,False
random_ruehl_mask,strong,52,270920312,27,RIGHT,RIGHT,0.06666698027402163,False,False,False,False,False,False,False
random_ruehl_mask,strong,52,270920312,28,LEFT,LEFT,0.06295798812061548,False,False,False,False,False,False,False
random_ruehl_mask,strong,52,270920312,29,WAIT,WAIT,0.0802499707788229,False,False,False,False,False,False,False
random_ruehl_mask,strong,52,270920312,30,WAIT,WAIT,0.06029196083545685,False,False,False,False,False,False,False
random_ruehl_mask,strong,52,270920312,31,DOWN,DOWN,0.05429191514849663,False,True,False,False,False,False,False
random_ruehl_mask,strong,52,270920312,32,UP,UP,0.05125009920448065,False,False,False,False,False,False,False
random_ruehl_mask,strong,52,270920312,33,DOWN,DOWN,0.04875008016824722,False,False,False,False,False,False,False
random_ruehl_mask,strong,52,270920312,34,DOWN,DOWN,0.056999968364834785,False,False,False,False,False,False,True
random_ruehl_mask,strong,52,270920312,35,BOMB,BOMB,0.09629200212657452,False,False,False,True,False,False,True
random_ruehl_mask,strong,52,270920312,36,DOWN,DOWN,0.04779198206961155,False,False,False,False,False,False,True
random_ruehl_mask,strong,52,270920312,37,WAIT,WAIT,0.04824995994567871,False,False,False,False,False,False,True
random_ruehl_mask,strong,52,270920312,38,WAIT,WAIT,0.07937499321997166,False,False,False,False,False,False,True
random_ruehl_mask,strong,52,270920312,39,DOWN,DOWN,0.06158289033919573,False,False,False,False,False,False,True
random_ruehl_mask,strong,53,270920313,1,DOWN,DOWN,0.11483405251055956,False,True,False,False,False,False,False
random_ruehl_mask,strong,53,270920313,2,UP,UP,0.07595901843160391,False,False,False,False,False,False,False
random_ruehl_mask,strong,53,270920313,3,LEFT,LEFT,0.09612506255507469,False,False,False,False,False,False,False
random_ruehl_mask,strong,53,270920313,4,WAIT,WAIT,0.07499998901039362,False,False,False,False,False,False,False
random_ruehl_mask,strong,53,270920313,5,WAIT,WAIT,0.10720908176153898,False,False,False,False,False,False,False
random_ruehl_mask,strong,53,270920313,6,BOMB,BOMB,0.09254203177988529,False,False,False,True,False,False,False
random_ruehl_mask,strong,53,270920313,7,RIGHT,RIGHT,0.06395799573510885,False,False,False,False,False,False,False
random_ruehl_mask,strong,53,270920313,8,DOWN,DOWN,0.041207997128367424,False,False,False,False,False,False,False
random_ruehl_mask,strong,53,270920313,9,WAIT,WAIT,0.05354208406060934,False,False,False,False,False,False,False
random_ruehl_mask,strong,53,270920313,10,WAIT,WAIT,0.0527920201420784,False,False,False,False,False,False,False
random_ruehl_mask,strong,53,270920313,11,WAIT,WAIT,0.06866699550300837,False,True,False,False,False,False,False
random_ruehl_mask,strong,53,270920313,12,UP,UP,0.056541990488767624,False,False,False,False,False,False,False
random_ruehl_mask,strong,53,270920313,13,LEFT,LEFT,0.117915915325284,False,False,False,False,False,False,False
random_ruehl_mask,strong,53,270920313,14,RIGHT,RIGHT,0.11304195504635572,False,False,False,False,False,False,False
random_ruehl_mask,strong,53,270920313,15,LEFT,LEFT,0.1029579434543848,False,False,False,False,False,False,False
random_ruehl_mask,strong,53,270920313,16,RIGHT,RIGHT,0.05079200491309166,False,False,False,False,False,False,False
random_ruehl_mask,strong,53,270920313,17,DOWN,DOWN,0.11008395813405514,False,False,False,False,False,False,False
random_ruehl_mask,strong,53,270920313,18,BOMB,BOMB,0.07470790296792984,False,False,False,True,False,False,False
random_ruehl_mask,strong,53,270920313,19,UP,UP,0.04733307287096977,False,False,False,False,False,False,False
random_ruehl_mask,strong,53,270920313,20,WAIT,WAIT,0.07329205982387066,False,False,False,False,False,False,False
random_ruehl_mask,strong,53,270920313,21,LEFT,LEFT,0.07729197386652231,False,True,False,False,False,False,False
random_ruehl_mask,strong,53,270920313,22,LEFT,LEFT,0.08045905269682407,False,False,False,False,False,False,False
random_ruehl_mask,strong,53,270920313,23,WAIT,WAIT,0.07512501906603575,False,False,False,False,False,False,False
random_ruehl_mask,strong,53,270920313,24,LEFT,LEFT,0.06958295125514269,False,False,False,False,False,False,True
random_ruehl_mask,strong,53,270920313,25,BOMB,BOMB,0.10545889381319284,False,False,False,True,False,False,True
random_ruehl_mask,strong,53,270920313,26,LEFT,LEFT,0.0527920201420784,False,False,False,False,False,False,True
random_ruehl_mask,strong,53,270920313,27,WAIT,WAIT,0.04554097540676594,False,False,False,False,False,False,True
random_ruehl_mask,strong,53,270920313,28,WAIT,WAIT,0.051749986596405506,False,False,False,False,False,False,True
random_ruehl_mask,strong,53,270920313,29,WAIT,WAIT,0.049208058044314384,False,False,False,False,False,False,True
random_ruehl_mask,strong,54,270920314,1,RIGHT,RIGHT,0.09762495756149292,False,True,False,False,False,False,False
random_ruehl_mask,strong,54,270920314,2,WAIT,WAIT,0.0689580338075757,False,False,False,False,False,False,False
random_ruehl_mask,strong,54,270920314,3,BOMB,BOMB,0.0717920484021306,False,False,False,True,False,False,False
random_ruehl_mask,strong,54,270920314,4,LEFT,LEFT,0.0890420051291585,False,False,False,False,False,False,False
random_ruehl_mask,strong,54,270920314,5,UP,UP,0.0653750030323863,False,False,False,False,False,False,False
random_ruehl_mask,strong,54,270920314,6,WAIT,WAIT,0.06412493530660868,False,False,False,False,False,False,False
random_ruehl_mask,strong,54,270920314,7,WAIT,WAIT,0.06558408495038748,False,False,False,False,False,False,False
random_ruehl_mask,strong,54,270920314,8,WAIT,WAIT,0.052332994528114796,False,False,False,False,False,False,False
random_ruehl_mask,strong,54,270920314,9,WAIT,WAIT,0.03724999260157347,False,False,False,False,False,False,False
random_ruehl_mask,strong,54,270920314,10,DOWN,DOWN,0.06800005212426186,False,False,False,False,False,False,False
random_ruehl_mask,strong,54,270920314,11,UP,UP,0.10124989785254002,False,True,False,False,False,False,False
random_ruehl_mask,strong,54,270920314,12,DOWN,DOWN,0.11620891746133566,False,False,False,False,False,False,True
random_ruehl_mask,strong,54,270920314,13,BOMB,BOMB,0.11687492951750755,False,False,False,True,False,False,True
random_ruehl_mask,strong,54,270920314,14,UP,UP,0.0635830219835043,False,False,False,False,False,False,True
random_ruehl_mask,strong,54,270920314,15,WAIT,WAIT,0.07433304563164711,False,False,False,False,False,False,True
random_ruehl_mask,strong,54,270920314,16,WAIT,WAIT,0.07141707465052605,False,False,False,False,False,False,True
random_ruehl_mask,strong,54,270920314,17,WAIT,WAIT,0.045625027269124985,False,False,False,False,False,False,True
random_ruehl_mask,strong,55,270920315,1,RIGHT,RIGHT,0.09908294305205345,False,True,False,False,False,False,False
random_ruehl_mask,strong,55,270920315,2,LEFT,LEFT,0.08266593795269728,False,False,False,False,False,False,False
random_ruehl_mask,strong,55,270920315,3,WAIT,WAIT,0.08104206062853336,False,False,False,False,False,False,False
random_ruehl_mask,strong,55,270920315,4,DOWN,DOWN,0.11429202277213335,False,False,False,False,False,False,False
random_ruehl_mask,strong,55,270920315,5,UP,UP,0.11675001587718725,False,False,False,False,False,False,False
random_ruehl_mask,strong,55,270920315,6,RIGHT,RIGHT,0.09945803321897984,False,False,False,False,False,False,False
random_ruehl_mask,strong,55,270920315,7,LEFT,LEFT,0.09624997619539499,False,False,False,False,False,False,False
random_ruehl_mask,strong,55,270920315,8,WAIT,WAIT,0.08245802018791437,False,False,False,False,False,False,False
random_ruehl_mask,strong,55,270920315,9,DOWN,DOWN,0.08358294144272804,False,False,False,False,False,False,False
random_ruehl_mask,strong,55,270920315,10,UP,UP,0.06699992809444666,False,False,False,False,False,False,False
random_ruehl_mask,strong,55,270920315,11,WAIT,WAIT,0.10333303362131119,False,True,False,False,False,False,False
random_ruehl_mask,strong,55,270920315,12,WAIT,WAIT,0.14666595961898565,False,False,False,False,False,False,False
random_ruehl_mask,strong,55,270920315,13,RIGHT,RIGHT,0.11737504974007607,False,False,False,False,False,False,False
random_ruehl_mask,strong,55,270920315,14,WAIT,WAIT,0.10070903226733208,False,False,False,False,False,False,False
random_ruehl_mask,strong,55,270920315,15,WAIT,WAIT,0.12379197869449854,False,False,False,False,False,False,False
random_ruehl_mask,strong,55,270920315,16,LEFT,LEFT,0.08079200051724911,False,False,False,False,False,False,False
random_ruehl_mask,strong,55,270920315,17,RIGHT,RIGHT,0.09116600267589092,False,False,False,False,False,False,False
random_ruehl_mask,strong,55,270920315,18,BOMB,BOMB,0.07433304563164711,False,False,False,True,False,False,False
random_ruehl_mask,strong,55,270920315,19,LEFT,LEFT,0.06512494292110205,False,False,False,False,False,False,False
random_ruehl_mask,strong,55,270920315,20,WAIT,WAIT,0.07720803841948509,False,False,False,False,False,False,False
random_ruehl_mask,strong,55,270920315,21,DOWN,DOWN,0.09029090870171785,False,True,False,False,False,False,False
random_ruehl_mask,strong,55,270920315,22,WAIT,WAIT,0.09729200974106789,False,False,False,False,False,False,False
random_ruehl_mask,strong,55,270920315,23,WAIT,WAIT,0.06266601849347353,False,False,False,False,False,False,False
random_ruehl_mask,strong,55,270920315,24,WAIT,WAIT,0.05037500523030758,False,False,False,False,False,False,False
random_ruehl_mask,strong,55,270920315,25,WAIT,WAIT,0.07049995474517345,False,False,False,False,False,False,False
random_ruehl_mask,strong,55,270920315,26,WAIT,WAIT,0.0654999166727066,False,False,False,False,False,False,False
random_ruehl_mask,strong,55,270920315,27,UP,UP,0.0750409672036767,False,False,False,False,False,False,False
random_ruehl_mask,strong,55,270920315,28,DOWN,DOWN,0.10112498421221972,False,False,False,False,False,False,False
random_ruehl_mask,strong,55,270920315,29,WAIT,WAIT,0.10354199912399054,False,False,False,False,False,False,False
random_ruehl_mask,strong,55,270920315,30,UP,UP,0.10020902846008539,False,False,False,False,False,False,False
random_ruehl_mask,strong,55,270920315,31,DOWN,DOWN,0.10229204781353474,False,True,False,False,False,False,False
random_ruehl_mask,strong,55,270920315,32,BOMB,BOMB,0.08608400821685791,False,False,False,True,False,False,False
random_ruehl_mask,strong,55,270920315,33,UP,UP,0.0563750509172678,False,False,False,False,False,False,False
random_ruehl_mask,strong,55,270920315,34,WAIT,WAIT,0.05195802077651024,False,False,False,False,False,False,False
random_ruehl_mask,strong,55,270920315,35,RIGHT,RIGHT,0.046666013076901436,False,False,False,False,False,False,False
random_ruehl_mask,strong,55,270920315,36,RIGHT,RIGHT,0.06516696885228157,False,False,False,False,False,False,False
random_ruehl_mask,strong,55,270920315,37,LEFT,LEFT,0.06895791739225388,False,False,False,False,False,False,False
random_ruehl_mask,strong,55,270920315,38,WAIT,WAIT,0.0575830927118659,False,False,False,False,False,False,False
random_ruehl_mask,strong,55,270920315,39,WAIT,WAIT,0.07937499321997166,False,False,False,False,False,False,False
random_ruehl_mask,strong,55,270920315,40,RIGHT,RIGHT,0.08170795626938343,False,False,False,False,False,False,False
random_ruehl_mask,strong,55,270920315,41,WAIT,WAIT,0.11370796710252762,False,True,False,False,False,False,False
random_ruehl_mask,strong,55,270920315,42,RIGHT,RIGHT,0.12199999764561653,False,False,False,False,False,False,False
random_ruehl_mask,strong,55,270920315,43,LEFT,LEFT,0.11466606520116329,False,False,False,False,False,False,False
random_ruehl_mask,strong,55,270920315,44,BOMB,BOMB,0.12287497520446777,False,False,False,True,False,False,False
random_ruehl_mask,strong,55,270920315,45,LEFT,LEFT,0.06862496957182884,False,False,False,False,False,False,False
random_ruehl_mask,strong,55,270920315,46,LEFT,LEFT,0.05641707684844732,False,False,False,False,False,False,False
random_ruehl_mask,strong,55,270920315,47,DOWN,DOWN,0.05866598803550005,False,False,False,False,False,False,False
random_ruehl_mask,strong,55,270920315,48,WAIT,WAIT,0.0576250022277236,False,False,False,False,False,False,False
random_ruehl_mask,strong,55,270920315,49,WAIT,WAIT,0.07845798972994089,False,False,False,False,False,False,False
random_ruehl_mask,strong,55,270920315,50,DOWN,DOWN,0.07187505252659321,False,False,False,False,False,False,False
random_ruehl_mask,strong,55,270920315,51,BOMB,BOMB,0.16416702419519424,False,True,False,True,False,False,False
random_ruehl_mask,strong,55,270920315,52,UP,UP,0.10325002949684858,False,False,False,False,False,False,False
random_ruehl_mask,strong,55,270920315,53,UP,UP,0.09179103653877974,False,False,False,False,False,False,False
random_ruehl_mask,strong,55,270920315,54,RIGHT,RIGHT,0.09087496437132359,False,False,False,False,False,False,False
random_ruehl_mask,strong,55,270920315,55,WAIT,WAIT,0.07025001104921103,False,False,False,False,False,False,False
random_ruehl_mask,strong,55,270920315,56,WAIT,WAIT,0.07308297790586948,False,False,False,False,False,False,False
random_ruehl_mask,strong,55,270920315,57,WAIT,WAIT,0.07333303801715374,False,False,False,False,False,False,False
random_ruehl_mask,strong,55,270920315,58,RIGHT,RIGHT,0.09720900561660528,False,False,False,False,False,False,False
random_ruehl_mask,strong,55,270920315,59,RIGHT,RIGHT,0.09574997238814831,False,False,False,False,False,False,False
random_ruehl_mask,strong,55,270920315,60,WAIT,WAIT,0.06658409256488085,False,False,False,False,False,False,False
random_ruehl_mask,strong,55,270920315,61,LEFT,LEFT,0.06250001024454832,False,True,False,False,False,False,False
random_ruehl_mask,strong,55,270920315,62,RIGHT,RIGHT,0.08420797530561686,False,False,False,False,False,False,False
random_ruehl_mask,strong,55,270920315,63,WAIT,WAIT,0.09866699110716581,False,False,False,False,False,False,False
random_ruehl_mask,strong,55,270920315,64,LEFT,LEFT,0.10320800356566906,False,False,False,False,False,False,False
random_ruehl_mask,strong,55,270920315,65,WAIT,WAIT,0.11691602412611246,False,False,False,False,False,False,False
random_ruehl_mask,strong,55,270920315,66,WAIT,WAIT,0.07291696965694427,False,False,False,False,False,False,False
random_ruehl_mask,strong,55,270920315,67,DOWN,DOWN,0.11274998541921377,False,False,False,False,False,False,False
random_ruehl_mask,strong,55,270920315,68,UP,UP,0.1052499283105135,False,False,False,False,False,False,False
random_ruehl_mask,strong,55,270920315,69,LEFT,LEFT,0.06049999501556158,False,False,False,False,False,False,False
random_ruehl_mask,strong,55,270920315,70,LEFT,LEFT,0.050915987230837345,False,False,False,False,False,False,False
random_ruehl_mask,strong,55,270920315,71,WAIT,WAIT,0.05062494892627001,False,True,False,False,False,False,False
random_ruehl_mask,strong,55,270920315,72,WAIT,WAIT,0.08366594556719065,False,False,False,False,False,False,False
random_ruehl_mask,strong,55,270920315,73,RIGHT,RIGHT,0.07012509740889072,False,False,False,False,False,False,False
random_ruehl_mask,strong,55,270920315,74,WAIT,WAIT,0.06649992428719997,False,False,False,False,False,False,False
random_ruehl_mask,strong,55,270920315,75,RIGHT,RIGHT,0.05416700150817633,False,False,False,False,False,False,False
random_ruehl_mask,strong,55,270920315,76,DOWN,DOWN,0.04925008397549391,False,False,False,False,False,False,False
random_ruehl_mask,strong,55,270920315,77,DOWN,DOWN,0.07462501525878906,False,False,False,False,False,False,False
random_ruehl_mask,strong,55,270920315,78,LEFT,LEFT,0.09254203177988529,False,False,False,False,False,False,False
random_ruehl_mask,strong,55,270920315,79,LEFT,LEFT,0.06620807107537985,False,False,False,False,False,False,False
random_ruehl_mask,strong,55,270920315,80,WAIT,WAIT,0.05254102870821953,False,False,False,False,False,False,False
random_ruehl_mask,strong,55,270920315,81,UP,UP,0.04837499000132084,False,True,False,False,False,False,False
random_ruehl_mask,strong,55,270920315,82,WAIT,WAIT,0.06033398676663637,False,False,False,False,False,False,False
random_ruehl_mask,strong,55,270920315,83,DOWN,DOWN,0.04529207944869995,False,False,False,False,False,False,False
random_ruehl_mask,strong,55,270920315,84,UP,UP,0.09970797691494226,False,False,False,False,False,False,False
random_ruehl_mask,strong,55,270920315,85,DOWN,DOWN,0.054915901273489,False,False,False,False,False,False,False
random_ruehl_mask,strong,55,270920315,86,RIGHT,RIGHT,0.05383300594985485,False,False,False,False,False,False,False
random_ruehl_mask,strong,55,270920315,87,WAIT,WAIT,0.07791700772941113,False,False,False,False,False,False,False
random_ruehl_mask,strong,55,270920315,88,WAIT,WAIT,0.07700000423938036,False,False,False,False,False,False,False
random_ruehl_mask,strong,55,270920315,89,LEFT,LEFT,0.08658296428620815,False,False,False,False,False,False,False
random_ruehl_mask,strong,55,270920315,90,DOWN,DOWN,0.0730419997125864,False,False,False,False,False,False,False
random_ruehl_mask,strong,55,270920315,91,DOWN,DOWN,0.11766701936721802,False,True,False,False,False,False,False
random_ruehl_mask,strong,55,270920315,92,RIGHT,RIGHT,0.08420797530561686,False,False,False,False,False,False,False
random_ruehl_mask,strong,55,270920315,93,LEFT,LEFT,0.06687501445412636,False,False,False,False,False,False,False
random_ruehl_mask,strong,55,270920315,94,DOWN,DOWN,0.100292032584548,False,False,False,False,False,False,False
random_ruehl_mask,strong,55,270920315,95,BOMB,BOMB,0.14458305668085814,False,False,False,True,False,False,False
random_ruehl_mask,strong,55,270920315,96,UP,UP,0.05741603672504425,False,False,False,False,False,False,False
random_ruehl_mask,strong,55,270920315,97,UP,UP,0.04900002386420965,False,False,False,False,False,False,False
random_ruehl_mask,strong,55,270920315,98,UP,UP,0.049332971684634686,False,False,False,False,False,False,False
random_ruehl_mask,strong,55,270920315,99,UP,UP,0.06504205521196127,False,False,False,False,False,False,False
random_ruehl_mask,strong,55,270920315,100,WAIT,WAIT,0.08112494833767414,False,False,False,False,False,False,False
random_ruehl_mask,strong,55,270920315,101,DOWN,DOWN,0.054333009757101536,False,True,False,False,False,False,False
random_ruehl_mask,strong,55,270920315,102,WAIT,WAIT,0.06408302579075098,False,False,False,False,False,False,False
random_ruehl_mask,strong,55,270920315,103,DOWN,DOWN,0.05583302117884159,False,False,False,False,False,False,False
random_ruehl_mask,strong,55,270920315,104,UP,UP,0.1016249880194664,False,False,False,False,False,False,False
random_ruehl_mask,strong,55,270920315,105,UP,UP,0.10087492410093546,False,False,False,False,False,False,False
random_ruehl_mask,strong,55,270920315,106,DOWN,DOWN,0.07154198829084635,False,False,False,False,False,False,False
random_ruehl_mask,strong,55,270920315,107,UP,UP,0.0725410645827651,False,False,False,False,False,False,False
random_ruehl_mask,strong,55,270920315,108,UP,UP,0.05337491165846586,False,False,False,False,False,False,False
random_ruehl_mask,strong,55,270920315,109,WAIT,WAIT,0.05258305463939905,False,False,False,False,False,False,False
random_ruehl_mask,strong,55,270920315,110,WAIT,WAIT,0.048999907448887825,False,False,False,False,False,False,False
random_ruehl_mask,strong,55,270920315,111,RIGHT,RIGHT,0.04583399277180433,False,True,False,False,False,False,False
random_ruehl_mask,strong,55,270920315,112,WAIT,WAIT,0.04779093433171511,False,False,False,False,False,False,False
random_ruehl_mask,strong,55,270920315,113,RIGHT,RIGHT,0.051625072956085205,False,False,False,False,False,False,False
random_ruehl_mask,strong,55,270920315,114,DOWN,DOWN,0.054333009757101536,False,False,False,False,False,False,False
random_ruehl_mask,strong,55,270920315,115,WAIT,WAIT,0.07720896974205971,False,False,False,False,False,False,False
random_ruehl_mask,strong,55,270920315,116,DOWN,DOWN,0.07591606117784977,False,False,False,False,False,False,False
random_ruehl_mask,strong,55,270920315,117,DOWN,DOWN,0.10249996557831764,False,False,False,False,False,False,False
random_ruehl_mask,strong,55,270920315,118,BOMB,BOMB,0.10104198008775711,False,False,False,True,False,False,False
random_ruehl_mask,strong,55,270920315,119,UP,UP,0.04437495954334736,False,False,False,False,False,False,False
random_ruehl_mask,strong,55,270920315,120,RIGHT,RIGHT,0.03954197745770216,False,False,False,False,False,False,False
random_ruehl_mask,strong,55,270920315,121,WAIT,WAIT,0.0524159986525774,False,True,False,False,False,False,False
random_ruehl_mask,strong,55,270920315,122,WAIT,WAIT,0.06591703277081251,False,False,False,False,False,False,False
random_ruehl_mask,strong,55,270920315,123,WAIT,WAIT,0.056999968364834785,False,False,False,False,False,False,False
random_ruehl_mask,strong,55,270920315,124,LEFT,LEFT,0.03716594073921442,False,False,False,False,False,False,False
random_ruehl_mask,strong,55,270920315,125,RIGHT,RIGHT,0.051749986596405506,False,False,False,False,False,False,False
random_ruehl_mask,strong,55,270920315,126,WAIT,WAIT,0.04816707223653793,False,False,False,False,False,False,False
random_ruehl_mask,strong,55,270920315,127,RIGHT,RIGHT,0.04545890260487795,False,False,False,False,False,False,True
random_ruehl_mask,strong,55,270920315,128,BOMB,BOMB,0.08704198990017176,False,False,False,True,False,False,True
random_ruehl_mask,strong,55,270920315,129,DOWN,DOWN,0.0322909327223897,False,False,False,False,False,False,True
random_ruehl_mask,strong,55,270920315,130,WAIT,WAIT,0.03133306745439768,False,False,False,False,False,False,True
random_ruehl_mask,strong,55,270920315,131,WAIT,WAIT,0.051709008403122425,False,True,True,False,False,False,True
random_ruehl_mask,strong,55,270920315,132,WAIT,WAIT,0.04949991125613451,False,False,False,False,False,False,True
random_ruehl_mask,strong,56,270920316,1,RIGHT,RIGHT,0.12804102152585983,False,True,False,False,False,False,False
random_ruehl_mask,strong,56,270920316,2,RIGHT,RIGHT,0.08687505032867193,False,False,False,False,False,False,False
random_ruehl_mask,strong,56,270920316,3,LEFT,LEFT,0.08762499783188105,False,False,False,False,False,False,False
random_ruehl_mask,strong,56,270920316,4,BOMB,BOMB,0.10241707786917686,False,False,False,True,False,False,False
random_ruehl_mask,strong,56,270920316,5,RIGHT,RIGHT,0.08641695603728294,False,False,False,False,False,False,False
random_ruehl_mask,strong,56,270920316,6,DOWN,DOWN,0.06895896513015032,False,False,False,False,False,False,False
random_ruehl_mask,strong,56,270920316,7,WAIT,WAIT,0.07095804903656244,False,False,False,False,False,False,False
random_ruehl_mask,strong,56,270920316,8,WAIT,WAIT,0.05662499461323023,False,False,False,False,False,False,False
random_ruehl_mask,strong,56,270920316,9,WAIT,WAIT,0.06599992047995329,False,False,False,False,False,False,False
random_ruehl_mask,strong,56,270920316,10,WAIT,WAIT,0.059165991842746735,False,False,False,False,False,False,False
random_ruehl_mask,strong,56,270920316,11,UP,UP,0.08304102811962366,False,True,False,False,False,False,False
random_ruehl_mask,strong,56,270920316,12,WAIT,WAIT,0.11441705282777548,False,False,False,False,False,False,True
random_ruehl_mask,strong,56,270920316,13,BOMB,BOMB,0.12162502389401197,False,False,False,True,False,False,True
random_ruehl_mask,strong,56,270920316,14,DOWN,DOWN,0.06512505933642387,False,False,False,False,False,False,True
random_ruehl_mask,strong,56,270920316,15,WAIT,WAIT,0.06683298852294683,False,False,False,False,False,False,True
random_ruehl_mask,strong,56,270920316,16,WAIT,WAIT,0.048083020374178886,False,False,False,False,False,False,True
random_ruehl_mask,strong,56,270920316,17,WAIT,WAIT,0.054833944886922836,False,False,False,False,False,False,True
random_ruehl_mask,strong,57,270920317,1,RIGHT,RIGHT,0.09554100688546896,False,True,False,False,False,False,False
random_ruehl_mask,strong,57,270920317,2,LEFT,LEFT,0.08237501606345177,False,False,False,False,False,False,False
random_ruehl_mask,strong,57,270920317,3,RIGHT,RIGHT,0.10579102672636509,False,False,False,False,False,False,False
random_ruehl_mask,strong,57,270920317,4,WAIT,WAIT,0.07558392826467752,False,False,False,False,False,False,False
random_ruehl_mask,strong,57,270920317,5,WAIT,WAIT,0.08341704960912466,False,False,False,False,False,False,False
random_ruehl_mask,strong,57,270920317,6,WAIT,WAIT,0.09091699030250311,False,False,False,False,False,False,False
random_ruehl_mask,strong,57,270920317,7,WAIT,WAIT,0.10841700714081526,False,False,False,False,False,False,False
random_ruehl_mask,strong,57,270920317,8,WAIT,WAIT,0.10516599286347628,False,False,False,False,False,False,False
random_ruehl_mask,strong,57,270920317,9,BOMB,BOMB,0.06570899859070778,False,False,False,True,False,False,False
random_ruehl_mask,strong,57,270920317,10,LEFT,LEFT,0.03925000783056021,False,False,False,False,False,False,False
random_ruehl_mask,strong,57,270920317,11,WAIT,WAIT,0.06933300755918026,False,True,False,False,False,False,False
random_ruehl_mask,strong,57,270920317,12,DOWN,DOWN,0.05558400880545378,False,False,False,False,False,False,False
random_ruehl_mask,strong,57,270920317,13,WAIT,WAIT,0.07833295967429876,False,False,False,False,False,False,False
random_ruehl_mask,strong,57,270920317,14,WAIT,WAIT,0.08579192217439413,False,False,False,False,False,False,False
random_ruehl_mask,strong,57,270920317,15,WAIT,WAIT,0.06750004831701517,False,False,False,False,False,False,False
random_ruehl_mask,strong,57,270920317,16,BOMB,BOMB,0.07412489503622055,False,False,False,True,False,False,False
random_ruehl_mask,strong,57,270920317,17,UP,UP,0.0706670107319951,False,False,False,False,False,False,False
random_ruehl_mask,strong,57,270920317,18,WAIT,WAIT,0.04362489562481642,False,False,False,False,False,False,False
random_ruehl_mask,strong,57,270920317,19,RIGHT,RIGHT,0.07441698107868433,False,False,False,False,False,False,False
random_ruehl_mask,strong,57,270920317,20,WAIT,WAIT,0.06062490865588188,False,False,False,False,False,False,False
random_ruehl_mask,strong,57,270920317,21,RIGHT,RIGHT,0.07149996235966682,False,True,False,False,False,False,False
random_ruehl_mask,strong,57,270920317,22,LEFT,LEFT,0.07324991747736931,False,False,False,False,False,False,False
random_ruehl_mask,strong,57,270920317,23,WAIT,WAIT,0.0826249597594142,False,False,False,False,False,False,False
random_ruehl_mask,strong,57,270920317,24,RIGHT,RIGHT,0.059249927289783955,False,False,False,False,False,False,False
random_ruehl_mask,strong,57,270920317,25,RIGHT,RIGHT,0.1242499565705657,False,False,False,False,False,False,False
random_ruehl_mask,strong,57,270920317,26,LEFT,LEFT,0.09391701314598322,False,False,False,False,False,False,False
random_ruehl_mask,strong,57,270920317,27,LEFT,LEFT,0.08991698268800974,False,False,False,False,False,False,False
random_ruehl_mask,strong,57,270920317,28,WAIT,WAIT,0.0701668905094266,False,False,False,False,False,False,False
random_ruehl_mask,strong,57,270920317,29,RIGHT,RIGHT,0.08087500464171171,False,False,False,False,False,False,False
random_ruehl_mask,strong,57,270920317,30,WAIT,WAIT,0.09850005153566599,False,False,False,False,False,False,False
random_ruehl_mask,strong,57,270920317,31,RIGHT,RIGHT,0.10104198008775711,False,True,False,False,False,False,False
random_ruehl_mask,strong,57,270920317,32,RIGHT,RIGHT,0.1082499511539936,False,False,False,False,False,False,False
random_ruehl_mask,strong,57,270920317,33,WAIT,WAIT,0.1252919901162386,False,False,False,False,False,False,False
random_ruehl_mask,strong,57,270920317,34,LEFT,LEFT,0.11262507177889347,False,False,False,False,False,False,True
random_ruehl_mask,strong,57,270920317,35,BOMB,BOMB,0.10020809713751078,False,False,False,True,False,False,True
random_ruehl_mask,strong,57,270920317,36,RIGHT,RIGHT,0.08350005373358727,False,False,False,False,False,False,True
random_ruehl_mask,strong,57,270920317,37,WAIT,WAIT,0.05737505853176117,False,False,False,False,False,False,True
random_ruehl_mask,strong,57,270920317,38,WAIT,WAIT,0.06795802619308233,False,False,False,False,False,False,True
random_ruehl_mask,strong,57,270920317,39,WAIT,WAIT,0.06716698408126831,False,False,False,False,False,False,True
random_ruehl_mask,strong,58,270920318,1,DOWN,DOWN,0.10170903988182545,False,True,False,False,False,False,False
random_ruehl_mask,strong,58,270920318,2,BOMB,BOMB,0.07449998520314693,False,False,False,True,False,False,False
random_ruehl_mask,strong,58,270920318,3,UP,UP,0.04087504930794239,False,False,False,False,False,False,False
random_ruehl_mask,strong,58,270920318,4,RIGHT,RIGHT,0.05395791959017515,False,False,False,False,False,False,False
random_ruehl_mask,strong,58,270920318,5,WAIT,WAIT,0.07604190614074469,False,False,False,False,False,False,False
random_ruehl_mask,strong,58,270920318,6,WAIT,WAIT,0.06754102651029825,False,False,False,False,False,False,False
random_ruehl_mask,strong,58,270920318,7,WAIT,WAIT,0.07233303040266037,False,False,False,False,False,False,False
random_ruehl_mask,strong,58,270920318,8,LEFT,LEFT,0.04075001925230026,False,False,False,False,False,False,False
random_ruehl_mask,strong,58,270920318,9,RIGHT,RIGHT,0.08395896293222904,False,False,False,False,False,False,False
random_ruehl_mask,strong,58,270920318,10,LEFT,LEFT,0.08412497118115425,False,False,False,False,False,False,False
random_ruehl_mask,strong,58,270920318,11,RIGHT,RIGHT,0.08233299013227224,False,True,False,False,False,False,False
random_ruehl_mask,strong,58,270920318,12,BOMB,BOMB,0.09708397556096315,False,False,False,True,False,False,False
random_ruehl_mask,strong,58,270920318,13,LEFT,LEFT,0.07741607259958982,False,False,False,False,False,False,False
random_ruehl_mask,strong,58,270920318,14,WAIT,WAIT,0.06687501445412636,False,False,False,False,False,False,False
random_ruehl_mask,strong,58,270920318,15,DOWN,DOWN,0.07245899178087711,False,False,False,False,False,False,False
random_ruehl_mask,strong,58,270920318,16,WAIT,WAIT,0.04370801616460085,False,False,False,False,False,False,False
random_ruehl_mask,strong,58,270920318,17,WAIT,WAIT,0.06504100747406483,False,False,False,False,False,False,False
random_ruehl_mask,strong,58,270920318,18,WAIT,WAIT,0.05345791578292847,False,False,False,False,False,False,False
random_ruehl_mask,strong,58,270920318,19,UP,UP,0.06987492088228464,False,False,False,False,False,False,False
random_ruehl_mask,strong,58,270920318,20,RIGHT,RIGHT,0.07474992889910936,False,False,False,False,False,False,False
random_ruehl_mask,strong,58,270920318,21,WAIT,WAIT,0.08887494914233685,False,True,False,False,False,False,False
random_ruehl_mask,strong,58,270920318,22,RIGHT,RIGHT,0.09099999442696571,False,False,False,False,False,False,False
random_ruehl_mask,strong,58,270920318,23,WAIT,WAIT,0.10012497659772635,False,False,False,False,False,False,False
random_ruehl_mask,strong,58,270920318,24,RIGHT,RIGHT,0.10133290197700262,False,False,False,False,False,False,False
random_ruehl_mask,strong,58,270920318,25,LEFT,LEFT,0.07525004912167788,False,False,False,False,False,False,False
random_ruehl_mask,strong,58,270920318,26,LEFT,LEFT,0.11258292943239212,False,False,False,False,False,False,False
random_ruehl_mask,strong,58,270920318,27,RIGHT,RIGHT,0.052582938224077225,False,False,False,False,False,False,False
random_ruehl_mask,strong,58,270920318,28,WAIT,WAIT,0.08516700472682714,False,False,False,False,False,False,True
random_ruehl_mask,strong,58,270920318,29,BOMB,BOMB,0.08054205682128668,False,False,False,True,False,False,True
random_ruehl_mask,strong,58,270920318,30,RIGHT,RIGHT,0.04733400419354439,False,False,False,False,False,False,True
random_ruehl_mask,strong,58,270920318,31,RIGHT,RIGHT,0.07200008258223534,False,False,False,False,False,False,True
random_ruehl_mask,strong,58,270920318,32,WAIT,WAIT,0.09695906192064285,False,False,False,False,False,False,True
random_ruehl_mask,strong,58,270920318,33,LEFT,LEFT,0.07950002327561378,False,False,False,False,False,False,True
random_ruehl_mask,strong,59,270920319,1,WAIT,WAIT,0.09783299174159765,False,True,False,False,False,False,False
random_ruehl_mask,strong,59,270920319,2,LEFT,LEFT,0.07883296348154545,False,False,False,False,False,False,False
random_ruehl_mask,strong,59,270920319,3,WAIT,WAIT,0.06799993570894003,False,False,False,False,False,False,False
random_ruehl_mask,strong,59,270920319,4,WAIT,WAIT,0.06837502587586641,False,False,False,False,False,False,False
random_ruehl_mask,strong,59,270920319,5,WAIT,WAIT,0.10470906272530556,False,False,False,False,False,False,False
random_ruehl_mask,strong,59,270920319,6,RIGHT,RIGHT,0.09112502448260784,False,False,False,False,False,False,False
random_ruehl_mask,strong,59,270920319,7,LEFT,LEFT,0.09379198309034109,False,False,False,False,False,False,False
random_ruehl_mask,strong,59,270920319,8,RIGHT,RIGHT,0.08308305405080318,False,False,False,False,False,False,False
random_ruehl_mask,strong,59,270920319,9,LEFT,LEFT,0.09187508840113878,False,False,False,False,False,False,False
random_ruehl_mask,strong,59,270920319,10,RIGHT,RIGHT,0.07458392065018415,False,False,False,False,False,False,False
random_ruehl_mask,strong,59,270920319,11,DOWN,DOWN,0.07833389099687338,False,True,False,False,False,False,False
random_ruehl_mask,strong,59,270920319,12,WAIT,WAIT,0.09829190094023943,False,False,False,False,False,False,False
random_ruehl_mask,strong,59,270920319,13,WAIT,WAIT,0.10129099246114492,False,False,False,False,False,False,False
random_ruehl_mask,strong,59,270920319,14,UP,UP,0.09004096500575542,False,False,False,False,False,False,False
random_ruehl_mask,strong,59,270920319,15,WAIT,WAIT,0.10924995876848698,False,False,False,False,False,False,False
random_ruehl_mask,strong,59,270920319,16,WAIT,WAIT,0.07979199290275574,False,False,False,False,False,False,False
random_ruehl_mask,strong,59,270920319,17,LEFT,LEFT,0.0778749817982316,False,False,False,False,False,False,False
random_ruehl_mask,strong,59,270920319,18,BOMB,BOMB,0.08758401963859797,False,False,False,True,False,False,False
random_ruehl_mask,strong,59,270920319,19,RIGHT,RIGHT,0.04816602449864149,False,False,False,False,False,False,False
random_ruehl_mask,strong,59,270920319,20,WAIT,WAIT,0.06162491627037525,False,False,False,False,False,False,False
random_ruehl_mask,strong,59,270920319,21,DOWN,DOWN,0.060290913097560406,False,True,False,False,False,False,False
random_ruehl_mask,strong,59,270920319,22,WAIT,WAIT,0.0766669400036335,False,False,False,False,False,False,False
random_ruehl_mask,strong,59,270920319,23,WAIT,WAIT,0.04679197445511818,False,False,False,False,False,False,False
random_ruehl_mask,strong,59,270920319,24,UP,UP,0.040458980947732925,False,False,False,False,False,False,False
random_ruehl_mask,strong,59,270920319,25,WAIT,WAIT,0.09087508078664541,False,False,False,False,False,False,False
random_ruehl_mask,strong,59,270920319,26,WAIT,WAIT,0.08612498641014099,False,False,False,False,False,False,True
random_ruehl_mask,strong,59,270920319,27,BOMB,BOMB,0.08591602090746164,False,False,False,True,False,False,True
random_ruehl_mask,strong,59,270920319,28,DOWN,DOWN,0.04833401180803776,False,False,False,False,False,False,True
random_ruehl_mask,strong,59,270920319,29,WAIT,WAIT,0.05254207644611597,False,False,False,False,False,False,True
random_ruehl_mask,strong,59,270920319,30,WAIT,WAIT,0.06308301817625761,False,False,False,False,False,False,True
random_ruehl_mask,strong,59,270920319,31,WAIT,WAIT,0.048915972001850605,False,False,False,False,False,False,True
random_ruehl_mask,strong,60,270920320,1,WAIT,WAIT,0.11258397717028856,False,True,False,False,False,False,False
random_ruehl_mask,strong,60,270920320,2,DOWN,DOWN,0.0754999928176403,False,False,False,False,False,False,False
random_ruehl_mask,strong,60,270920320,3,UP,UP,0.0743749551475048,False,False,False,False,False,False,False
random_ruehl_mask,strong,60,270920320,4,RIGHT,RIGHT,0.06933300755918026,False,False,False,False,False,False,False
random_ruehl_mask,strong,60,270920320,5,LEFT,LEFT,0.08599995635449886,False,False,False,False,False,False,False
random_ruehl_mask,strong,60,270920320,6,WAIT,WAIT,0.11658307630568743,False,False,False,False,False,False,False
random_ruehl_mask,strong,60,270920320,7,WAIT,WAIT,0.09599991608411074,False,False,False,False,False,False,False
random_ruehl_mask,strong,60,270920320,8,RIGHT,RIGHT,0.09829096961766481,False,False,False,False,False,False,False
random_ruehl_mask,strong,60,270920320,9,BOMB,BOMB,0.07287494372576475,False,False,False,True,False,False,False
random_ruehl_mask,strong,60,270920320,10,LEFT,LEFT,0.058999983593821526,False,False,False,False,False,False,False
random_ruehl_mask,strong,60,270920320,11,WAIT,WAIT,0.055458047427237034,False,True,False,False,False,False,False
random_ruehl_mask,strong,60,270920320,12,DOWN,DOWN,0.08208304643630981,False,False,False,False,False,False,False
random_ruehl_mask,strong,60,270920320,13,WAIT,WAIT,0.07637508679181337,False,False,False,False,False,False,False
random_ruehl_mask,strong,60,270920320,14,WAIT,WAIT,0.09400001727044582,False,False,False,False,False,False,False
random_ruehl_mask,strong,60,270920320,15,UP,UP,0.0730419997125864,False,False,False,False,False,False,False
random_ruehl_mask,strong,60,270920320,16,RIGHT,RIGHT,0.0861660810187459,False,False,False,False,False,False,False
random_ruehl_mask,strong,60,270920320,17,LEFT,LEFT,0.0512079568579793,False,False,False,False,False,False,False
random_ruehl_mask,strong,60,270920320,18,DOWN,DOWN,0.09425007738173008,False,False,False,False,False,False,False
random_ruehl_mask,strong,60,270920320,19,WAIT,WAIT,0.07129204459488392,False,False,False,False,False,False,False
random_ruehl_mask,strong,60,270920320,20,WAIT,WAIT,0.08637504652142525,False,False,False,False,False,False,False
random_ruehl_mask,strong,60,270920320,21,UP,UP,0.09424996096640825,False,True,False,False,False,False,True
random_ruehl_mask,strong,60,270920320,22,BOMB,BOMB,0.28250005561858416,False,False,False,True,False,False,True
random_ruehl_mask,strong,60,270920320,23,RIGHT,RIGHT,0.06041605956852436,False,False,False,False,False,False,True
random_ruehl_mask,strong,60,270920320,24,WAIT,WAIT,0.0588330440223217,False,False,False,False,False,False,True
random_ruehl_mask,strong,60,270920320,25,RIGHT,RIGHT,0.06512494292110205,False,False,False,False,False,False,True
random_ruehl_mask,strong,60,270920320,26,RIGHT,RIGHT,0.06033293902873993,False,False,False,False,False,False,True
random_ruehl_mask,strong,61,270920321,1,DOWN,DOWN,0.11570798233151436,False,True,False,False,False,False,True
random_ruehl_mask,strong,61,270920321,2,BOMB,BOMB,0.07791700772941113,False,False,False,True,False,False,True
random_ruehl_mask,strong,61,270920321,3,DOWN,DOWN,0.06087496876716614,False,False,False,False,False,False,True
random_ruehl_mask,strong,61,270920321,4,WAIT,WAIT,0.053584109991788864,False,False,False,False,False,False,True
random_ruehl_mask,strong,61,270920321,5,WAIT,WAIT,0.07958407513797283,False,False,False,False,False,False,True
random_ruehl_mask,strong,61,270920321,6,DOWN,DOWN,0.07175002247095108,False,False,False,False,False,False,True
random_ruehl_mask,strong,62,270920322,1,LEFT,LEFT,0.09995803702622652,False,True,False,False,False,False,False
random_ruehl_mask,strong,62,270920322,2,WAIT,WAIT,0.0874579418450594,False,False,False,False,False,False,False
random_ruehl_mask,strong,62,270920322,3,WAIT,WAIT,0.0741670373827219,False,False,False,False,False,False,False
random_ruehl_mask,strong,62,270920322,4,RIGHT,RIGHT,0.07016595918685198,False,False,False,False,False,False,False
random_ruehl_mask,strong,62,270920322,5,LEFT,LEFT,0.10529090650379658,False,False,False,False,False,False,False
random_ruehl_mask,strong,62,270920322,6,RIGHT,RIGHT,0.08554093074053526,False,False,False,False,False,False,False
random_ruehl_mask,strong,62,270920322,7,WAIT,WAIT,0.11454196646809578,False,False,False,False,False,False,False
random_ruehl_mask,strong,62,270920322,8,WAIT,WAIT,0.08412497118115425,False,False,False,False,False,False,False
random_ruehl_mask,strong,62,270920322,9,LEFT,LEFT,0.07433304563164711,False,False,False,False,False,False,True
random_ruehl_mask,strong,62,270920322,10,BOMB,BOMB,0.0902919564396143,False,False,False,True,False,False,True
random_ruehl_mask,strong,62,270920322,11,LEFT,LEFT,0.04670803900808096,False,True,True,False,False,False,True
random_ruehl_mask,strong,62,270920322,12,WAIT,WAIT,0.043917098082602024,False,False,False,False,False,False,True
random_ruehl_mask,strong,62,270920322,13,WAIT,WAIT,0.08058396633714437,False,False,False,False,False,False,True
random_ruehl_mask,strong,62,270920322,14,WAIT,WAIT,0.0940829049795866,False,False,False,False,False,False,True
random_ruehl_mask,strong,63,270920323,1,RIGHT,RIGHT,0.10095804464071989,False,True,False,False,False,False,False
random_ruehl_mask,strong,63,270920323,2,WAIT,WAIT,0.07291696965694427,False,False,False,False,False,False,False
random_ruehl_mask,strong,63,270920323,3,WAIT,WAIT,0.06958399899303913,False,False,False,False,False,False,False
random_ruehl_mask,strong,63,270920323,4,WAIT,WAIT,0.1040829811245203,False,False,False,False,False,False,False
random_ruehl_mask,strong,63,270920323,5,BOMB,BOMB,0.09729107841849327,False,False,False,True,False,False,False
random_ruehl_mask,strong,63,270920323,6,LEFT,LEFT,0.06562506314367056,False,False,False,False,False,False,False
random_ruehl_mask,strong,63,270920323,7,UP,UP,0.06616697646677494,False,False,False,False,False,False,False
random_ruehl_mask,strong,63,270920323,8,WAIT,WAIT,0.06091699469834566,False,False,False,False,False,False,False
random_ruehl_mask,strong,63,270920323,9,WAIT,WAIT,0.049875001423060894,False,False,False,False,False,False,False
random_ruehl_mask,strong,63,270920323,10,WAIT,WAIT,0.04595797508955002,False,False,False,False,False,False,False
random_ruehl_mask,strong,63,270920323,11,WAIT,WAIT,0.05837494973093271,False,True,False,False,False,False,False
random_ruehl_mask,strong,63,270920323,12,BOMB,BOMB,0.11099991388618946,False,False,False,True,False,False,False
random_ruehl_mask,strong,63,270920323,13,DOWN,DOWN,0.07904204539954662,False,False,False,False,False,False,False
random_ruehl_mask,strong,63,270920323,14,WAIT,WAIT,0.10212499182671309,False,False,False,False,False,False,False
random_ruehl_mask,strong,63,270920323,15,RIGHT,RIGHT,0.08770800195634365,False,False,False,False,False,False,False
random_ruehl_mask,strong,63,270920323,16,WAIT,WAIT,0.052582938224077225,False,False,False,False,False,False,False
random_ruehl_mask,strong,63,270920323,17,WAIT,WAIT,0.07354200351983309,False,False,False,False,False,False,False
random_ruehl_mask,strong,63,270920323,18,RIGHT,RIGHT,0.055292039178311825,False,False,False,False,False,False,False
random_ruehl_mask,strong,63,270920323,19,WAIT,WAIT,0.10070798452943563,False,False,False,False,False,False,False
random_ruehl_mask,strong,63,270920323,20,UP,UP,0.11004193220287561,False,False,False,False,False,False,False
random_ruehl_mask,strong,63,270920323,21,DOWN,DOWN,0.10779092554003,False,True,False,False,False,False,False
random_ruehl_mask,strong,63,270920323,22,RIGHT,RIGHT,0.30379206873476505,False,False,False,False,False,False,False
random_ruehl_mask,strong,63,270920323,23,RIGHT,RIGHT,0.11108291801065207,False,False,False,False,False,False,False
random_ruehl_mask,strong,63,270920323,24,LEFT,LEFT,0.11516700033098459,False,False,False,False,False,False,False
random_ruehl_mask,strong,63,270920323,25,RIGHT,RIGHT,0.0892080133780837,False,False,False,False,False,False,False
random_ruehl_mask,strong,63,270920323,26,BOMB,BOMB,0.09283400140702724,False,False,False,True,False,False,False
random_ruehl_mask,strong,63,270920323,27,LEFT,LEFT,0.041624996811151505,False,False,False,False,False,False,False
random_ruehl_mask,strong,63,270920323,28,WAIT,WAIT,0.048291985876858234,False,False,False,False,False,False,False
random_ruehl_mask,strong,63,270920323,29,LEFT,LEFT,0.08641707245260477,False,False,False,False,False,False,False
random_ruehl_mask,strong,63,270920323,30,UP,UP,0.09241700172424316,False,False,False,False,False,False,False
random_ruehl_mask,strong,63,270920323,31,WAIT,WAIT,0.06841705180704594,False,True,False,False,False,False,False
random_ruehl_mask,strong,63,270920323,32,DOWN,DOWN,0.06162503268569708,False,False,False,False,False,False,False
random_ruehl_mask,strong,63,270920323,33,LEFT,LEFT,0.10212499182671309,False,False,False,False,False,False,False
random_ruehl_mask,strong,63,270920323,34,LEFT,LEFT,0.0688750296831131,False,False,False,False,False,False,False
random_ruehl_mask,strong,63,270920323,35,WAIT,WAIT,0.08120900020003319,False,False,False,False,False,False,False
random_ruehl_mask,strong,63,270920323,36,WAIT,WAIT,0.06383308209478855,False,False,False,False,False,False,False
random_ruehl_mask,strong,63,270920323,37,RIGHT,RIGHT,0.060415943153202534,False,False,False,False,False,False,False
random_ruehl_mask,strong,63,270920323,38,RIGHT,RIGHT,0.06741599645465612,False,False,False,False,False,False,False
random_ruehl_mask,strong,63,270920323,39,RIGHT,RIGHT,0.0964159844443202,False,False,False,False,False,False,False
random_ruehl_mask,strong,63,270920323,40,LEFT,LEFT,0.06062502507120371,False,False,False,False,False,False,False
random_ruehl_mask,strong,63,270920323,41,RIGHT,RIGHT,0.11725001968443394,False,True,False,False,False,False,False
random_ruehl_mask,strong,63,270920323,42,LEFT,LEFT,0.08120900020003319,False,False,False,False,False,False,False
random_ruehl_mask,strong,63,270920323,43,BOMB,BOMB,0.1229170011356473,False,False,False,True,False,False,False
random_ruehl_mask,strong,63,270920323,44,LEFT,LEFT,0.060832942835986614,False,False,False,False,False,False,False
random_ruehl_mask,strong,63,270920323,45,LEFT,LEFT,0.05679100286215544,False,False,False,False,False,False,False
random_ruehl_mask,strong,63,270920323,46,UP,UP,0.055916025303304195,False,False,False,False,False,False,False
random_ruehl_mask,strong,63,270920323,47,WAIT,WAIT,0.06970891263335943,False,False,False,False,False,False,False
random_ruehl_mask,strong,63,270920323,48,UP,UP,0.062125036492943764,False,False,False,False,False,False,False
random_ruehl_mask,strong,63,270920323,49,RIGHT,RIGHT,0.07037504110485315,False,False,False,False,False,False,False
random_ruehl_mask,strong,63,270920323,50,BOMB,BOMB,0.08991698268800974,False,False,False,True,False,False,False
random_ruehl_mask,strong,63,270920323,51,LEFT,LEFT,0.0713749323040247,False,True,False,False,False,False,False
random_ruehl_mask,strong,63,270920323,52,WAIT,WAIT,0.05704199429601431,False,False,False,False,False,False,False
random_ruehl_mask,strong,63,270920323,53,UP,UP,0.07274991367012262,False,False,False,False,False,False,False
random_ruehl_mask,strong,63,270920323,54,WAIT,WAIT,0.06404099985957146,False,False,False,False,False,False,False
random_ruehl_mask,strong,63,270920323,55,UP,UP,0.05479191895574331,False,False,False,False,False,False,False
random_ruehl_mask,strong,63,270920323,56,DOWN,DOWN,0.051915994845330715,False,False,False,False,False,False,False
random_ruehl_mask,strong,63,270920323,57,WAIT,WAIT,0.09541690815240145,False,False,False,False,False,False,False
random_ruehl_mask,strong,63,270920323,58,BOMB,BOMB,0.09637500625103712,False,False,False,True,False,False,False
random_ruehl_mask,strong,63,270920323,59,DOWN,DOWN,0.059125013649463654,False,False,False,False,False,False,False
random_ruehl_mask,strong,63,270920323,60,RIGHT,RIGHT,0.07379206363111734,False,False,False,False,False,False,False
random_ruehl_mask,strong,63,270920323,61,RIGHT,RIGHT,0.06629200652241707,False,True,False,False,False,False,False
random_ruehl_mask,strong,63,270920323,62,WAIT,WAIT,0.0718339579179883,False,False,False,False,False,False,False
random_ruehl_mask,strong,63,270920323,63,UP,UP,0.11662498582154512,False,False,False,False,False,False,False
random_ruehl_mask,strong,63,270920323,64,DOWN,DOWN,0.04712503869086504,False,False,False,False,False,False,False
random_ruehl_mask,strong,63,270920323,65,LEFT,LEFT,0.10445807129144669,False,False,False,False,False,False,False
random_ruehl_mask,strong,63,270920323,66,RIGHT,RIGHT,0.05983398295938969,False,False,False,False,False,False,False
random_ruehl_mask,strong,63,270920323,67,UP,UP,0.127083039842546,False,False,False,False,False,False,False
random_ruehl_mask,strong,63,270920323,68,WAIT,WAIT,0.09312492329627275,False,False,False,False,False,False,False
random_ruehl_mask,strong,63,270920323,69,BOMB,BOMB,0.08575001265853643,False,False,False,True,False,False,False
random_ruehl_mask,strong,63,270920323,70,DOWN,DOWN,0.07412501145154238,False,False,False,False,False,False,False
random_ruehl_mask,strong,63,270920323,71,RIGHT,RIGHT,0.062000006437301636,False,True,False,False,False,False,False
random_ruehl_mask,strong,63,270920323,72,RIGHT,RIGHT,0.08216605056077242,False,False,False,False,False,False,False
random_ruehl_mask,strong,63,270920323,73,WAIT,WAIT,0.06620795466005802,False,False,False,False,False,False,False
random_ruehl_mask,strong,63,270920323,74,WAIT,WAIT,0.04983297549188137,False,False,False,False,False,False,False
random_ruehl_mask,strong,63,270920323,75,LEFT,LEFT,0.051083043217659,False,False,False,False,False,False,False
random_ruehl_mask,strong,63,270920323,76,BOMB,BOMB,0.150916981510818,False,False,False,True,False,False,False
random_ruehl_mask,strong,63,270920323,77,LEFT,LEFT,0.056292046792805195,False,False,False,False,False,False,False
random_ruehl_mask,strong,63,270920323,78,DOWN,DOWN,0.04325003828853369,False,False,False,False,False,False,False
random_ruehl_mask,strong,63,270920323,79,DOWN,DOWN,0.07445807568728924,False,False,False,False,False,False,False
random_ruehl_mask,strong,63,270920323,80,WAIT,WAIT,0.08399994112551212,False,False,False,False,False,False,False
random_ruehl_mask,strong,63,270920323,81,UP,UP,0.06745802238583565,False,True,False,False,False,False,False
random_ruehl_mask,strong,63,270920323,82,WAIT,WAIT,0.07162499241530895,False,False,False,False,False,False,False
random_ruehl_mask,strong,63,270920323,83,DOWN,DOWN,0.07591699250042439,False,False,False,False,False,False,False
random_ruehl_mask,strong,63,270920323,84,UP,UP,0.08387502748519182,False,False,False,False,False,False,False
random_ruehl_mask,strong,63,270920323,85,DOWN,DOWN,0.060125021263957024,False,False,False,False,False,False,False
random_ruehl_mask,strong,63,270920323,86,RIGHT,RIGHT,0.09262491948902607,False,False,False,False,False,False,False
random_ruehl_mask,strong,63,270920323,87,WAIT,WAIT,0.08341693319380283,False,False,False,False,False,False,False
random_ruehl_mask,strong,63,270920323,88,LEFT,LEFT,0.08395803160965443,False,False,False,False,False,False,False
random_ruehl_mask,strong,63,270920323,89,LEFT,LEFT,0.06787502206861973,False,False,False,False,False,False,False
random_ruehl_mask,strong,63,270920323,90,LEFT,LEFT,0.053458032198250294,False,False,False,False,False,False,False
random_ruehl_mask,strong,63,270920323,91,RIGHT,RIGHT,0.07154210470616817,False,True,False,False,False,False,False
random_ruehl_mask,strong,63,270920323,92,WAIT,WAIT,0.0685409177094698,False,False,False,False,False,False,False
random_ruehl_mask,strong,63,270920323,93,LEFT,LEFT,0.0631249276921153,False,False,False,False,False,False,False
random_ruehl_mask,strong,63,270920323,94,WAIT,WAIT,0.05679193418473005,False,False,False,False,False,False,False
random_ruehl_mask,strong,63,270920323,95,UP,UP,0.08087500464171171,False,False,False,False,False,False,False
random_ruehl_mask,strong,63,270920323,96,UP,UP,0.08095905650407076,False,False,False,False,False,False,False
random_ruehl_mask,strong,63,270920323,97,UP,UP,0.08004205301404,False,False,False,False,False,False,False
random_ruehl_mask,strong,63,270920323,98,UP,UP,0.055165961384773254,False,False,False,False,False,False,True
random_ruehl_mask,strong,63,270920323,99,BOMB,BOMB,0.10291603393852711,False,False,False,True,False,False,True
random_ruehl_mask,strong,63,270920323,100,UP,UP,0.040583894588053226,False,False,False,False,False,False,True
random_ruehl_mask,strong,63,270920323,101,UP,UP,0.055040931329131126,False,True,False,False,False,False,True
random_ruehl_mask,strong,63,270920323,102,WAIT,WAIT,0.06445904728025198,False,False,False,False,False,False,True
random_ruehl_mask,strong,63,270920323,103,WAIT,WAIT,0.06750004831701517,False,False,False,False,False,False,True
random_ruehl_mask,strong,64,270920324,1,BOMB,BOMB,0.1039580674842,False,True,False,True,False,False,True
random_ruehl_mask,strong,64,270920324,2,DOWN,DOWN,0.06508396472781897,False,False,False,False,False,False,True
random_ruehl_mask,strong,64,270920324,3,WAIT,WAIT,0.05983305163681507,False,False,False,False,False,False,True
random_ruehl_mask,strong,64,270920324,4,WAIT,WAIT,0.06641598884016275,False,False,False,False,False,False,True
random_ruehl_mask,strong,64,270920324,5,WAIT,WAIT,0.08195801638066769,False,False,False,False,False,False,True
random_ruehl_mask,strong,65,270920325,1,WAIT,WAIT,0.10241707786917686,False,True,False,False,False,False,False
random_ruehl_mask,strong,65,270920325,2,DOWN,DOWN,0.09912496898323298,False,False,False,False,False,False,False
random_ruehl_mask,strong,65,270920325,3,BOMB,BOMB,0.07512501906603575,False,False,False,True,False,False,False
random_ruehl_mask,strong,65,270920325,4,UP,UP,0.03887503407895565,False,False,False,False,False,False,False
random_ruehl_mask,strong,65,270920325,5,LEFT,LEFT,0.08220807649195194,False,False,False,False,False,False,False
random_ruehl_mask,strong,65,270920325,6,WAIT,WAIT,0.08104194421321154,False,False,False,False,False,False,False
random_ruehl_mask,strong,65,270920325,7,WAIT,WAIT,0.06741704419255257,False,False,False,False,False,False,False
random_ruehl_mask,strong,65,270920325,8,WAIT,WAIT,0.08050003089010715,False,False,False,False,False,False,False
random_ruehl_mask,strong,65,270920325,9,RIGHT,RIGHT,0.055416952818632126,False,False,False,False,False,False,True
random_ruehl_mask,strong,65,270920325,10,BOMB,BOMB,0.09174994193017483,False,False,False,True,False,False,True
random_ruehl_mask,strong,65,270920325,11,DOWN,DOWN,0.04941702354699373,False,True,False,False,False,False,True
random_ruehl_mask,strong,65,270920325,12,WAIT,WAIT,0.06620795466005802,False,False,False,False,False,False,True
random_ruehl_mask,strong,65,270920325,13,WAIT,WAIT,0.3326669102534652,False,False,False,False,False,False,True
random_ruehl_mask,strong,65,270920325,14,DOWN,DOWN,0.08087500464171171,False,False,False,False,False,False,True
random_ruehl_mask,strong,66,270920326,1,UP,UP,0.09966699872165918,False,True,False,False,False,False,False
random_ruehl_mask,strong,66,270920326,2,BOMB,BOMB,0.07204199209809303,False,False,False,True,False,False,False
random_ruehl_mask,strong,66,270920326,3,DOWN,DOWN,0.03729201853275299,False,False,False,False,False,False,False
random_ruehl_mask,strong,66,270920326,4,RIGHT,RIGHT,0.036207959055900574,False,False,False,False,False,False,False
random_ruehl_mask,strong,66,270920326,5,WAIT,WAIT,0.08979206904768944,False,False,False,False,False,False,False
random_ruehl_mask,strong,66,270920326,6,WAIT,WAIT,0.0701249809935689,False,False,False,False,False,False,False
random_ruehl_mask,strong,66,270920326,7,WAIT,WAIT,0.0588749535381794,False,False,False,False,False,False,False
random_ruehl_mask,strong,66,270920326,8,LEFT,LEFT,0.07470801938325167,False,False,False,False,False,False,False
random_ruehl_mask,strong,66,270920326,9,WAIT,WAIT,0.09295798372477293,False,False,False,False,False,False,False
random_ruehl_mask,strong,66,270920326,10,UP,UP,0.0890420051291585,False,False,False,False,False,False,False
random_ruehl_mask,strong,66,270920326,11,WAIT,WAIT,0.05024997517466545,False,True,False,False,False,False,False
random_ruehl_mask,strong,66,270920326,12,UP,UP,0.07525004912167788,False,False,False,False,False,False,False
random_ruehl_mask,strong,66,270920326,13,UP,UP,0.10724994353950024,False,False,False,False,False,False,True
random_ruehl_mask,strong,66,270920326,14,BOMB,BOMB,0.12637500185519457,False,False,False,True,False,False,True
random_ruehl_mask,strong,66,270920326,15,UP,UP,0.056541990488767624,False,False,False,False,False,False,True
random_ruehl_mask,strong,66,270920326,16,WAIT,WAIT,0.0604590168222785,False,False,False,False,False,False,True
random_ruehl_mask,strong,66,270920326,17,WAIT,WAIT,0.05745794624090195,False,False,False,False,False,False,True
random_ruehl_mask,strong,66,270920326,18,WAIT,WAIT,0.04895799793303013,False,False,False,False,False,False,True
random_ruehl_mask,strong,67,270920327,1,UP,UP,0.12737500946968794,False,True,False,False,False,False,False
random_ruehl_mask,strong,67,270920327,2,WAIT,WAIT,0.07666600868105888,False,False,False,False,False,False,False
random_ruehl_mask,strong,67,270920327,3,BOMB,BOMB,0.0737910158932209,False,False,False,True,False,False,False
random_ruehl_mask,strong,67,270920327,4,DOWN,DOWN,0.038707978092134,False,False,False,False,False,False,False
random_ruehl_mask,strong,67,270920327,5,WAIT,WAIT,0.08349993731826544,False,False,False,False,False,False,False
random_ruehl_mask,strong,67,270920327,6,LEFT,LEFT,0.08366699330508709,False,False,False,False,False,False,False
random_ruehl_mask,strong,67,270920327,7,WAIT,WAIT,0.12891704682260752,False,False,False,False,False,False,False
random_ruehl_mask,strong,67,270920327,8,WAIT,WAIT,0.061583006754517555,False,False,False,False,False,False,False
random_ruehl_mask,strong,67,270920327,9,RIGHT,RIGHT,0.03770901821553707,False,False,False,False,False,False,False
random_ruehl_mask,strong,67,270920327,10,UP,UP,0.0903749605640769,False,False,False,False,False,False,False
random_ruehl_mask,strong,67,270920327,11,WAIT,WAIT,0.05037500523030758,False,True,False,False,False,False,False
random_ruehl_mask,strong,67,270920327,12,WAIT,WAIT,0.049291993491351604,False,False,False,False,False,False,False
random_ruehl_mask,strong,67,270920327,13,DOWN,DOWN,0.06995804142206907,False,False,False,False,False,False,False
random_ruehl_mask,strong,67,270920327,14,LEFT,LEFT,0.10670791380107403,False,False,False,False,False,False,False
random_ruehl_mask,strong,67,270920327,15,RIGHT,RIGHT,0.08054194040596485,False,False,False,False,False,False,False
random_ruehl_mask,strong,67,270920327,16,WAIT,WAIT,0.07945799734443426,False,False,False,False,False,False,False
random_ruehl_mask,strong,67,270920327,17,UP,UP,0.090167042799294,False,False,False,False,False,False,False
random_ruehl_mask,strong,67,270920327,18,UP,UP,0.05250005051493645,False,False,False,False,False,False,False
random_ruehl_mask,strong,67,270920327,19,WAIT,WAIT,0.10133301839232445,False,False,False,False,False,False,False
random_ruehl_mask,strong,67,270920327,20,UP,UP,0.10379101149737835,False,False,False,False,False,False,False
random_ruehl_mask,strong,67,270920327,21,UP,UP,0.09966699872165918,False,True,False,False,False,False,False
random_ruehl_mask,strong,67,270920327,22,DOWN,DOWN,0.0968750100582838,False,False,False,False,False,False,False
random_ruehl_mask,strong,67,270920327,23,DOWN,DOWN,0.11012505274266005,False,False,False,False,False,False,False
random_ruehl_mask,strong,67,270920327,24,WAIT,WAIT,0.10704097803682089,False,False,False,False,False,False,True
random_ruehl_mask,strong,67,270920327,25,BOMB,BOMB,0.10279100388288498,False,False,False,True,False,False,True
random_ruehl_mask,strong,67,270920327,26,UP,UP,0.05125009920448065,False,False,False,False,False,False,True
random_ruehl_mask,strong,67,270920327,27,WAIT,WAIT,0.048832967877388,False,False,False,False,False,False,True
random_ruehl_mask,strong,67,270920327,28,UP,UP,0.067666987888515,False,False,False,False,False,False,True
random_ruehl_mask,strong,67,270920327,29,WAIT,WAIT,0.10191707406193018,False,False,False,False,False,False,True
random_ruehl_mask,strong,68,270920328,1,UP,UP,0.09662506636232138,False,True,False,False,False,False,False
random_ruehl_mask,strong,68,270920328,2,DOWN,DOWN,0.09070790838450193,False,False,False,False,False,False,False
random_ruehl_mask,strong,68,270920328,3,UP,UP,0.10149995796382427,False,False,False,False,False,False,False
random_ruehl_mask,strong,68,270920328,4,WAIT,WAIT,0.08954096119850874,False,False,False,False,False,False,False
random_ruehl_mask,strong,68,270920328,5,WAIT,WAIT,0.12274994514882565,False,False,False,False,False,False,False
random_ruehl_mask,strong,68,270920328,6,BOMB,BOMB,0.09408302139490843,False,False,False,True,False,False,False
random_ruehl_mask,strong,68,270920328,7,DOWN,DOWN,0.08095800876617432,False,False,False,False,False,False,False
random_ruehl_mask,strong,68,270920328,8,LEFT,LEFT,0.06174994632601738,False,False,False,False,False,False,False
random_ruehl_mask,strong,68,270920328,9,WAIT,WAIT,0.062415958382189274,False,False,False,False,False,False,False
random_ruehl_mask,strong,68,270920328,10,WAIT,WAIT,0.0714160269126296,False,False,False,False,False,False,False
random_ruehl_mask,strong,68,270920328,11,WAIT,WAIT,0.04825007636100054,False,True,False,False,False,False,False
random_ruehl_mask,strong,68,270920328,12,RIGHT,RIGHT,0.06712507456541061,False,False,False,False,False,False,False
random_ruehl_mask,strong,68,270920328,13,LEFT,LEFT,0.11695805005729198,False,False,False,False,False,False,False
random_ruehl_mask,strong,68,270920328,14,WAIT,WAIT,0.7420839974656701,False,False,False,False,False,False,False
random_ruehl_mask,strong,68,270920328,15,BOMB,BOMB,0.10545901022851467,False,False,False,True,False,False,False
random_ruehl_mask,strong,68,270920328,16,RIGHT,RIGHT,0.04233303479850292,False,False,False,False,False,False,False
random_ruehl_mask,strong,68,270920328,17,UP,UP,0.05754095036536455,False,False,False,False,False,False,False
random_ruehl_mask,strong,68,270920328,18,WAIT,WAIT,0.06808305624872446,False,False,False,False,False,False,False
random_ruehl_mask,strong,68,270920328,19,WAIT,WAIT,0.06708409637212753,False,False,False,False,False,False,False
random_ruehl_mask,strong,68,270920328,20,UP,UP,0.06162503268569708,False,False,False,False,False,False,False
random_ruehl_mask,strong,68,270920328,21,WAIT,WAIT,0.09270792361348867,False,True,False,False,False,False,False
random_ruehl_mask,strong,68,270920328,22,UP,UP,0.13275002129375935,False,False,False,False,False,False,False
random_ruehl_mask,strong,68,270920328,23,UP,UP,0.1296659465879202,False,False,False,False,False,False,False
random_ruehl_mask,strong,68,270920328,24,DOWN,DOWN,0.10474992450326681,False,False,False,False,False,False,True
random_ruehl_mask,strong,68,270920328,25,BOMB,BOMB,0.09175005834549665,False,False,False,True,False,False,True
random_ruehl_mask,strong,68,270920328,26,UP,UP,0.06474996916949749,False,False,False,False,False,False,True
random_ruehl_mask,strong,68,270920328,27,WAIT,WAIT,0.08625001646578312,False,False,False,False,False,False,True
random_ruehl_mask,strong,68,270920328,28,WAIT,WAIT,0.06633403245359659,False,False,False,False,False,False,True
random_ruehl_mask,strong,68,270920328,29,WAIT,WAIT,0.06595801096409559,False,False,False,False,False,False,True
random_ruehl_mask,strong,69,270920329,1,LEFT,LEFT,0.09504193440079689,False,True,False,False,False,False,False
random_ruehl_mask,strong,69,270920329,2,RIGHT,RIGHT,0.10041706264019012,False,False,False,False,False,False,False
random_ruehl_mask,strong,69,270920329,3,LEFT,LEFT,0.07750000804662704,False,False,False,False,False,False,False
random_ruehl_mask,strong,69,270920329,4,WAIT,WAIT,0.09062502067536116,False,False,False,False,False,False,False
random_ruehl_mask,strong,69,270920329,5,RIGHT,RIGHT,0.09604101069271564,False,False,False,False,False,False,False
random_ruehl_mask,strong,69,270920329,6,LEFT,LEFT,0.09412493091076612,False,False,False,False,False,False,False
random_ruehl_mask,strong,69,270920329,7,BOMB,BOMB,0.08925003930926323,False,False,False,True,False,False,False
random_ruehl_mask,strong,69,270920329,8,RIGHT,RIGHT,0.058582983911037445,False,False,False,False,False,False,False
random_ruehl_mask,strong,69,270920329,9,WAIT,WAIT,0.041499966755509377,False,False,False,False,False,False,False
random_ruehl_mask,strong,69,270920329,10,UP,UP,0.07429206743836403,False,False,False,False,False,False,False
random_ruehl_mask,strong,69,270920329,11,WAIT,WAIT,0.0849580392241478,False,True,False,False,False,False,False
random_ruehl_mask,strong,69,270920329,12,WAIT,WAIT,0.052416929975152016,False,False,False,False,False,False,False
random_ruehl_mask,strong,69,270920329,13,DOWN,DOWN,0.1657500397413969,False,False,False,False,False,False,False
random_ruehl_mask,strong,69,270920329,14,WAIT,WAIT,0.1366250216960907,False,False,False,False,False,False,False
random_ruehl_mask,strong,69,270920329,15,WAIT,WAIT,0.12895790860056877,False,False,False,False,False,False,False
random_ruehl_mask,strong,69,270920329,16,LEFT,LEFT,0.10754202958196402,False,False,False,False,False,False,False
random_ruehl_mask,strong,69,270920329,17,RIGHT,RIGHT,0.05512498319149017,False,False,False,False,False,False,False
random_ruehl_mask,strong,69,270920329,18,WAIT,WAIT,0.10900001507252455,False,False,False,False,False,False,False
random_ruehl_mask,strong,69,270920329,19,WAIT,WAIT,1.4825830003246665,False,False,False,False,False,False,False
random_ruehl_mask,strong,69,270920329,20,WAIT,WAIT,0.1254169037565589,False,False,False,False,False,False,False
random_ruehl_mask,strong,69,270920329,21,UP,UP,0.13637507800012827,False,True,False,False,False,False,False
random_ruehl_mask,strong,69,270920329,22,BOMB,BOMB,0.1342500327154994,False,False,False,True,False,False,False
random_ruehl_mask,strong,69,270920329,23,DOWN,DOWN,0.07683294825255871,False,False,False,False,False,False,False
random_ruehl_mask,strong,69,270920329,24,WAIT,WAIT,0.057832919992506504,False,False,False,False,False,False,False
random_ruehl_mask,strong,69,270920329,25,LEFT,LEFT,0.06029196083545685,False,False,False,False,False,False,False
random_ruehl_mask,strong,69,270920329,26,LEFT,LEFT,0.06233400199562311,False,False,False,False,False,False,False
random_ruehl_mask,strong,69,270920329,27,LEFT,LEFT,0.050083035603165627,False,False,False,False,False,False,False
random_ruehl_mask,strong,69,270920329,28,RIGHT,RIGHT,0.08875003550201654,False,False,False,False,False,False,False
random_ruehl_mask,strong,69,270920329,29,LEFT,LEFT,0.1099579967558384,False,False,False,False,False,False,False
random_ruehl_mask,strong,69,270920329,30,LEFT,LEFT,0.08387491106987,False,False,False,False,False,False,False
random_ruehl_mask,strong,69,270920329,31,RIGHT,RIGHT,0.11508294846862555,False,True,False,False,False,False,False
random_ruehl_mask,strong,69,270920329,32,LEFT,LEFT,0.14283403288573027,False,False,False,False,False,False,False
random_ruehl_mask,strong,69,270920329,33,RIGHT,RIGHT,0.12450001668184996,False,False,False,False,False,False,False
random_ruehl_mask,strong,69,270920329,34,RIGHT,RIGHT,0.09816698729991913,False,False,False,False,False,False,False
random_ruehl_mask,strong,69,270920329,35,LEFT,LEFT,0.10320800356566906,False,False,False,False,False,False,True
random_ruehl_mask,strong,69,270920329,36,BOMB,BOMB,0.10083301458507776,False,False,False,True,False,False,True
random_ruehl_mask,strong,69,270920329,37,LEFT,LEFT,0.062333070673048496,False,False,False,False,False,False,True
random_ruehl_mask,strong,69,270920329,38,WAIT,WAIT,0.07175002247095108,False,False,False,False,False,False,True
random_ruehl_mask,strong,69,270920329,39,WAIT,WAIT,0.07720792200416327,False,False,False,False,False,False,True
random_ruehl_mask,strong,69,270920329,40,WAIT,WAIT,0.09487499482929707,False,False,False,False,False,False,True
random_ruehl_mask,strong,70,270920330,1,WAIT,WAIT,0.11087500024586916,False,True,False,False,False,False,False
random_ruehl_mask,strong,70,270920330,2,UP,UP,0.09254203177988529,False,False,False,False,False,False,False
random_ruehl_mask,strong,70,270920330,3,WAIT,WAIT,0.10087504051625729,False,False,False,False,False,False,False
random_ruehl_mask,strong,70,270920330,4,BOMB,BOMB,0.08762499783188105,False,False,False,True,False,False,False
random_ruehl_mask,strong,70,270920330,5,DOWN,DOWN,0.06854208186268806,False,False,False,False,False,False,False
random_ruehl_mask,strong,70,270920330,6,RIGHT,RIGHT,0.07333303801715374,False,False,False,False,False,False,False
random_ruehl_mask,strong,70,270920330,7,WAIT,WAIT,0.06324995774775743,False,False,False,False,False,False,False
random_ruehl_mask,strong,70,270920330,8,WAIT,WAIT,0.08833291940391064,False,False,False,False,False,False,False
random_ruehl_mask,strong,70,270920330,9,WAIT,WAIT,0.07804203778505325,False,False,False,False,False,False,False
random_ruehl_mask,strong,70,270920330,10,WAIT,WAIT,0.0475830165669322,False,False,False,False,False,False,False
random_ruehl_mask,strong,70,270920330,11,BOMB,BOMB,0.08045800495892763,False,True,False,True,False,False,False
random_ruehl_mask,strong,70,270920330,12,LEFT,LEFT,0.08054194040596485,False,False,False,False,False,False,False
random_ruehl_mask,strong,70,270920330,13,UP,UP,0.08583301678299904,False,False,False,False,False,False,False
random_ruehl_mask,strong,70,270920330,14,UP,UP,0.07516704499721527,False,False,False,False,False,False,False
random_ruehl_mask,strong,70,270920330,15,RIGHT,RIGHT,0.08004205301404,False,False,False,False,False,False,False
random_ruehl_mask,strong,70,270920330,16,WAIT,WAIT,0.06250001024454832,False,False,False,False,False,False,False
random_ruehl_mask,strong,70,270920330,17,LEFT,LEFT,0.042749918065965176,False,False,False,False,False,False,False
random_ruehl_mask,strong,70,270920330,18,DOWN,DOWN,0.11974992230534554,False,False,False,False,False,False,False
random_ruehl_mask,strong,70,270920330,19,UP,UP,0.05779194179922342,False,False,False,False,False,False,False
random_ruehl_mask,strong,70,270920330,20,DOWN,DOWN,0.12541597243398428,False,False,False,False,False,False,False
random_ruehl_mask,strong,70,270920330,21,WAIT,WAIT,0.11995900422334671,False,True,False,False,False,False,False
random_ruehl_mask,strong,70,270920330,22,DOWN,DOWN,0.09195797611027956,False,False,False,False,False,False,False
random_ruehl_mask,strong,70,270920330,23,WAIT,WAIT,0.07099995855242014,False,False,False,False,False,False,False
random_ruehl_mask,strong,70,270920330,24,WAIT,WAIT,0.09824999142438173,False,False,False,False,False,False,False
random_ruehl_mask,strong,70,270920330,25,UP,UP,0.07325003389269114,False,False,False,False,False,False,False
random_ruehl_mask,strong,70,270920330,26,UP,UP,0.07445807568728924,False,False,False,False,False,False,True
random_ruehl_mask,strong,70,270920330,27,BOMB,BOMB,0.09991705883294344,False,False,False,True,False,False,True
random_ruehl_mask,strong,70,270920330,28,UP,UP,0.04129204899072647,False,False,False,False,False,False,True
random_ruehl_mask,strong,70,270920330,29,UP,UP,0.06691704038530588,False,False,False,False,False,False,True
random_ruehl_mask,strong,70,270920330,30,WAIT,WAIT,0.06512505933642387,False,False,False,False,False,False,True
random_ruehl_mask,strong,70,270920330,31,DOWN,DOWN,0.08316605817526579,False,False,False,False,False,False,True
random_ruehl_mask,strong,71,270920331,1,WAIT,WAIT,0.10458298493176699,False,True,False,False,False,False,False
random_ruehl_mask,strong,71,270920331,2,WAIT,WAIT,0.09879202116280794,False,False,False,False,False,False,False
random_ruehl_mask,strong,71,270920331,3,DOWN,DOWN,0.07791607640683651,False,False,False,False,False,False,False
random_ruehl_mask,strong,71,270920331,4,WAIT,WAIT,0.11262495536357164,False,False,False,False,False,False,False
random_ruehl_mask,strong,71,270920331,5,BOMB,BOMB,0.11112506035715342,False,False,False,True,False,False,False
random_ruehl_mask,strong,71,270920331,6,UP,UP,0.06554194260388613,False,False,False,False,False,False,False
random_ruehl_mask,strong,71,270920331,7,LEFT,LEFT,0.07025001104921103,False,False,False,False,False,False,False
random_ruehl_mask,strong,71,270920331,8,WAIT,WAIT,0.053582945838570595,False,False,False,False,False,False,False
random_ruehl_mask,strong,71,270920331,9,WAIT,WAIT,0.07066689431667328,False,False,False,False,False,False,False
random_ruehl_mask,strong,71,270920331,10,WAIT,WAIT,0.05266699008643627,False,False,False,False,False,False,False
random_ruehl_mask,strong,71,270920331,11,WAIT,WAIT,0.04091695882380009,False,True,False,False,False,False,False
random_ruehl_mask,strong,71,270920331,12,WAIT,WAIT,0.09654101449996233,False,False,False,False,False,False,False
random_ruehl_mask,strong,71,270920331,13,WAIT,WAIT,0.1194169744849205,False,False,False,False,False,False,False
random_ruehl_mask,strong,71,270920331,14,BOMB,BOMB,0.09837502148002386,False,False,False,True,False,False,False
random_ruehl_mask,strong,71,270920331,15,RIGHT,RIGHT,0.08558307308703661,False,False,False,False,False,False,False
random_ruehl_mask,strong,71,270920331,16,WAIT,WAIT,0.08804199751466513,False,False,False,False,False,False,False
random_ruehl_mask,strong,71,270920331,17,DOWN,DOWN,0.07229100447148085,False,False,False,False,False,False,False
random_ruehl_mask,strong,71,270920331,18,DOWN,DOWN,0.05237502045929432,False,False,False,False,False,False,False
random_ruehl_mask,strong,71,270920331,19,DOWN,DOWN,0.06433401722460985,False,False,False,False,False,False,False
random_ruehl_mask,strong,71,270920331,20,DOWN,DOWN,0.05462497938424349,False,False,False,False,False,False,False
random_ruehl_mask,strong,71,270920331,21,UP,UP,0.17120898701250553,False,True,False,False,False,False,False
random_ruehl_mask,strong,71,270920331,22,BOMB,BOMB,0.1265830360352993,False,False,False,True,False,False,False
random_ruehl_mask,strong,71,270920331,23,DOWN,DOWN,0.09937502909451723,False,False,False,False,False,False,False
random_ruehl_mask,strong,71,270920331,24,LEFT,LEFT,0.06750004831701517,False,False,False,False,False,False,False
random_ruehl_mask,strong,71,270920331,25,WAIT,WAIT,0.06266706623136997,False,False,False,False,False,False,False
random_ruehl_mask,strong,71,270920331,26,WAIT,WAIT,0.07037504110485315,False,False,False,False,False,False,False
random_ruehl_mask,strong,71,270920331,27,WAIT,WAIT,0.0653330935165286,False,False,False,False,False,False,False
random_ruehl_mask,strong,71,270920331,28,WAIT,WAIT,0.06179208867251873,False,False,False,False,False,False,False
random_ruehl_mask,strong,71,270920331,29,RIGHT,RIGHT,0.09775010403245687,False,False,False,False,False,False,True
random_ruehl_mask,strong,71,270920331,30,BOMB,BOMB,0.20579202100634575,False,False,False,True,False,False,True
random_ruehl_mask,strong,71,270920331,31,LEFT,LEFT,0.0849580392241478,False,True,True,False,False,False,True
random_ruehl_mask,strong,71,270920331,32,WAIT,WAIT,0.08804199751466513,False,False,False,False,False,False,True
random_ruehl_mask,strong,71,270920331,33,WAIT,WAIT,0.09666697587817907,False,False,False,False,False,False,True
random_ruehl_mask,strong,71,270920331,34,WAIT,WAIT,0.07524993270635605,False,False,False,False,False,False,True
random_ruehl_mask,strong,72,270920332,1,LEFT,LEFT,0.2074169460684061,False,True,False,False,False,False,False
random_ruehl_mask,strong,72,270920332,2,BOMB,BOMB,0.1727920025587082,False,False,False,True,False,False,False
random_ruehl_mask,strong,72,270920332,3,RIGHT,RIGHT,0.052458024583756924,False,False,False,False,False,False,False
random_ruehl_mask,strong,72,270920332,4,DOWN,DOWN,0.045791035518050194,False,False,False,False,False,False,False
random_ruehl_mask,strong,72,270920332,5,WAIT,WAIT,0.0963329803198576,False,False,False,False,False,False,False
random_ruehl_mask,strong,72,270920332,6,WAIT,WAIT,0.07499998901039362,False,False,False,False,False,False,False
random_ruehl_mask,strong,72,270920332,7,WAIT,WAIT,0.060416990891098976,False,False,False,False,False,False,False
random_ruehl_mask,strong,72,270920332,8,UP,UP,0.036917044781148434,False,False,False,False,False,False,True
random_ruehl_mask,strong,72,270920332,9,BOMB,BOMB,0.11270795948803425,False,False,False,True,False,False,True
random_ruehl_mask,strong,72,270920332,10,LEFT,LEFT,0.07499998901039362,False,False,False,False,False,False,True
random_ruehl_mask,strong,72,270920332,11,WAIT,WAIT,0.046375091187655926,False,True,True,False,False,False,True
random_ruehl_mask,strong,72,270920332,12,WAIT,WAIT,0.055750017054378986,False,False,False,False,False,False,True
random_ruehl_mask,strong,72,270920332,13,WAIT,WAIT,0.0939579913392663,False,False,False,False,False,False,True
random_ruehl_mask,strong,73,270920333,1,LEFT,LEFT,0.10099995415657759,False,True,False,False,False,False,False
random_ruehl_mask,strong,73,270920333,2,BOMB,BOMB,0.08983304724097252,False,False,False,True,False,False,False
random_ruehl_mask,strong,73,270920333,3,RIGHT,RIGHT,0.04629103932529688,False,False,False,False,False,False,False
random_ruehl_mask,strong,73,270920333,4,WAIT,WAIT,0.060125021263957024,False,False,False,False,False,False,False
random_ruehl_mask,strong,73,270920333,5,DOWN,DOWN,0.07808301597833633,False,False,False,False,False,False,False
random_ruehl_mask,strong,73,270920333,6,WAIT,WAIT,0.0664170365780592,False,False,False,False,False,False,False
random_ruehl_mask,strong,73,270920333,7,WAIT,WAIT,0.07449998520314693,False,False,False,False,False,False,False
random_ruehl_mask,strong,73,270920333,8,UP,UP,0.04183303099125624,False,False,False,False,False,False,False
random_ruehl_mask,strong,73,270920333,9,WAIT,WAIT,0.08358294144272804,False,False,False,False,False,False,False
random_ruehl_mask,strong,73,270920333,10,WAIT,WAIT,0.07541605737060308,False,False,False,False,False,False,False
random_ruehl_mask,strong,73,270920333,11,DOWN,DOWN,0.09316694922745228,False,True,False,False,False,False,False
random_ruehl_mask,strong,73,270920333,12,UP,UP,0.07579207886010408,False,False,False,False,False,False,False
random_ruehl_mask,strong,73,270920333,13,LEFT,LEFT,0.10770908556878567,False,False,False,False,False,False,False
random_ruehl_mask,strong,73,270920333,14,RIGHT,RIGHT,0.07383397314697504,False,False,False,False,False,False,False
random_ruehl_mask,strong,73,270920333,15,DOWN,DOWN,0.09637500625103712,False,False,False,False,False,False,False
random_ruehl_mask,strong,73,270920333,16,BOMB,BOMB,0.0666249543428421,False,False,False,True,False,False,False
random_ruehl_mask,strong,73,270920333,17,UP,UP,0.06037508137524128,False,False,False,False,False,False,False
random_ruehl_mask,strong,73,270920333,18,WAIT,WAIT,0.04600000102072954,False,False,False,False,False,False,False
random_ruehl_mask,strong,73,270920333,19,LEFT,LEFT,0.04950002767145634,False,False,False,False,False,False,False
random_ruehl_mask,strong,73,270920333,20,LEFT,LEFT,0.06504100747406483,False,False,False,False,False,False,False
random_ruehl_mask,strong,73,270920333,21,DOWN,DOWN,0.06862496957182884,False,True,False,False,False,False,False
random_ruehl_mask,strong,73,270920333,22,WAIT,WAIT,0.07499998901039362,False,False,False,False,False,False,False
random_ruehl_mask,strong,73,270920333,23,UP,UP,0.08933409117162228,False,False,False,False,False,False,True
random_ruehl_mask,strong,73,270920333,24,BOMB,BOMB,0.10970805305987597,False,False,False,True,False,False,True
random_ruehl_mask,strong,73,270920333,25,LEFT,LEFT,0.04437495954334736,False,False,False,False,False,False,True
random_ruehl_mask,strong,73,270920333,26,WAIT,WAIT,0.05083298310637474,False,False,False,False,False,False,True
random_ruehl_mask,strong,73,270920333,27,LEFT,LEFT,0.06329198367893696,False,False,False,False,False,False,True
random_ruehl_mask,strong,73,270920333,28,RIGHT,RIGHT,0.056582968682050705,False,False,False,False,False,False,True
random_ruehl_mask,strong,74,270920334,1,WAIT,WAIT,0.0967920059338212,False,True,False,False,False,False,False
random_ruehl_mask,strong,74,270920334,2,WAIT,WAIT,0.0985830556601286,False,False,False,False,False,False,False
random_ruehl_mask,strong,74,270920334,3,RIGHT,RIGHT,0.07812492549419403,False,False,False,False,False,False,False
random_ruehl_mask,strong,74,270920334,4,WAIT,WAIT,0.0750409672036767,False,False,False,False,False,False,False
random_ruehl_mask,strong,74,270920334,5,BOMB,BOMB,0.10466598905622959,False,False,False,True,False,False,False
random_ruehl_mask,strong,74,270920334,6,LEFT,LEFT,0.07966696284711361,False,False,False,False,False,False,False
random_ruehl_mask,strong,74,270920334,7,WAIT,WAIT,0.08170900400727987,False,False,False,False,False,False,False
random_ruehl_mask,strong,74,270920334,8,DOWN,DOWN,0.058041070587933064,False,False,False,False,False,False,False
random_ruehl_mask,strong,74,270920334,9,WAIT,WAIT,0.06291607860475779,False,False,False,False,False,False,False
random_ruehl_mask,strong,74,270920334,10,WAIT,WAIT,0.049749971367418766,False,False,False,False,False,False,False
random_ruehl_mask,strong,74,270920334,11,UP,UP,0.06695801857858896,False,True,False,False,False,False,True
random_ruehl_mask,strong,74,270920334,12,BOMB,BOMB,0.09141594637185335,False,False,False,True,False,False,True
random_ruehl_mask,strong,74,270920334,13,DOWN,DOWN,0.06495800334960222,False,False,False,False,False,False,True
random_ruehl_mask,strong,74,270920334,14,WAIT,WAIT,0.058999983593821526,False,False,False,False,False,False,True
random_ruehl_mask,strong,74,270920334,15,WAIT,WAIT,0.061416998505592346,False,False,False,False,False,False,True
random_ruehl_mask,strong,74,270920334,16,WAIT,WAIT,0.07112498860806227,False,False,False,False,False,False,True
random_ruehl_mask,strong,75,270920335,1,LEFT,LEFT,0.11208397336304188,False,True,False,False,False,False,False
random_ruehl_mask,strong,75,270920335,2,BOMB,BOMB,0.07091602310538292,False,False,False,True,False,False,False
random_ruehl_mask,strong,75,270920335,3,RIGHT,RIGHT,0.05000003147870302,False,False,False,False,False,False,False
random_ruehl_mask,strong,75,270920335,4,WAIT,WAIT,0.055709038861095905,False,False,False,False,False,False,False
random_ruehl_mask,strong,75,270920335,5,DOWN,DOWN,0.07454201113432646,False,False,False,False,False,False,False
random_ruehl_mask,strong,75,270920335,6,DOWN,DOWN,0.08387502748519182,False,False,False,False,False,False,False
random_ruehl_mask,strong,75,270920335,7,UP,UP,0.06895791739225388,False,False,False,False,False,False,False
random_ruehl_mask,strong,75,270920335,8,DOWN,DOWN,0.06937503349035978,False,False,False,False,False,False,False
random_ruehl_mask,strong,75,270920335,9,WAIT,WAIT,0.08858297951519489,False,False,False,False,False,False,True
random_ruehl_mask,strong,75,270920335,10,BOMB,BOMB,0.09179196786135435,False,False,False,True,False,False,True
random_ruehl_mask,strong,75,270920335,11,UP,UP,0.04166702274233103,False,True,False,False,False,False,True
random_ruehl_mask,strong,75,270920335,12,WAIT,WAIT,0.049875001423060894,False,False,False,False,False,False,True
random_ruehl_mask,strong,75,270920335,13,WAIT,WAIT,0.08045800495892763,False,False,False,False,False,False,True
random_ruehl_mask,strong,75,270920335,14,WAIT,WAIT,0.08387502748519182,False,False,False,False,False,False,True
random_ruehl_mask,strong,76,270920336,1,UP,UP,0.11133309453725815,False,True,False,False,False,False,False
random_ruehl_mask,strong,76,270920336,2,WAIT,WAIT,0.08212507236748934,False,False,False,False,False,False,False
random_ruehl_mask,strong,76,270920336,3,DOWN,DOWN,0.1318750437349081,False,False,False,False,False,False,True
random_ruehl_mask,strong,76,270920336,4,BOMB,BOMB,0.1129999291151762,False,False,False,True,False,False,True
random_ruehl_mask,strong,76,270920336,5,UP,UP,0.06575009319931269,False,False,False,False,False,False,True
random_ruehl_mask,strong,76,270920336,6,UP,UP,0.08591695223003626,False,False,False,False,False,False,True
random_ruehl_mask,strong,76,270920336,7,DOWN,DOWN,0.07429206743836403,False,False,False,False,False,False,True
random_ruehl_mask,strong,76,270920336,8,UP,UP,0.049708993174135685,False,False,False,False,False,False,True
random_ruehl_mask,strong,77,270920337,1,RIGHT,RIGHT,0.0991250853985548,False,True,False,False,False,False,False
random_ruehl_mask,strong,77,270920337,2,LEFT,LEFT,0.07279100827872753,False,False,False,False,False,False,False
random_ruehl_mask,strong,77,270920337,3,WAIT,WAIT,0.07529091089963913,False,False,False,False,False,False,False
random_ruehl_mask,strong,77,270920337,4,UP,UP,0.07774995174258947,False,False,False,False,False,False,False
random_ruehl_mask,strong,77,270920337,5,BOMB,BOMB,0.10912492871284485,False,False,False,True,False,False,False
random_ruehl_mask,strong,77,270920337,6,DOWN,DOWN,0.07183302659541368,False,False,False,False,False,False,False
random_ruehl_mask,strong,77,270920337,7,WAIT,WAIT,0.055666081607341766,False,False,False,False,False,False,False
random_ruehl_mask,strong,77,270920337,8,RIGHT,RIGHT,0.05954096559435129,False,False,False,False,False,False,False
random_ruehl_mask,strong,77,270920337,9,WAIT,WAIT,0.043665990233421326,False,False,False,False,False,False,False
random_ruehl_mask,strong,77,270920337,10,WAIT,WAIT,0.040874932892620564,False,False,False,False,False,False,False
random_ruehl_mask,strong,77,270920337,11,WAIT,WAIT,0.03454205580055714,False,True,False,False,False,False,False
random_ruehl_mask,strong,77,270920337,12,WAIT,WAIT,0.10412500705569983,False,False,False,False,False,False,False
random_ruehl_mask,strong,77,270920337,13,LEFT,LEFT,0.11154101230204105,False,False,False,False,False,False,False
random_ruehl_mask,strong,77,270920337,14,RIGHT,RIGHT,0.11725001968443394,False,False,False,False,False,False,False
random_ruehl_mask,strong,77,270920337,15,LEFT,LEFT,0.08158397395163774,False,False,False,False,False,False,False
random_ruehl_mask,strong,77,270920337,16,WAIT,WAIT,0.09741599205881357,False,False,False,False,False,False,False
random_ruehl_mask,strong,77,270920337,17,WAIT,WAIT,0.09333400521427393,False,False,False,False,False,False,False
random_ruehl_mask,strong,77,270920337,18,RIGHT,RIGHT,0.09462505113333464,False,False,False,False,False,False,False
random_ruehl_mask,strong,77,270920337,19,WAIT,WAIT,0.08608400821685791,False,False,False,False,False,False,False
random_ruehl_mask,strong,77,270920337,20,BOMB,BOMB,0.08533301297575235,False,False,False,True,False,False,False
random_ruehl_mask,strong,77,270920337,21,LEFT,LEFT,0.08279108442366123,False,True,False,False,False,False,False
random_ruehl_mask,strong,77,270920337,22,WAIT,WAIT,0.08966599125415087,False,False,False,False,False,False,False
random_ruehl_mask,strong,77,270920337,23,UP,UP,0.07099995855242014,False,False,False,False,False,False,False
random_ruehl_mask,strong,77,270920337,24,WAIT,WAIT,0.05662499461323023,False,False,False,False,False,False,False
random_ruehl_mask,strong,77,270920337,25,UP,UP,0.04449998959898949,False,False,False,False,False,False,False
random_ruehl_mask,strong,77,270920337,26,DOWN,DOWN,0.06733392365276814,False,False,False,False,False,False,False
random_ruehl_mask,strong,77,270920337,27,DOWN,DOWN,0.061208033002913,False,False,False,False,False,False,False
random_ruehl_mask,strong,77,270920337,28,WAIT,WAIT,0.0675420742481947,False,False,False,False,False,False,False
random_ruehl_mask,strong,77,270920337,29,WAIT,WAIT,0.06345903966575861,False,False,False,False,False,False,False
random_ruehl_mask,strong,77,270920337,30,WAIT,WAIT,0.06716593634337187,False,False,False,False,False,False,False
random_ruehl_mask,strong,77,270920337,31,UP,UP,0.11345802340656519,False,True,False,False,False,False,False
random_ruehl_mask,strong,77,270920337,32,UP,UP,0.06512505933642387,False,False,False,False,False,False,False
random_ruehl_mask,strong,77,270920337,33,BOMB,BOMB,0.0987079693004489,False,False,False,True,False,False,False
random_ruehl_mask,strong,77,270920337,34,UP,UP,0.04850002005696297,False,False,False,False,False,False,False
random_ruehl_mask,strong,77,270920337,35,UP,UP,0.06466603372246027,False,False,False,False,False,False,False
random_ruehl_mask,strong,77,270920337,36,RIGHT,RIGHT,0.06566697265952826,False,False,False,False,False,False,False
random_ruehl_mask,strong,77,270920337,37,RIGHT,RIGHT,0.07591699250042439,False,False,False,False,False,False,False
random_ruehl_mask,strong,77,270920337,38,LEFT,LEFT,0.08887506555765867,False,False,False,False,False,False,False
random_ruehl_mask,strong,77,270920337,39,LEFT,LEFT,0.06691599264740944,False,False,False,False,False,False,False
random_ruehl_mask,strong,77,270920337,40,DOWN,DOWN,0.10841700714081526,False,False,False,False,False,False,False
random_ruehl_mask,strong,77,270920337,41,WAIT,WAIT,0.09524996858090162,False,True,False,False,False,False,True
random_ruehl_mask,strong,77,270920337,42,BOMB,BOMB,0.09233294986188412,False,False,False,True,False,False,True
random_ruehl_mask,strong,77,270920337,43,UP,UP,0.06254191976040602,False,False,False,False,False,False,True
random_ruehl_mask,strong,77,270920337,44,UP,UP,0.07499998901039362,False,False,False,False,False,False,True
random_ruehl_mask,strong,77,270920337,45,WAIT,WAIT,0.06054097320884466,False,False,False,False,False,False,True
random_ruehl_mask,strong,77,270920337,46,WAIT,WAIT,0.07704191375523806,False,False,False,False,False,False,True
random_ruehl_mask,strong,78,270920338,1,RIGHT,RIGHT,0.0968750100582838,False,True,False,False,False,False,False
random_ruehl_mask,strong,78,270920338,2,BOMB,BOMB,0.1130829332396388,False,False,False,True,False,False,False
random_ruehl_mask,strong,78,270920338,3,LEFT,LEFT,0.05079188849776983,False,False,False,False,False,False,False
random_ruehl_mask,strong,78,270920338,4,UP,UP,0.06154109723865986,False,False,False,False,False,False,False
random_ruehl_mask,strong,78,270920338,5,WAIT,WAIT,0.08870800957083702,False,False,False,False,False,False,False
random_ruehl_mask,strong,78,270920338,6,WAIT,WAIT,0.0873330282047391,False,False,False,False,False,False,False
random_ruehl_mask,strong,78,270920338,7,WAIT,WAIT,0.08445791900157928,False,False,False,False,False,False,False
random_ruehl_mask,strong,78,270920338,8,DOWN,DOWN,0.04991702735424042,False,False,False,False,False,False,False
random_ruehl_mask,strong,78,270920338,9,WAIT,WAIT,0.0902500469237566,False,False,False,False,False,False,False
random_ruehl_mask,strong,78,270920338,10,WAIT,WAIT,0.10254199150949717,False,False,False,False,False,False,False
random_ruehl_mask,strong,78,270920338,11,WAIT,WAIT,0.08725002408027649,False,True,False,False,False,False,False
random_ruehl_mask,strong,78,270920338,12,WAIT,WAIT,0.08150003850460052,False,False,False,False,False,False,False
random_ruehl_mask,strong,78,270920338,13,RIGHT,RIGHT,0.13033405411988497,False,False,False,False,False,False,False
random_ruehl_mask,strong,78,270920338,14,LEFT,LEFT,0.08366699330508709,False,False,False,False,False,False,False
random_ruehl_mask,strong,78,270920338,15,WAIT,WAIT,0.09895802941173315,False,False,False,False,False,False,True
random_ruehl_mask,strong,78,270920338,16,BOMB,BOMB,0.10487495455890894,False,False,False,True,False,False,True
random_ruehl_mask,strong,78,270920338,17,UP,UP,0.05112506914883852,False,False,False,False,False,False,True
random_ruehl_mask,strong,78,270920338,18,WAIT,WAIT,0.04254200030118227,False,False,False,False,False,False,True
random_ruehl_mask,strong,78,270920338,19,WAIT,WAIT,0.06829097401350737,False,False,False,False,False,False,True
random_ruehl_mask,strong,78,270920338,20,WAIT,WAIT,0.08666596841067076,False,False,False,False,False,False,True
random_ruehl_mask,strong,79,270920339,1,RIGHT,RIGHT,0.10549998842179775,False,True,False,False,False,False,False
random_ruehl_mask,strong,79,270920339,2,BOMB,BOMB,0.10012497659772635,False,False,False,True,False,False,False
random_ruehl_mask,strong,79,270920339,3,LEFT,LEFT,0.07866707164794207,False,False,False,False,False,False,False
random_ruehl_mask,strong,79,270920339,4,WAIT,WAIT,0.04466692917048931,False,False,False,False,False,False,False
random_ruehl_mask,strong,79,270920339,5,UP,UP,0.10499998461455107,False,False,False,False,False,False,False
random_ruehl_mask,strong,79,270920339,6,WAIT,WAIT,0.08566596079617739,False,False,False,False,False,False,False
random_ruehl_mask,strong,79,270920339,7,WAIT,WAIT,0.07741700392216444,False,False,False,False,False,False,False
random_ruehl_mask,strong,79,270920339,8,DOWN,DOWN,0.042334082536399364,False,False,False,False,False,False,False
random_ruehl_mask,strong,79,270920339,9,UP,UP,0.08279201574623585,False,False,False,False,False,False,False
random_ruehl_mask,strong,79,270920339,10,DOWN,DOWN,0.06550003308802843,False,False,False,False,False,False,False
random_ruehl_mask,strong,79,270920339,11,UP,UP,0.07599999662488699,False,True,False,False,False,False,False
random_ruehl_mask,strong,79,270920339,12,DOWN,DOWN,0.07424992509186268,False,False,False,False,False,False,False
random_ruehl_mask,strong,79,270920339,13,RIGHT,RIGHT,0.12691703159362078,False,False,False,False,False,False,False
random_ruehl_mask,strong,79,270920339,14,RIGHT,RIGHT,0.07754203397780657,False,False,False,False,False,False,False
random_ruehl_mask,strong,79,270920339,15,RIGHT,RIGHT,0.10675005614757538,False,False,False,False,False,False,False
random_ruehl_mask,strong,79,270920339,16,BOMB,BOMB,0.09533402044326067,False,False,False,True,False,False,False
random_ruehl_mask,strong,79,270920339,17,LEFT,LEFT,0.04091602750122547,False,False,False,False,False,False,False
random_ruehl_mask,strong,79,270920339,18,UP,UP,0.057292054407298565,False,False,False,False,False,False,False
random_ruehl_mask,strong,79,270920339,19,WAIT,WAIT,0.06412493530660868,False,False,False,False,False,False,False
random_ruehl_mask,strong,79,270920339,20,WAIT,WAIT,0.0552500132471323,False,False,False,False,False,False,False
random_ruehl_mask,strong,79,270920339,21,WAIT,WAIT,0.10912492871284485,False,True,False,False,False,False,False
random_ruehl_mask,strong,79,270920339,22,DOWN,DOWN,0.08458306547254324,False,False,False,False,False,False,False
random_ruehl_mask,strong,79,270920339,23,RIGHT,RIGHT,0.13837497681379318,False,False,False,False,False,False,False
random_ruehl_mask,strong,79,270920339,24,LEFT,LEFT,0.05483301356434822,False,False,False,False,False,False,False
random_ruehl_mask,strong,79,270920339,25,RIGHT,RIGHT,0.09158405009657145,False,False,False,False,False,False,False
random_ruehl_mask,strong,79,270920339,26,LEFT,LEFT,0.08999998681247234,False,False,False,False,False,False,False
random_ruehl_mask,strong,79,270920339,27,RIGHT,RIGHT,0.11029199231415987,False,False,False,False,False,False,False
random_ruehl_mask,strong,79,270920339,28,WAIT,WAIT,0.07337506394833326,False,False,False,False,False,False,False
random_ruehl_mask,strong,79,270920339,29,RIGHT,RIGHT,0.0637909397482872,False,False,False,False,False,False,False
random_ruehl_mask,strong,79,270920339,30,WAIT,WAIT,0.1366250216960907,False,False,False,False,False,False,False
random_ruehl_mask,strong,79,270920339,31,LEFT,LEFT,0.1215840457007289,False,True,False,False,False,False,False
random_ruehl_mask,strong,79,270920339,32,LEFT,LEFT,0.08583394810557365,False,False,False,False,False,False,False
random_ruehl_mask,strong,79,270920339,33,RIGHT,RIGHT,0.10825006756931543,False,False,False,False,False,False,False
random_ruehl_mask,strong,79,270920339,34,RIGHT,RIGHT,0.05116697866469622,False,False,False,False,False,False,False
random_ruehl_mask,strong,79,270920339,35,WAIT,WAIT,0.1081250375136733,False,False,False,False,False,False,False
random_ruehl_mask,strong,79,270920339,36,RIGHT,RIGHT,0.1039999770000577,False,False,False,False,False,False,False
random_ruehl_mask,strong,79,270920339,37,RIGHT,RIGHT,0.08720799814909697,False,False,False,False,False,False,False
random_ruehl_mask,strong,79,270920339,38,WAIT,WAIT,0.10041601490229368,False,False,False,False,False,False,False
random_ruehl_mask,strong,79,270920339,39,LEFT,LEFT,0.08558307308703661,False,False,False,False,False,False,False
random_ruehl_mask,strong,79,270920339,40,WAIT,WAIT,0.06662507075816393,False,False,False,False,False,False,False
random_ruehl_mask,strong,79,270920339,41,WAIT,WAIT,0.08512497879564762,False,True,False,False,False,False,False
random_ruehl_mask,strong,79,270920339,42,LEFT,LEFT,0.08462497498840094,False,False,False,False,False,False,False
random_ruehl_mask,strong,79,270920339,43,WAIT,WAIT,0.11862500105053186,False,False,False,False,False,False,False
random_ruehl_mask,strong,79,270920339,44,BOMB,BOMB,0.14000001829117537,False,False,False,True,False,False,False
random_ruehl_mask,strong,79,270920339,45,RIGHT,RIGHT,0.07137504871934652,False,False,False,False,False,False,False
random_ruehl_mask,strong,79,270920339,46,RIGHT,RIGHT,0.052999937906861305,False,False,False,False,False,False,False
random_ruehl_mask,strong,79,270920339,47,RIGHT,RIGHT,0.07470790296792984,False,False,False,False,False,False,False
random_ruehl_mask,strong,79,270920339,48,RIGHT,RIGHT,0.07812504190951586,False,False,False,False,False,False,False
random_ruehl_mask,strong,79,270920339,49,UP,UP,0.08054100908339024,False,False,False,False,False,False,False
random_ruehl_mask,strong,79,270920339,50,UP,UP,0.07987499702721834,False,False,False,False,False,False,False
random_ruehl_mask,strong,79,270920339,51,DOWN,DOWN,0.1152500044554472,False,True,False,False,False,False,False
random_ruehl_mask,strong,79,270920339,52,UP,UP,0.20104192662984133,False,False,False,False,False,False,False
random_ruehl_mask,strong,79,270920339,53,DOWN,DOWN,0.12400001287460327,False,False,False,False,False,False,False
random_ruehl_mask,strong,79,270920339,54,BOMB,BOMB,0.08749996777623892,False,False,False,True,False,False,False
random_ruehl_mask,strong,79,270920339,55,UP,UP,0.07333396933972836,False,False,False,False,False,False,False
random_ruehl_mask,strong,79,270920339,56,RIGHT,RIGHT,0.07766601629555225,False,False,False,False,False,False,False
random_ruehl_mask,strong,79,270920339,57,WAIT,WAIT,0.09949994273483753,False,False,False,False,False,False,False
random_ruehl_mask,strong,79,270920339,58,WAIT,WAIT,0.0820419518277049,False,False,False,False,False,False,False
random_ruehl_mask,strong,79,270920339,59,WAIT,WAIT,0.16583397518843412,False,False,False,False,False,False,False
random_ruehl_mask,strong,79,270920339,60,RIGHT,RIGHT,0.07520802319049835,False,False,False,False,False,False,True
random_ruehl_mask,strong,79,270920339,61,BOMB,BOMB,0.16379100270569324,False,True,False,True,False,False,True
random_ruehl_mask,strong,79,270920339,62,RIGHT,RIGHT,0.07912504952400923,False,False,False,False,False,False,True
random_ruehl_mask,strong,79,270920339,63,WAIT,WAIT,0.07533305324614048,False,False,False,False,False,False,True
random_ruehl_mask,strong,79,270920339,64,WAIT,WAIT,0.07566693238914013,False,False,False,False,False,False,True
random_ruehl_mask,strong,79,270920339,65,WAIT,WAIT,0.06633298471570015,False,False,False,False,False,False,True
random_ruehl_mask,strong,80,270920340,1,LEFT,LEFT,0.12049998622387648,False,True,False,False,False,False,False
random_ruehl_mask,strong,80,270920340,2,LEFT,LEFT,0.08820893708616495,False,False,False,False,False,False,False
random_ruehl_mask,strong,80,270920340,3,BOMB,BOMB,0.07570802699774504,False,False,False,True,False,False,False
random_ruehl_mask,strong,80,270920340,4,RIGHT,RIGHT,0.03933301195502281,False,False,False,False,False,False,False
random_ruehl_mask,strong,80,270920340,5,WAIT,WAIT,0.06137497257441282,False,False,False,False,False,False,False
random_ruehl_mask,strong,80,270920340,6,RIGHT,RIGHT,0.06699992809444666,False,False,False,False,False,False,False
random_ruehl_mask,strong,80,270920340,7,UP,UP,0.0624160747975111,False,False,False,False,False,False,False
random_ruehl_mask,strong,80,270920340,8,WAIT,WAIT,0.06250001024454832,False,False,False,False,False,False,False
random_ruehl_mask,strong,80,270920340,9,WAIT,WAIT,0.04125002305954695,False,False,False,False,False,False,False
random_ruehl_mask,strong,80,270920340,10,DOWN,DOWN,0.07045897655189037,False,False,False,False,False,False,False
random_ruehl_mask,strong,80,270920340,11,WAIT,WAIT,0.0742500415071845,False,True,False,False,False,False,False
random_ruehl_mask,strong,80,270920340,12,BOMB,BOMB,0.09933300316333771,False,False,False,True,False,False,False
random_ruehl_mask,strong,80,270920340,13,LEFT,LEFT,0.06941589526832104,False,False,False,False,False,False,False
random_ruehl_mask,strong,80,270920340,14,LEFT,LEFT,0.06345799192786217,False,False,False,False,False,False,False
random_ruehl_mask,strong,80,270920340,15,UP,UP,0.09824999142438173,False,False,False,False,False,False,False
random_ruehl_mask,strong,80,270920340,16,WAIT,WAIT,0.05745899397879839,False,False,False,False,False,False,False
random_ruehl_mask,strong,80,270920340,17,UP,UP,0.05820801015943289,False,False,False,False,False,False,False
random_ruehl_mask,strong,80,270920340,18,DOWN,DOWN,0.055582961067557335,False,False,False,False,False,False,True
random_ruehl_mask,strong,80,270920340,19,BOMB,BOMB,0.11624989565461874,False,False,False,True,False,False,True
random_ruehl_mask,strong,80,270920340,20,UP,UP,0.07349997758865356,False,False,False,False,False,False,True
random_ruehl_mask,strong,80,270920340,21,WAIT,WAIT,0.06970902904868126,False,False,False,False,False,False,True
random_ruehl_mask,strong,80,270920340,22,WAIT,WAIT,0.08141598664224148,False,False,False,False,False,False,True
random_ruehl_mask,strong,80,270920340,23,WAIT,WAIT,0.06612495053559542,False,False,False,False,False,False,True
random_ruehl_mask,strong,81,270920341,1,LEFT,LEFT,0.10287505574524403,False,True,False,False,False,False,False
random_ruehl_mask,strong,81,270920341,2,WAIT,WAIT,0.08770800195634365,False,False,False,False,False,False,False
random_ruehl_mask,strong,81,270920341,3,WAIT,WAIT,0.0987909734249115,False,False,False,False,False,False,False
random_ruehl_mask,strong,81,270920341,4,WAIT,WAIT,0.09545800276100636,False,False,False,False,False,False,False
random_ruehl_mask,strong,81,270920341,5,RIGHT,RIGHT,0.10904204100370407,False,False,False,False,False,False,False
random_ruehl_mask,strong,81,270920341,6,WAIT,WAIT,0.10291696526110172,False,False,False,False,False,False,False
random_ruehl_mask,strong,81,270920341,7,WAIT,WAIT,0.10850001126527786,False,False,False,False,False,False,False
random_ruehl_mask,strong,81,270920341,8,LEFT,LEFT,0.0770840561017394,False,False,False,False,False,False,False
random_ruehl_mask,strong,81,270920341,9,RIGHT,RIGHT,0.0700000673532486,False,False,False,False,False,False,False
random_ruehl_mask,strong,81,270920341,10,LEFT,LEFT,0.34495897125452757,False,False,False,False,False,False,False
random_ruehl_mask,strong,81,270920341,11,WAIT,WAIT,0.0838330015540123,False,True,False,False,False,False,False
random_ruehl_mask,strong,81,270920341,12,RIGHT,RIGHT,0.08683302439749241,False,False,False,False,False,False,False
random_ruehl_mask,strong,81,270920341,13,DOWN,DOWN,0.10137504432350397,False,False,False,False,False,False,False
random_ruehl_mask,strong,81,270920341,14,UP,UP,0.09120802860707045,False,False,False,False,False,False,False
random_ruehl_mask,strong,81,270920341,15,WAIT,WAIT,0.14262506738305092,False,False,False,False,False,False,False
random_ruehl_mask,strong,81,270920341,16,DOWN,DOWN,0.07958291098475456,False,False,False,False,False,False,False
random_ruehl_mask,strong,81,270920341,17,WAIT,WAIT,0.07912504952400923,False,False,False,False,False,False,False
random_ruehl_mask,strong,81,270920341,18,BOMB,BOMB,0.08837494533509016,False,False,False,True,False,False,False
random_ruehl_mask,strong,81,270920341,19,UP,UP,0.04666694439947605,False,False,False,False,False,False,False
random_ruehl_mask,strong,81,270920341,20,LEFT,LEFT,0.04116701893508434,False,False,False,False,False,False,False
random_ruehl_mask,strong,81,270920341,21,WAIT,WAIT,0.08179096039384604,False,True,False,False,False,False,False
random_ruehl_mask,strong,81,270920341,22,WAIT,WAIT,0.06770796608179808,False,False,False,False,False,False,False
random_ruehl_mask,strong,81,270920341,23,WAIT,WAIT,0.06441702134907246,False,False,False,False,False,False,False
random_ruehl_mask,strong,81,270920341,24,WAIT,WAIT,0.037207966670393944,False,False,False,False,False,False,False
random_ruehl_mask,strong,81,270920341,25,RIGHT,RIGHT,0.07837510202080011,False,False,False,False,False,False,False
random_ruehl_mask,strong,81,270920341,26,WAIT,WAIT,0.10254199150949717,False,False,False,False,False,False,False
random_ruehl_mask,strong,81,270920341,27,LEFT,LEFT,0.09220908395946026,False,False,False,False,False,False,False
random_ruehl_mask,strong,81,270920341,28,RIGHT,RIGHT,0.07129204459488392,False,False,False,False,False,False,False
random_ruehl_mask,strong,81,270920341,29,DOWN,DOWN,0.09816605597734451,False,False,False,False,False,False,False
random_ruehl_mask,strong,81,270920341,30,UP,UP,0.0640420475974679,False,False,False,False,False,False,False
random_ruehl_mask,strong,81,270920341,31,LEFT,LEFT,0.08883408736437559,False,True,False,False,False,False,False
random_ruehl_mask,strong,81,270920341,32,BOMB,BOMB,0.07954100146889687,False,False,False,True,False,False,False
random_ruehl_mask,strong,81,270920341,33,RIGHT,RIGHT,0.043208012357354164,False,False,False,False,False,False,False
random_ruehl_mask,strong,81,270920341,34,WAIT,WAIT,0.0522910850122571,False,False,False,False,False,False,False
random_ruehl_mask,strong,81,270920341,35,DOWN,DOWN,0.14354207087308168,False,False,False,False,False,False,False
random_ruehl_mask,strong,81,270920341,36,WAIT,WAIT,0.07954193279147148,False,False,False,False,False,False,False
random_ruehl_mask,strong,81,270920341,37,WAIT,WAIT,0.056541990488767624,False,False,False,False,False,False,False
random_ruehl_mask,strong,81,270920341,38,WAIT,WAIT,0.05483301356434822,False,False,False,False,False,False,False
random_ruehl_mask,strong,81,270920341,39,DOWN,DOWN,0.056292046792805195,False,False,False,False,False,False,False
random_ruehl_mask,strong,81,270920341,40,UP,UP,0.11099991388618946,False,False,False,False,False,False,False
random_ruehl_mask,strong,81,270920341,41,DOWN,DOWN,0.06062490865588188,False,True,False,False,False,False,False
random_ruehl_mask,strong,81,270920341,42,UP,UP,0.13395899441093206,False,False,False,False,False,False,False
random_ruehl_mask,strong,81,270920341,43,DOWN,DOWN,0.09683298412710428,False,False,False,False,False,False,False
random_ruehl_mask,strong,81,270920341,44,WAIT,WAIT,0.13233290519565344,False,False,False,False,False,False,False
random_ruehl_mask,strong,81,270920341,45,BOMB,BOMB,0.11429202277213335,False,False,False,True,False,False,False
random_ruehl_mask,strong,81,270920341,46,DOWN,DOWN,0.08270901162177324,False,False,False,False,False,False,False
random_ruehl_mask,strong,81,270920341,47,DOWN,DOWN,0.06345903966575861,False,False,False,False,False,False,False
random_ruehl_mask,strong,81,270920341,48,LEFT,LEFT,0.0725829740986228,False,False,False,False,False,False,False
random_ruehl_mask,strong,81,270920341,49,LEFT,LEFT,0.05716702435165644,False,False,False,False,False,False,False
random_ruehl_mask,strong,81,270920341,50,RIGHT,RIGHT,0.06458407733589411,False,False,False,False,False,False,False
random_ruehl_mask,strong,81,270920341,51,WAIT,WAIT,0.04212500061839819,False,True,False,False,False,False,False
random_ruehl_mask,strong,81,270920341,52,WAIT,WAIT,0.07966696284711361,False,False,False,False,False,False,False
random_ruehl_mask,strong,81,270920341,53,BOMB,BOMB,0.11929089669138193,False,False,False,True,False,False,False
random_ruehl_mask,strong,81,270920341,54,LEFT,LEFT,0.07108307909220457,False,False,False,False,False,False,False
random_ruehl_mask,strong,81,270920341,55,WAIT,WAIT,0.09120907634496689,False,False,False,False,False,False,False
random_ruehl_mask,strong,81,270920341,56,UP,UP,0.06629200652241707,False,False,False,False,False,False,False
random_ruehl_mask,strong,81,270920341,57,WAIT,WAIT,0.07391604594886303,False,False,False,False,False,False,False
random_ruehl_mask,strong,81,270920341,58,WAIT,WAIT,0.07495807949453592,False,False,False,False,False,False,False
random_ruehl_mask,strong,81,270920341,59,UP,UP,0.08854200132191181,False,False,False,False,False,False,False
random_ruehl_mask,strong,81,270920341,60,LEFT,LEFT,0.10908395051956177,False,False,False,False,False,False,False
random_ruehl_mask,strong,81,270920341,61,BOMB,BOMB,0.09279092773795128,False,True,False,True,False,False,False
random_ruehl_mask,strong,81,270920341,62,RIGHT,RIGHT,0.06083399057388306,False,False,False,False,False,False,False
random_ruehl_mask,strong,81,270920341,63,DOWN,DOWN,0.08095800876617432,False,False,False,False,False,False,False
random_ruehl_mask,strong,81,270920341,64,WAIT,WAIT,0.1067920820787549,False,False,False,False,False,False,False
random_ruehl_mask,strong,81,270920341,65,WAIT,WAIT,0.07558299694210291,False,False,False,False,False,False,False
random_ruehl_mask,strong,81,270920341,66,DOWN,DOWN,0.06920797750353813,False,False,False,False,False,False,False
random_ruehl_mask,strong,81,270920341,67,RIGHT,RIGHT,0.06429199129343033,False,False,False,False,False,False,False
random_ruehl_mask,strong,81,270920341,68,RIGHT,RIGHT,0.06754195783287287,False,False,False,False,False,False,False
random_ruehl_mask,strong,81,270920341,69,DOWN,DOWN,0.08754106238484383,False,False,False,False,False,False,False
random_ruehl_mask,strong,81,270920341,70,UP,UP,0.0789170153439045,False,False,False,False,False,False,False
random_ruehl_mask,strong,81,270920341,71,UP,UP,0.0980000477284193,False,True,False,False,False,False,False
random_ruehl_mask,strong,81,270920341,72,UP,UP,0.06791704799979925,False,False,False,False,False,False,False
random_ruehl_mask,strong,81,270920341,73,UP,UP,0.06966700311750174,False,False,False,False,False,False,False
random_ruehl_mask,strong,81,270920341,74,WAIT,WAIT,0.06975000724196434,False,False,False,False,False,False,False
random_ruehl_mask,strong,81,270920341,75,DOWN,DOWN,0.07037504110485315,False,False,False,False,False,False,False
random_ruehl_mask,strong,81,270920341,76,LEFT,LEFT,0.06616709288209677,False,False,False,False,False,False,False
random_ruehl_mask,strong,81,270920341,77,LEFT,LEFT,0.05179201252758503,False,False,False,False,False,False,False
random_ruehl_mask,strong,81,270920341,78,LEFT,LEFT,0.14645897317677736,False,False,False,False,False,False,False
random_ruehl_mask,strong,81,270920341,79,WAIT,WAIT,0.06479199510067701,False,False,False,False,False,False,False
random_ruehl_mask,strong,81,270920341,80,LEFT,LEFT,0.5594580434262753,False,False,False,False,False,False,False
random_ruehl_mask,strong,81,270920341,81,WAIT,WAIT,0.12020801659673452,False,True,False,False,False,False,False
random_ruehl_mask,strong,81,270920341,82,WAIT,WAIT,0.13716693501919508,False,False,False,False,False,False,False
random_ruehl_mask,strong,81,270920341,83,LEFT,LEFT,0.13100006617605686,False,False,False,False,False,False,False
random_ruehl_mask,strong,81,270920341,84,RIGHT,RIGHT,0.06375007797032595,False,False,False,False,False,False,False
random_ruehl_mask,strong,81,270920341,85,RIGHT,RIGHT,0.12687500566244125,False,False,False,False,False,False,False
random_ruehl_mask,strong,81,270920341,86,RIGHT,RIGHT,0.08579192217439413,False,False,False,False,False,False,False
random_ruehl_mask,strong,81,270920341,87,LEFT,LEFT,0.15995802823454142,False,False,False,False,False,False,False
random_ruehl_mask,strong,81,270920341,88,RIGHT,RIGHT,0.09583402425050735,False,False,False,False,False,False,False
random_ruehl_mask,strong,81,270920341,89,RIGHT,RIGHT,0.161500065587461,False,False,False,False,False,False,False
random_ruehl_mask,strong,81,270920341,90,LEFT,LEFT,0.07445900700986385,False,False,False,False,False,False,False
random_ruehl_mask,strong,81,270920341,91,UP,UP,0.11483288835734129,False,True,False,False,False,False,False
random_ruehl_mask,strong,81,270920341,92,UP,UP,0.0784160802140832,False,False,False,False,False,False,False
random_ruehl_mask,strong,81,270920341,93,WAIT,WAIT,0.09479105938225985,False,False,False,False,False,False,False
random_ruehl_mask,strong,81,270920341,94,WAIT,WAIT,0.09462493471801281,False,False,False,False,False,False,False
random_ruehl_mask,strong,81,270920341,95,DOWN,DOWN,0.07200008258223534,False,False,False,False,False,False,False
random_ruehl_mask,strong,81,270920341,96,WAIT,WAIT,0.06316602230072021,False,False,False,False,False,False,False
random_ruehl_mask,strong,81,270920341,97,WAIT,WAIT,0.06770889740437269,False,False,False,False,False,False,False
random_ruehl_mask,strong,81,270920341,98,DOWN,DOWN,0.09066693019121885,False,False,False,False,False,False,False
random_ruehl_mask,strong,81,270920341,99,WAIT,WAIT,0.1170419855043292,False,False,False,False,False,False,False
random_ruehl_mask,strong,81,270920341,100,WAIT,WAIT,0.12108311057090759,False,False,False,False,False,False,False
random_ruehl_mask,strong,81,270920341,101,UP,UP,0.12029195204377174,False,True,False,False,False,False,False
random_ruehl_mask,strong,81,270920341,102,UP,UP,0.10025000665336847,False,False,False,False,False,False,False
random_ruehl_mask,strong,81,270920341,103,LEFT,LEFT,0.07004209328442812,False,False,False,False,False,False,False
random_ruehl_mask,strong,81,270920341,104,LEFT,LEFT,0.06274995394051075,False,False,False,False,False,False,True
random_ruehl_mask,strong,81,270920341,105,BOMB,BOMB,0.09920797310769558,False,False,False,True,False,False,True
random_ruehl_mask,strong,81,270920341,106,LEFT,LEFT,0.05791697185486555,False,False,False,False,False,False,True
random_ruehl_mask,strong,81,270920341,107,LEFT,LEFT,0.07337494753301144,False,False,False,False,False,False,True
random_ruehl_mask,strong,81,270920341,108,RIGHT,RIGHT,0.08537492249161005,False,False,False,False,False,False,True
random_ruehl_mask,strong,81,270920341,109,LEFT,LEFT,0.2032499760389328,False,False,False,False,False,False,True
random_ruehl_mask,strong,82,270920342,1,WAIT,WAIT,0.12133305426687002,False,True,False,False,False,False,False
random_ruehl_mask,strong,82,270920342,2,LEFT,LEFT,0.07733399979770184,False,False,False,False,False,False,False
random_ruehl_mask,strong,82,270920342,3,RIGHT,RIGHT,0.06795802619308233,False,False,False,False,False,False,False
random_ruehl_mask,strong,82,270920342,4,WAIT,WAIT,0.07641699630767107,False,False,False,False,False,False,False
random_ruehl_mask,strong,82,270920342,5,WAIT,WAIT,0.09300000965595245,False,False,False,False,False,False,False
random_ruehl_mask,strong,82,270920342,6,DOWN,DOWN,0.08829205762594938,False,False,False,False,False,False,False
random_ruehl_mask,strong,82,270920342,7,BOMB,BOMB,0.10299996938556433,False,False,False,True,False,False,False
random_ruehl_mask,strong,82,270920342,8,UP,UP,0.04099996294826269,False,False,False,False,False,False,False
random_ruehl_mask,strong,82,270920342,9,WAIT,WAIT,0.04070799332112074,False,False,False,False,False,False,False
random_ruehl_mask,strong,82,270920342,10,LEFT,LEFT,0.07483293302357197,False,False,False,False,False,False,False
random_ruehl_mask,strong,82,270920342,11,WAIT,WAIT,0.062166014686226845,False,True,False,False,False,False,False
random_ruehl_mask,strong,82,270920342,12,WAIT,WAIT,0.05495792720466852,False,False,False,False,False,False,False
random_ruehl_mask,strong,82,270920342,13,RIGHT,RIGHT,0.07679197005927563,False,False,False,False,False,False,True
random_ruehl_mask,strong,82,270920342,14,BOMB,BOMB,0.10270893108099699,False,False,False,True,False,False,True
random_ruehl_mask,strong,82,270920342,15,LEFT,LEFT,0.05058397073298693,False,False,False,False,False,False,True
random_ruehl_mask,strong,82,270920342,16,WAIT,WAIT,0.04212500061839819,False,False,False,False,False,False,True
random_ruehl_mask,strong,82,270920342,17,WAIT,WAIT,0.06354099605232477,False,False,False,False,False,False,True
random_ruehl_mask,strong,82,270920342,18,WAIT,WAIT,0.0635830219835043,False,False,False,False,False,False,True
random_ruehl_mask,strong,83,270920343,1,WAIT,WAIT,0.09662506636232138,False,True,False,False,False,False,False
random_ruehl_mask,strong,83,270920343,2,WAIT,WAIT,0.07183302659541368,False,False,False,False,False,False,False
random_ruehl_mask,strong,83,270920343,3,UP,UP,0.07579196244478226,False,False,False,False,False,False,False
random_ruehl_mask,strong,83,270920343,4,BOMB,BOMB,0.09579106699675322,False,False,False,True,False,False,False
random_ruehl_mask,strong,83,270920343,5,DOWN,DOWN,0.07199996616691351,False,False,False,False,False,False,False
random_ruehl_mask,strong,83,270920343,6,LEFT,LEFT,0.06474996916949749,False,False,False,False,False,False,False
random_ruehl_mask,strong,83,270920343,7,WAIT,WAIT,0.06699992809444666,False,False,False,False,False,False,False
random_ruehl_mask,strong,83,270920343,8,WAIT,WAIT,0.06337498780339956,False,False,False,False,False,False,False
random_ruehl_mask,strong,83,270920343,9,WAIT,WAIT,0.05070806946605444,False,False,False,False,False,False,False
random_ruehl_mask,strong,83,270920343,10,WAIT,WAIT,0.03879191353917122,False,False,False,False,False,False,False
random_ruehl_mask,strong,83,270920343,11,WAIT,WAIT,0.06904196925461292,False,True,False,False,False,False,False
random_ruehl_mask,strong,83,270920343,12,RIGHT,RIGHT,0.06854208186268806,False,False,False,False,False,False,False
random_ruehl_mask,strong,83,270920343,13,BOMB,BOMB,0.09587500244379044,False,False,False,True,False,False,False
random_ruehl_mask,strong,83,270920343,14,UP,UP,0.057875062339007854,False,False,False,False,False,False,False
random_ruehl_mask,strong,83,270920343,15,UP,UP,0.06529095117002726,False,False,False,False,False,False,False
random_ruehl_mask,strong,83,270920343,16,LEFT,LEFT,0.05224999040365219,False,False,False,False,False,False,False
random_ruehl_mask,strong,83,270920343,17,WAIT,WAIT,0.0464579788967967,False,False,False,False,False,False,False
random_ruehl_mask,strong,83,270920343,18,WAIT,WAIT,0.04395900759845972,False,False,False,False,False,False,False
random_ruehl_mask,strong,83,270920343,19,RIGHT,RIGHT,0.05658308509737253,False,False,False,False,False,False,True
random_ruehl_mask,strong,83,270920343,20,BOMB,BOMB,0.0954590504989028,False,False,False,True,False,False,True
random_ruehl_mask,strong,83,270920343,21,UP,UP,0.06520806346088648,False,True,True,False,False,False,True
random_ruehl_mask,strong,83,270920343,22,UP,UP,0.07945799734443426,False,False,False,False,False,False,True
random_ruehl_mask,strong,83,270920343,23,WAIT,WAIT,0.08066697046160698,False,False,False,False,False,False,True
random_ruehl_mask,strong,83,270920343,24,WAIT,WAIT,0.05066697485744953,False,False,False,False,False,False,True
random_ruehl_mask,strong,84,270920344,1,LEFT,LEFT,0.10337494313716888,False,True,False,False,False,False,False
random_ruehl_mask,strong,84,270920344,2,WAIT,WAIT,0.07933296728879213,False,False,False,False,False,False,False
random_ruehl_mask,strong,84,270920344,3,RIGHT,RIGHT,0.07087504491209984,False,False,False,False,False,False,False
random_ruehl_mask,strong,84,270920344,4,WAIT,WAIT,0.08937506936490536,False,False,False,False,False,False,False
random_ruehl_mask,strong,84,270920344,5,LEFT,LEFT,0.10662502609193325,False,False,False,False,False,False,False
random_ruehl_mask,strong,84,270920344,6,RIGHT,RIGHT,0.08991698268800974,False,False,False,False,False,False,False
random_ruehl_mask,strong,84,270920344,7,UP,UP,0.08754199370741844,False,False,False,False,False,False,False
random_ruehl_mask,strong,84,270920344,8,DOWN,DOWN,0.09650003630667925,False,False,False,False,False,False,False
random_ruehl_mask,strong,84,270920344,9,UP,UP,0.09579199831932783,False,False,False,False,False,False,False
random_ruehl_mask,strong,84,270920344,10,WAIT,WAIT,0.06904196925461292,False,False,False,False,False,False,False
random_ruehl_mask,strong,84,270920344,11,WAIT,WAIT,0.1213329378515482,False,True,False,False,False,False,False
random_ruehl_mask,strong,84,270920344,12,DOWN,DOWN,0.08500006515532732,False,False,False,False,False,False,False
random_ruehl_mask,strong,84,270920344,13,UP,UP,0.1028330298140645,False,False,False,False,False,False,False
random_ruehl_mask,strong,84,270920344,14,BOMB,BOMB,0.11612498201429844,False,False,False,True,False,False,False
random_ruehl_mask,strong,84,270920344,15,DOWN,DOWN,0.06812496576458216,False,False,False,False,False,False,False
random_ruehl_mask,strong,84,270920344,16,LEFT,LEFT,0.03958307206630707,False,False,False,False,False,False,False
random_ruehl_mask,strong,84,270920344,17,WAIT,WAIT,0.047625042498111725,False,False,False,False,False,False,False
random_ruehl_mask,strong,84,270920344,18,WAIT,WAIT,0.06104202475398779,False,False,False,False,False,False,False
random_ruehl_mask,strong,84,270920344,19,WAIT,WAIT,0.049875001423060894,False,False,False,False,False,False,False
random_ruehl_mask,strong,84,270920344,20,WAIT,WAIT,0.04866707604378462,False,False,False,False,False,False,False
random_ruehl_mask,strong,84,270920344,21,RIGHT,RIGHT,0.1207499299198389,False,True,False,False,False,False,False
random_ruehl_mask,strong,84,270920344,22,BOMB,BOMB,0.12487510684877634,False,False,False,True,False,False,False
random_ruehl_mask,strong,84,270920344,23,UP,UP,0.07416598964482546,False,False,False,False,False,False,False
random_ruehl_mask,strong,84,270920344,24,WAIT,WAIT,0.03958400338888168,False,False,False,False,False,False,False
random_ruehl_mask,strong,84,270920344,25,UP,UP,0.049042049795389175,False,False,False,False,False,False,False
random_ruehl_mask,strong,84,270920344,26,LEFT,LEFT,0.04716706462204456,False,False,False,False,False,False,False
random_ruehl_mask,strong,84,270920344,27,WAIT,WAIT,0.04379195161163807,False,False,False,False,False,False,False
random_ruehl_mask,strong,84,270920344,28,RIGHT,RIGHT,0.03737490624189377,False,False,False,False,False,False,False
random_ruehl_mask,strong,84,270920344,29,DOWN,DOWN,0.09966699872165918,False,False,False,False,False,False,False
random_ruehl_mask,strong,84,270920344,30,WAIT,WAIT,0.08954200893640518,False,False,False,False,False,False,False
random_ruehl_mask,strong,84,270920344,31,WAIT,WAIT,0.09166693780571222,False,True,False,False,False,False,False
random_ruehl_mask,strong,84,270920344,32,DOWN,DOWN,0.06854103412479162,False,False,False,False,False,False,False
random_ruehl_mask,strong,84,270920344,33,UP,UP,0.07266702596098185,False,False,False,False,False,False,False
random_ruehl_mask,strong,84,270920344,34,WAIT,WAIT,0.05387491546571255,False,False,False,False,False,False,False
random_ruehl_mask,strong,84,270920344,35,WAIT,WAIT,0.0666249543428421,False,False,False,False,False,False,False
random_ruehl_mask,strong,84,270920344,36,WAIT,WAIT,0.058582983911037445,False,False,False,False,False,False,False
random_ruehl_mask,strong,84,270920344,37,UP,UP,0.0653339084237814,False,False,False,False,False,False,True
random_ruehl_mask,strong,84,270920344,38,BOMB,BOMB,0.09624997619539499,False,False,False,True,False,False,True
random_ruehl_mask,strong,84,270920344,39,UP,UP,0.06850005593150854,False,False,False,False,False,False,True
random_ruehl_mask,strong,84,270920344,40,UP,UP,0.06170803681015968,False,False,False,False,False,False,True
random_ruehl_mask,strong,84,270920344,41,WAIT,WAIT,0.06112491246312857,False,False,False,False,False,False,True
random_ruehl_mask,strong,84,270920344,42,WAIT,WAIT,0.04904193338006735,False,False,False,False,False,False,True
random_ruehl_mask,strong,85,270920345,1,WAIT,WAIT,0.09674998000264168,False,True,False,False,False,False,False
random_ruehl_mask,strong,85,270920345,2,UP,UP,0.07375003769993782,False,False,False,False,False,False,False
random_ruehl_mask,strong,85,270920345,3,DOWN,DOWN,0.06787502206861973,False,False,False,False,False,False,False
random_ruehl_mask,strong,85,270920345,4,UP,UP,0.10070903226733208,False,False,False,False,False,False,False
random_ruehl_mask,strong,85,270920345,5,BOMB,BOMB,0.09304098784923553,False,False,False,True,False,False,False
random_ruehl_mask,strong,85,270920345,6,DOWN,DOWN,0.06991706322878599,False,False,False,False,False,False,False
random_ruehl_mask,strong,85,270920345,7,WAIT,WAIT,0.08704198990017176,False,False,False,False,False,False,False
random_ruehl_mask,strong,85,270920345,8,LEFT,LEFT,0.06116693839430809,False,False,False,False,False,False,False
random_ruehl_mask,strong,85,270920345,9,WAIT,WAIT,0.047208042815327644,False,False,False,False,False,False,False
random_ruehl_mask,strong,85,270920345,10,WAIT,WAIT,0.04466692917048931,False,False,False,False,False,False,False
random_ruehl_mask,strong,85,270920345,11,RIGHT,RIGHT,0.04212500061839819,False,True,False,False,False,False,False
random_ruehl_mask,strong,85,270920345,12,LEFT,LEFT,0.08358294144272804,False,False,False,False,False,False,False
random_ruehl_mask,strong,85,270920345,13,RIGHT,RIGHT,0.08704198990017176,False,False,False,False,False,False,True
random_ruehl_mask,strong,85,270920345,14,BOMB,BOMB,0.11699995957314968,False,False,False,True,False,False,True
random_ruehl_mask,strong,85,270920345,15,LEFT,LEFT,0.06116693839430809,False,False,False,False,False,False,True
random_ruehl_mask,strong,85,270920345,16,WAIT,WAIT,0.037958030588924885,False,False,False,False,False,False,True
random_ruehl_mask,strong,85,270920345,17,WAIT,WAIT,0.04595797508955002,False,False,False,False,False,False,True
random_ruehl_mask,strong,85,270920345,18,WAIT,WAIT,0.04433305002748966,False,False,False,False,False,False,True
random_ruehl_mask,strong,86,270920346,1,WAIT,WAIT,0.098041957244277,False,True,False,False,False,False,False
random_ruehl_mask,strong,86,270920346,2,WAIT,WAIT,0.07599999662488699,False,False,False,False,False,False,False
random_ruehl_mask,strong,86,270920346,3,WAIT,WAIT,0.10008399840444326,False,False,False,False,False,False,False
random_ruehl_mask,strong,86,270920346,4,WAIT,WAIT,0.08037500083446503,False,False,False,False,False,False,False
random_ruehl_mask,strong,86,270920346,5,RIGHT,RIGHT,0.10900001507252455,False,False,False,False,False,False,False
random_ruehl_mask,strong,86,270920346,6,BOMB,BOMB,0.1151250908151269,False,False,False,True,False,False,False
random_ruehl_mask,strong,86,270920346,7,LEFT,LEFT,0.05958403926342726,False,False,False,False,False,False,False
random_ruehl_mask,strong,86,270920346,8,WAIT,WAIT,0.0399579294025898,False,False,False,False,False,False,False
random_ruehl_mask,strong,86,270920346,9,DOWN,DOWN,0.04612503107637167,False,False,False,False,False,False,False
random_ruehl_mask,strong,86,270920346,10,WAIT,WAIT,0.05583302117884159,False,False,False,False,False,False,False
random_ruehl_mask,strong,86,270920346,11,WAIT,WAIT,0.06108300294727087,False,True,False,False,False,False,False
random_ruehl_mask,strong,86,270920346,12,WAIT,WAIT,0.04895799793303013,False,False,False,False,False,False,False
random_ruehl_mask,strong,86,270920346,13,WAIT,WAIT,0.10125001426786184,False,False,False,False,False,False,False
random_ruehl_mask,strong,86,270920346,14,UP,UP,0.09429105557501316,False,False,False,False,False,False,False
random_ruehl_mask,strong,86,270920346,15,RIGHT,RIGHT,0.10341696906834841,False,False,False,False,False,False,False
random_ruehl_mask,strong,86,270920346,16,LEFT,LEFT,0.04754192195832729,False,False,False,False,False,False,True
random_ruehl_mask,strong,86,270920346,17,BOMB,BOMB,0.1432499848306179,False,False,False,True,False,False,True
random_ruehl_mask,strong,86,270920346,18,DOWN,DOWN,0.0434160465374589,False,False,False,False,False,False,True
random_ruehl_mask,strong,86,270920346,19,WAIT,WAIT,0.03995897714048624,False,False,False,False,False,False,True
random_ruehl_mask,strong,86,270920346,20,WAIT,WAIT,0.06854196544736624,False,False,False,False,False,False,True
random_ruehl_mask,strong,86,270920346,21,WAIT,WAIT,0.09416707325726748,False,False,False,False,False,False,True
random_ruehl_mask,strong,87,270920347,1,BOMB,BOMB,0.09995908476412296,False,True,False,True,False,False,True
random_ruehl_mask,strong,87,270920347,2,UP,UP,0.044665997847914696,False,False,False,False,False,False,True
random_ruehl_mask,strong,87,270920347,3,WAIT,WAIT,0.041207997128367424,False,False,False,False,False,False,True
random_ruehl_mask,strong,87,270920347,4,WAIT,WAIT,0.04912505391985178,False,False,False,False,False,False,True
random_ruehl_mask,strong,87,270920347,5,WAIT,WAIT,0.07704203017055988,False,False,False,False,False,False,True
random_ruehl_mask,strong,88,270920348,1,UP,UP,0.09425007738173008,False,True,False,False,False,False,False
random_ruehl_mask,strong,88,270920348,2,WAIT,WAIT,0.0700830714777112,False,False,False,False,False,False,False
random_ruehl_mask,strong,88,270920348,3,BOMB,BOMB,0.06383308209478855,False,False,False,True,False,False,False
random_ruehl_mask,strong,88,270920348,4,DOWN,DOWN,0.03695895429700613,False,False,False,False,False,False,False
random_ruehl_mask,strong,88,270920348,5,WAIT,WAIT,0.08208304643630981,False,False,False,False,False,False,False
random_ruehl_mask,strong,88,270920348,6,RIGHT,RIGHT,0.08554093074053526,False,False,False,False,False,False,False
random_ruehl_mask,strong,88,270920348,7,WAIT,WAIT,0.09258300997316837,False,False,False,False,False,False,False
random_ruehl_mask,strong,88,270920348,8,WAIT,WAIT,0.060999998822808266,False,False,False,False,False,False,False
random_ruehl_mask,strong,88,270920348,9,LEFT,LEFT,0.038209022022783756,False,False,False,False,False,False,False
random_ruehl_mask,strong,88,270920348,10,WAIT,WAIT,0.08579203858971596,False,False,False,False,False,False,False
random_ruehl_mask,strong,88,270920348,11,RIGHT,RIGHT,0.09695894550532103,False,True,False,False,False,False,False
random_ruehl_mask,strong,88,270920348,12,WAIT,WAIT,0.09291700553148985,False,False,False,False,False,False,False
random_ruehl_mask,strong,88,270920348,13,BOMB,BOMB,0.08975004311650991,False,False,False,True,False,False,False
random_ruehl_mask,strong,88,270920348,14,LEFT,LEFT,0.06116705480962992,False,False,False,False,False,False,False
random_ruehl_mask,strong,88,270920348,15,WAIT,WAIT,0.048666028305888176,False,False,False,False,False,False,False
random_ruehl_mask,strong,88,270920348,16,UP,UP,0.06479199510067701,False,False,False,False,False,False,False
random_ruehl_mask,strong,88,270920348,17,UP,UP,0.06020802538841963,False,False,False,False,False,False,False
random_ruehl_mask,strong,88,270920348,18,WAIT,WAIT,0.044625019654631615,False,False,False,False,False,False,False
random_ruehl_mask,strong,88,270920348,19,WAIT,WAIT,0.04258297849446535,False,False,False,False,False,False,False
random_ruehl_mask,strong,88,270920348,20,BOMB,BOMB,0.09324995335191488,False,False,False,True,False,False,False
random_ruehl_mask,strong,88,270920348,21,DOWN,DOWN,0.06079208105802536,False,True,False,False,False,False,False
random_ruehl_mask,strong,88,270920348,22,DOWN,DOWN,0.06799993570894003,False,False,False,False,False,False,False
random_ruehl_mask,strong,88,270920348,23,RIGHT,RIGHT,0.07720803841948509,False,False,False,False,False,False,False
random_ruehl_mask,strong,88,270920348,24,RIGHT,RIGHT,0.0660410150885582,False,False,False,False,False,False,False
random_ruehl_mask,strong,88,270920348,25,WAIT,WAIT,0.047166948206722736,False,False,False,False,False,False,False
random_ruehl_mask,strong,88,270920348,26,LEFT,LEFT,0.03516697324812412,False,False,False,False,False,False,False
random_ruehl_mask,strong,88,270920348,27,RIGHT,RIGHT,0.11012493632733822,False,False,False,False,False,False,False
random_ruehl_mask,strong,88,270920348,28,LEFT,LEFT,0.10412500705569983,False,False,False,False,False,False,False
random_ruehl_mask,strong,88,270920348,29,LEFT,LEFT,0.05937495734542608,False,False,False,False,False,False,False
random_ruehl_mask,strong,88,270920348,30,UP,UP,0.06987503729760647,False,False,False,False,False,False,False
random_ruehl_mask,strong,88,270920348,31,WAIT,WAIT,0.06566697265952826,False,True,False,False,False,False,False
random_ruehl_mask,strong,88,270920348,32,DOWN,DOWN,0.06912508979439735,False,False,False,False,False,False,False
random_ruehl_mask,strong,88,270920348,33,WAIT,WAIT,0.04812492989003658,False,False,False,False,False,False,False
random_ruehl_mask,strong,88,270920348,34,UP,UP,0.08195801638066769,False,False,False,False,False,False,False
random_ruehl_mask,strong,88,270920348,35,UP,UP,0.06279104854911566,False,False,False,False,False,False,False
random_ruehl_mask,strong,88,270920348,36,UP,UP,0.07404200732707977,False,False,False,False,False,False,True
random_ruehl_mask,strong,88,270920348,37,BOMB,BOMB,0.11099991388618946,False,False,False,True,False,False,True
random_ruehl_mask,strong,88,270920348,38,UP,UP,0.04270905628800392,False,False,False,False,False,False,True
random_ruehl_mask,strong,88,270920348,39,WAIT,WAIT,0.04037492908537388,False,False,False,False,False,False,True
random_ruehl_mask,strong,88,270920348,40,WAIT,WAIT,0.06850005593150854,False,False,False,False,False,False,True
random_ruehl_mask,strong,88,270920348,41,WAIT,WAIT,0.05395803600549698,False,False,False,False,False,False,True
random_ruehl_mask,strong,89,270920349,1,LEFT,LEFT,0.11958391405642033,False,True,False,False,False,False,False
random_ruehl_mask,strong,89,270920349,2,BOMB,BOMB,0.07499998901039362,False,False,False,True,False,False,False
random_ruehl_mask,strong,89,270920349,3,LEFT,LEFT,0.037624966353178024,False,False,False,False,False,False,False
random_ruehl_mask,strong,89,270920349,4,UP,UP,0.037958030588924885,False,False,False,False,False,False,False
random_ruehl_mask,strong,89,270920349,5,WAIT,WAIT,0.08795794565230608,False,False,False,False,False,False,False
random_ruehl_mask,strong,89,270920349,6,WAIT,WAIT,0.06966607179492712,False,False,False,False,False,False,False
random_ruehl_mask,strong,89,270920349,7,WAIT,WAIT,0.06941694300621748,False,False,False,False,False,False,False
random_ruehl_mask,strong,89,270920349,8,DOWN,DOWN,0.0476249260827899,False,False,False,False,False,False,False
random_ruehl_mask,strong,89,270920349,9,RIGHT,RIGHT,0.08854200132191181,False,False,False,False,False,False,False
random_ruehl_mask,strong,89,270920349,10,RIGHT,RIGHT,0.05962501745671034,False,False,False,False,False,False,False
random_ruehl_mask,strong,89,270920349,11,WAIT,WAIT,0.07762492168694735,False,True,False,False,False,False,False
random_ruehl_mask,strong,89,270920349,12,LEFT,LEFT,0.07920898497104645,False,False,False,False,False,False,False
random_ruehl_mask,strong,89,270920349,13,LEFT,LEFT,0.06820808630436659,False,False,False,False,False,False,False
random_ruehl_mask,strong,89,270920349,14,WAIT,WAIT,0.10125001426786184,False,False,False,False,False,False,False
random_ruehl_mask,strong,89,270920349,15,WAIT,WAIT,0.09891693480312824,False,False,False,False,False,False,False
random_ruehl_mask,strong,89,270920349,16,UP,UP,0.07829198148101568,False,False,False,False,False,False,False
random_ruehl_mask,strong,89,270920349,17,WAIT,WAIT,0.06462493911385536,False,False,False,False,False,False,False
random_ruehl_mask,strong,89,270920349,18,DOWN,DOWN,0.06383308209478855,False,False,False,False,False,False,True
random_ruehl_mask,strong,89,270920349,19,BOMB,BOMB,0.10070798452943563,False,False,False,True,False,False,True
random_ruehl_mask,strong,89,270920349,20,UP,UP,0.05104101728647947,False,False,False,False,False,False,True
random_ruehl_mask,strong,89,270920349,21,WAIT,WAIT,0.06483402103185654,False,False,False,False,False,False,True
random_ruehl_mask,strong,89,270920349,22,WAIT,WAIT,0.07695797830820084,False,False,False,False,False,False,True
random_ruehl_mask,strong,89,270920349,23,WAIT,WAIT,0.06949994713068008,False,False,False,False,False,False,True
random_ruehl_mask,strong,90,270920350,1,DOWN,DOWN,0.10325002949684858,False,True,False,False,False,False,False
random_ruehl_mask,strong,90,270920350,2,WAIT,WAIT,0.07254199590533972,False,False,False,False,False,False,False
random_ruehl_mask,strong,90,270920350,3,BOMB,BOMB,0.06500002928078175,False,False,False,True,False,False,False
random_ruehl_mask,strong,90,270920350,4,UP,UP,0.03662507515400648,False,False,False,False,False,False,False
random_ruehl_mask,strong,90,270920350,5,RIGHT,RIGHT,0.07508299313485622,False,False,False,False,False,False,False
random_ruehl_mask,strong,90,270920350,6,WAIT,WAIT,0.07370905950665474,False,False,False,False,False,False,False
random_ruehl_mask,strong,90,270920350,7,WAIT,WAIT,0.06841705180704594,False,False,False,False,False,False,False
random_ruehl_mask,strong,90,270920350,8,WAIT,WAIT,0.05783303640782833,False,False,False,False,False,False,False
random_ruehl_mask,strong,90,270920350,9,WAIT,WAIT,0.03679096698760986,False,False,False,False,False,False,False
random_ruehl_mask,strong,90,270920350,10,LEFT,LEFT,0.06904196925461292,False,False,False,False,False,False,True
random_ruehl_mask,strong,90,270920350,11,BOMB,BOMB,0.07920898497104645,False,True,False,True,False,False,True
random_ruehl_mask,strong,90,270920350,12,RIGHT,RIGHT,0.0387909822165966,False,False,False,False,False,False,True
random_ruehl_mask,strong,90,270920350,13,WAIT,WAIT,0.057582976296544075,False,False,False,False,False,False,True
random_ruehl_mask,strong,90,270920350,14,WAIT,WAIT,0.08541694842278957,False,False,False,False,False,False,True
random_ruehl_mask,strong,90,270920350,15,WAIT,WAIT,0.07191707845777273,False,False,False,False,False,False,True
random_ruehl_mask,strong,91,270920351,1,LEFT,LEFT,0.0967090018093586,False,True,False,False,False,False,False
random_ruehl_mask,strong,91,270920351,2,WAIT,WAIT,0.06783404387533665,False,False,False,False,False,False,False
random_ruehl_mask,strong,91,270920351,3,BOMB,BOMB,0.06316707003861666,False,False,False,True,False,False,False
random_ruehl_mask,strong,91,270920351,4,RIGHT,RIGHT,0.058582983911037445,False,False,False,False,False,False,False
random_ruehl_mask,strong,91,270920351,5,WAIT,WAIT,0.06954197306185961,False,False,False,False,False,False,False
random_ruehl_mask,strong,91,270920351,6,UP,UP,0.0669590663164854,False,False,False,False,False,False,False
random_ruehl_mask,strong,91,270920351,7,WAIT,WAIT,0.07870804984122515,False,False,False,False,False,False,False
random_ruehl_mask,strong,91,270920351,8,WAIT,WAIT,0.04733400419354439,False,False,False,False,False,False,False
random_ruehl_mask,strong,91,270920351,9,WAIT,WAIT,0.04233303479850292,False,False,False,False,False,False,False
random_ruehl_mask,strong,91,270920351,10,WAIT,WAIT,0.07441698107868433,False,False,False,False,False,False,False
random_ruehl_mask,strong,91,270920351,11,DOWN,DOWN,0.0666249543428421,False,True,False,False,False,False,True
random_ruehl_mask,strong,91,270920351,12,BOMB,BOMB,0.11404103133827448,False,False,False,True,False,False,True
random_ruehl_mask,strong,91,270920351,13,LEFT,LEFT,0.07116701453924179,False,False,False,False,False,False,True
random_ruehl_mask,strong,91,270920351,14,LEFT,LEFT,0.06604194641113281,False,False,False,False,False,False,True
random_ruehl_mask,strong,91,270920351,15,RIGHT,RIGHT,0.08224998600780964,False,False,False,False,False,False,True
random_ruehl_mask,strong,91,270920351,16,WAIT,WAIT,0.05170796066522598,False,False,False,False,False,False,True
random_ruehl_mask,strong,92,270920352,1,UP,UP,0.09954196866601706,False,True,False,False,False,False,False
random_ruehl_mask,strong,92,270920352,2,WAIT,WAIT,0.06916699931025505,False,False,False,False,False,False,False
random_ruehl_mask,strong,92,270920352,3,BOMB,BOMB,0.08633395191282034,False,False,False,True,False,False,False
random_ruehl_mask,strong,92,270920352,4,DOWN,DOWN,0.04358298610895872,False,False,False,False,False,False,False
random_ruehl_mask,strong,92,270920352,5,WAIT,WAIT,0.05949998740106821,False,False,False,False,False,False,False
random_ruehl_mask,strong,92,270920352,6,LEFT,LEFT,0.06495800334960222,False,False,False,False,False,False,False
random_ruehl_mask,strong,92,270920352,7,LEFT,LEFT,0.06112491246312857,False,False,False,False,False,False,False
random_ruehl_mask,strong,92,270920352,8,RIGHT,RIGHT,0.04099996294826269,False,False,False,False,False,False,False
random_ruehl_mask,strong,92,270920352,9,LEFT,LEFT,0.03716605715453625,False,False,False,False,False,False,False
random_ruehl_mask,strong,92,270920352,10,BOMB,BOMB,0.07629196625202894,False,False,False,True,False,False,False
random_ruehl_mask,strong,92,270920352,11,RIGHT,RIGHT,0.03529095556586981,False,True,False,False,False,False,False
random_ruehl_mask,strong,92,270920352,12,WAIT,WAIT,0.044958083890378475,False,False,False,False,False,False,False
random_ruehl_mask,strong,92,270920352,13,RIGHT,RIGHT,0.09404192678630352,False,False,False,False,False,False,False
random_ruehl_mask,strong,92,270920352,14,UP,UP,0.07462501525878906,False,False,False,False,False,False,False
random_ruehl_mask,strong,92,270920352,15,WAIT,WAIT,0.06387499161064625,False,False,False,False,False,False,False
random_ruehl_mask,strong,92,270920352,16,WAIT,WAIT,0.053333002142608166,False,False,False,False,False,False,False
random_ruehl_mask,strong,92,270920352,17,UP,UP,0.07499998901039362,False,False,False,False,False,False,False
random_ruehl_mask,strong,92,270920352,18,UP,UP,0.09537499863654375,False,False,False,False,False,False,False
random_ruehl_mask,strong,92,270920352,19,WAIT,WAIT,0.09941693861037493,False,False,False,False,False,False,False
random_ruehl_mask,strong,92,270920352,20,DOWN,DOWN,0.10179204400628805,False,False,False,False,False,False,False
random_ruehl_mask,strong,92,270920352,21,WAIT,WAIT,0.11541706044226885,False,True,False,False,False,False,True
random_ruehl_mask,strong,92,270920352,22,BOMB,BOMB,0.10158400982618332,False,False,False,True,False,False,True
random_ruehl_mask,strong,92,270920352,23,UP,UP,0.06758305244147778,False,False,False,False,False,False,True
random_ruehl_mask,strong,92,270920352,24,WAIT,WAIT,0.04195794463157654,False,False,False,False,False,False,True
random_ruehl_mask,strong,92,270920352,25,UP,UP,0.04979199729859829,False,False,False,False,False,False,True
random_ruehl_mask,strong,92,270920352,26,WAIT,WAIT,0.04850002005696297,False,False,False,False,False,False,True
random_ruehl_mask,strong,93,270920353,1,RIGHT,RIGHT,0.11041609104722738,False,True,False,False,False,False,False
random_ruehl_mask,strong,93,270920353,2,WAIT,WAIT,0.07720896974205971,False,False,False,False,False,False,False
random_ruehl_mask,strong,93,270920353,3,BOMB,BOMB,0.0702909892424941,False,False,False,True,False,False,False
random_ruehl_mask,strong,93,270920353,4,LEFT,LEFT,0.0522910850122571,False,False,False,False,False,False,False
random_ruehl_mask,strong,93,270920353,5,DOWN,DOWN,0.07783400360494852,False,False,False,False,False,False,False
random_ruehl_mask,strong,93,270920353,6,WAIT,WAIT,0.06587500683963299,False,False,False,False,False,False,False
random_ruehl_mask,strong,93,270920353,7,WAIT,WAIT,0.07270800415426493,False,False,False,False,False,False,False
random_ruehl_mask,strong,93,270920353,8,WAIT,WAIT,0.05600007716566324,False,False,False,False,False,False,False
random_ruehl_mask,strong,93,270920353,9,UP,UP,0.051709008403122425,False,False,False,False,False,False,True
random_ruehl_mask,strong,93,270920353,10,BOMB,BOMB,0.0856249826028943,False,False,False,True,False,False,True
random_ruehl_mask,strong,93,270920353,11,DOWN,DOWN,0.05708297248929739,False,True,True,False,False,False,True
random_ruehl_mask,strong,93,270920353,12,WAIT,WAIT,0.05283299833536148,False,False,False,False,False,False,True
random_ruehl_mask,strong,93,270920353,13,WAIT,WAIT,0.06370805203914642,False,False,False,False,False,False,True
random_ruehl_mask,strong,93,270920353,14,WAIT,WAIT,0.06112491246312857,False,False,False,False,False,False,True
random_ruehl_mask,strong,94,270920354,1,LEFT,LEFT,0.10379089508205652,False,True,False,False,False,False,False
random_ruehl_mask,strong,94,270920354,2,BOMB,BOMB,0.07208401802927256,False,False,False,True,False,False,False
random_ruehl_mask,strong,94,270920354,3,RIGHT,RIGHT,0.053541967645287514,False,False,False,False,False,False,False
random_ruehl_mask,strong,94,270920354,4,DOWN,DOWN,0.04416704177856445,False,False,False,False,False,False,False
random_ruehl_mask,strong,94,270920354,5,WAIT,WAIT,0.0826249597594142,False,False,False,False,False,False,False
random_ruehl_mask,strong,94,270920354,6,WAIT,WAIT,0.06904103793203831,False,False,False,False,False,False,False
random_ruehl_mask,strong,94,270920354,7,DOWN,DOWN,0.0617919722571969,False,False,False,False,False,False,False
random_ruehl_mask,strong,94,270920354,8,UP,UP,0.04591699689626694,False,False,False,False,False,False,True
random_ruehl_mask,strong,94,270920354,9,BOMB,BOMB,0.0724999699741602,False,False,False,True,False,False,True
random_ruehl_mask,strong,94,270920354,10,DOWN,DOWN,0.039958045817911625,False,False,False,False,False,False,True
random_ruehl_mask,strong,94,270920354,11,WAIT,WAIT,0.05970802158117294,False,False,False,False,False,False,True
random_ruehl_mask,strong,94,270920354,12,WAIT,WAIT,0.07141591049730778,False,False,False,False,False,False,True
random_ruehl_mask,strong,94,270920354,13,WAIT,WAIT,0.12570794206112623,False,False,False,False,False,False,True
random_ruehl_mask,strong,95,270920355,1,DOWN,DOWN,0.11341704521328211,False,True,False,False,False,False,False
random_ruehl_mask,strong,95,270920355,2,WAIT,WAIT,0.06970798131078482,False,False,False,False,False,False,False
random_ruehl_mask,strong,95,270920355,3,BOMB,BOMB,0.06645801477134228,False,False,False,True,False,False,False
random_ruehl_mask,strong,95,270920355,4,UP,UP,0.03912497777491808,False,False,False,False,False,False,False
random_ruehl_mask,strong,95,270920355,5,LEFT,LEFT,0.08245802018791437,False,False,False,False,False,False,False
random_ruehl_mask,strong,95,270920355,6,WAIT,WAIT,0.07112498860806227,False,False,False,False,False,False,False
random_ruehl_mask,strong,95,270920355,7,WAIT,WAIT,0.07508299313485622,False,False,False,False,False,False,False
random_ruehl_mask,strong,95,270920355,8,WAIT,WAIT,0.041874940507113934,False,False,False,False,False,False,False
random_ruehl_mask,strong,95,270920355,9,RIGHT,RIGHT,0.04979199729859829,False,False,False,False,False,False,False
random_ruehl_mask,strong,95,270920355,10,LEFT,LEFT,0.09583297651261091,False,False,False,False,False,False,False
random_ruehl_mask,strong,95,270920355,11,WAIT,WAIT,0.06862496957182884,False,True,False,False,False,False,False
random_ruehl_mask,strong,95,270920355,12,RIGHT,RIGHT,0.09270897135138512,False,False,False,False,False,False,False
random_ruehl_mask,strong,95,270920355,13,DOWN,DOWN,0.10962493252009153,False,False,False,False,False,False,False
random_ruehl_mask,strong,95,270920355,14,UP,UP,0.08141703438013792,False,False,False,False,False,False,True
random_ruehl_mask,strong,95,270920355,15,BOMB,BOMB,0.10587507858872414,False,False,False,True,False,False,True
random_ruehl_mask,strong,95,270920355,16,DOWN,DOWN,0.03754196222871542,False,False,False,False,False,False,True
random_ruehl_mask,strong,95,270920355,17,DOWN,DOWN,0.05791697185486555,False,False,False,False,False,False,True
random_ruehl_mask,strong,95,270920355,18,UP,UP,0.05441601388156414,False,False,False,False,False,False,True
random_ruehl_mask,strong,95,270920355,19,DOWN,DOWN,0.056999968364834785,False,False,False,False,False,False,True
random_ruehl_mask,strong,96,270920356,1,WAIT,WAIT,0.10541698429733515,False,True,False,False,False,False,False
random_ruehl_mask,strong,96,270920356,2,UP,UP,0.07837498560547829,False,False,False,False,False,False,False
random_ruehl_mask,strong,96,270920356,3,DOWN,DOWN,0.06737501826137304,False,False,False,False,False,False,False
random_ruehl_mask,strong,96,270920356,4,UP,UP,0.10420801118016243,False,False,False,False,False,False,False
random_ruehl_mask,strong,96,270920356,5,DOWN,DOWN,0.104124890640378,False,False,False,False,False,False,False
random_ruehl_mask,strong,96,270920356,6,WAIT,WAIT,0.09245797991752625,False,False,False,False,False,False,False
random_ruehl_mask,strong,96,270920356,7,UP,UP,0.1052499283105135,False,False,False,False,False,False,False
random_ruehl_mask,strong,96,270920356,8,DOWN,DOWN,0.09337498340755701,False,False,False,False,False,False,False
random_ruehl_mask,strong,96,270920356,9,WAIT,WAIT,0.0765420263633132,False,False,False,False,False,False,False
random_ruehl_mask,strong,96,270920356,10,LEFT,LEFT,0.06970798131078482,False,False,False,False,False,False,False
random_ruehl_mask,strong,96,270920356,11,WAIT,WAIT,0.06508303340524435,False,True,False,False,False,False,False
random_ruehl_mask,strong,96,270920356,12,RIGHT,RIGHT,0.06612506695091724,False,False,False,False,False,False,False
random_ruehl_mask,strong,96,270920356,13,UP,UP,0.08483394049108028,False,False,False,False,False,False,False
random_ruehl_mask,strong,96,270920356,14,WAIT,WAIT,0.08545792661607265,False,False,False,False,False,False,False
random_ruehl_mask,strong,96,270920356,15,DOWN,DOWN,0.08504197467118502,False,False,False,False,False,False,False
random_ruehl_mask,strong,96,270920356,16,UP,UP,0.0743749551475048,False,False,False,False,False,False,False
random_ruehl_mask,strong,96,270920356,17,DOWN,DOWN,0.08687505032867193,False,False,False,False,False,False,False
random_ruehl_mask,strong,96,270920356,18,LEFT,LEFT,0.0802499707788229,False,False,False,False,False,False,False
random_ruehl_mask,strong,96,270920356,19,WAIT,WAIT,0.09358301758766174,False,False,False,False,False,False,False
random_ruehl_mask,strong,96,270920356,20,WAIT,WAIT,0.13250007759779692,False,False,False,False,False,False,False
random_ruehl_mask,strong,96,270920356,21,RIGHT,RIGHT,0.13037491589784622,False,True,False,False,False,False,False
random_ruehl_mask,strong,96,270920356,22,UP,UP,0.10758393909782171,False,False,False,False,False,False,False
random_ruehl_mask,strong,96,270920356,23,WAIT,WAIT,0.08766702376306057,False,False,False,False,False,False,False
random_ruehl_mask,strong,96,270920356,24,BOMB,BOMB,0.09495904669165611,False,False,False,True,False,False,False
random_ruehl_mask,strong,96,270920356,25,DOWN,DOWN,0.06870902143418789,False,False,False,False,False,False,False
random_ruehl_mask,strong,96,270920356,26,LEFT,LEFT,0.05304196383804083,False,False,False,False,False,False,False
random_ruehl_mask,strong,96,270920356,27,WAIT,WAIT,0.05300005432218313,False,False,False,False,False,False,False
random_ruehl_mask,strong,96,270920356,28,WAIT,WAIT,0.0477079302072525,False,False,False,False,False,False,False
random_ruehl_mask,strong,96,270920356,29,WAIT,WAIT,0.05845795385539532,False,False,False,False,False,False,False
random_ruehl_mask,strong,96,270920356,30,RIGHT,RIGHT,0.07170892786234617,False,False,False,False,False,False,False
random_ruehl_mask,strong,96,270920356,31,WAIT,WAIT,0.09829201735556126,False,True,False,False,False,False,False
random_ruehl_mask,strong,96,270920356,32,UP,UP,0.0874579418450594,False,False,False,False,False,False,False
random_ruehl_mask,strong,96,270920356,33,UP,UP,0.07670791819691658,False,False,False,False,False,False,False
random_ruehl_mask,strong,96,270920356,34,DOWN,DOWN,0.1263340236619115,False,False,False,False,False,False,False
random_ruehl_mask,strong,96,270920356,35,UP,UP,0.06370898336172104,False,False,False,False,False,False,False
random_ruehl_mask,strong,96,270920356,36,BOMB,BOMB,0.10225002188235521,False,False,False,True,False,False,False
random_ruehl_mask,strong,96,270920356,37,DOWN,DOWN,0.04287506453692913,False,False,False,False,False,False,False
random_ruehl_mask,strong,96,270920356,38,DOWN,DOWN,0.04083302337676287,False,False,False,False,False,False,False
random_ruehl_mask,strong,96,270920356,39,LEFT,LEFT,0.05829101428389549,False,False,False,False,False,False,False
random_ruehl_mask,strong,96,270920356,40,WAIT,WAIT,0.06841693539172411,False,False,False,False,False,False,False
random_ruehl_mask,strong,96,270920356,41,WAIT,WAIT,0.09420793503522873,False,True,False,False,False,False,False
random_ruehl_mask,strong,96,270920356,42,WAIT,WAIT,0.054541975259780884,False,False,False,False,False,False,False
random_ruehl_mask,strong,96,270920356,43,RIGHT,RIGHT,0.07691595237702131,False,False,False,False,False,False,False
random_ruehl_mask,strong,96,270920356,44,BOMB,BOMB,0.09124993812292814,False,False,False,True,False,False,False
random_ruehl_mask,strong,96,270920356,45,UP,UP,0.06866606418043375,False,False,False,False,False,False,False
random_ruehl_mask,strong,96,270920356,46,UP,UP,0.052208080887794495,False,False,False,False,False,False,False
random_ruehl_mask,strong,96,270920356,47,LEFT,LEFT,0.08925003930926323,False,False,False,False,False,False,False
random_ruehl_mask,strong,96,270920356,48,WAIT,WAIT,0.08008303120732307,False,False,False,False,False,False,False
random_ruehl_mask,strong,96,270920356,49,LEFT,LEFT,0.06454193498939276,False,False,False,False,False,False,False
random_ruehl_mask,strong,96,270920356,50,WAIT,WAIT,0.043791020289063454,False,False,False,False,False,False,False
random_ruehl_mask,strong,96,270920356,51,LEFT,LEFT,0.09708292782306671,False,True,False,False,False,False,False
random_ruehl_mask,strong,96,270920356,52,LEFT,LEFT,0.06958306767046452,False,False,False,False,False,False,False
random_ruehl_mask,strong,96,270920356,53,WAIT,WAIT,0.12191699352115393,False,False,False,False,False,False,False
random_ruehl_mask,strong,96,270920356,54,RIGHT,RIGHT,0.10020798072218895,False,False,False,False,False,False,False
random_ruehl_mask,strong,96,270920356,55,LEFT,LEFT,0.07075001485645771,False,False,False,False,False,False,True
random_ruehl_mask,strong,96,270920356,56,BOMB,BOMB,0.10395899880677462,False,False,False,True,False,False,True
random_ruehl_mask,strong,96,270920356,57,UP,UP,0.03866699989885092,False,False,False,False,False,False,True
random_ruehl_mask,strong,96,270920356,58,WAIT,WAIT,0.03579189069569111,False,False,False,False,False,False,True
random_ruehl_mask,strong,96,270920356,59,WAIT,WAIT,0.052042072638869286,False,False,False,False,False,False,True
random_ruehl_mask,strong,96,270920356,60,WAIT,WAIT,0.05391694139689207,False,False,False,False,False,False,True
random_ruehl_mask,strong,97,270920357,1,RIGHT,RIGHT,0.09550002869218588,False,True,False,False,False,False,False
random_ruehl_mask,strong,97,270920357,2,BOMB,BOMB,0.10054104495793581,False,False,False,True,False,False,False
random_ruehl_mask,strong,97,270920357,3,LEFT,LEFT,0.04591699689626694,False,False,False,False,False,False,False
random_ruehl_mask,strong,97,270920357,4,UP,UP,0.04008400719612837,False,False,False,False,False,False,False
random_ruehl_mask,strong,97,270920357,5,WAIT,WAIT,0.07329194340854883,False,False,False,False,False,False,False
random_ruehl_mask,strong,97,270920357,6,WAIT,WAIT,0.08229201193898916,False,False,False,False,False,False,False
random_ruehl_mask,strong,97,270920357,7,WAIT,WAIT,0.06933300755918026,False,False,False,False,False,False,False
random_ruehl_mask,strong,97,270920357,8,DOWN,DOWN,0.03966700751334429,False,False,False,False,False,False,False
random_ruehl_mask,strong,97,270920357,9,UP,UP,0.08533301297575235,False,False,False,False,False,False,False
random_ruehl_mask,strong,97,270920357,10,DOWN,DOWN,0.06270804442465305,False,False,False,False,False,False,False
random_ruehl_mask,strong,97,270920357,11,RIGHT,RIGHT,0.09912496898323298,False,True,False,False,False,False,False
random_ruehl_mask,strong,97,270920357,12,WAIT,WAIT,0.055999960750341415,False,False,False,False,False,False,False
random_ruehl_mask,strong,97,270920357,13,LEFT,LEFT,0.07983401883393526,False,False,False,False,False,False,False
random_ruehl_mask,strong,97,270920357,14,WAIT,WAIT,0.09620795026421547,False,False,False,False,False,False,False
random_ruehl_mask,strong,97,270920357,15,UP,UP,0.11058396194130182,False,False,False,False,False,False,False
random_ruehl_mask,strong,97,270920357,16,BOMB,BOMB,0.08079106919467449,False,False,False,True,False,False,False
random_ruehl_mask,strong,97,270920357,17,DOWN,DOWN,0.04979199729859829,False,False,False,False,False,False,False
random_ruehl_mask,strong,97,270920357,18,WAIT,WAIT,0.046625034883618355,False,False,False,False,False,False,False
random_ruehl_mask,strong,97,270920357,19,RIGHT,RIGHT,0.07612502668052912,False,False,False,False,False,False,False
random_ruehl_mask,strong,97,270920357,20,RIGHT,RIGHT,0.05995796527713537,False,False,False,False,False,False,False
random_ruehl_mask,strong,97,270920357,21,RIGHT,RIGHT,0.06062502507120371,False,True,False,False,False,False,False
random_ruehl_mask,strong,97,270920357,22,WAIT,WAIT,0.07104198448359966,False,False,False,False,False,False,False
random_ruehl_mask,strong,97,270920357,23,LEFT,LEFT,0.10999990627169609,False,False,False,False,False,False,False
random_ruehl_mask,strong,97,270920357,24,BOMB,BOMB,0.08837494533509016,False,False,False,True,False,False,False
random_ruehl_mask,strong,97,270920357,25,LEFT,LEFT,0.03975001163780689,False,False,False,False,False,False,False
random_ruehl_mask,strong,97,270920357,26,WAIT,WAIT,0.03716698847711086,False,False,False,False,False,False,False
random_ruehl_mask,strong,97,270920357,27,LEFT,LEFT,0.046459026634693146,False,False,False,False,False,False,False
random_ruehl_mask,strong,97,270920357,28,UP,UP,0.06004201713949442,False,False,False,False,False,False,False
random_ruehl_mask,strong,97,270920357,29,UP,UP,0.05849997978657484,False,False,False,False,False,False,False
random_ruehl_mask,strong,97,270920357,30,UP,UP,0.06037508137524128,False,False,False,False,False,False,True
random_ruehl_mask,strong,97,270920357,31,BOMB,BOMB,0.12916699051856995,False,True,False,True,False,False,True
random_ruehl_mask,strong,97,270920357,32,UP,UP,0.07262500002980232,False,False,False,False,False,False,True
random_ruehl_mask,strong,97,270920357,33,WAIT,WAIT,0.046083005145192146,False,False,False,False,False,False,True
random_ruehl_mask,strong,97,270920357,34,WAIT,WAIT,0.05216698627918959,False,False,False,False,False,False,True
random_ruehl_mask,strong,97,270920357,35,UP,UP,0.04583294503390789,False,False,False,False,False,False,True
random_ruehl_mask,strong,98,270920358,1,LEFT,LEFT,0.10720896534621716,False,True,False,False,False,False,False
random_ruehl_mask,strong,98,270920358,2,LEFT,LEFT,0.07591699250042439,False,False,False,False,False,False,False
random_ruehl_mask,strong,98,270920358,3,WAIT,WAIT,0.09641703218221664,False,False,False,False,False,False,False
random_ruehl_mask,strong,98,270920358,4,UP,UP,0.0813750084489584,False,False,False,False,False,False,False
random_ruehl_mask,strong,98,270920358,5,DOWN,DOWN,0.10391604155302048,False,False,False,False,False,False,False
random_ruehl_mask,strong,98,270920358,6,UP,UP,0.13545795809477568,False,False,False,False,False,False,False
random_ruehl_mask,strong,98,270920358,7,DOWN,DOWN,0.09241595398634672,False,False,False,False,False,False,False
random_ruehl_mask,strong,98,270920358,8,RIGHT,RIGHT,0.07979199290275574,False,False,False,False,False,False,False
random_ruehl_mask,strong,98,270920358,9,LEFT,LEFT,0.08470902685075998,False,False,False,False,False,False,False
random_ruehl_mask,strong,98,270920358,10,BOMB,BOMB,0.0778330722823739,False,False,False,True,False,False,False
random_ruehl_mask,strong,98,270920358,11,RIGHT,RIGHT,0.040375045500695705,False,True,False,False,False,False,False
random_ruehl_mask,strong,98,270920358,12,RIGHT,RIGHT,0.04679197445511818,False,False,False,False,False,False,False
random_ruehl_mask,strong,98,270920358,13,UP,UP,0.06850005593150854,False,False,False,False,False,False,False
random_ruehl_mask,strong,98,270920358,14,UP,UP,0.06837502587586641,False,False,False,False,False,False,False
random_ruehl_mask,strong,98,270920358,15,DOWN,DOWN,0.05895807407796383,False,False,False,False,False,False,False
random_ruehl_mask,strong,98,270920358,16,WAIT,WAIT,0.05000003147870302,False,False,False,False,False,False,False
random_ruehl_mask,strong,98,270920358,17,UP,UP,0.07991597522050142,False,False,False,False,False,False,False
random_ruehl_mask,strong,98,270920358,18,BOMB,BOMB,0.07575005292892456,False,False,False,True,False,False,False
random_ruehl_mask,strong,98,270920358,19,DOWN,DOWN,0.03650004509836435,False,False,False,False,False,False,False
random_ruehl_mask,strong,98,270920358,20,DOWN,DOWN,0.051332986913621426,False,False,False,False,False,False,False
random_ruehl_mask,strong,98,270920358,21,LEFT,LEFT,0.07162499241530895,False,True,False,False,False,False,False
random_ruehl_mask,strong,98,270920358,22,WAIT,WAIT,0.10270799975842237,False,False,False,False,False,False,False
random_ruehl_mask,strong,98,270920358,23,WAIT,WAIT,0.08362508378922939,False,False,False,False,False,False,False
random_ruehl_mask,strong,98,270920358,24,RIGHT,RIGHT,0.052749994210898876,False,False,False,False,False,False,False
random_ruehl_mask,strong,98,270920358,25,UP,UP,0.05133391823619604,False,False,False,False,False,False,False
random_ruehl_mask,strong,98,270920358,26,UP,UP,0.05037500523030758,False,False,False,False,False,False,False
random_ruehl_mask,strong,98,270920358,27,LEFT,LEFT,0.05162495654076338,False,False,False,False,False,False,False
random_ruehl_mask,strong,98,270920358,28,LEFT,LEFT,0.08975004311650991,False,False,False,False,False,False,False
random_ruehl_mask,strong,98,270920358,29,UP,UP,0.1318750437349081,False,False,False,False,False,False,False
random_ruehl_mask,strong,98,270920358,30,BOMB,BOMB,0.0914580887183547,False,False,False,True,False,False,False
random_ruehl_mask,strong,98,270920358,31,DOWN,DOWN,0.052582938224077225,False,True,False,False,False,False,False
random_ruehl_mask,strong,98,270920358,32,WAIT,WAIT,0.0524159986525774,False,False,False,False,False,False,False
random_ruehl_mask,strong,98,270920358,33,RIGHT,RIGHT,0.05583302117884159,False,False,False,False,False,False,False
random_ruehl_mask,strong,98,270920358,34,RIGHT,RIGHT,0.05437503568828106,False,False,False,False,False,False,False
random_ruehl_mask,strong,98,270920358,35,LEFT,LEFT,0.0439999857917428,False,False,False,False,False,False,False
random_ruehl_mask,strong,98,270920358,36,RIGHT,RIGHT,0.05083298310637474,False,False,False,False,False,False,False
random_ruehl_mask,strong,98,270920358,37,LEFT,LEFT,0.06195798050612211,False,False,False,False,False,False,False
random_ruehl_mask,strong,98,270920358,38,RIGHT,RIGHT,0.08870800957083702,False,False,False,False,False,False,False
random_ruehl_mask,strong,98,270920358,39,WAIT,WAIT,0.07441709749400616,False,False,False,False,False,False,False
random_ruehl_mask,strong,98,270920358,40,WAIT,WAIT,0.06195798050612211,False,False,False,False,False,False,False
random_ruehl_mask,strong,98,270920358,41,DOWN,DOWN,0.059416983276605606,False,True,False,False,False,False,False
random_ruehl_mask,strong,98,270920358,42,DOWN,DOWN,0.05854095797985792,False,False,False,False,False,False,False
random_ruehl_mask,strong,98,270920358,43,UP,UP,0.07983390241861343,False,False,False,False,False,False,False
random_ruehl_mask,strong,98,270920358,44,DOWN,DOWN,0.05583302117884159,False,False,False,False,False,False,False
random_ruehl_mask,strong,98,270920358,45,UP,UP,0.052709016017615795,False,False,False,False,False,False,False
random_ruehl_mask,strong,98,270920358,46,WAIT,WAIT,0.04837499000132084,False,False,False,False,False,False,False
random_ruehl_mask,strong,98,270920358,47,WAIT,WAIT,0.07291603833436966,False,False,False,False,False,False,False
random_ruehl_mask,strong,98,270920358,48,DOWN,DOWN,0.09379198309034109,False,False,False,False,False,False,False
random_ruehl_mask,strong,98,270920358,49,UP,UP,0.07783295586705208,False,False,False,False,False,False,False
random_ruehl_mask,strong,98,270920358,50,WAIT,WAIT,0.05874992348253727,False,False,False,False,False,False,False
random_ruehl_mask,strong,98,270920358,51,WAIT,WAIT,0.06770889740437269,False,True,False,False,False,False,False
random_ruehl_mask,strong,98,270920358,52,DOWN,DOWN,0.06104202475398779,False,False,False,False,False,False,False
random_ruehl_mask,strong,98,270920358,53,UP,UP,0.06025005131959915,False,False,False,False,False,False,False
random_ruehl_mask,strong,98,270920358,54,DOWN,DOWN,0.05295802839100361,False,False,False,False,False,False,False
random_ruehl_mask,strong,98,270920358,55,LEFT,LEFT,0.07433397695422173,False,False,False,False,False,False,False
random_ruehl_mask,strong,98,270920358,56,RIGHT,RIGHT,0.06412493530660868,False,False,False,False,False,False,False
random_ruehl_mask,strong,98,270920358,57,LEFT,LEFT,0.07195794023573399,False,False,False,False,False,False,False
random_ruehl_mask,strong,98,270920358,58,LEFT,LEFT,0.052666058763861656,False,False,False,False,False,False,False
random_ruehl_mask,strong,98,270920358,59,RIGHT,RIGHT,0.05433394107967615,False,False,False,False,False,False,False
random_ruehl_mask,strong,98,270920358,60,WAIT,WAIT,0.10474992450326681,False,False,False,False,False,False,False
random_ruehl_mask,strong,98,270920358,61,LEFT,LEFT,0.07250008638948202,False,True,False,False,False,False,False
random_ruehl_mask,strong,98,270920358,62,WAIT,WAIT,0.07833307608962059,False,False,False,False,False,False,False
random_ruehl_mask,strong,98,270920358,63,WAIT,WAIT,0.06595789454877377,False,False,False,False,False,False,False
random_ruehl_mask,strong,98,270920358,64,LEFT,LEFT,0.06191700231283903,False,False,False,False,False,False,False
random_ruehl_mask,strong,98,270920358,65,RIGHT,RIGHT,0.055999960750341415,False,False,False,False,False,False,False
random_ruehl_mask,strong,98,270920358,66,LEFT,LEFT,0.051042065024375916,False,False,False,False,False,False,False
random_ruehl_mask,strong,98,270920358,67,RIGHT,RIGHT,0.07741700392216444,False,False,False,False,False,False,False
random_ruehl_mask,strong,98,270920358,68,BOMB,BOMB,0.09045808110386133,False,False,False,True,True,False,False
random_ruehl_mask,strong,98,270920358,69,UP,UP,0.058875069953501225,False,False,False,False,False,False,False
random_ruehl_mask,strong,98,270920358,70,UP,UP,0.06716698408126831,False,False,False,False,False,False,False
random_ruehl_mask,strong,98,270920358,71,LEFT,LEFT,0.06591691635549068,False,True,False,False,False,False,False
random_ruehl_mask,strong,98,270920358,72,WAIT,WAIT,0.05754106678068638,False,False,False,False,False,False,False
random_ruehl_mask,strong,98,270920358,73,LEFT,LEFT,0.051749986596405506,False,False,False,False,False,False,False
random_ruehl_mask,strong,98,270920358,74,RIGHT,RIGHT,0.04254200030118227,False,False,False,False,False,False,False
random_ruehl_mask,strong,98,270920358,75,RIGHT,RIGHT,0.1177910016849637,False,False,False,False,False,False,False
random_ruehl_mask,strong,98,270920358,76,DOWN,DOWN,0.11970906052738428,False,False,False,False,False,False,False
random_ruehl_mask,strong,98,270920358,77,WAIT,WAIT,0.06429094355553389,False,False,False,False,False,False,False
random_ruehl_mask,strong,98,270920358,78,BOMB,BOMB,0.07962493691593409,False,False,False,True,True,False,False
random_ruehl_mask,strong,98,270920358,79,DOWN,DOWN,0.04850002005696297,False,False,False,False,False,False,False
random_ruehl_mask,strong,98,270920358,80,LEFT,LEFT,0.04316598642617464,False,False,False,False,False,False,False
random_ruehl_mask,strong,98,270920358,81,LEFT,LEFT,0.060249934904277325,False,True,False,False,False,False,False
random_ruehl_mask,strong,98,270920358,82,RIGHT,RIGHT,0.08354207966476679,False,False,False,False,False,False,False
random_ruehl_mask,strong,98,270920358,83,WAIT,WAIT,0.07991690654307604,False,False,False,False,False,False,False
random_ruehl_mask,strong,98,270920358,84,RIGHT,RIGHT,0.07104198448359966,False,False,False,False,False,False,False
random_ruehl_mask,strong,98,270920358,85,WAIT,WAIT,0.09254203177988529,False,False,False,False,False,False,False
random_ruehl_mask,strong,98,270920358,86,WAIT,WAIT,0.10695902165025473,False,False,False,False,False,False,False
random_ruehl_mask,strong,98,270920358,87,LEFT,LEFT,0.08525000885128975,False,False,False,False,False,False,False
random_ruehl_mask,strong,98,270920358,88,WAIT,WAIT,0.07691700011491776,False,False,False,False,False,False,False
random_ruehl_mask,strong,98,270920358,89,BOMB,BOMB,0.08266710210591555,False,False,False,True,True,False,False
random_ruehl_mask,strong,98,270920358,90,RIGHT,RIGHT,0.04025001544505358,False,False,False,False,False,False,False
random_ruehl_mask,strong,98,270920358,91,RIGHT,RIGHT,0.06541609764099121,False,True,False,False,False,False,False
random_ruehl_mask,strong,98,270920358,92,UP,UP,0.0803329749032855,False,False,False,False,False,False,False
random_ruehl_mask,strong,98,270920358,93,WAIT,WAIT,0.06483402103185654,False,False,False,False,False,False,False
random_ruehl_mask,strong,98,270920358,94,UP,UP,0.058542005717754364,False,False,False,False,False,False,False
random_ruehl_mask,strong,98,270920358,95,DOWN,DOWN,0.0404169550165534,False,False,False,False,False,False,True
random_ruehl_mask,strong,98,270920358,96,BOMB,BOMB,0.0766669400036335,False,False,False,True,True,False,True
random_ruehl_mask,strong,98,270920358,97,UP,UP,0.0462500611320138,False,False,False,False,False,False,True
random_ruehl_mask,strong,98,270920358,98,UP,UP,0.046291970647871494,False,False,False,False,False,False,True
random_ruehl_mask,strong,98,270920358,99,DOWN,DOWN,0.052332994528114796,False,False,False,False,False,False,True
random_ruehl_mask,strong,98,270920358,100,UP,UP,0.04354200791567564,False,False,False,False,False,False,True
random_ruehl_mask,strong,99,270920359,1,WAIT,WAIT,0.1032920554280281,False,True,False,False,False,False,False
random_ruehl_mask,strong,99,270920359,2,DOWN,DOWN,0.09812507778406143,False,False,False,False,False,False,False
random_ruehl_mask,strong,99,270920359,3,DOWN,DOWN,0.07312500383704901,False,False,False,False,False,False,True
random_ruehl_mask,strong,99,270920359,4,BOMB,BOMB,0.1152500044554472,False,False,False,True,False,False,True
random_ruehl_mask,strong,99,270920359,5,UP,UP,0.06741704419255257,False,False,False,False,False,False,True
random_ruehl_mask,strong,99,270920359,6,WAIT,WAIT,0.05891697946935892,False,False,False,False,False,False,True
random_ruehl_mask,strong,99,270920359,7,WAIT,WAIT,0.07804203778505325,False,False,False,False,False,False,True
random_ruehl_mask,strong,99,270920359,8,WAIT,WAIT,0.0515839783474803,False,False,False,False,False,False,True
random_ruehl_mask,strong,100,270920360,1,BOMB,BOMB,0.12400001287460327,False,True,False,True,False,False,True
random_ruehl_mask,strong,100,270920360,2,LEFT,LEFT,0.042291940189898014,False,False,False,False,False,False,True
random_ruehl_mask,strong,100,270920360,3,WAIT,WAIT,0.039375037886202335,False,False,False,False,False,False,True
random_ruehl_mask,strong,100,270920360,4,WAIT,WAIT,0.04579196684062481,False,False,False,False,False,False,True
random_ruehl_mask,strong,100,270920360,5,LEFT,LEFT,0.05866703577339649,False,False,False,False,False,False,True
random_ruehl_mask,strong,101,270920361,1,UP,UP,0.0969169195741415,False,True,False,False,False,False,False
random_ruehl_mask,strong,101,270920361,2,DOWN,DOWN,0.07708300836384296,False,False,False,False,False,False,False
random_ruehl_mask,strong,101,270920361,3,WAIT,WAIT,0.07462489884346724,False,False,False,False,False,False,False
random_ruehl_mask,strong,101,270920361,4,UP,UP,0.12608396355062723,False,False,False,False,False,False,False
random_ruehl_mask,strong,101,270920361,5,WAIT,WAIT,0.10924995876848698,False,False,False,False,False,False,False
random_ruehl_mask,strong,101,270920361,6,BOMB,BOMB,0.09637500625103712,False,False,False,True,False,False,False
random_ruehl_mask,strong,101,270920361,7,DOWN,DOWN,0.05395803600549698,False,False,False,False,False,False,False
random_ruehl_mask,strong,101,270920361,8,RIGHT,RIGHT,0.03883405588567257,False,False,False,False,False,False,False
random_ruehl_mask,strong,101,270920361,9,WAIT,WAIT,0.05850009620189667,False,False,False,False,False,False,False
random_ruehl_mask,strong,101,270920361,10,WAIT,WAIT,0.0588330440223217,False,False,False,False,False,False,False
random_ruehl_mask,strong,101,270920361,11,WAIT,WAIT,0.050458009354770184,False,True,False,False,False,False,False
random_ruehl_mask,strong,101,270920361,12,WAIT,WAIT,0.039083999581635,False,False,False,False,False,False,False
random_ruehl_mask,strong,101,270920361,13,BOMB,BOMB,0.0939579913392663,False,False,False,True,False,False,False
random_ruehl_mask,strong,101,270920361,14,LEFT,LEFT,0.060249934904277325,False,False,False,False,False,False,False
random_ruehl_mask,strong,101,270920361,15,WAIT,WAIT,0.05570799112319946,False,False,False,False,False,False,False
random_ruehl_mask,strong,101,270920361,16,UP,UP,0.04375004209578037,False,False,False,False,False,False,False
random_ruehl_mask,strong,101,270920361,17,UP,UP,0.041749910451471806,False,False,False,False,False,False,False
random_ruehl_mask,strong,101,270920361,18,WAIT,WAIT,0.041541061364114285,False,False,False,False,False,False,False
random_ruehl_mask,strong,101,270920361,19,WAIT,WAIT,0.03712496254593134,False,False,False,False,False,False,False
random_ruehl_mask,strong,101,270920361,20,WAIT,WAIT,0.09920902084559202,False,False,False,False,False,False,False
random_ruehl_mask,strong,101,270920361,21,BOMB,BOMB,0.10495807509869337,False,True,False,True,False,False,False
random_ruehl_mask,strong,101,270920361,22,DOWN,DOWN,0.10491709690541029,False,False,False,False,False,False,False
random_ruehl_mask,strong,101,270920361,23,DOWN,DOWN,0.05508295726031065,False,False,False,False,False,False,False
random_ruehl_mask,strong,101,270920361,24,RIGHT,RIGHT,0.06500002928078175,False,False,False,False,False,False,False
random_ruehl_mask,strong,101,270920361,25,RIGHT,RIGHT,0.07295806426554918,False,False,False,False,False,False,False
random_ruehl_mask,strong,101,270920361,26,WAIT,WAIT,0.06237498018890619,False,False,False,False,False,False,False
random_ruehl_mask,strong,101,270920361,27,UP,UP,0.04191603511571884,False,False,False,False,False,False,False
random_ruehl_mask,strong,101,270920361,28,UP,UP,0.10333303362131119,False,False,False,False,False,False,False
random_ruehl_mask,strong,101,270920361,29,LEFT,LEFT,0.09641610085964203,False,False,False,False,False,False,False
random_ruehl_mask,strong,101,270920361,30,BOMB,BOMB,0.09937502909451723,False,False,False,True,False,False,False
random_ruehl_mask,strong,101,270920361,31,LEFT,LEFT,0.06375007797032595,False,True,False,False,False,False,False
random_ruehl_mask,strong,101,270920361,32,WAIT,WAIT,0.08816597983241081,False,False,False,False,False,False,False
random_ruehl_mask,strong,101,270920361,33,DOWN,DOWN,0.05862489342689514,False,False,False,False,False,False,False
random_ruehl_mask,strong,101,270920361,34,DOWN,DOWN,0.05679100286215544,False,False,False,False,False,False,False
random_ruehl_mask,strong,101,270920361,35,RIGHT,RIGHT,0.054958974942564964,False,False,False,False,False,False,False
random_ruehl_mask,strong,101,270920361,36,RIGHT,RIGHT,0.05179201252758503,False,False,False,False,False,False,False
random_ruehl_mask,strong,101,270920361,37,RIGHT,RIGHT,0.10133290197700262,False,False,False,False,False,False,False
random_ruehl_mask,strong,101,270920361,38,RIGHT,RIGHT,0.07941701915115118,False,False,False,False,False,False,False
random_ruehl_mask,strong,101,270920361,39,RIGHT,RIGHT,0.09129208046942949,False,False,False,False,False,False,False
random_ruehl_mask,strong,101,270920361,40,LEFT,LEFT,0.06937503349035978,False,False,False,False,False,False,False
random_ruehl_mask,strong,101,270920361,41,LEFT,LEFT,0.09354203939437866,False,True,False,False,False,False,False
random_ruehl_mask,strong,101,270920361,42,RIGHT,RIGHT,0.0955420546233654,False,False,False,False,False,False,False
random_ruehl_mask,strong,101,270920361,43,BOMB,BOMB,0.11170795187354088,False,False,False,True,False,False,False
random_ruehl_mask,strong,101,270920361,44,LEFT,LEFT,0.060999998822808266,False,False,False,False,False,False,False
random_ruehl_mask,strong,101,270920361,45,LEFT,LEFT,0.04024989902973175,False,False,False,False,False,False,False
random_ruehl_mask,strong,101,270920361,46,UP,UP,0.08395803160965443,False,False,False,False,False,False,False
random_ruehl_mask,strong,101,270920361,47,UP,UP,0.0660410150885582,False,False,False,False,False,False,False
random_ruehl_mask,strong,101,270920361,48,DOWN,DOWN,0.05216698627918959,False,False,False,False,False,False,False
random_ruehl_mask,strong,101,270920361,49,WAIT,WAIT,0.037624966353178024,False,False,False,False,False,False,False
random_ruehl_mask,strong,101,270920361,50,WAIT,WAIT,0.10429194662719965,False,False,False,False,False,False,False
random_ruehl_mask,strong,101,270920361,51,WAIT,WAIT,0.08037500083446503,False,True,False,False,False,False,False
random_ruehl_mask,strong,101,270920361,52,BOMB,BOMB,0.09391701314598322,False,False,False,True,False,False,False
random_ruehl_mask,strong,101,270920361,53,DOWN,DOWN,0.05012494511902332,False,False,False,False,False,False,False
random_ruehl_mask,strong,101,270920361,54,LEFT,LEFT,0.04983297549188137,False,False,False,False,False,False,False
random_ruehl_mask,strong,101,270920361,55,LEFT,LEFT,0.04395900759845972,False,False,False,False,False,False,False
random_ruehl_mask,strong,101,270920361,56,UP,UP,0.044166925363242626,False,False,False,False,False,False,False
random_ruehl_mask,strong,101,270920361,57,DOWN,DOWN,0.04075001925230026,False,False,False,False,False,False,False
random_ruehl_mask,strong,101,270920361,58,RIGHT,RIGHT,0.04870793782174587,False,False,False,False,False,False,False
random_ruehl_mask,strong,101,270920361,59,RIGHT,RIGHT,0.07558299694210291,False,False,False,False,False,False,False
random_ruehl_mask,strong,101,270920361,60,WAIT,WAIT,0.09062502067536116,False,False,False,False,False,False,False
random_ruehl_mask,strong,101,270920361,61,UP,UP,0.06545800715684891,False,True,False,False,False,False,False
random_ruehl_mask,strong,101,270920361,62,DOWN,DOWN,0.06741599645465612,False,False,False,False,False,False,False
random_ruehl_mask,strong,101,270920361,63,LEFT,LEFT,0.06733392365276814,False,False,False,False,False,False,False
random_ruehl_mask,strong,101,270920361,64,WAIT,WAIT,0.04837499000132084,False,False,False,False,False,False,False
random_ruehl_mask,strong,101,270920361,65,LEFT,LEFT,0.04845892544835806,False,False,False,False,False,False,False
random_ruehl_mask,strong,101,270920361,66,UP,UP,0.056416960433125496,False,False,False,False,False,False,False
random_ruehl_mask,strong,101,270920361,67,WAIT,WAIT,0.05345791578292847,False,False,False,False,False,False,False
random_ruehl_mask,strong,101,270920361,68,WAIT,WAIT,0.07433397695422173,False,False,False,False,False,False,False
random_ruehl_mask,strong,101,270920361,69,UP,UP,0.052332994528114796,False,False,False,False,False,False,False
random_ruehl_mask,strong,101,270920361,70,UP,UP,0.053042080253362656,False,False,False,False,False,False,False
random_ruehl_mask,strong,101,270920361,71,DOWN,DOWN,0.0790830235928297,False,True,False,False,False,False,False
random_ruehl_mask,strong,101,270920361,72,DOWN,DOWN,0.06079196464270353,False,False,False,False,False,False,False
random_ruehl_mask,strong,101,270920361,73,UP,UP,0.06683298852294683,False,False,False,False,False,False,False
random_ruehl_mask,strong,101,270920361,74,UP,UP,0.06624998059123755,False,False,False,False,False,False,False
random_ruehl_mask,strong,101,270920361,75,WAIT,WAIT,0.055458047427237034,False,False,False,False,False,False,False
random_ruehl_mask,strong,101,270920361,76,UP,UP,0.05708297248929739,False,False,False,False,False,False,False
random_ruehl_mask,strong,101,270920361,77,BOMB,BOMB,0.09279197547584772,False,False,False,True,False,False,False
random_ruehl_mask,strong,101,270920361,78,DOWN,DOWN,0.049541937187314034,False,False,False,False,False,False,False
random_ruehl_mask,strong,101,270920361,79,DOWN,DOWN,0.057582976296544075,False,False,False,False,False,False,False
random_ruehl_mask,strong,101,270920361,80,RIGHT,RIGHT,0.05458306986838579,False,False,False,False,False,False,False
random_ruehl_mask,strong,101,270920361,81,RIGHT,RIGHT,0.04991691093891859,False,True,False,False,False,False,False
random_ruehl_mask,strong,101,270920361,82,WAIT,WAIT,0.0689999433234334,False,False,False,False,False,False,False
random_ruehl_mask,strong,101,270920361,83,RIGHT,RIGHT,0.06495800334960222,False,False,False,False,False,False,False
random_ruehl_mask,strong,101,270920361,84,BOMB,BOMB,0.0967920059338212,False,False,False,True,True,False,False
random_ruehl_mask,strong,101,270920361,85,RIGHT,RIGHT,0.06620795466005802,False,False,False,False,False,False,False
random_ruehl_mask,strong,101,270920361,86,WAIT,WAIT,0.055875047110021114,False,False,False,False,False,False,False
random_ruehl_mask,strong,101,270920361,87,UP,UP,0.07637497037649155,False,False,False,False,False,False,False
random_ruehl_mask,strong,101,270920361,88,UP,UP,0.06829190533608198,False,False,False,False,False,False,False
random_ruehl_mask,strong,101,270920361,89,DOWN,DOWN,0.04941609222441912,False,False,False,False,False,False,False
random_ruehl_mask,strong,101,270920361,90,WAIT,WAIT,0.040332903154194355,False,False,False,False,False,False,False
random_ruehl_mask,strong,101,270920361,91,BOMB,BOMB,0.08570798672735691,False,True,False,True,True,False,False
random_ruehl_mask,strong,101,270920361,92,UP,UP,0.05550007335841656,False,False,False,False,False,False,False
random_ruehl_mask,strong,101,270920361,93,RIGHT,RIGHT,0.05237502045929432,False,False,False,False,False,False,False
random_ruehl_mask,strong,101,270920361,94,RIGHT,RIGHT,0.06633403245359659,False,False,False,False,False,False,False
random_ruehl_mask,strong,101,270920361,95,RIGHT,RIGHT,0.0854170648381114,False,False,False,False,False,False,False
random_ruehl_mask,strong,101,270920361,96,RIGHT,RIGHT,0.06287498399615288,False,False,False,False,False,False,True
random_ruehl_mask,strong,101,270920361,97,LEFT,LEFT,0.07183302659541368,False,False,False,False,False,False,True
random_ruehl_mask,strong,101,270920361,98,RIGHT,RIGHT,0.0842920271679759,False,False,False,False,False,False,True
random_ruehl_mask,strong,101,270920361,99,LEFT,LEFT,0.09695801418274641,False,False,False,False,False,False,True
random_ruehl_mask,strong,101,270920361,100,RIGHT,RIGHT,0.09554100688546896,False,False,False,False,False,False,True
random_ruehl_mask,strong,101,270920361,101,BOMB,BOMB,0.09479094296693802,False,False,False,True,True,False,True
random_ruehl_mask,strong,102,270920362,1,LEFT,LEFT,0.09537499863654375,False,True,False,False,False,False,False
random_ruehl_mask,strong,102,270920362,2,BOMB,BOMB,0.09266706183552742,False,False,False,True,False,False,False
random_ruehl_mask,strong,102,270920362,3,RIGHT,RIGHT,0.04437495954334736,False,False,False,False,False,False,False
random_ruehl_mask,strong,102,270920362,4,UP,UP,0.03979098983108997,False,False,False,False,False,False,False
random_ruehl_mask,strong,102,270920362,5,WAIT,WAIT,0.06808398757129908,False,False,False,False,False,False,False
random_ruehl_mask,strong,102,270920362,6,WAIT,WAIT,0.08466700091958046,False,False,False,False,False,False,False
random_ruehl_mask,strong,102,270920362,7,WAIT,WAIT,0.07545901462435722,False,False,False,False,False,False,False
random_ruehl_mask,strong,102,270920362,8,WAIT,WAIT,0.050332979299128056,False,False,False,False,False,False,False
random_ruehl_mask,strong,102,270920362,9,DOWN,DOWN,0.08241692557930946,False,False,False,False,False,False,False
random_ruehl_mask,strong,102,270920362,10,LEFT,LEFT,0.08958298712968826,False,False,False,False,False,False,False
random_ruehl_mask,strong,102,270920362,11,RIGHT,RIGHT,0.05249993409961462,False,True,False,False,False,False,False
random_ruehl_mask,strong,102,270920362,12,UP,UP,0.09595800656825304,False,False,False,False,False,False,False
random_ruehl_mask,strong,102,270920362,13,WAIT,WAIT,0.10658393148332834,False,False,False,False,False,False,False
random_ruehl_mask,strong,102,270920362,14,WAIT,WAIT,0.10370905511081219,False,False,False,False,False,False,False
random_ruehl_mask,strong,102,270920362,15,DOWN,DOWN,0.08412508759647608,False,False,False,False,False,False,False
random_ruehl_mask,strong,102,270920362,16,UP,UP,0.0879999715834856,False,False,False,False,False,False,False
random_ruehl_mask,strong,102,270920362,17,BOMB,BOMB,0.0790830235928297,False,False,False,True,False,False,False
random_ruehl_mask,strong,102,270920362,18,DOWN,DOWN,0.04070799332112074,False,False,False,False,False,False,False
random_ruehl_mask,strong,102,270920362,19,WAIT,WAIT,0.040209037251770496,False,False,False,False,False,False,False
random_ruehl_mask,strong,102,270920362,20,LEFT,LEFT,0.06599992047995329,False,False,False,False,False,False,False
random_ruehl_mask,strong,102,270920362,21,WAIT,WAIT,0.08925003930926323,False,True,False,False,False,False,False
random_ruehl_mask,strong,102,270920362,22,LEFT,LEFT,0.07158401422202587,False,False,False,False,False,False,False
random_ruehl_mask,strong,102,270920362,23,WAIT,WAIT,0.057165976613759995,False,False,False,False,False,False,False
random_ruehl_mask,strong,102,270920362,24,WAIT,WAIT,0.08620892185717821,False,False,False,False,False,False,False
random_ruehl_mask,strong,102,270920362,25,WAIT,WAIT,0.0794590450823307,False,False,False,False,False,False,False
random_ruehl_mask,strong,102,270920362,26,LEFT,LEFT,0.07966696284711361,False,False,False,False,False,False,False
random_ruehl_mask,strong,102,270920362,27,RIGHT,RIGHT,0.07445795927196741,False,False,False,False,False,False,False
random_ruehl_mask,strong,102,270920362,28,WAIT,WAIT,0.08887494914233685,False,False,False,False,False,False,False
random_ruehl_mask,strong,102,270920362,29,LEFT,LEFT,0.08658296428620815,False,False,False,False,False,False,False
random_ruehl_mask,strong,102,270920362,30,LEFT,LEFT,0.1200829865410924,False,False,False,False,False,False,False
random_ruehl_mask,strong,102,270920362,31,WAIT,WAIT,0.11070806067436934,False,True,False,False,False,False,False
random_ruehl_mask,strong,102,270920362,32,WAIT,WAIT,0.09466602932661772,False,False,False,False,False,False,False
random_ruehl_mask,strong,102,270920362,33,WAIT,WAIT,0.10362500324845314,False,False,False,False,False,False,False
random_ruehl_mask,strong,102,270920362,34,BOMB,BOMB,0.08016603533178568,False,False,False,True,False,False,False
random_ruehl_mask,strong,102,270920362,35,RIGHT,RIGHT,0.04070799332112074,False,False,False,False,False,False,False
random_ruehl_mask,strong,102,270920362,36,RIGHT,RIGHT,0.04583306144922972,False,False,False,False,False,False,False
random_ruehl_mask,strong,102,270920362,37,UP,UP,0.05629099905490875,False,False,False,False,False,False,False
random_ruehl_mask,strong,102,270920362,38,WAIT,WAIT,0.057582976296544075,False,False,False,False,False,False,False
random_ruehl_mask,strong,102,270920362,39,WAIT,WAIT,0.056999968364834785,False,False,False,False,False,False,False
random_ruehl_mask,strong,102,270920362,40,DOWN,DOWN,0.04516704939305782,False,False,False,False,False,False,False
random_ruehl_mask,strong,102,270920362,41,RIGHT,RIGHT,0.09112502448260784,False,True,False,False,False,False,False
random_ruehl_mask,strong,102,270920362,42,LEFT,LEFT,0.05929102189838886,False,False,False,False,False,False,False
random_ruehl_mask,strong,102,270920362,43,RIGHT,RIGHT,0.12824998702853918,False,False,False,False,False,False,False
random_ruehl_mask,strong,102,270920362,44,RIGHT,RIGHT,0.07320800796151161,False,False,False,False,False,False,False
random_ruehl_mask,strong,102,270920362,45,WAIT,WAIT,0.07266702596098185,False,False,False,False,False,False,False
random_ruehl_mask,strong,102,270920362,46,WAIT,WAIT,0.0642499653622508,False,False,False,False,False,False,False
random_ruehl_mask,strong,102,270920362,47,UP,UP,0.0515839783474803,False,False,False,False,False,False,False
random_ruehl_mask,strong,102,270920362,48,UP,UP,0.04979094956070185,False,False,False,False,False,False,False
random_ruehl_mask,strong,102,270920362,49,UP,UP,0.08933304343372583,False,False,False,False,False,False,True
random_ruehl_mask,strong,102,270920362,50,DOWN,DOWN,0.09404204320162535,False,False,False,False,False,False,True
random_ruehl_mask,strong,102,270920362,51,BOMB,BOMB,0.15929201617836952,False,True,False,True,False,False,True
random_ruehl_mask,strong,102,270920362,52,UP,UP,0.059959013015031815,False,False,False,False,False,False,True
random_ruehl_mask,strong,102,270920362,53,WAIT,WAIT,0.04679092671722174,False,False,False,False,False,False,True
random_ruehl_mask,strong,102,270920362,54,UP,UP,0.06999995093792677,False,False,False,False,False,False,True
random_ruehl_mask,strong,103,270920363,1,DOWN,DOWN,0.12483308091759682,False,True,False,False,False,False,False
random_ruehl_mask,strong,103,270920363,2,WAIT,WAIT,0.11045800056308508,False,False,False,False,False,False,False
random_ruehl_mask,strong,103,270920363,3,WAIT,WAIT,0.12187508400529623,False,False,False,False,False,False,False
random_ruehl_mask,strong,103,270920363,4,BOMB,BOMB,0.10537507478147745,False,False,False,True,False,False,False
random_ruehl_mask,strong,103,270920363,5,UP,UP,0.1377500593662262,False,False,False,False,False,False,False
random_ruehl_mask,strong,103,270920363,6,RIGHT,RIGHT,0.10666705202311277,False,False,False,False,False,False,False
random_ruehl_mask,strong,103,270920363,7,WAIT,WAIT,0.1011659624055028,False,False,False,False,False,False,False
random_ruehl_mask,strong,103,270920363,8,WAIT,WAIT,0.08829100988805294,False,False,False,False,False,False,False
random_ruehl_mask,strong,103,270920363,9,WAIT,WAIT,0.06733299233019352,False,False,False,False,False,False,False
random_ruehl_mask,strong,103,270920363,10,WAIT,WAIT,0.047791050747036934,False,False,False,False,False,False,False
random_ruehl_mask,strong,103,270920363,11,WAIT,WAIT,0.09425007738173008,False,True,False,False,False,False,False
random_ruehl_mask,strong,103,270920363,12,BOMB,BOMB,0.07570802699774504,False,False,False,True,False,False,False
random_ruehl_mask,strong,103,270920363,13,LEFT,LEFT,0.060875085182487965,False,False,False,False,False,False,False
random_ruehl_mask,strong,103,270920363,14,WAIT,WAIT,0.07774995174258947,False,False,False,False,False,False,False
random_ruehl_mask,strong,103,270920363,15,DOWN,DOWN,0.07733399979770184,False,False,False,False,False,False,False
random_ruehl_mask,strong,103,270920363,16,WAIT,WAIT,0.05183299072086811,False,False,False,False,False,False,False
random_ruehl_mask,strong,103,270920363,17,WAIT,WAIT,0.06074993871152401,False,False,False,False,False,False,False
random_ruehl_mask,strong,103,270920363,18,WAIT,WAIT,0.04349998198449612,False,False,False,False,False,False,False
random_ruehl_mask,strong,103,270920363,19,UP,UP,0.05637493450194597,False,False,False,False,False,False,False
random_ruehl_mask,strong,103,270920363,20,RIGHT,RIGHT,0.0515839783474803,False,False,False,False,False,False,False
random_ruehl_mask,strong,103,270920363,21,LEFT,LEFT,0.08937506936490536,False,True,False,False,False,False,False
random_ruehl_mask,strong,103,270920363,22,DOWN,DOWN,0.08470902685075998,False,False,False,False,False,False,False
random_ruehl_mask,strong,103,270920363,23,UP,UP,0.09537499863654375,False,False,False,False,False,False,False
random_ruehl_mask,strong,103,270920363,24,RIGHT,RIGHT,0.0512079568579793,False,False,False,False,False,False,False
random_ruehl_mask,strong,103,270920363,25,WAIT,WAIT,0.06125005893409252,False,False,False,False,False,False,False
random_ruehl_mask,strong,103,270920363,26,RIGHT,RIGHT,0.06083399057388306,False,False,False,False,False,False,False
random_ruehl_mask,strong,103,270920363,27,BOMB,BOMB,0.08737493772059679,False,False,False,True,False,False,False
random_ruehl_mask,strong,103,270920363,28,LEFT,LEFT,0.05083403084427118,False,False,False,False,False,False,False
random_ruehl_mask,strong,103,270920363,29,WAIT,WAIT,0.06279104854911566,False,False,False,False,False,False,False
random_ruehl_mask,strong,103,270920363,30,LEFT,LEFT,0.06970798131078482,False,False,False,False,False,False,False
random_ruehl_mask,strong,103,270920363,31,DOWN,DOWN,0.06849993951618671,False,True,False,False,False,False,False
random_ruehl_mask,strong,103,270920363,32,DOWN,DOWN,0.09345891885459423,False,False,False,False,False,False,False
random_ruehl_mask,strong,103,270920363,33,UP,UP,0.06016704719513655,False,False,False,False,False,False,False
random_ruehl_mask,strong,103,270920363,34,UP,UP,0.05995796527713537,False,False,False,False,False,False,False
random_ruehl_mask,strong,103,270920363,35,WAIT,WAIT,0.0730419997125864,False,False,False,False,False,False,False
random_ruehl_mask,strong,103,270920363,36,RIGHT,RIGHT,0.05362497176975012,False,False,False,False,False,False,False
random_ruehl_mask,strong,103,270920363,37,WAIT,WAIT,0.06183306686580181,False,False,False,False,False,False,False
random_ruehl_mask,strong,103,270920363,38,RIGHT,RIGHT,0.06466696504503489,False,False,False,False,False,False,False
random_ruehl_mask,strong,103,270920363,39,LEFT,LEFT,0.05533406510949135,False,False,False,False,False,False,False
random_ruehl_mask,strong,103,270920363,40,WAIT,WAIT,0.04933401942253113,False,False,False,False,False,False,False
random_ruehl_mask,strong,103,270920363,41,RIGHT,RIGHT,0.06966607179492712,False,True,False,False,False,False,False
random_ruehl_mask,strong,103,270920363,42,RIGHT,RIGHT,0.07595901843160391,False,False,False,False,False,False,False
random_ruehl_mask,strong,103,270920363,43,BOMB,BOMB,0.09095808491110802,False,False,False,True,False,False,False
random_ruehl_mask,strong,103,270920363,44,LEFT,LEFT,0.06524997297674417,False,False,False,False,False,False,False
random_ruehl_mask,strong,103,270920363,45,DOWN,DOWN,0.05929195322096348,False,False,False,False,False,False,False
random_ruehl_mask,strong,103,270920363,46,DOWN,DOWN,0.06454193498939276,False,False,False,False,False,False,False
random_ruehl_mask,strong,103,270920363,47,UP,UP,0.05766598042100668,False,False,False,False,False,False,False
random_ruehl_mask,strong,103,270920363,48,WAIT,WAIT,0.060125021263957024,False,False,False,False,False,False,False
random_ruehl_mask,strong,103,270920363,49,WAIT,WAIT,0.06400002166628838,False,False,False,False,False,False,True
random_ruehl_mask,strong,103,270920363,50,BOMB,BOMB,0.09383296128362417,False,False,False,True,False,False,True
random_ruehl_mask,strong,103,270920363,51,DOWN,DOWN,0.044625019654631615,False,True,True,False,False,False,True
random_ruehl_mask,strong,103,270920363,52,WAIT,WAIT,0.03970903344452381,False,False,False,False,False,False,True
random_ruehl_mask,strong,103,270920363,53,WAIT,WAIT,0.05212507676333189,False,False,False,False,False,False,True
random_ruehl_mask,strong,103,270920363,54,WAIT,WAIT,0.07208401802927256,False,False,False,False,False,False,True
random_ruehl_mask,strong,104,270920364,1,RIGHT,RIGHT,0.0979589531198144,False,True,False,False,False,False,False
random_ruehl_mask,strong,104,270920364,2,WAIT,WAIT,0.08583301678299904,False,False,False,False,False,False,False
random_ruehl_mask,strong,104,270920364,3,LEFT,LEFT,0.07162499241530895,False,False,False,False,False,False,False
random_ruehl_mask,strong,104,270920364,4,DOWN,DOWN,0.07341604214161634,False,False,False,False,False,False,False
random_ruehl_mask,strong,104,270920364,5,BOMB,BOMB,0.08845806587487459,False,False,False,True,False,False,False
random_ruehl_mask,strong,104,270920364,6,UP,UP,0.07154198829084635,False,False,False,False,False,False,False
random_ruehl_mask,strong,104,270920364,7,WAIT,WAIT,0.05324999801814556,False,False,False,False,False,False,False
random_ruehl_mask,strong,104,270920364,8,RIGHT,RIGHT,0.04641595296561718,False,False,False,False,False,False,False
random_ruehl_mask,strong,104,270920364,9,WAIT,WAIT,0.043874955736100674,False,False,False,False,False,False,False
random_ruehl_mask,strong,104,270920364,10,WAIT,WAIT,0.06199989002197981,False,False,False,False,False,False,False
random_ruehl_mask,strong,104,270920364,11,WAIT,WAIT,0.04425004590302706,False,True,False,False,False,False,False
random_ruehl_mask,strong,104,270920364,12,WAIT,WAIT,0.08637493010610342,False,False,False,False,False,False,False
random_ruehl_mask,strong,104,270920364,13,BOMB,BOMB,0.11166592594236135,False,False,False,True,False,False,False
random_ruehl_mask,strong,104,270920364,14,LEFT,LEFT,0.07683399599045515,False,False,False,False,False,False,False
random_ruehl_mask,strong,104,270920364,15,DOWN,DOWN,0.05324999801814556,False,False,False,False,False,False,False
random_ruehl_mask,strong,104,270920364,16,DOWN,DOWN,0.05862500984221697,False,False,False,False,False,False,False
random_ruehl_mask,strong,104,270920364,17,RIGHT,RIGHT,0.04554097540676594,False,False,False,False,False,False,False
random_ruehl_mask,strong,104,270920364,18,LEFT,LEFT,0.04570907913148403,False,False,False,False,False,False,False
random_ruehl_mask,strong,104,270920364,19,WAIT,WAIT,0.0742500415071845,False,False,False,False,False,False,False
random_ruehl_mask,strong,104,270920364,20,DOWN,DOWN,0.10491593275219202,False,False,False,False,False,False,False
random_ruehl_mask,strong,104,270920364,21,DOWN,DOWN,0.09841599967330694,False,True,False,False,False,False,False
random_ruehl_mask,strong,104,270920364,22,WAIT,WAIT,0.1272499794140458,False,False,False,False,False,False,True
random_ruehl_mask,strong,104,270920364,23,BOMB,BOMB,0.11429202277213335,False,False,False,True,False,False,True
random_ruehl_mask,strong,104,270920364,24,UP,UP,0.054416945204138756,False,False,False,False,False,False,True
random_ruehl_mask,strong,104,270920364,25,WAIT,WAIT,0.037917052395641804,False,False,False,False,False,False,True
random_ruehl_mask,strong,104,270920364,26,WAIT,WAIT,0.056999968364834785,False,False,False,False,False,False,True
random_ruehl_mask,strong,104,270920364,27,UP,UP,0.04895799793303013,False,False,False,False,False,False,True
random_ruehl_mask,strong,105,270920365,1,WAIT,WAIT,0.10279205162078142,False,True,False,False,False,False,False
random_ruehl_mask,strong,105,270920365,2,UP,UP,0.08120795246213675,False,False,False,False,False,False,False
random_ruehl_mask,strong,105,270920365,3,WAIT,WAIT,0.09683298412710428,False,False,False,False,False,False,False
random_ruehl_mask,strong,105,270920365,4,BOMB,BOMB,0.07729197386652231,False,False,False,True,False,False,False
random_ruehl_mask,strong,105,270920365,5,DOWN,DOWN,0.07795810233801603,False,False,False,False,False,False,False
random_ruehl_mask,strong,105,270920365,6,RIGHT,RIGHT,0.0729170860722661,False,False,False,False,False,False,False
random_ruehl_mask,strong,105,270920365,7,WAIT,WAIT,0.0777500681579113,False,False,False,False,False,False,False
random_ruehl_mask,strong,105,270920365,8,WAIT,WAIT,0.051042065024375916,False,False,False,False,False,False,False
random_ruehl_mask,strong,105,270920365,9,WAIT,WAIT,0.06570795085281134,False,False,False,False,False,False,False
random_ruehl_mask,strong,105,270920365,10,WAIT,WAIT,0.043665990233421326,False,False,False,False,False,False,False
random_ruehl_mask,strong,105,270920365,11,WAIT,WAIT,0.07724994793534279,False,True,False,False,False,False,False
random_ruehl_mask,strong,105,270920365,12,LEFT,LEFT,0.08241704199463129,False,False,False,False,False,False,False
random_ruehl_mask,strong,105,270920365,13,RIGHT,RIGHT,0.12120790779590607,False,False,False,False,False,False,False
random_ruehl_mask,strong,105,270920365,14,WAIT,WAIT,0.09029207285493612,False,False,False,False,False,False,False
random_ruehl_mask,strong,105,270920365,15,WAIT,WAIT,0.08695793803781271,False,False,False,False,False,False,False
random_ruehl_mask,strong,105,270920365,16,BOMB,BOMB,0.06370805203914642,False,False,False,True,False,False,False
random_ruehl_mask,strong,105,270920365,17,LEFT,LEFT,0.03629201091825962,False,False,False,False,False,False,False
random_ruehl_mask,strong,105,270920365,18,UP,UP,0.03654195461422205,False,False,False,False,False,False,False
random_ruehl_mask,strong,105,270920365,19,WAIT,WAIT,0.046459026634693146,False,False,False,False,False,False,False
random_ruehl_mask,strong,105,270920365,20,WAIT,WAIT,0.05970802158117294,False,False,False,False,False,False,False
random_ruehl_mask,strong,105,270920365,21,WAIT,WAIT,0.06987503729760647,False,True,False,False,False,False,False
random_ruehl_mask,strong,105,270920365,22,UP,UP,0.06625009700655937,False,False,False,False,False,False,False
random_ruehl_mask,strong,105,270920365,23,BOMB,BOMB,0.11424999684095383,False,False,False,True,False,False,False
random_ruehl_mask,strong,105,270920365,24,DOWN,DOWN,0.04829105455428362,False,False,False,False,False,False,False
random_ruehl_mask,strong,105,270920365,25,DOWN,DOWN,0.05804200191050768,False,False,False,False,False,False,False
random_ruehl_mask,strong,105,270920365,26,RIGHT,RIGHT,0.05441706161946058,False,False,False,False,False,False,False
random_ruehl_mask,strong,105,270920365,27,WAIT,WAIT,0.056999968364834785,False,False,False,False,False,False,False
random_ruehl_mask,strong,105,270920365,28,RIGHT,RIGHT,0.057750032283365726,False,False,False,False,False,False,False
random_ruehl_mask,strong,105,270920365,29,RIGHT,RIGHT,0.04329206421971321,False,False,False,False,False,False,True
random_ruehl_mask,strong,105,270920365,30,BOMB,BOMB,0.08133403025567532,False,False,False,True,False,False,True
random_ruehl_mask,strong,105,270920365,31,RIGHT,RIGHT,0.03595789894461632,False,True,True,False,False,False,True
random_ruehl_mask,strong,105,270920365,32,WAIT,WAIT,0.05558307748287916,False,False,False,False,False,False,True
random_ruehl_mask,strong,105,270920365,33,WAIT,WAIT,0.08062506094574928,False,False,False,False,False,False,True
random_ruehl_mask,strong,105,270920365,34,WAIT,WAIT,0.06595801096409559,False,False,False,False,False,False,True
random_ruehl_mask,strong,106,270920366,1,RIGHT,RIGHT,0.09970902465283871,False,True,False,False,False,False,False
random_ruehl_mask,strong,106,270920366,2,LEFT,LEFT,0.08612498641014099,False,False,False,False,False,False,False
random_ruehl_mask,strong,106,270920366,3,DOWN,DOWN,0.08370797149837017,False,False,False,False,False,False,False
random_ruehl_mask,strong,106,270920366,4,BOMB,BOMB,0.06791693158447742,False,False,False,True,False,False,False
random_ruehl_mask,strong,106,270920366,5,UP,UP,0.058709061704576015,False,False,False,False,False,False,False
random_ruehl_mask,strong,106,270920366,6,RIGHT,RIGHT,0.08100003469735384,False,False,False,False,False,False,False
random_ruehl_mask,strong,106,270920366,7,WAIT,WAIT,0.0640420475974679,False,False,False,False,False,False,False
random_ruehl_mask,strong,106,270920366,8,WAIT,WAIT,0.04516600165516138,False,False,False,False,False,False,False
random_ruehl_mask,strong,106,270920366,9,WAIT,WAIT,0.04133395850658417,False,False,False,False,False,False,False
random_ruehl_mask,strong,106,270920366,10,WAIT,WAIT,0.03587501123547554,False,False,False,False,False,False,False
random_ruehl_mask,strong,106,270920366,11,LEFT,LEFT,0.06870797369629145,False,True,False,False,False,False,False
random_ruehl_mask,strong,106,270920366,12,WAIT,WAIT,0.08708389941602945,False,False,False,False,False,False,False
random_ruehl_mask,strong,106,270920366,13,WAIT,WAIT,0.09579095058143139,False,False,False,False,False,False,False
random_ruehl_mask,strong,106,270920366,14,RIGHT,RIGHT,0.09287497960031033,False,False,False,False,False,False,False
random_ruehl_mask,strong,106,270920366,15,LEFT,LEFT,0.08345802780240774,False,False,False,False,False,False,False
random_ruehl_mask,strong,106,270920366,16,DOWN,DOWN,0.07670896593481302,False,False,False,False,False,False,False
random_ruehl_mask,strong,106,270920366,17,UP,UP,0.06354192737489939,False,False,False,False,False,False,False
random_ruehl_mask,strong,106,270920366,18,DOWN,DOWN,0.08212507236748934,False,False,False,False,False,False,False
random_ruehl_mask,strong,106,270920366,19,DOWN,DOWN,0.050292001105844975,False,False,False,False,False,False,False
random_ruehl_mask,strong,106,270920366,20,UP,UP,0.10587496217340231,False,False,False,False,False,False,False
random_ruehl_mask,strong,106,270920366,21,UP,UP,0.05908298771828413,False,True,False,False,False,False,False
random_ruehl_mask,strong,106,270920366,22,WAIT,WAIT,0.10695809032768011,False,False,False,False,False,False,False
random_ruehl_mask,strong,106,270920366,23,RIGHT,RIGHT,0.13845902867615223,False,False,False,False,False,False,False
random_ruehl_mask,strong,106,270920366,24,WAIT,WAIT,0.0903749605640769,False,False,False,False,False,False,False
random_ruehl_mask,strong,106,270920366,25,LEFT,LEFT,0.0677499920129776,False,False,False,False,False,False,False
random_ruehl_mask,strong,106,270920366,26,RIGHT,RIGHT,0.07745902985334396,False,False,False,False,False,False,False
random_ruehl_mask,strong,106,270920366,27,BOMB,BOMB,0.08266698569059372,False,False,False,True,False,False,False
random_ruehl_mask,strong,106,270920366,28,LEFT,LEFT,0.04037492908537388,False,False,False,False,False,False,False
random_ruehl_mask,strong,106,270920366,29,DOWN,DOWN,0.03599992487579584,False,False,False,False,False,False,False
random_ruehl_mask,strong,106,270920366,30,DOWN,DOWN,0.05808298010379076,False,False,False,False,False,False,False
random_ruehl_mask,strong,106,270920366,31,WAIT,WAIT,0.05224999040365219,False,True,False,False,False,False,False
random_ruehl_mask,strong,106,270920366,32,DOWN,DOWN,0.050791073590517044,False,False,False,False,False,False,False
random_ruehl_mask,strong,106,270920366,33,UP,UP,0.03658398054540157,False,False,False,False,False,False,True
random_ruehl_mask,strong,106,270920366,34,BOMB,BOMB,0.08087500464171171,False,False,False,True,False,False,True
random_ruehl_mask,strong,106,270920366,35,UP,UP,0.07558299694210291,False,False,False,False,False,False,True
random_ruehl_mask,strong,106,270920366,36,WAIT,WAIT,0.05904200952500105,False,False,False,False,False,False,True
random_ruehl_mask,strong,106,270920366,37,WAIT,WAIT,0.06579200271517038,False,False,False,False,False,False,True
random_ruehl_mask,strong,106,270920366,38,WAIT,WAIT,0.051749986596405506,False,False,False,False,False,False,True
random_ruehl_mask,strong,107,270920367,1,WAIT,WAIT,0.10741699952632189,False,True,False,False,False,False,False
random_ruehl_mask,strong,107,270920367,2,DOWN,DOWN,0.0802910653874278,False,False,False,False,False,False,False
random_ruehl_mask,strong,107,270920367,3,UP,UP,0.06604206282645464,False,False,False,False,False,False,False
random_ruehl_mask,strong,107,270920367,4,RIGHT,RIGHT,0.07575005292892456,False,False,False,False,False,False,False
random_ruehl_mask,strong,107,270920367,5,BOMB,BOMB,0.08816702757030725,False,False,False,True,False,False,False
random_ruehl_mask,strong,107,270920367,6,LEFT,LEFT,0.08525000885128975,False,False,False,False,False,False,False
random_ruehl_mask,strong,107,270920367,7,WAIT,WAIT,0.05929102189838886,False,False,False,False,False,False,False
random_ruehl_mask,strong,107,270920367,8,DOWN,DOWN,0.04616705700755119,False,False,False,False,False,False,False
random_ruehl_mask,strong,107,270920367,9,WAIT,WAIT,0.048792106099426746,False,False,False,False,False,False,False
random_ruehl_mask,strong,107,270920367,10,WAIT,WAIT,0.040665967389941216,False,False,False,False,False,False,False
random_ruehl_mask,strong,107,270920367,11,DOWN,DOWN,0.04249997437000275,False,True,False,False,False,False,False
random_ruehl_mask,strong,107,270920367,12,UP,UP,0.08220796007663012,False,False,False,False,False,False,False
random_ruehl_mask,strong,107,270920367,13,WAIT,WAIT,0.09408302139490843,False,False,False,False,False,False,False
random_ruehl_mask,strong,107,270920367,14,UP,UP,0.11870893649756908,False,False,False,False,False,False,False
random_ruehl_mask,strong,107,270920367,15,RIGHT,RIGHT,0.07166701834648848,False,False,False,False,False,False,False
random_ruehl_mask,strong,107,270920367,16,RIGHT,RIGHT,0.05116697866469622,False,False,False,False,False,False,False
random_ruehl_mask,strong,107,270920367,17,RIGHT,RIGHT,0.0825000461190939,False,False,False,False,False,False,False
random_ruehl_mask,strong,107,270920367,18,RIGHT,RIGHT,0.10058400221168995,False,False,False,False,False,False,False
random_ruehl_mask,strong,107,270920367,19,LEFT,LEFT,0.08112494833767414,False,False,False,False,False,False,False
random_ruehl_mask,strong,107,270920367,20,RIGHT,RIGHT,0.09191699791699648,False,False,False,False,False,False,False
random_ruehl_mask,strong,107,270920367,21,LEFT,LEFT,0.1317920396104455,False,True,False,False,False,False,False
random_ruehl_mask,strong,107,270920367,22,RIGHT,RIGHT,0.10979198850691319,False,False,False,False,False,False,False
random_ruehl_mask,strong,107,270920367,23,RIGHT,RIGHT,0.10487495455890894,False,False,False,False,False,False,False
random_ruehl_mask,strong,107,270920367,24,WAIT,WAIT,0.08999998681247234,False,False,False,False,False,False,False
random_ruehl_mask,strong,107,270920367,25,WAIT,WAIT,0.07225002627819777,False,False,False,False,False,False,False
random_ruehl_mask,strong,107,270920367,26,LEFT,LEFT,0.07208401802927256,False,False,False,False,False,False,True
random_ruehl_mask,strong,107,270920367,27,BOMB,BOMB,0.10191707406193018,False,False,False,True,False,False,True
random_ruehl_mask,strong,107,270920367,28,RIGHT,RIGHT,0.04183303099125624,False,False,False,False,False,False,True
random_ruehl_mask,strong,107,270920367,29,WAIT,WAIT,0.038707978092134,False,False,False,False,False,False,True
random_ruehl_mask,strong,107,270920367,30,WAIT,WAIT,0.047749956138432026,False,False,False,False,False,False,True
random_ruehl_mask,strong,107,270920367,31,WAIT,WAIT,0.07533293683081865,False,False,False,False,False,False,True
random_ruehl_mask,strong,108,270920368,1,RIGHT,RIGHT,0.0968339154496789,False,True,False,False,False,False,False
random_ruehl_mask,strong,108,270920368,2,RIGHT,RIGHT,0.0700000673532486,False,False,False,False,False,False,False
random_ruehl_mask,strong,108,270920368,3,BOMB,BOMB,0.07083301898092031,False,False,False,True,False,False,False
random_ruehl_mask,strong,108,270920368,4,LEFT,LEFT,0.035917037166655064,False,False,False,False,False,False,False
random_ruehl_mask,strong,108,270920368,5,LEFT,LEFT,0.08050003089010715,False,False,False,False,False,False,False
random_ruehl_mask,strong,108,270920368,6,DOWN,DOWN,0.07225002627819777,False,False,False,False,False,False,False
random_ruehl_mask,strong,108,270920368,7,WAIT,WAIT,0.06358406972140074,False,False,False,False,False,False,False
random_ruehl_mask,strong,108,270920368,8,WAIT,WAIT,0.044082989916205406,False,False,False,False,False,False,False
random_ruehl_mask,strong,108,270920368,9,UP,UP,0.050833914428949356,False,False,False,False,False,False,True
random_ruehl_mask,strong,108,270920368,10,BOMB,BOMB,0.106374965980649,False,False,False,True,False,False,True
random_ruehl_mask,strong,108,270920368,11,DOWN,DOWN,0.0463749747723341,False,True,True,False,False,False,True
random_ruehl_mask,strong,108,270920368,12,WAIT,WAIT,0.04070799332112074,False,False,False,False,False,False,True
random_ruehl_mask,strong,108,270920368,13,WAIT,WAIT,0.08050003089010715,False,False,False,False,False,False,True
random_ruehl_mask,strong,108,270920368,14,WAIT,WAIT,0.06649992428719997,False,False,False,False,False,False,True
random_ruehl_mask,strong,109,270920369,1,WAIT,WAIT,0.0918341102078557,False,True,False,False,False,False,False
random_ruehl_mask,strong,109,270920369,2,WAIT,WAIT,0.07099995855242014,False,False,False,False,False,False,False
random_ruehl_mask,strong,109,270920369,3,UP,UP,0.06616604514420033,False,False,False,False,False,False,False
random_ruehl_mask,strong,109,270920369,4,DOWN,DOWN,0.0969999236986041,False,False,False,False,False,False,False
random_ruehl_mask,strong,109,270920369,5,WAIT,WAIT,0.08337502367794514,False,False,False,False,False,False,False
random_ruehl_mask,strong,109,270920369,6,UP,UP,0.09320804383605719,False,False,False,False,False,False,False
random_ruehl_mask,strong,109,270920369,7,DOWN,DOWN,0.08804199751466513,False,False,False,False,False,False,False
random_ruehl_mask,strong,109,270920369,8,WAIT,WAIT,0.08337502367794514,False,False,False,False,False,False,False
random_ruehl_mask,strong,109,270920369,9,RIGHT,RIGHT,0.06454205140471458,False,False,False,False,False,False,False
random_ruehl_mask,strong,109,270920369,10,WAIT,WAIT,0.05795795004814863,False,False,False,False,False,False,False
random_ruehl_mask,strong,109,270920369,11,LEFT,LEFT,0.058416975662112236,False,True,False,False,False,False,False
random_ruehl_mask,strong,109,270920369,12,UP,UP,0.06741704419255257,False,False,False,False,False,False,False
random_ruehl_mask,strong,109,270920369,13,BOMB,BOMB,0.08804199751466513,False,False,False,True,False,False,False
random_ruehl_mask,strong,109,270920369,14,DOWN,DOWN,0.07616705261170864,False,False,False,False,False,False,False
random_ruehl_mask,strong,109,270920369,15,WAIT,WAIT,0.0666249543428421,False,False,False,False,False,False,False
random_ruehl_mask,strong,109,270920369,16,RIGHT,RIGHT,0.07679208647459745,False,False,False,False,False,False,False
random_ruehl_mask,strong,109,270920369,17,WAIT,WAIT,0.059875077567994595,False,False,False,False,False,False,False
random_ruehl_mask,strong,109,270920369,18,WAIT,WAIT,0.05337491165846586,False,False,False,False,False,False,False
random_ruehl_mask,strong,109,270920369,19,LEFT,LEFT,0.039083999581635,False,False,False,False,False,False,False
random_ruehl_mask,strong,109,270920369,20,BOMB,BOMB,0.08316594175994396,False,False,False,True,False,False,False
random_ruehl_mask,strong,109,270920369,21,UP,UP,0.06412493530660868,False,True,False,False,False,False,False
random_ruehl_mask,strong,109,270920369,22,UP,UP,0.053042080253362656,False,False,False,False,False,False,False
random_ruehl_mask,strong,109,270920369,23,UP,UP,0.07395807188004255,False,False,False,False,False,False,False
random_ruehl_mask,strong,109,270920369,24,UP,UP,0.06570806726813316,False,False,False,False,False,False,False
random_ruehl_mask,strong,109,270920369,25,WAIT,WAIT,0.07808394730091095,False,False,False,False,False,False,False
random_ruehl_mask,strong,109,270920369,26,WAIT,WAIT,0.037499936297535896,False,False,False,False,False,False,False
random_ruehl_mask,strong,109,270920369,27,RIGHT,RIGHT,0.0866670161485672,False,False,False,False,False,False,False
random_ruehl_mask,strong,109,270920369,28,RIGHT,RIGHT,0.06750004831701517,False,False,False,False,False,False,False
random_ruehl_mask,strong,109,270920369,29,LEFT,LEFT,0.07366598583757877,False,False,False,False,False,False,False
random_ruehl_mask,strong,109,270920369,30,RIGHT,RIGHT,0.07804192136973143,False,False,False,False,False,False,False
random_ruehl_mask,strong,109,270920369,31,WAIT,WAIT,0.09104202035814524,False,True,False,False,False,False,False
random_ruehl_mask,strong,109,270920369,32,WAIT,WAIT,0.12250000145286322,False,False,False,False,False,False,False
random_ruehl_mask,strong,109,270920369,33,LEFT,LEFT,0.0987909734249115,False,False,False,False,False,False,False
random_ruehl_mask,strong,109,270920369,34,RIGHT,RIGHT,0.07641699630767107,False,False,False,False,False,False,False
random_ruehl_mask,strong,109,270920369,35,LEFT,LEFT,0.07566600106656551,False,False,False,False,False,False,False
random_ruehl_mask,strong,109,270920369,36,BOMB,BOMB,0.06737501826137304,False,False,False,True,False,False,False
random_ruehl_mask,strong,109,270920369,37,LEFT,LEFT,0.0427919439971447,False,False,False,False,False,False,False
random_ruehl_mask,strong,109,270920369,38,DOWN,DOWN,0.043291947804391384,False,False,False,False,False,False,False
random_ruehl_mask,strong,109,270920369,39,DOWN,DOWN,0.048625050112605095,False,False,False,False,False,False,False
random_ruehl_mask,strong,109,270920369,40,WAIT,WAIT,0.06512505933642387,False,False,False,False,False,False,False
random_ruehl_mask,strong,109,270920369,41,UP,UP,0.059999991208314896,False,True,False,False,False,False,False
random_ruehl_mask,strong,109,270920369,42,WAIT,WAIT,0.0464579788967967,False,False,False,False,False,False,False
random_ruehl_mask,strong,109,270920369,43,DOWN,DOWN,0.06408302579075098,False,False,False,False,False,False,False
random_ruehl_mask,strong,109,270920369,44,UP,UP,0.12466707266867161,False,False,False,False,False,False,False
random_ruehl_mask,strong,109,270920369,45,UP,UP,0.06075005512684584,False,False,False,False,False,False,False
random_ruehl_mask,strong,109,270920369,46,RIGHT,RIGHT,0.07829093374311924,False,False,False,False,False,False,False
random_ruehl_mask,strong,109,270920369,47,RIGHT,RIGHT,0.05504104774445295,False,False,False,False,False,False,False
random_ruehl_mask,strong,109,270920369,48,WAIT,WAIT,0.11812499724328518,False,False,False,False,False,False,False
random_ruehl_mask,strong,109,270920369,49,BOMB,BOMB,0.11250004172325134,False,False,False,True,False,False,False
random_ruehl_mask,strong,109,270920369,50,LEFT,LEFT,0.04816707223653793,False,False,False,False,False,False,False
random_ruehl_mask,strong,109,270920369,51,WAIT,WAIT,0.037958030588924885,False,True,False,False,False,False,False
random_ruehl_mask,strong,109,270920369,52,LEFT,LEFT,0.0504589406773448,False,False,False,False,False,False,False
random_ruehl_mask,strong,109,270920369,53,DOWN,DOWN,0.05845795385539532,False,False,False,False,False,False,False
random_ruehl_mask,strong,109,270920369,54,DOWN,DOWN,0.09600003249943256,False,False,False,False,False,False,False
random_ruehl_mask,strong,109,270920369,55,DOWN,DOWN,0.07170811295509338,False,False,False,False,False,False,False
random_ruehl_mask,strong,109,270920369,56,DOWN,DOWN,0.06770796608179808,False,False,False,False,False,False,False
random_ruehl_mask,strong,109,270920369,57,UP,UP,0.062249950133264065,False,False,False,False,False,False,False
random_ruehl_mask,strong,109,270920369,58,WAIT,WAIT,0.0837499974295497,False,False,False,False,False,False,False
random_ruehl_mask,strong,109,270920369,59,UP,UP,0.06295903585851192,False,False,False,False,False,False,True
random_ruehl_mask,strong,109,270920369,60,BOMB,BOMB,0.1157920341938734,False,False,False,True,False,False,True
random_ruehl_mask,strong,109,270920369,61,DOWN,DOWN,0.0475000124424696,False,True,False,False,False,False,True
random_ruehl_mask,strong,109,270920369,62,WAIT,WAIT,0.04870793782174587,False,False,False,False,False,False,True
random_ruehl_mask,strong,109,270920369,63,WAIT,WAIT,0.06741704419255257,False,False,False,False,False,False,True
random_ruehl_mask,strong,109,270920369,64,WAIT,WAIT,0.05833397153764963,False,False,False,False,False,False,True
random_ruehl_mask,strong,110,270920370,1,UP,UP,0.09966699872165918,False,True,False,False,False,False,False
random_ruehl_mask,strong,110,270920370,2,DOWN,DOWN,0.09941705502569675,False,False,False,False,False,False,False
random_ruehl_mask,strong,110,270920370,3,UP,UP,0.08845794945955276,False,False,False,False,False,False,False
random_ruehl_mask,strong,110,270920370,4,BOMB,BOMB,0.08320796769112349,False,False,False,True,False,False,False
random_ruehl_mask,strong,110,270920370,5,DOWN,DOWN,0.06687501445412636,False,False,False,False,False,False,False
random_ruehl_mask,strong,110,270920370,6,LEFT,LEFT,0.06554205901920795,False,False,False,False,False,False,False
random_ruehl_mask,strong,110,270920370,7,WAIT,WAIT,0.07762503810226917,False,False,False,False,False,False,False
random_ruehl_mask,strong,110,270920370,8,WAIT,WAIT,0.04800001624971628,False,False,False,False,False,False,False
random_ruehl_mask,strong,110,270920370,9,WAIT,WAIT,0.0403339508920908,False,False,False,False,False,False,False
random_ruehl_mask,strong,110,270920370,10,WAIT,WAIT,0.03433297388255596,False,False,False,False,False,False,False
random_ruehl_mask,strong,110,270920370,11,RIGHT,RIGHT,0.08095894008874893,False,True,False,False,False,False,False
random_ruehl_mask,strong,110,270920370,12,UP,UP,0.08654198609292507,False,False,False,False,False,False,False
random_ruehl_mask,strong,110,270920370,13,UP,UP,0.0778330722823739,False,False,False,False,False,False,False
random_ruehl_mask,strong,110,270920370,14,WAIT,WAIT,0.12550002429634333,False,False,False,False,False,False,False
random_ruehl_mask,strong,110,270920370,15,UP,UP,0.1128750154748559,False,False,False,False,False,False,False
random_ruehl_mask,strong,110,270920370,16,UP,UP,0.07745798211544752,False,False,False,False,False,False,True
random_ruehl_mask,strong,110,270920370,17,BOMB,BOMB,0.08695805445313454,False,False,False,True,False,False,True
random_ruehl_mask,strong,110,270920370,18,DOWN,DOWN,0.03608304541558027,False,False,False,False,False,False,True
random_ruehl_mask,strong,110,270920370,19,WAIT,WAIT,0.03462505992501974,False,False,False,False,False,False,True
random_ruehl_mask,strong,110,270920370,20,WAIT,WAIT,0.0451250234618783,False,False,False,False,False,False,True
random_ruehl_mask,strong,110,270920370,21,DOWN,DOWN,0.07558299694210291,False,False,False,False,False,False,True
random_ruehl_mask,strong,111,270920371,1,RIGHT,RIGHT,0.0968750100582838,False,True,False,False,False,False,False
random_ruehl_mask,strong,111,270920371,2,BOMB,BOMB,0.08133403025567532,False,False,False,True,False,False,False
random_ruehl_mask,strong,111,270920371,3,LEFT,LEFT,0.046708970330655575,False,False,False,False,False,False,False
random_ruehl_mask,strong,111,270920371,4,WAIT,WAIT,0.03716698847711086,False,False,False,False,False,False,False
random_ruehl_mask,strong,111,270920371,5,DOWN,DOWN,0.0651670852676034,False,False,False,False,False,False,False
random_ruehl_mask,strong,111,270920371,6,WAIT,WAIT,0.11987506877630949,False,False,False,False,False,False,False
random_ruehl_mask,strong,111,270920371,7,WAIT,WAIT,0.06562506314367056,False,False,False,False,False,False,False
random_ruehl_mask,strong,111,270920371,8,UP,UP,0.03670796286314726,False,False,False,False,False,False,False
random_ruehl_mask,strong,111,270920371,9,RIGHT,RIGHT,0.08208304643630981,False,False,False,False,False,False,False
random_ruehl_mask,strong,111,270920371,10,WAIT,WAIT,0.06387499161064625,False,False,False,False,False,False,False
random_ruehl_mask,strong,111,270920371,11,LEFT,LEFT,0.05316699389368296,False,True,False,False,False,False,False
random_ruehl_mask,strong,111,270920371,12,BOMB,BOMB,0.08966703899204731,False,False,False,True,False,False,False
random_ruehl_mask,strong,111,270920371,13,RIGHT,RIGHT,0.07487495895475149,False,False,False,False,False,False,False
random_ruehl_mask,strong,111,270920371,14,RIGHT,RIGHT,0.06883300375193357,False,False,False,False,False,False,False
random_ruehl_mask,strong,111,270920371,15,DOWN,DOWN,0.0563750509172678,False,False,False,False,False,False,False
random_ruehl_mask,strong,111,270920371,16,WAIT,WAIT,0.05666597280651331,False,False,False,False,False,False,False
random_ruehl_mask,strong,111,270920371,17,WAIT,WAIT,0.046291970647871494,False,False,False,False,False,False,False
random_ruehl_mask,strong,111,270920371,18,UP,UP,0.06183399818837643,False,False,False,False,False,False,False
random_ruehl_mask,strong,111,270920371,19,RIGHT,RIGHT,0.09987503290176392,False,False,False,False,False,False,False
random_ruehl_mask,strong,111,270920371,20,LEFT,LEFT,0.1124159898608923,False,False,False,False,False,False,False
random_ruehl_mask,strong,111,270920371,21,DOWN,DOWN,0.1382920891046524,False,True,False,False,False,False,False
random_ruehl_mask,strong,111,270920371,22,BOMB,BOMB,0.09537499863654375,False,False,False,True,False,False,False
random_ruehl_mask,strong,111,270920371,23,UP,UP,0.04504097159951925,False,False,False,False,False,False,False
random_ruehl_mask,strong,111,270920371,24,RIGHT,RIGHT,0.03574998117983341,False,False,False,False,False,False,False
random_ruehl_mask,strong,111,270920371,25,WAIT,WAIT,0.043625012040138245,False,False,False,False,False,False,False
random_ruehl_mask,strong,111,270920371,26,WAIT,WAIT,0.04141696263104677,False,False,False,False,False,False,False
random_ruehl_mask,strong,111,270920371,27,WAIT,WAIT,0.04866591189056635,False,False,False,False,False,False,False
random_ruehl_mask,strong,111,270920371,28,RIGHT,RIGHT,0.05224999040365219,False,False,False,False,False,False,False
random_ruehl_mask,strong,111,270920371,29,DOWN,DOWN,0.09479199070483446,False,False,False,False,False,False,False
random_ruehl_mask,strong,111,270920371,30,BOMB,BOMB,0.087916967459023,False,False,False,True,False,False,False
random_ruehl_mask,strong,111,270920371,31,UP,UP,0.04662491846829653,False,True,False,False,False,False,False
random_ruehl_mask,strong,111,270920371,32,WAIT,WAIT,0.05966704338788986,False,False,False,False,False,False,False
random_ruehl_mask,strong,111,270920371,33,LEFT,LEFT,0.05041598342359066,False,False,False,False,False,False,False
random_ruehl_mask,strong,111,270920371,34,LEFT,LEFT,0.0467090867459774,False,False,False,False,False,False,False
random_ruehl_mask,strong,111,270920371,35,RIGHT,RIGHT,0.051749986596405506,False,False,False,False,False,False,False
random_ruehl_mask,strong,111,270920371,36,LEFT,LEFT,0.0568340765312314,False,False,False,False,False,False,False
random_ruehl_mask,strong,111,270920371,37,DOWN,DOWN,0.09945803321897984,False,False,False,False,False,False,False
random_ruehl_mask,strong,111,270920371,38,DOWN,DOWN,0.07266609463840723,False,False,False,False,False,False,False
random_ruehl_mask,strong,111,270920371,39,BOMB,BOMB,0.10304199531674385,False,False,False,True,False,False,False
random_ruehl_mask,strong,111,270920371,40,LEFT,LEFT,0.0689580338075757,False,False,False,False,False,False,False
random_ruehl_mask,strong,111,270920371,41,WAIT,WAIT,0.05337502807378769,False,True,False,False,False,False,False
random_ruehl_mask,strong,111,270920371,42,LEFT,LEFT,0.05337502807378769,False,False,False,False,False,False,False
random_ruehl_mask,strong,111,270920371,43,UP,UP,0.0588749535381794,False,False,False,False,False,False,False
random_ruehl_mask,strong,111,270920371,44,UP,UP,0.10929093696177006,False,False,False,False,False,False,False
random_ruehl_mask,strong,111,270920371,45,RIGHT,RIGHT,0.09762495756149292,False,False,False,False,False,False,False
random_ruehl_mask,strong,111,270920371,46,LEFT,LEFT,0.07095898035913706,False,False,False,False,False,False,False
random_ruehl_mask,strong,111,270920371,47,RIGHT,RIGHT,0.06666698027402163,False,False,False,False,False,False,False
random_ruehl_mask,strong,111,270920371,48,RIGHT,RIGHT,0.08141598664224148,False,False,False,False,False,False,False
random_ruehl_mask,strong,111,270920371,49,BOMB,BOMB,0.10900001507252455,False,False,False,True,False,False,False
random_ruehl_mask,strong,111,270920371,50,DOWN,DOWN,0.05279190372675657,False,False,False,False,False,False,False
random_ruehl_mask,strong,111,270920371,51,WAIT,WAIT,0.051625072956085205,False,True,False,False,False,False,False
random_ruehl_mask,strong,111,270920371,52,DOWN,DOWN,0.049999915063381195,False,False,False,False,False,False,False
random_ruehl_mask,strong,111,270920371,53,RIGHT,RIGHT,0.06524997297674417,False,False,False,False,False,False,False
random_ruehl_mask,strong,111,270920371,54,RIGHT,RIGHT,0.05212507676333189,False,False,False,False,False,False,False
random_ruehl_mask,strong,111,270920371,55,UP,UP,0.03724999260157347,False,False,False,False,False,False,False
random_ruehl_mask,strong,111,270920371,56,WAIT,WAIT,0.05025009158998728,False,False,False,False,False,False,False
random_ruehl_mask,strong,111,270920371,57,UP,UP,0.06975000724196434,False,False,False,False,False,False,False
random_ruehl_mask,strong,111,270920371,58,DOWN,DOWN,0.07262500002980232,False,False,False,False,False,False,False
random_ruehl_mask,strong,111,270920371,59,UP,UP,0.06874999962747097,False,False,False,False,False,False,False
random_ruehl_mask,strong,111,270920371,60,WAIT,WAIT,0.047874986194074154,False,False,False,False,False,False,False
random_ruehl_mask,strong,111,270920371,61,WAIT,WAIT,0.04683295264840126,False,True,False,False,False,False,True
random_ruehl_mask,strong,111,270920371,62,BOMB,BOMB,0.10345794726163149,False,False,False,True,True,False,True
random_ruehl_mask,strong,111,270920371,63,RIGHT,RIGHT,0.039958045817911625,False,False,False,False,False,False,True
random_ruehl_mask,strong,111,270920371,64,WAIT,WAIT,0.03741704858839512,False,False,False,False,False,False,True
random_ruehl_mask,strong,111,270920371,65,WAIT,WAIT,0.050459057092666626,False,False,False,False,False,False,True
random_ruehl_mask,strong,111,270920371,66,WAIT,WAIT,0.0702079851180315,False,False,False,False,False,False,True
random_ruehl_mask,strong,112,270920372,1,WAIT,WAIT,0.10037492029368877,False,True,False,False,False,False,False
random_ruehl_mask,strong,112,270920372,2,LEFT,LEFT,0.08437491487711668,False,False,False,False,False,False,False
random_ruehl_mask,strong,112,270920372,3,BOMB,BOMB,0.06408302579075098,False,False,False,True,False,False,False
random_ruehl_mask,strong,112,270920372,4,RIGHT,RIGHT,0.060041085816919804,False,False,False,False,False,False,False
random_ruehl_mask,strong,112,270920372,5,UP,UP,0.08666689973324537,False,False,False,False,False,False,False
random_ruehl_mask,strong,112,270920372,6,WAIT,WAIT,0.07558299694210291,False,False,False,False,False,False,False
random_ruehl_mask,strong,112,270920372,7,WAIT,WAIT,0.06354099605232477,False,False,False,False,False,False,False
random_ruehl_mask,strong,112,270920372,8,WAIT,WAIT,0.04304095637053251,False,False,False,False,False,False,False
random_ruehl_mask,strong,112,270920372,9,DOWN,DOWN,0.04924996756017208,False,False,False,False,False,False,True
random_ruehl_mask,strong,112,270920372,10,BOMB,BOMB,0.08470797911286354,False,False,False,True,False,False,True
random_ruehl_mask,strong,112,270920372,11,UP,UP,0.03825000021606684,False,True,True,False,False,False,True
random_ruehl_mask,strong,112,270920372,12,WAIT,WAIT,0.04537496715784073,False,False,False,False,False,False,True
random_ruehl_mask,strong,112,270920372,13,WAIT,WAIT,0.0726659782230854,False,False,False,False,False,False,True
random_ruehl_mask,strong,112,270920372,14,WAIT,WAIT,0.08050003089010715,False,False,False,False,False,False,True
random_ruehl_mask,strong,113,270920373,1,UP,UP,0.1039999770000577,False,True,False,False,False,False,False
random_ruehl_mask,strong,113,270920373,2,DOWN,DOWN,0.0874160323292017,False,False,False,False,False,False,False
random_ruehl_mask,strong,113,270920373,3,LEFT,LEFT,0.07733306847512722,False,False,False,False,False,False,True
random_ruehl_mask,strong,113,270920373,4,BOMB,BOMB,0.06991694681346416,False,False,False,True,False,False,True
random_ruehl_mask,strong,113,270920373,5,LEFT,LEFT,0.054541975259780884,False,False,False,False,False,False,True
random_ruehl_mask,strong,113,270920373,6,WAIT,WAIT,0.08954200893640518,False,False,False,False,False,False,True
random_ruehl_mask,strong,113,270920373,7,WAIT,WAIT,0.07537496276199818,False,False,False,False,False,False,True
random_ruehl_mask,strong,113,270920373,8,WAIT,WAIT,0.055750017054378986,False,False,False,False,False,False,True
random_ruehl_mask,strong,114,270920374,1,LEFT,LEFT,0.1004999503493309,False,True,False,False,False,False,False
random_ruehl_mask,strong,114,270920374,2,RIGHT,RIGHT,0.08245895151048899,False,False,False,False,False,False,False
random_ruehl_mask,strong,114,270920374,3,DOWN,DOWN,0.07325003389269114,False,False,False,False,False,False,False
random_ruehl_mask,strong,114,270920374,4,BOMB,BOMB,0.07499998901039362,False,False,False,True,False,False,False
random_ruehl_mask,strong,114,270920374,5,UP,UP,0.059333979152143,False,False,False,False,False,False,False
random_ruehl_mask,strong,114,270920374,6,LEFT,LEFT,0.057958997786045074,False,False,False,False,False,False,False
random_ruehl_mask,strong,114,270920374,7,WAIT,WAIT,0.058916048146784306,False,False,False,False,False,False,False
random_ruehl_mask,strong,114,270920374,8,WAIT,WAIT,0.06341689731925726,False,False,False,False,False,False,False
random_ruehl_mask,strong,114,270920374,9,WAIT,WAIT,0.05949998740106821,False,False,False,False,False,False,False
random_ruehl_mask,strong,114,270920374,10,RIGHT,RIGHT,0.040708924643695354,False,False,False,False,False,False,False
random_ruehl_mask,strong,114,270920374,11,DOWN,DOWN,0.0987079693004489,False,True,False,False,False,False,False
random_ruehl_mask,strong,114,270920374,12,WAIT,WAIT,0.05333404988050461,False,False,False,False,False,False,False
random_ruehl_mask,strong,114,270920374,13,UP,UP,0.07224990986287594,False,False,False,False,False,False,True
random_ruehl_mask,strong,114,270920374,14,BOMB,BOMB,0.09841693099588156,False,False,False,True,False,False,True
random_ruehl_mask,strong,114,270920374,15,LEFT,LEFT,0.06045796908438206,False,False,False,False,False,False,True
random_ruehl_mask,strong,114,270920374,16,WAIT,WAIT,0.0339999096468091,False,False,False,False,False,False,True
random_ruehl_mask,strong,114,270920374,17,WAIT,WAIT,0.04199997056275606,False,False,False,False,False,False,True
random_ruehl_mask,strong,114,270920374,18,WAIT,WAIT,0.05908298771828413,False,False,False,False,False,False,True
random_ruehl_mask,strong,115,270920375,1,RIGHT,RIGHT,0.13241602573543787,False,True,False,False,False,False,False
random_ruehl_mask,strong,115,270920375,2,LEFT,LEFT,0.11162494774907827,False,False,False,False,False,False,False
random_ruehl_mask,strong,115,270920375,3,WAIT,WAIT,0.10283407755196095,False,False,False,False,False,False,True
random_ruehl_mask,strong,115,270920375,4,BOMB,BOMB,0.08687505032867193,False,False,False,True,False,False,True
random_ruehl_mask,strong,115,270920375,5,UP,UP,0.08504209108650684,False,False,False,False,False,False,True
random_ruehl_mask,strong,115,270920375,6,WAIT,WAIT,0.10000006295740604,False,False,False,False,False,False,True
random_ruehl_mask,strong,115,270920375,7,WAIT,WAIT,0.06912497337907553,False,False,False,False,False,False,True
random_ruehl_mask,strong,115,270920375,8,UP,UP,0.04941597580909729,False,False,False,False,False,False,True
random_ruehl_mask,strong,116,270920376,1,UP,UP,0.10270799975842237,False,True,False,False,False,False,False
random_ruehl_mask,strong,116,270920376,2,WAIT,WAIT,0.0724999699741602,False,False,False,False,False,False,False
random_ruehl_mask,strong,116,270920376,3,BOMB,BOMB,0.06566604133695364,False,False,False,True,False,False,False
random_ruehl_mask,strong,116,270920376,4,DOWN,DOWN,0.03712496254593134,False,False,False,False,False,False,False
random_ruehl_mask,strong,116,270920376,5,WAIT,WAIT,0.058582983911037445,False,False,False,False,False,False,False
random_ruehl_mask,strong,116,270920376,6,RIGHT,RIGHT,0.08199992589652538,False,False,False,False,False,False,False
random_ruehl_mask,strong,116,270920376,7,WAIT,WAIT,0.07833295967429876,False,False,False,False,False,False,False
random_ruehl_mask,strong,116,270920376,8,WAIT,WAIT,0.045042019337415695,False,False,False,False,False,False,False
random_ruehl_mask,strong,116,270920376,9,WAIT,WAIT,0.03599992487579584,False,False,False,False,False,False,False
random_ruehl_mask,strong,116,270920376,10,LEFT,LEFT,0.06991601549088955,False,False,False,False,False,False,False
random_ruehl_mask,strong,116,270920376,11,WAIT,WAIT,0.07762503810226917,False,True,False,False,False,False,False
random_ruehl_mask,strong,116,270920376,12,UP,UP,0.0964159844443202,False,False,False,False,False,False,False
random_ruehl_mask,strong,116,270920376,13,WAIT,WAIT,0.06808305624872446,False,False,False,False,False,False,False
random_ruehl_mask,strong,116,270920376,14,DOWN,DOWN,0.06837502587586641,False,False,False,False,False,False,False
random_ruehl_mask,strong,116,270920376,15,UP,UP,0.09324995335191488,False,False,False,False,False,False,False
random_ruehl_mask,strong,116,270920376,16,UP,UP,0.049458001740276814,False,False,False,False,False,False,False
random_ruehl_mask,strong,116,270920376,17,UP,UP,0.0778749817982316,False,False,False,False,False,False,False
random_ruehl_mask,strong,116,270920376,18,WAIT,WAIT,0.07570802699774504,False,False,False,False,False,False,True
random_ruehl_mask,strong,116,270920376,19,BOMB,BOMB,0.09325006976723671,False,False,False,True,False,False,True
random_ruehl_mask,strong,116,270920376,20,UP,UP,0.052416929975152016,False,False,False,False,False,False,True
random_ruehl_mask,strong,116,270920376,21,WAIT,WAIT,0.04933401942253113,False,False,False,False,False,False,True
random_ruehl_mask,strong,116,270920376,22,WAIT,WAIT,0.08683302439749241,False,False,False,False,False,False,True
random_ruehl_mask,strong,116,270920376,23,WAIT,WAIT,0.05341705400496721,False,False,False,False,False,False,True
random_ruehl_mask,strong,117,270920377,1,BOMB,BOMB,0.09770807810127735,False,True,False,True,False,False,False
random_ruehl_mask,strong,117,270920377,2,DOWN,DOWN,0.03737490624189377,False,False,False,False,False,False,False
random_ruehl_mask,strong,117,270920377,3,DOWN,DOWN,0.05720800254493952,False,False,False,False,False,False,False
random_ruehl_mask,strong,117,270920377,4,LEFT,LEFT,0.0541249755769968,False,False,False,False,False,False,False
random_ruehl_mask,strong,117,270920377,5,WAIT,WAIT,0.0653750030323863,False,False,False,False,False,False,False
random_ruehl_mask,strong,117,270920377,6,WAIT,WAIT,0.06429199129343033,False,False,False,False,False,False,False
random_ruehl_mask,strong,117,270920377,7,WAIT,WAIT,0.0499580055475235,False,False,False,False,False,False,False
random_ruehl_mask,strong,117,270920377,8,BOMB,BOMB,0.06854103412479162,False,False,False,True,False,False,False
random_ruehl_mask,strong,117,270920377,9,RIGHT,RIGHT,0.034334021620452404,False,False,False,False,False,False,False
random_ruehl_mask,strong,117,270920377,10,WAIT,WAIT,0.03466696944087744,False,False,False,False,False,False,False
random_ruehl_mask,strong,117,270920377,11,UP,UP,0.0439169816672802,False,True,False,False,False,False,False
random_ruehl_mask,strong,117,270920377,12,WAIT,WAIT,0.06191700231283903,False,False,False,False,False,False,False
random_ruehl_mask,strong,117,270920377,13,UP,UP,0.11679204180836678,False,False,False,False,False,False,False
random_ruehl_mask,strong,117,270920377,14,DOWN,DOWN,0.07008400280028582,False,False,False,False,False,False,False
random_ruehl_mask,strong,117,270920377,15,WAIT,WAIT,0.09420793503522873,False,False,False,False,False,False,False
random_ruehl_mask,strong,117,270920377,16,BOMB,BOMB,0.07291603833436966,False,False,False,True,False,False,False
random_ruehl_mask,strong,117,270920377,17,DOWN,DOWN,0.03666605334728956,False,False,False,False,False,False,False
random_ruehl_mask,strong,117,270920377,18,DOWN,DOWN,0.045166932977735996,False,False,False,False,False,False,False
random_ruehl_mask,strong,117,270920377,19,UP,UP,0.04650000482797623,False,False,False,False,False,False,False
random_ruehl_mask,strong,117,270920377,20,LEFT,LEFT,0.043541076593101025,False,False,False,False,False,False,False
random_ruehl_mask,strong,117,270920377,21,WAIT,WAIT,0.08116604294627905,False,True,False,False,False,False,False
random_ruehl_mask,strong,117,270920377,22,RIGHT,RIGHT,0.07299997378140688,False,False,False,False,False,False,False
random_ruehl_mask,strong,117,270920377,23,LEFT,LEFT,0.07962493691593409,False,False,False,False,False,False,False
random_ruehl_mask,strong,117,270920377,24,WAIT,WAIT,0.049459049478173256,False,False,False,False,False,False,False
random_ruehl_mask,strong,117,270920377,25,RIGHT,RIGHT,0.05866703577339649,False,False,False,False,False,False,False
random_ruehl_mask,strong,117,270920377,26,WAIT,WAIT,0.052875024266541004,False,False,False,False,False,False,False
random_ruehl_mask,strong,117,270920377,27,LEFT,LEFT,0.05249993409961462,False,False,False,False,False,False,False
random_ruehl_mask,strong,117,270920377,28,LEFT,LEFT,0.04795799031853676,False,False,False,False,False,False,False
random_ruehl_mask,strong,117,270920377,29,WAIT,WAIT,0.08662499021738768,False,False,False,False,False,False,True
random_ruehl_mask,strong,117,270920377,30,BOMB,BOMB,0.11745805386453867,False,False,False,True,False,False,True
random_ruehl_mask,strong,117,270920377,31,LEFT,LEFT,0.05370797589421272,False,True,False,False,False,False,True
random_ruehl_mask,strong,117,270920377,32,WAIT,WAIT,0.08754199370741844,False,False,False,False,False,False,True
random_ruehl_mask,strong,117,270920377,33,WAIT,WAIT,0.07033394649624825,False,False,False,False,False,False,True
random_ruehl_mask,strong,117,270920377,34,LEFT,LEFT,0.0671660527586937,False,False,False,False,False,False,True
random_ruehl_mask,strong,118,270920378,1,WAIT,WAIT,0.09749992750585079,False,True,False,False,False,False,False
random_ruehl_mask,strong,118,270920378,2,UP,UP,0.06962509360164404,False,False,False,False,False,False,False
random_ruehl_mask,strong,118,270920378,3,BOMB,BOMB,0.06616697646677494,False,False,False,True,False,False,False
random_ruehl_mask,strong,118,270920378,4,DOWN,DOWN,0.06383296567946672,False,False,False,False,False,False,False
random_ruehl_mask,strong,118,270920378,5,LEFT,LEFT,0.08062494453042746,False,False,False,False,False,False,False
random_ruehl_mask,strong,118,270920378,6,WAIT,WAIT,0.07258309051394463,False,False,False,False,False,False,False
random_ruehl_mask,strong,118,270920378,7,WAIT,WAIT,0.07708393968641758,False,False,False,False,False,False,False
random_ruehl_mask,strong,118,270920378,8,WAIT,WAIT,0.046208035200834274,False,False,False,False,False,False,False
random_ruehl_mask,strong,118,270920378,9,WAIT,WAIT,0.03683299291878939,False,False,False,False,False,False,False
random_ruehl_mask,strong,118,270920378,10,WAIT,WAIT,0.09237509220838547,False,False,False,False,False,False,False
random_ruehl_mask,strong,118,270920378,11,BOMB,BOMB,0.06783392746001482,False,True,False,True,False,False,False
random_ruehl_mask,strong,118,270920378,12,RIGHT,RIGHT,0.04612503107637167,False,False,False,False,False,False,False
random_ruehl_mask,strong,118,270920378,13,WAIT,WAIT,0.07725006435066462,False,False,False,False,False,False,False
random_ruehl_mask,strong,118,270920378,14,UP,UP,0.06991694681346416,False,False,False,False,False,False,False
random_ruehl_mask,strong,118,270920378,15,WAIT,WAIT,0.05445792339742184,False,False,False,False,False,False,False
random_ruehl_mask,strong,118,270920378,16,UP,UP,0.04008400719612837,False,False,False,False,False,False,False
random_ruehl_mask,strong,118,270920378,17,WAIT,WAIT,0.034624943509697914,False,False,False,False,False,False,False
random_ruehl_mask,strong,118,270920378,18,WAIT,WAIT,0.08370901923626661,False,False,False,False,False,False,False
random_ruehl_mask,strong,118,270920378,19,WAIT,WAIT,0.07974996697157621,False,False,False,False,False,False,False
random_ruehl_mask,strong,118,270920378,20,DOWN,DOWN,0.09983393829315901,False,False,False,False,False,False,False
random_ruehl_mask,strong,118,270920378,21,UP,UP,0.08266698569059372,False,True,False,False,False,False,False
random_ruehl_mask,strong,118,270920378,22,WAIT,WAIT,0.10362500324845314,False,False,False,False,False,False,False
random_ruehl_mask,strong,118,270920378,23,DOWN,DOWN,0.0891250092536211,False,False,False,False,False,False,False
random_ruehl_mask,strong,118,270920378,24,WAIT,WAIT,0.06608304101973772,False,False,False,False,False,False,False
random_ruehl_mask,strong,118,270920378,25,UP,UP,0.059125013649463654,False,False,False,False,False,False,True
random_ruehl_mask,strong,118,270920378,26,BOMB,BOMB,0.11491694021970034,False,False,False,True,False,False,True
random_ruehl_mask,strong,118,270920378,27,DOWN,DOWN,0.03716698847711086,False,False,False,False,False,False,True
random_ruehl_mask,strong,118,270920378,28,WAIT,WAIT,0.038708094507455826,False,False,False,False,False,False,True
random_ruehl_mask,strong,118,270920378,29,WAIT,WAIT,0.04604097921401262,False,False,False,False,False,False,True
random_ruehl_mask,strong,118,270920378,30,DOWN,DOWN,0.045332941226661205,False,False,False,False,False,False,True
random_ruehl_mask,strong,119,270920379,1,WAIT,WAIT,0.09949994273483753,False,True,False,False,False,False,False
random_ruehl_mask,strong,119,270920379,2,WAIT,WAIT,0.08329201955348253,False,False,False,False,False,False,False
random_ruehl_mask,strong,119,270920379,3,LEFT,LEFT,0.07625005673617125,False,False,False,False,False,False,False
random_ruehl_mask,strong,119,270920379,4,BOMB,BOMB,0.06645789835602045,False,False,False,True,False,False,False
random_ruehl_mask,strong,119,270920379,5,RIGHT,RIGHT,0.07937499321997166,False,False,False,False,False,False,False
random_ruehl_mask,strong,119,270920379,6,WAIT,WAIT,0.0637079356238246,False,False,False,False,False,False,False
random_ruehl_mask,strong,119,270920379,7,DOWN,DOWN,0.07974996697157621,False,False,False,False,False,False,False
random_ruehl_mask,strong,119,270920379,8,WAIT,WAIT,0.052749994210898876,False,False,False,False,False,False,False
random_ruehl_mask,strong,119,270920379,9,WAIT,WAIT,0.042750034481287,False,False,False,False,False,False,False
random_ruehl_mask,strong,119,270920379,10,UP,UP,0.05566701292991638,False,False,False,False,False,False,False
random_ruehl_mask,strong,119,270920379,11,WAIT,WAIT,0.09729200974106789,False,True,False,False,False,False,False
random_ruehl_mask,strong,119,270920379,12,BOMB,BOMB,0.10062498040497303,False,False,False,True,False,False,False
random_ruehl_mask,strong,119,270920379,13,LEFT,LEFT,0.059542013332247734,False,False,False,False,False,False,False
random_ruehl_mask,strong,119,270920379,14,LEFT,LEFT,0.08304195944219828,False,False,False,False,False,False,False
random_ruehl_mask,strong,119,270920379,15,LEFT,LEFT,0.06358406972140074,False,False,False,False,False,False,False
random_ruehl_mask,strong,119,270920379,16,LEFT,LEFT,0.05070795305073261,False,False,False,False,False,False,False
random_ruehl_mask,strong,119,270920379,17,DOWN,DOWN,0.04537496715784073,False,False,False,False,False,False,False
random_ruehl_mask,strong,119,270920379,18,WAIT,WAIT,0.05712499842047691,False,False,False,False,False,False,False
random_ruehl_mask,strong,119,270920379,19,UP,UP,0.08624990005046129,False,False,False,False,False,False,False
random_ruehl_mask,strong,119,270920379,20,WAIT,WAIT,0.16175000928342342,False,False,False,False,False,False,False
random_ruehl_mask,strong,119,270920379,21,LEFT,LEFT,0.12854207307100296,False,True,False,False,False,False,False
random_ruehl_mask,strong,119,270920379,22,WAIT,WAIT,0.08995796088129282,False,False,False,False,False,False,False
random_ruehl_mask,strong,119,270920379,23,BOMB,BOMB,0.08212495595216751,False,False,False,True,False,False,False
random_ruehl_mask,strong,119,270920379,24,RIGHT,RIGHT,0.03558408934623003,False,False,False,False,False,False,False
random_ruehl_mask,strong,119,270920379,25,RIGHT,RIGHT,0.03737490624189377,False,False,False,False,False,False,False
random_ruehl_mask,strong,119,270920379,26,RIGHT,RIGHT,0.04608393646776676,False,False,False,False,False,False,False
random_ruehl_mask,strong,119,270920379,27,RIGHT,RIGHT,0.05962501745671034,False,False,False,False,False,False,False
random_ruehl_mask,strong,119,270920379,28,RIGHT,RIGHT,0.0826249597594142,False,False,False,False,False,False,False
random_ruehl_mask,strong,119,270920379,29,DOWN,DOWN,0.06554205901920795,False,False,False,False,False,False,False
random_ruehl_mask,strong,119,270920379,30,WAIT,WAIT,0.09662494994699955,False,False,False,False,False,False,False
random_ruehl_mask,strong,119,270920379,31,BOMB,BOMB,0.11625001206994057,False,True,False,True,False,False,False
random_ruehl_mask,strong,119,270920379,32,UP,UP,0.07108296267688274,False,False,False,False,False,False,False
random_ruehl_mask,strong,119,270920379,33,WAIT,WAIT,0.06266706623136997,False,False,False,False,False,False,False
random_ruehl_mask,strong,119,270920379,34,LEFT,LEFT,0.08645898196846247,False,False,False,False,False,False,False
random_ruehl_mask,strong,119,270920379,35,WAIT,WAIT,0.06358406972140074,False,False,False,False,False,False,False
random_ruehl_mask,strong,119,270920379,36,WAIT,WAIT,0.0677499920129776,False,False,False,False,False,False,False
random_ruehl_mask,strong,119,270920379,37,RIGHT,RIGHT,0.05804095417261124,False,False,False,False,False,False,False
random_ruehl_mask,strong,119,270920379,38,WAIT,WAIT,0.05920801777392626,False,False,False,False,False,False,False
random_ruehl_mask,strong,119,270920379,39,DOWN,DOWN,0.051541952416300774,False,False,False,False,False,False,False
random_ruehl_mask,strong,119,270920379,40,UP,UP,0.054875039495527744,False,False,False,False,False,False,False
random_ruehl_mask,strong,119,270920379,41,WAIT,WAIT,0.04837499000132084,False,True,False,False,False,False,False
random_ruehl_mask,strong,119,270920379,42,DOWN,DOWN,0.06591703277081251,False,False,False,False,False,False,False
random_ruehl_mask,strong,119,270920379,43,WAIT,WAIT,0.061292084865272045,False,False,False,False,False,False,False
random_ruehl_mask,strong,119,270920379,44,UP,UP,0.06937503349035978,False,False,False,False,False,False,False
random_ruehl_mask,strong,119,270920379,45,DOWN,DOWN,0.05429191514849663,False,False,False,False,False,False,False
random_ruehl_mask,strong,119,270920379,46,WAIT,WAIT,0.05266699008643627,False,False,False,False,False,False,False
random_ruehl_mask,strong,119,270920379,47,UP,UP,0.04466692917048931,False,False,False,False,False,False,False
random_ruehl_mask,strong,119,270920379,48,LEFT,LEFT,0.04733307287096977,False,False,False,False,False,False,False
random_ruehl_mask,strong,119,270920379,49,WAIT,WAIT,0.04541699308902025,False,False,False,False,False,False,False
random_ruehl_mask,strong,119,270920379,50,WAIT,WAIT,0.04520895890891552,False,False,False,False,False,False,False
random_ruehl_mask,strong,119,270920379,51,RIGHT,RIGHT,0.06699992809444666,False,True,False,False,False,False,False
random_ruehl_mask,strong,119,270920379,52,LEFT,LEFT,0.04841596819460392,False,False,False,False,False,False,False
random_ruehl_mask,strong,119,270920379,53,WAIT,WAIT,0.06204203236848116,False,False,False,False,False,False,False
random_ruehl_mask,strong,119,270920379,54,WAIT,WAIT,0.05970895290374756,False,False,False,False,False,False,False
random_ruehl_mask,strong,119,270920379,55,WAIT,WAIT,0.05783303640782833,False,False,False,False,False,False,False
random_ruehl_mask,strong,119,270920379,56,LEFT,LEFT,0.045291963033378124,False,False,False,False,False,False,False
random_ruehl_mask,strong,119,270920379,57,WAIT,WAIT,0.08516700472682714,False,False,False,False,False,False,True
random_ruehl_mask,strong,119,270920379,58,BOMB,BOMB,0.07804203778505325,False,False,False,True,True,False,True
random_ruehl_mask,strong,119,270920379,59,RIGHT,RIGHT,0.04137493669986725,False,False,False,False,False,False,True
random_ruehl_mask,strong,119,270920379,60,WAIT,WAIT,0.05341705400496721,False,False,False,False,False,False,True
random_ruehl_mask,strong,119,270920379,61,WAIT,WAIT,0.06845907773822546,False,True,True,False,False,False,True
random_ruehl_mask,strong,119,270920379,62,WAIT,WAIT,0.05587493069469929,False,False,False,False,False,False,True
random_ruehl_mask,strong,120,270920380,1,UP,UP,0.09962497279047966,False,True,False,False,False,False,False
random_ruehl_mask,strong,120,270920380,2,DOWN,DOWN,0.07162499241530895,False,False,False,False,False,False,False
random_ruehl_mask,strong,120,270920380,3,UP,UP,0.07066607940942049,False,False,False,False,False,False,False
random_ruehl_mask,strong,120,270920380,4,BOMB,BOMB,0.06466603372246027,False,False,False,True,False,False,False
random_ruehl_mask,strong,120,270920380,5,DOWN,DOWN,0.05137501284480095,False,False,False,False,False,False,False
random_ruehl_mask,strong,120,270920380,6,RIGHT,RIGHT,0.04924996756017208,False,False,False,False,False,False,False
random_ruehl_mask,strong,120,270920380,7,WAIT,WAIT,0.06274995394051075,False,False,False,False,False,False,False
random_ruehl_mask,strong,120,270920380,8,WAIT,WAIT,0.04941597580909729,False,False,False,False,False,False,False
random_ruehl_mask,strong,120,270920380,9,WAIT,WAIT,0.04491698928177357,False,False,False,False,False,False,False
random_ruehl_mask,strong,120,270920380,10,LEFT,LEFT,0.034541008062660694,False,False,False,False,False,False,True
random_ruehl_mask,strong,120,270920380,11,BOMB,BOMB,0.10070891585201025,False,True,False,True,False,False,True
random_ruehl_mask,strong,120,270920380,12,RIGHT,RIGHT,0.047708977945148945,False,False,False,False,False,False,True
random_ruehl_mask,strong,120,270920380,13,WAIT,WAIT,0.07299997378140688,False,False,False,False,False,False,True
random_ruehl_mask,strong,120,270920380,14,WAIT,WAIT,0.06962509360164404,False,False,False,False,False,False,True
random_ruehl_mask,strong,120,270920380,15,WAIT,WAIT,0.0770840561017394,False,False,False,False,False,False,True
random_ruehl_mask,strong,121,270920381,1,RIGHT,RIGHT,0.10904204100370407,False,True,False,False,False,False,False
random_ruehl_mask,strong,121,270920381,2,LEFT,LEFT,0.0913750845938921,False,False,False,False,False,False,False
random_ruehl_mask,strong,121,270920381,3,UP,UP,0.0825000461190939,False,False,False,False,False,False,False
random_ruehl_mask,strong,121,270920381,4,DOWN,DOWN,0.07150007877498865,False,False,False,False,False,False,False
random_ruehl_mask,strong,121,270920381,5,RIGHT,RIGHT,0.09345798753201962,False,False,False,False,False,False,False
random_ruehl_mask,strong,121,270920381,6,LEFT,LEFT,0.0826660543680191,False,False,False,False,False,False,False
random_ruehl_mask,strong,121,270920381,7,UP,UP,0.08516688831150532,False,False,False,False,False,False,False
random_ruehl_mask,strong,121,270920381,8,UP,UP,0.06470899097621441,False,False,False,False,False,False,False
random_ruehl_mask,strong,121,270920381,9,WAIT,WAIT,0.0677919015288353,False,False,False,False,False,False,True
random_ruehl_mask,strong,121,270920381,10,BOMB,BOMB,0.06816594395786524,False,False,False,True,False,False,True
random_ruehl_mask,strong,121,270920381,11,DOWN,DOWN,0.03570795524865389,False,True,False,False,False,False,True
random_ruehl_mask,strong,121,270920381,12,WAIT,WAIT,0.06225006654858589,False,False,False,False,False,False,True
random_ruehl_mask,strong,121,270920381,13,WAIT,WAIT,0.08295895531773567,False,False,False,False,False,False,True
random_ruehl_mask,strong,121,270920381,14,DOWN,DOWN,0.07004197686910629,False,False,False,False,False,False,True
random_ruehl_mask,strong,122,270920382,1,WAIT,WAIT,0.10041601490229368,False,True,False,False,False,False,False
random_ruehl_mask,strong,122,270920382,2,RIGHT,RIGHT,0.07849989924579859,False,False,False,False,False,False,False
random_ruehl_mask,strong,122,270920382,3,WAIT,WAIT,0.06854196544736624,False,False,False,False,False,False,False
random_ruehl_mask,strong,122,270920382,4,LEFT,LEFT,0.0714579364284873,False,False,False,False,False,False,False
random_ruehl_mask,strong,122,270920382,5,RIGHT,RIGHT,0.08345907554030418,False,False,False,False,False,False,False
random_ruehl_mask,strong,122,270920382,6,LEFT,LEFT,0.0850829528644681,False,False,False,False,False,False,False
random_ruehl_mask,strong,122,270920382,7,RIGHT,RIGHT,0.08641707245260477,False,False,False,False,False,False,False
random_ruehl_mask,strong,122,270920382,8,BOMB,BOMB,0.0702079851180315,False,False,False,True,False,False,False
random_ruehl_mask,strong,122,270920382,9,LEFT,LEFT,0.05625002086162567,False,False,False,False,False,False,False
random_ruehl_mask,strong,122,270920382,10,DOWN,DOWN,0.044208019971847534,False,False,False,False,False,False,False
random_ruehl_mask,strong,122,270920382,11,WAIT,WAIT,0.05170807708054781,False,True,False,False,False,False,False
random_ruehl_mask,strong,122,270920382,12,WAIT,WAIT,0.04895799793303013,False,False,False,False,False,False,False
random_ruehl_mask,strong,122,270920382,13,WAIT,WAIT,0.08579203858971596,False,False,False,False,False,False,False
random_ruehl_mask,strong,122,270920382,14,UP,UP,0.06800005212426186,False,False,False,False,False,False,False
random_ruehl_mask,strong,122,270920382,15,WAIT,WAIT,0.10299996938556433,False,False,False,False,False,False,False
random_ruehl_mask,strong,122,270920382,16,RIGHT,RIGHT,0.09287509601563215,False,False,False,False,False,False,False
random_ruehl_mask,strong,122,270920382,17,LEFT,LEFT,0.049666035920381546,False,False,False,False,False,False,True
random_ruehl_mask,strong,122,270920382,18,BOMB,BOMB,0.0738329254090786,False,False,False,True,False,False,True
random_ruehl_mask,strong,122,270920382,19,DOWN,DOWN,0.0363329891115427,False,False,False,False,False,False,True
random_ruehl_mask,strong,122,270920382,20,WAIT,WAIT,0.046208035200834274,False,False,False,False,False,False,True
random_ruehl_mask,strong,122,270920382,21,WAIT,WAIT,0.06858399137854576,False,False,False,False,False,False,True
random_ruehl_mask,strong,122,270920382,22,WAIT,WAIT,0.06962497718632221,False,False,False,False,False,False,True
random_ruehl_mask,strong,123,270920383,1,LEFT,LEFT,0.10304199531674385,False,True,False,False,False,False,False
random_ruehl_mask,strong,123,270920383,2,LEFT,LEFT,0.07062498480081558,False,False,False,False,False,False,False
random_ruehl_mask,strong,123,270920383,3,WAIT,WAIT,0.07483398076146841,False,False,False,False,False,False,False
random_ruehl_mask,strong,123,270920383,4,WAIT,WAIT,0.1068750862032175,False,False,False,False,False,False,False
random_ruehl_mask,strong,123,270920383,5,WAIT,WAIT,0.1057919580489397,False,False,False,False,False,False,False
random_ruehl_mask,strong,123,270920383,6,RIGHT,RIGHT,0.11320807971060276,False,False,False,False,False,False,False
random_ruehl_mask,strong,123,270920383,7,RIGHT,RIGHT,0.08408294524997473,False,False,False,False,False,False,True
random_ruehl_mask,strong,123,270920383,8,BOMB,BOMB,0.0730419997125864,False,False,False,True,False,False,True
random_ruehl_mask,strong,123,270920383,9,UP,UP,0.03616709727793932,False,False,False,False,False,False,True
random_ruehl_mask,strong,123,270920383,10,WAIT,WAIT,0.043166917748749256,False,False,False,False,False,False,True
random_ruehl_mask,strong,123,270920383,11,WAIT,WAIT,0.05024997517466545,False,False,False,False,False,False,True
random_ruehl_mask,strong,123,270920383,12,WAIT,WAIT,0.04441698547452688,False,False,False,False,False,False,True
random_ruehl_mask,strong,124,270920384,1,WAIT,WAIT,0.10845903307199478,False,True,False,False,False,False,False
random_ruehl_mask,strong,124,270920384,2,LEFT,LEFT,0.08925003930926323,False,False,False,False,False,False,False
random_ruehl_mask,strong,124,270920384,3,RIGHT,RIGHT,0.07275003008544445,False,False,False,False,False,False,False
random_ruehl_mask,strong,124,270920384,4,WAIT,WAIT,0.07441604975610971,False,False,False,False,False,False,False
random_ruehl_mask,strong,124,270920384,5,UP,UP,0.0938749872148037,False,False,False,False,False,False,False
random_ruehl_mask,strong,124,270920384,6,WAIT,WAIT,0.0837910920381546,False,False,False,False,False,False,False
random_ruehl_mask,strong,124,270920384,7,WAIT,WAIT,0.07650000043213367,False,False,False,False,False,False,False
random_ruehl_mask,strong,124,270920384,8,BOMB,BOMB,0.059999991208314896,False,False,False,True,False,False,False
random_ruehl_mask,strong,124,270920384,9,DOWN,DOWN,0.03474997356534004,False,False,False,False,False,False,False
random_ruehl_mask,strong,124,270920384,10,LEFT,LEFT,0.03504101186990738,False,False,False,False,False,False,False
random_ruehl_mask,strong,124,270920384,11,WAIT,WAIT,0.04341697786003351,False,True,False,False,False,False,False
random_ruehl_mask,strong,124,270920384,12,WAIT,WAIT,0.06654101889580488,False,False,False,False,False,False,False
random_ruehl_mask,strong,124,270920384,13,LEFT,LEFT,0.09316694922745228,False,False,False,False,False,False,False
random_ruehl_mask,strong,124,270920384,14,RIGHT,RIGHT,0.08216593414545059,False,False,False,False,False,False,False
random_ruehl_mask,strong,124,270920384,15,WAIT,WAIT,0.09604205843061209,False,False,False,False,False,False,False
random_ruehl_mask,strong,124,270920384,16,WAIT,WAIT,0.07350009400397539,False,False,False,False,False,False,False
random_ruehl_mask,strong,124,270920384,17,BOMB,BOMB,0.06833299994468689,False,False,False,True,False,False,False
random_ruehl_mask,strong,124,270920384,18,RIGHT,RIGHT,0.03683404065668583,False,False,False,False,False,False,False
random_ruehl_mask,strong,124,270920384,19,UP,UP,0.03658304922282696,False,False,False,False,False,False,False
random_ruehl_mask,strong,124,270920384,20,WAIT,WAIT,0.058707897551357746,False,False,False,False,False,False,False
random_ruehl_mask,strong,124,270920384,21,WAIT,WAIT,0.06462505552917719,False,True,False,False,False,False,False
random_ruehl_mask,strong,124,270920384,22,WAIT,WAIT,0.06062502507120371,False,False,False,False,False,False,False
random_ruehl_mask,strong,124,270920384,23,WAIT,WAIT,0.04341697786003351,False,False,False,False,False,False,False
random_ruehl_mask,strong,124,270920384,24,UP,UP,0.04679092671722174,False,False,False,False,False,False,False
random_ruehl_mask,strong,124,270920384,25,DOWN,DOWN,0.0767499441280961,False,False,False,False,False,False,False
random_ruehl_mask,strong,124,270920384,26,UP,UP,0.06487499922513962,False,False,False,False,False,False,False
random_ruehl_mask,strong,124,270920384,27,UP,UP,0.09391701314598322,False,False,False,False,False,False,False
random_ruehl_mask,strong,124,270920384,28,WAIT,WAIT,0.0849999487400055,False,False,False,False,False,False,False
random_ruehl_mask,strong,124,270920384,29,UP,UP,0.10891701094806194,False,False,False,False,False,False,False
random_ruehl_mask,strong,124,270920384,30,DOWN,DOWN,0.14362495858222246,False,False,False,False,False,False,False
random_ruehl_mask,strong,124,270920384,31,DOWN,DOWN,0.11016696225851774,False,True,False,False,False,False,False
random_ruehl_mask,strong,124,270920384,32,UP,UP,0.09708304423838854,False,False,False,False,False,False,True
random_ruehl_mask,strong,124,270920384,33,BOMB,BOMB,0.09695801418274641,False,False,False,True,False,False,True
random_ruehl_mask,strong,124,270920384,34,UP,UP,0.041041988879442215,False,False,False,False,False,False,True
random_ruehl_mask,strong,124,270920384,35,WAIT,WAIT,0.04054198507219553,False,False,False,False,False,False,True
random_ruehl_mask,strong,124,270920384,36,WAIT,WAIT,0.05362497176975012,False,False,False,False,False,False,True
random_ruehl_mask,strong,124,270920384,37,WAIT,WAIT,0.049625057727098465,False,False,False,False,False,False,True
random_ruehl_mask,strong,125,270920385,1,WAIT,WAIT,0.10170892346650362,False,True,False,False,False,False,False
random_ruehl_mask,strong,125,270920385,2,UP,UP,0.07516692858189344,False,False,False,False,False,False,False
random_ruehl_mask,strong,125,270920385,3,BOMB,BOMB,0.06733299233019352,False,False,False,True,False,False,False
random_ruehl_mask,strong,125,270920385,4,DOWN,DOWN,0.035917037166655064,False,False,False,False,False,False,False
random_ruehl_mask,strong,125,270920385,5,WAIT,WAIT,0.07558392826467752,False,False,False,False,False,False,False
random_ruehl_mask,strong,125,270920385,6,RIGHT,RIGHT,0.06583309732377529,False,False,False,False,False,False,False
random_ruehl_mask,strong,125,270920385,7,WAIT,WAIT,0.05916703958064318,False,False,False,False,False,False,False
random_ruehl_mask,strong,125,270920385,8,WAIT,WAIT,0.06108300294727087,False,False,False,False,False,False,False
random_ruehl_mask,strong,125,270920385,9,LEFT,LEFT,0.04166702274233103,False,False,False,False,False,False,True
random_ruehl_mask,strong,125,270920385,10,BOMB,BOMB,0.08504197467118502,False,False,False,True,False,False,True
random_ruehl_mask,strong,125,270920385,11,UP,UP,0.03916595596820116,False,True,False,False,False,False,True
random_ruehl_mask,strong,125,270920385,12,WAIT,WAIT,0.03866699989885092,False,False,False,False,False,False,True
random_ruehl_mask,strong,125,270920385,13,WAIT,WAIT,0.06758293602615595,False,False,False,False,False,False,True
random_ruehl_mask,strong,125,270920385,14,UP,UP,0.06279104854911566,False,False,False,False,False,False,True
random_ruehl_mask,strong,126,270920386,1,WAIT,WAIT,0.09770796168595552,False,True,False,False,False,False,False
random_ruehl_mask,strong,126,270920386,2,UP,UP,0.0765420263633132,False,False,False,False,False,False,False
random_ruehl_mask,strong,126,270920386,3,DOWN,DOWN,0.06695801857858896,False,False,False,False,False,False,False
random_ruehl_mask,strong,126,270920386,4,WAIT,WAIT,0.07116701453924179,False,False,False,False,False,False,False
random_ruehl_mask,strong,126,270920386,5,UP,UP,0.09254098404198885,False,False,False,False,False,False,False
random_ruehl_mask,strong,126,270920386,6,WAIT,WAIT,0.08437503129243851,False,False,False,False,False,False,False
random_ruehl_mask,strong,126,270920386,7,BOMB,BOMB,0.1279159914702177,False,False,False,True,False,False,False
random_ruehl_mask,strong,126,270920386,8,DOWN,DOWN,0.03979098983108997,False,False,False,False,False,False,False
random_ruehl_mask,strong,126,270920386,9,WAIT,WAIT,0.03724999260157347,False,False,False,False,False,False,False
random_ruehl_mask,strong,126,270920386,10,LEFT,LEFT,0.07166690193116665,False,False,False,False,False,False,False
random_ruehl_mask,strong,126,270920386,11,WAIT,WAIT,0.056249904446303844,False,True,False,False,False,False,False
random_ruehl_mask,strong,126,270920386,12,WAIT,WAIT,0.05891593173146248,False,False,False,False,False,False,False
random_ruehl_mask,strong,126,270920386,13,WAIT,WAIT,0.06624998059123755,False,False,False,False,False,False,False
random_ruehl_mask,strong,126,270920386,14,LEFT,LEFT,0.11424999684095383,False,False,False,False,False,False,False
random_ruehl_mask,strong,126,270920386,15,BOMB,BOMB,0.08825003169476986,False,False,False,True,False,False,False
random_ruehl_mask,strong,126,270920386,16,RIGHT,RIGHT,0.034667085856199265,False,False,False,False,False,False,False
random_ruehl_mask,strong,126,270920386,17,RIGHT,RIGHT,0.04850002005696297,False,False,False,False,False,False,False
random_ruehl_mask,strong,126,270920386,18,UP,UP,0.05479203537106514,False,False,False,False,False,False,False
random_ruehl_mask,strong,126,270920386,19,WAIT,WAIT,0.08108303882181644,False,False,False,False,False,False,False
random_ruehl_mask,strong,126,270920386,20,WAIT,WAIT,0.08358398918062449,False,False,False,False,False,False,False
random_ruehl_mask,strong,126,270920386,21,DOWN,DOWN,0.07004197686910629,False,True,False,False,False,False,False
random_ruehl_mask,strong,126,270920386,22,UP,UP,0.08224998600780964,False,False,False,False,False,False,False
random_ruehl_mask,strong,126,270920386,23,DOWN,DOWN,0.057292054407298565,False,False,False,False,False,False,False
random_ruehl_mask,strong,126,270920386,24,LEFT,LEFT,0.04895904567092657,False,False,False,False,False,False,False
random_ruehl_mask,strong,126,270920386,25,RIGHT,RIGHT,0.04700000863522291,False,False,False,False,False,False,False
random_ruehl_mask,strong,126,270920386,26,UP,UP,0.0696659553796053,False,False,False,False,False,False,False
random_ruehl_mask,strong,126,270920386,27,UP,UP,0.04941702354699373,False,False,False,False,False,False,False
random_ruehl_mask,strong,126,270920386,28,WAIT,WAIT,0.08962501306086779,False,False,False,False,False,False,False
random_ruehl_mask,strong,126,270920386,29,DOWN,DOWN,0.08958298712968826,False,False,False,False,False,False,False
random_ruehl_mask,strong,126,270920386,30,DOWN,DOWN,0.06720796227455139,False,False,False,False,False,False,False
random_ruehl_mask,strong,126,270920386,31,WAIT,WAIT,0.05383300594985485,False,True,False,False,False,False,False
random_ruehl_mask,strong,126,270920386,32,LEFT,LEFT,0.06383308209478855,False,False,False,False,False,False,False
random_ruehl_mask,strong,126,270920386,33,RIGHT,RIGHT,0.051749986596405506,False,False,False,False,False,False,False
random_ruehl_mask,strong,126,270920386,34,UP,UP,0.05712499842047691,False,False,False,False,False,False,False
random_ruehl_mask,strong,126,270920386,35,UP,UP,0.07820804603397846,False,False,False,False,False,False,False
random_ruehl_mask,strong,126,270920386,36,WAIT,WAIT,0.10737497359514236,False,False,False,False,False,False,False
random_ruehl_mask,strong,126,270920386,37,WAIT,WAIT,0.13408309314399958,False,False,False,False,False,False,False
random_ruehl_mask,strong,126,270920386,38,BOMB,BOMB,0.10249996557831764,False,False,False,True,False,False,False
random_ruehl_mask,strong,126,270920386,39,DOWN,DOWN,0.05020794924348593,False,False,False,False,False,False,False
random_ruehl_mask,strong,126,270920386,40,DOWN,DOWN,0.04983402322977781,False,False,False,False,False,False,False
random_ruehl_mask,strong,126,270920386,41,LEFT,LEFT,0.06691599264740944,False,True,False,False,False,False,False
random_ruehl_mask,strong,126,270920386,42,WAIT,WAIT,0.05766598042100668,False,False,False,False,False,False,False
random_ruehl_mask,strong,126,270920386,43,WAIT,WAIT,0.05891593173146248,False,False,False,False,False,False,False
random_ruehl_mask,strong,126,270920386,44,WAIT,WAIT,0.04491698928177357,False,False,False,False,False,False,False
random_ruehl_mask,strong,126,270920386,45,RIGHT,RIGHT,0.053999945521354675,False,False,False,False,False,False,False
random_ruehl_mask,strong,126,270920386,46,WAIT,WAIT,0.04875008016824722,False,False,False,False,False,False,False
random_ruehl_mask,strong,126,270920386,47,LEFT,LEFT,0.048332964070141315,False,False,False,False,False,False,False
random_ruehl_mask,strong,126,270920386,48,WAIT,WAIT,0.04600000102072954,False,False,False,False,False,False,False
random_ruehl_mask,strong,126,270920386,49,LEFT,LEFT,0.046915956772863865,False,False,False,False,False,False,False
random_ruehl_mask,strong,126,270920386,50,LEFT,LEFT,0.10962493252009153,False,False,False,False,False,False,True
random_ruehl_mask,strong,126,270920386,51,BOMB,BOMB,0.09637500625103712,False,True,False,True,False,False,True
random_ruehl_mask,strong,126,270920386,52,LEFT,LEFT,0.05979195702821016,False,False,False,False,False,False,True
random_ruehl_mask,strong,126,270920386,53,WAIT,WAIT,0.052208080887794495,False,False,False,False,False,False,True
random_ruehl_mask,strong,126,270920386,54,WAIT,WAIT,0.0462500611320138,False,False,False,False,False,False,True
random_ruehl_mask,strong,126,270920386,55,WAIT,WAIT,0.04454201553016901,False,False,False,False,False,False,True
random_ruehl_mask,strong,127,270920387,1,LEFT,LEFT,0.10025000665336847,False,True,False,False,False,False,False
random_ruehl_mask,strong,127,270920387,2,RIGHT,RIGHT,0.07129204459488392,False,False,False,False,False,False,False
random_ruehl_mask,strong,127,270920387,3,DOWN,DOWN,0.07095898035913706,False,False,False,False,False,False,False
random_ruehl_mask,strong,127,270920387,4,WAIT,WAIT,0.06591703277081251,False,False,False,False,False,False,False
random_ruehl_mask,strong,127,270920387,5,BOMB,BOMB,0.10716705583035946,False,False,False,True,False,False,False
random_ruehl_mask,strong,127,270920387,6,UP,UP,0.06004096940159798,False,False,False,False,False,False,False
random_ruehl_mask,strong,127,270920387,7,WAIT,WAIT,0.05079095717519522,False,False,False,False,False,False,False
random_ruehl_mask,strong,127,270920387,8,LEFT,LEFT,0.04345807246863842,False,False,False,False,False,False,False
random_ruehl_mask,strong,127,270920387,9,WAIT,WAIT,0.04191696643829346,False,False,False,False,False,False,False
random_ruehl_mask,strong,127,270920387,10,WAIT,WAIT,0.04337495192885399,False,False,False,False,False,False,False
random_ruehl_mask,strong,127,270920387,11,WAIT,WAIT,0.03570795524865389,False,True,False,False,False,False,False
random_ruehl_mask,strong,127,270920387,12,WAIT,WAIT,0.06637501064687967,False,False,False,False,False,False,False
random_ruehl_mask,strong,127,270920387,13,WAIT,WAIT,0.1135410275310278,False,False,False,False,False,False,False
random_ruehl_mask,strong,127,270920387,14,RIGHT,RIGHT,0.12091698590666056,False,False,False,False,False,False,False
random_ruehl_mask,strong,127,270920387,15,LEFT,LEFT,0.10508298873901367,False,False,False,False,False,False,False
random_ruehl_mask,strong,127,270920387,16,RIGHT,RIGHT,0.06591598503291607,False,False,False,False,False,False,False
random_ruehl_mask,strong,127,270920387,17,LEFT,LEFT,0.07641606498509645,False,False,False,False,False,False,False
random_ruehl_mask,strong,127,270920387,18,BOMB,BOMB,0.0783340074121952,False,False,False,True,False,False,False
random_ruehl_mask,strong,127,270920387,19,RIGHT,RIGHT,0.038958038203418255,False,False,False,False,False,False,False
random_ruehl_mask,strong,127,270920387,20,WAIT,WAIT,0.052165938541293144,False,False,False,False,False,False,False
random_ruehl_mask,strong,127,270920387,21,DOWN,DOWN,0.06054097320884466,False,True,False,False,False,False,False
random_ruehl_mask,strong,127,270920387,22,DOWN,DOWN,0.06437499541789293,False,False,False,False,False,False,False
random_ruehl_mask,strong,127,270920387,23,UP,UP,0.06258406210690737,False,False,False,False,False,False,False
random_ruehl_mask,strong,127,270920387,24,UP,UP,0.055750017054378986,False,False,False,False,False,False,False
random_ruehl_mask,strong,127,270920387,25,WAIT,WAIT,0.05362497176975012,False,False,False,False,False,False,False
random_ruehl_mask,strong,127,270920387,26,WAIT,WAIT,0.053750001825392246,False,False,False,False,False,False,False
random_ruehl_mask,strong,127,270920387,27,WAIT,WAIT,0.07225002627819777,False,False,False,False,False,False,False
random_ruehl_mask,strong,127,270920387,28,LEFT,LEFT,0.060208956710994244,False,False,False,False,False,False,False
random_ruehl_mask,strong,127,270920387,29,RIGHT,RIGHT,0.05549995694309473,False,False,False,False,False,False,False
random_ruehl_mask,strong,127,270920387,30,LEFT,LEFT,0.05587493069469929,False,False,False,False,False,False,False
random_ruehl_mask,strong,127,270920387,31,RIGHT,RIGHT,0.0714579364284873,False,True,False,False,False,False,False
random_ruehl_mask,strong,127,270920387,32,WAIT,WAIT,0.06504205521196127,False,False,False,False,False,False,False
random_ruehl_mask,strong,127,270920387,33,DOWN,DOWN,0.07991597522050142,False,False,False,False,False,False,False
random_ruehl_mask,strong,127,270920387,34,UP,UP,0.05729193799197674,False,False,False,False,False,False,False
random_ruehl_mask,strong,127,270920387,35,DOWN,DOWN,0.06266601849347353,False,False,False,False,False,False,False
random_ruehl_mask,strong,127,270920387,36,UP,UP,0.050749978981912136,False,False,False,False,False,False,False
random_ruehl_mask,strong,127,270920387,37,DOWN,DOWN,0.049749971367418766,False,False,False,False,False,False,False
random_ruehl_mask,strong,127,270920387,38,WAIT,WAIT,0.05666702054440975,False,False,False,False,False,False,False
random_ruehl_mask,strong,127,270920387,39,UP,UP,0.0577080063521862,False,False,False,False,False,False,False
random_ruehl_mask,strong,127,270920387,40,WAIT,WAIT,0.05837506614625454,False,False,False,False,False,False,False
random_ruehl_mask,strong,127,270920387,41,LEFT,LEFT,0.05745794624090195,False,True,False,False,False,False,False
random_ruehl_mask,strong,127,270920387,42,LEFT,LEFT,0.08512509521096945,False,False,False,False,False,False,False
random_ruehl_mask,strong,127,270920387,43,WAIT,WAIT,0.09345891885459423,False,False,False,False,False,False,False
random_ruehl_mask,strong,127,270920387,44,LEFT,LEFT,0.10441697668284178,False,False,False,False,False,False,False
random_ruehl_mask,strong,127,270920387,45,WAIT,WAIT,0.0600829953327775,False,False,False,False,False,False,False
random_ruehl_mask,strong,127,270920387,46,LEFT,LEFT,0.08187501225620508,False,False,False,False,False,False,False
random_ruehl_mask,strong,127,270920387,47,RIGHT,RIGHT,0.05804200191050768,False,False,False,False,False,False,False
random_ruehl_mask,strong,127,270920387,48,WAIT,WAIT,0.0476249260827899,False,False,False,False,False,False,False
random_ruehl_mask,strong,127,270920387,49,WAIT,WAIT,0.07670803461223841,False,False,False,False,False,False,False
random_ruehl_mask,strong,127,270920387,50,LEFT,LEFT,0.0526671065017581,False,False,False,False,False,False,False
random_ruehl_mask,strong,127,270920387,51,WAIT,WAIT,0.08166593033820391,False,True,False,False,False,False,False
random_ruehl_mask,strong,127,270920387,52,RIGHT,RIGHT,0.05974993109703064,False,False,False,False,False,False,False
random_ruehl_mask,strong,127,270920387,53,LEFT,LEFT,0.06137497257441282,False,False,False,False,False,False,False
random_ruehl_mask,strong,127,270920387,54,DOWN,DOWN,0.06150000263005495,False,False,False,False,False,False,False
random_ruehl_mask,strong,127,270920387,55,UP,UP,0.07858301978558302,False,False,False,False,False,False,False
random_ruehl_mask,strong,127,270920387,56,WAIT,WAIT,0.06991601549088955,False,False,False,False,False,False,False
random_ruehl_mask,strong,127,270920387,57,RIGHT,RIGHT,0.061832950450479984,False,False,False,False,False,False,False
random_ruehl_mask,strong,127,270920387,58,WAIT,WAIT,0.04854204598814249,False,False,False,False,False,False,False
random_ruehl_mask,strong,127,270920387,59,RIGHT,RIGHT,0.0475000124424696,False,False,False,False,False,False,False
random_ruehl_mask,strong,127,270920387,60,WAIT,WAIT,0.09058299474418163,False,False,False,False,False,False,False
random_ruehl_mask,strong,127,270920387,61,LEFT,LEFT,0.07924996316432953,False,True,False,False,False,False,False
random_ruehl_mask,strong,127,270920387,62,LEFT,LEFT,0.04724995233118534,False,False,False,False,False,False,False
random_ruehl_mask,strong,127,270920387,63,WAIT,WAIT,0.08654198609292507,False,False,False,False,False,False,False
random_ruehl_mask,strong,127,270920387,64,LEFT,LEFT,0.07225002627819777,False,False,False,False,False,False,False
random_ruehl_mask,strong,127,270920387,65,RIGHT,RIGHT,0.06950006354600191,False,False,False,False,False,False,False
random_ruehl_mask,strong,127,270920387,66,RIGHT,RIGHT,0.08737493772059679,False,False,False,False,False,False,False
random_ruehl_mask,strong,127,270920387,67,RIGHT,RIGHT,0.048749963752925396,False,False,False,False,False,False,False
random_ruehl_mask,strong,127,270920387,68,RIGHT,RIGHT,0.08333299774676561,False,False,False,False,False,False,False
random_ruehl_mask,strong,127,270920387,69,RIGHT,RIGHT,0.055333017371594906,False,False,False,False,False,False,False
random_ruehl_mask,strong,127,270920387,70,LEFT,LEFT,0.05583302117884159,False,False,False,False,False,False,False
random_ruehl_mask,strong,127,270920387,71,LEFT,LEFT,0.05462497938424349,False,True,False,False,False,False,True
random_ruehl_mask,strong,127,270920387,72,BOMB,BOMB,0.09083293844014406,False,False,False,True,False,False,True
random_ruehl_mask,strong,127,270920387,73,RIGHT,RIGHT,0.04700000863522291,False,False,False,False,False,False,True
random_ruehl_mask,strong,127,270920387,74,WAIT,WAIT,0.05487492308020592,False,False,False,False,False,False,True
random_ruehl_mask,strong,127,270920387,75,WAIT,WAIT,0.052833929657936096,False,False,False,False,False,False,True
random_ruehl_mask,strong,127,270920387,76,RIGHT,RIGHT,0.05208398215472698,False,False,False,False,False,False,True
random_ruehl_mask,strong,128,270920388,1,LEFT,LEFT,0.10262499563395977,False,True,False,False,False,False,False
random_ruehl_mask,strong,128,270920388,2,RIGHT,RIGHT,0.10025000665336847,False,False,False,False,False,False,False
random_ruehl_mask,strong,128,270920388,3,LEFT,LEFT,0.08124997839331627,False,False,False,False,False,False,False
random_ruehl_mask,strong,128,270920388,4,BOMB,BOMB,0.08204206824302673,False,False,False,True,False,False,False
random_ruehl_mask,strong,128,270920388,5,RIGHT,RIGHT,0.0551670091226697,False,False,False,False,False,False,False
random_ruehl_mask,strong,128,270920388,6,UP,UP,0.061125028878450394,False,False,False,False,False,False,False
random_ruehl_mask,strong,128,270920388,7,WAIT,WAIT,0.06287498399615288,False,False,False,False,False,False,False
random_ruehl_mask,strong,128,270920388,8,WAIT,WAIT,0.050915987230837345,False,False,False,False,False,False,False
random_ruehl_mask,strong,128,270920388,9,WAIT,WAIT,0.059125013649463654,False,False,False,False,False,False,False
random_ruehl_mask,strong,128,270920388,10,DOWN,DOWN,0.03837491385638714,False,False,False,False,False,False,False
random_ruehl_mask,strong,128,270920388,11,UP,UP,0.08687505032867193,False,True,False,False,False,False,False
random_ruehl_mask,strong,128,270920388,12,DOWN,DOWN,0.09908305946737528,False,False,False,False,False,False,False
random_ruehl_mask,strong,128,270920388,13,WAIT,WAIT,0.11933303903788328,False,False,False,False,False,False,False
random_ruehl_mask,strong,128,270920388,14,UP,UP,0.13604096602648497,False,False,False,False,False,False,False
random_ruehl_mask,strong,128,270920388,15,DOWN,DOWN,0.08991698268800974,False,False,False,False,False,False,False
random_ruehl_mask,strong,128,270920388,16,UP,UP,0.09774998761713505,False,False,False,False,False,False,False
random_ruehl_mask,strong,128,270920388,17,DOWN,DOWN,0.07291696965694427,False,False,False,False,False,False,False
random_ruehl_mask,strong,128,270920388,18,UP,UP,0.0819170381873846,False,False,False,False,False,False,False
random_ruehl_mask,strong,128,270920388,19,DOWN,DOWN,0.06733299233019352,False,False,False,False,False,False,False
random_ruehl_mask,strong,128,270920388,20,WAIT,WAIT,0.08454103954136372,False,False,False,False,False,False,True
random_ruehl_mask,strong,128,270920388,21,BOMB,BOMB,0.09712495375424623,False,True,False,True,False,False,True
random_ruehl_mask,strong,128,270920388,22,LEFT,LEFT,0.06333296187222004,False,False,False,False,False,False,True
random_ruehl_mask,strong,128,270920388,23,WAIT,WAIT,0.05224999040365219,False,False,False,False,False,False,True
random_ruehl_mask,strong,128,270920388,24,LEFT,LEFT,0.047083012759685516,False,False,False,False,False,False,True
random_ruehl_mask,strong,128,270920388,25,LEFT,LEFT,0.05041598342359066,False,False,False,False,False,False,True
random_ruehl_mask,strong,129,270920389,1,WAIT,WAIT,0.11512497439980507,False,True,False,False,False,False,False
random_ruehl_mask,strong,129,270920389,2,RIGHT,RIGHT,0.07970794104039669,False,False,False,False,False,False,False
random_ruehl_mask,strong,129,270920389,3,LEFT,LEFT,0.09379198309034109,False,False,False,False,False,False,False
random_ruehl_mask,strong,129,270920389,4,UP,UP,0.11787493713200092,False,False,False,False,False,False,False
random_ruehl_mask,strong,129,270920389,5,BOMB,BOMB,0.10912504512816668,False,False,False,True,False,False,False
random_ruehl_mask,strong,129,270920389,6,DOWN,DOWN,0.07091602310538292,False,False,False,False,False,False,False
random_ruehl_mask,strong,129,270920389,7,RIGHT,RIGHT,0.0654999166727066,False,False,False,False,False,False,False
random_ruehl_mask,strong,129,270920389,8,WAIT,WAIT,0.049458001740276814,False,False,False,False,False,False,False
random_ruehl_mask,strong,129,270920389,9,WAIT,WAIT,0.05979195702821016,False,False,False,False,False,False,False
random_ruehl_mask,strong,129,270920389,10,WAIT,WAIT,0.0588749535381794,False,False,False,False,False,False,False
random_ruehl_mask,strong,129,270920389,11,WAIT,WAIT,0.04108308348804712,False,True,False,False,False,False,False
random_ruehl_mask,strong,129,270920389,12,WAIT,WAIT,0.09441690053790808,False,False,False,False,False,False,False
random_ruehl_mask,strong,129,270920389,13,LEFT,LEFT,0.10733399540185928,False,False,False,False,False,False,False
random_ruehl_mask,strong,129,270920389,14,UP,UP,0.10270799975842237,False,False,False,False,False,False,False
random_ruehl_mask,strong,129,270920389,15,UP,UP,0.1974159386008978,False,False,False,False,False,False,False
random_ruehl_mask,strong,129,270920389,16,WAIT,WAIT,0.09704194962978363,False,False,False,False,False,False,False
random_ruehl_mask,strong,129,270920389,17,WAIT,WAIT,0.10074989404529333,False,False,False,False,False,False,False
random_ruehl_mask,strong,129,270920389,18,DOWN,DOWN,0.10933296289294958,False,False,False,False,False,False,False
random_ruehl_mask,strong,129,270920389,19,UP,UP,0.05395908374339342,False,False,False,False,False,False,False
random_ruehl_mask,strong,129,270920389,20,DOWN,DOWN,0.10212499182671309,False,False,False,False,False,False,False
random_ruehl_mask,strong,129,270920389,21,WAIT,WAIT,0.07399998139590025,False,True,False,False,False,False,False
random_ruehl_mask,strong,129,270920389,22,UP,UP,0.09104202035814524,False,False,False,False,False,False,False
random_ruehl_mask,strong,129,270920389,23,UP,UP,0.11349993292242289,False,False,False,False,False,False,False
random_ruehl_mask,strong,129,270920389,24,DOWN,DOWN,0.09054190013557673,False,False,False,False,False,False,False
random_ruehl_mask,strong,129,270920389,25,BOMB,BOMB,0.08083402644842863,False,False,False,True,False,False,False
random_ruehl_mask,strong,129,270920389,26,DOWN,DOWN,0.05058303941041231,False,False,False,False,False,False,False
random_ruehl_mask,strong,129,270920389,27,DOWN,DOWN,0.05270796827971935,False,False,False,False,False,False,False
random_ruehl_mask,strong,129,270920389,28,RIGHT,RIGHT,0.06975000724196434,False,False,False,False,False,False,False
random_ruehl_mask,strong,129,270920389,29,WAIT,WAIT,0.058165984228253365,False,False,False,False,False,False,False
random_ruehl_mask,strong,129,270920389,30,WAIT,WAIT,0.08145906031131744,False,False,False,False,False,False,False
random_ruehl_mask,strong,129,270920389,31,WAIT,WAIT,0.05862500984221697,False,True,False,False,False,False,False
random_ruehl_mask,strong,129,270920389,32,WAIT,WAIT,0.09216694161295891,False,False,False,False,False,False,False
random_ruehl_mask,strong,129,270920389,33,WAIT,WAIT,0.09616708848625422,False,False,False,False,False,False,False
random_ruehl_mask,strong,129,270920389,34,BOMB,BOMB,0.08091703057289124,False,False,False,True,False,False,False
random_ruehl_mask,strong,129,270920389,35,LEFT,LEFT,0.04087504930794239,False,False,False,False,False,False,False
random_ruehl_mask,strong,129,270920389,36,WAIT,WAIT,0.06766605656594038,False,False,False,False,False,False,False
random_ruehl_mask,strong,129,270920389,37,UP,UP,0.08399994112551212,False,False,False,False,False,False,False
random_ruehl_mask,strong,129,270920389,38,WAIT,WAIT,0.0660829246044159,False,False,False,False,False,False,False
random_ruehl_mask,strong,129,270920389,39,WAIT,WAIT,0.07175002247095108,False,False,False,False,False,False,False
random_ruehl_mask,strong,129,270920389,40,UP,UP,0.04241697024554014,False,False,False,False,False,False,False
random_ruehl_mask,strong,129,270920389,41,RIGHT,RIGHT,0.05466700531542301,False,True,False,False,False,False,False
random_ruehl_mask,strong,129,270920389,42,RIGHT,RIGHT,0.07237493991851807,False,False,False,False,False,False,False
random_ruehl_mask,strong,129,270920389,43,WAIT,WAIT,0.10649999603629112,False,False,False,False,False,False,True
random_ruehl_mask,strong,129,270920389,44,BOMB,BOMB,0.10887510143220425,False,False,False,True,False,False,True
random_ruehl_mask,strong,129,270920389,45,LEFT,LEFT,0.06429094355553389,False,False,False,False,False,False,True
random_ruehl_mask,strong,129,270920389,46,WAIT,WAIT,0.06850005593150854,False,False,False,False,False,False,True
random_ruehl_mask,strong,129,270920389,47,WAIT,WAIT,0.0741670373827219,False,False,False,False,False,False,True
random_ruehl_mask,strong,129,270920389,48,WAIT,WAIT,0.06162491627037525,False,False,False,False,False,False,True
random_ruehl_mask,strong,130,270920390,1,WAIT,WAIT,0.1402499619871378,False,True,False,False,False,False,False
random_ruehl_mask,strong,130,270920390,2,BOMB,BOMB,0.0892499228939414,False,False,False,True,False,False,False
random_ruehl_mask,strong,130,270920390,3,LEFT,LEFT,0.05625002086162567,False,False,False,False,False,False,False
random_ruehl_mask,strong,130,270920390,4,WAIT,WAIT,0.043082982301712036,False,False,False,False,False,False,False
random_ruehl_mask,strong,130,270920390,5,LEFT,LEFT,0.08500006515532732,False,False,False,False,False,False,False
random_ruehl_mask,strong,130,270920390,6,DOWN,DOWN,0.07508299313485622,False,False,False,False,False,False,False
random_ruehl_mask,strong,130,270920390,7,WAIT,WAIT,0.058999983593821526,False,False,False,False,False,False,False
random_ruehl_mask,strong,130,270920390,8,WAIT,WAIT,0.035708071663975716,False,False,False,False,False,False,False
random_ruehl_mask,strong,130,270920390,9,BOMB,BOMB,0.07008400280028582,False,False,False,True,False,False,False
random_ruehl_mask,strong,130,270920390,10,UP,UP,0.03524997737258673,False,False,False,False,False,False,False
random_ruehl_mask,strong,130,270920390,11,LEFT,LEFT,0.03729201853275299,False,True,False,False,False,False,False
random_ruehl_mask,strong,130,270920390,12,WAIT,WAIT,0.04554202314466238,False,False,False,False,False,False,False
random_ruehl_mask,strong,130,270920390,13,WAIT,WAIT,0.06866606418043375,False,False,False,False,False,False,False
random_ruehl_mask,strong,130,270920390,14,WAIT,WAIT,0.06591691635549068,False,False,False,False,False,False,False
random_ruehl_mask,strong,130,270920390,15,WAIT,WAIT,0.0563750509172678,False,False,False,False,False,False,False
random_ruehl_mask,strong,130,270920390,16,RIGHT,RIGHT,0.07079099304974079,False,False,False,False,False,False,False
random_ruehl_mask,strong,130,270920390,17,BOMB,BOMB,0.07987499702721834,False,False,False,True,False,False,False
random_ruehl_mask,strong,130,270920390,18,RIGHT,RIGHT,0.057666096836328506,False,False,False,False,False,False,False
random_ruehl_mask,strong,130,270920390,19,RIGHT,RIGHT,0.04341709427535534,False,False,False,False,False,False,False
random_ruehl_mask,strong,130,270920390,20,DOWN,DOWN,0.06583298090845346,False,False,False,False,False,False,False
random_ruehl_mask,strong,130,270920390,21,DOWN,DOWN,0.10129204019904137,False,True,False,False,False,False,False
random_ruehl_mask,strong,130,270920390,22,DOWN,DOWN,0.10308402124792337,False,False,False,False,False,False,False
random_ruehl_mask,strong,130,270920390,23,UP,UP,0.06545800715684891,False,False,False,False,False,False,False
random_ruehl_mask,strong,130,270920390,24,BOMB,BOMB,0.08029199671000242,False,False,False,True,False,False,False
random_ruehl_mask,strong,130,270920390,25,UP,UP,0.05195802077651024,False,False,False,False,False,False,False
random_ruehl_mask,strong,130,270920390,26,WAIT,WAIT,0.04137493669986725,False,False,False,False,False,False,False
random_ruehl_mask,strong,130,270920390,27,UP,UP,0.05183299072086811,False,False,False,False,False,False,False
random_ruehl_mask,strong,130,270920390,28,LEFT,LEFT,0.06450002547353506,False,False,False,False,False,False,False
random_ruehl_mask,strong,130,270920390,29,WAIT,WAIT,0.04958303179591894,False,False,False,False,False,False,False
random_ruehl_mask,strong,130,270920390,30,LEFT,LEFT,0.049458001740276814,False,False,False,False,False,False,False
random_ruehl_mask,strong,130,270920390,31,RIGHT,RIGHT,0.06416602991521358,False,True,False,False,False,False,False
random_ruehl_mask,strong,130,270920390,32,WAIT,WAIT,0.08812500163912773,False,False,False,False,False,False,False
random_ruehl_mask,strong,130,270920390,33,RIGHT,RIGHT,0.08945807348936796,False,False,False,False,False,False,False
random_ruehl_mask,strong,130,270920390,34,LEFT,LEFT,0.0701660756021738,False,False,False,False,False,False,False
random_ruehl_mask,strong,130,270920390,35,LEFT,LEFT,0.05941605195403099,False,False,False,False,False,False,False
random_ruehl_mask,strong,130,270920390,36,DOWN,DOWN,0.05258305463939905,False,False,False,False,False,False,False
random_ruehl_mask,strong,130,270920390,37,UP,UP,0.07299997378140688,False,False,False,False,False,False,False
random_ruehl_mask,strong,130,270920390,38,RIGHT,RIGHT,0.06170803681015968,False,False,False,False,False,False,False
random_ruehl_mask,strong,130,270920390,39,WAIT,WAIT,0.04924996756017208,False,False,False,False,False,False,False
random_ruehl_mask,strong,130,270920390,40,LEFT,LEFT,0.07170799653977156,False,False,False,False,False,False,False
random_ruehl_mask,strong,130,270920390,41,DOWN,DOWN,0.06908306386321783,False,True,False,False,False,False,False
random_ruehl_mask,strong,130,270920390,42,DOWN,DOWN,0.0891250092536211,False,False,False,False,False,False,False
random_ruehl_mask,strong,130,270920390,43,BOMB,BOMB,0.1704589230939746,False,False,False,True,False,False,False
random_ruehl_mask,strong,130,270920390,44,RIGHT,RIGHT,0.07341697346419096,False,False,False,False,False,False,False
random_ruehl_mask,strong,130,270920390,45,RIGHT,RIGHT,0.06095797289162874,False,False,False,False,False,False,False
random_ruehl_mask,strong,130,270920390,46,DOWN,DOWN,0.06545800715684891,False,False,False,False,False,False,False
random_ruehl_mask,strong,130,270920390,47,WAIT,WAIT,0.07025001104921103,False,False,False,False,False,False,False
random_ruehl_mask,strong,130,270920390,48,DOWN,DOWN,0.05608296487480402,False,False,False,False,False,False,False
random_ruehl_mask,strong,130,270920390,49,WAIT,WAIT,0.05012506153434515,False,False,False,False,False,False,False
random_ruehl_mask,strong,130,270920390,50,WAIT,WAIT,0.11483300477266312,False,False,False,False,False,False,True
random_ruehl_mask,strong,130,270920390,51,BOMB,BOMB,0.10008399840444326,False,True,False,True,False,False,True
random_ruehl_mask,strong,130,270920390,52,DOWN,DOWN,0.05974993109703064,False,False,False,False,False,False,True
random_ruehl_mask,strong,130,270920390,53,WAIT,WAIT,0.055999960750341415,False,False,False,False,False,False,True
random_ruehl_mask,strong,130,270920390,54,WAIT,WAIT,0.058666919358074665,False,False,False,False,False,False,True
random_ruehl_mask,strong,130,270920390,55,DOWN,DOWN,0.14170794747769833,False,False,False,False,False,False,True
random_ruehl_mask,strong,131,270920391,1,WAIT,WAIT,0.11945795267820358,False,True,False,False,False,False,False
random_ruehl_mask,strong,131,270920391,2,DOWN,DOWN,0.09412504732608795,False,False,False,False,False,False,False
random_ruehl_mask,strong,131,270920391,3,DOWN,DOWN,0.047749956138432026,False,False,False,False,False,False,False
random_ruehl_mask,strong,131,270920391,4,WAIT,WAIT,0.07974996697157621,False,False,False,False,False,False,True
random_ruehl_mask,strong,131,270920391,5,BOMB,BOMB,0.10299996938556433,False,False,False,True,False,False,True
random_ruehl_mask,strong,131,270920391,6,DOWN,DOWN,0.05616608541458845,False,False,False,False,False,False,True
random_ruehl_mask,strong,131,270920391,7,WAIT,WAIT,0.06783404387533665,False,False,False,False,False,False,True
random_ruehl_mask,strong,131,270920391,8,WAIT,WAIT,0.05562498699873686,False,False,False,False,False,False,True
random_ruehl_mask,strong,131,270920391,9,DOWN,DOWN,0.04816602449864149,False,False,False,False,False,False,True
random_ruehl_mask,strong,132,270920392,1,DOWN,DOWN,0.09741599205881357,False,True,False,False,False,False,False
random_ruehl_mask,strong,132,270920392,2,WAIT,WAIT,0.09883299935609102,False,False,False,False,False,False,False
random_ruehl_mask,strong,132,270920392,3,WAIT,WAIT,0.08495908696204424,False,False,False,False,False,False,False
random_ruehl_mask,strong,132,270920392,4,WAIT,WAIT,0.10325002949684858,False,False,False,False,False,False,False
random_ruehl_mask,strong,132,270920392,5,BOMB,BOMB,0.09462493471801281,False,False,False,True,False,False,False
random_ruehl_mask,strong,132,270920392,6,UP,UP,0.05983398295938969,False,False,False,False,False,False,False
random_ruehl_mask,strong,132,270920392,7,RIGHT,RIGHT,0.053042080253362656,False,False,False,False,False,False,False
random_ruehl_mask,strong,132,270920392,8,WAIT,WAIT,0.044792075641453266,False,False,False,False,False,False,False
random_ruehl_mask,strong,132,270920392,9,WAIT,WAIT,0.047625042498111725,False,False,False,False,False,False,False
random_ruehl_mask,strong,132,270920392,10,WAIT,WAIT,0.04050007555633783,False,False,False,False,False,False,False
random_ruehl_mask,strong,132,270920392,11,WAIT,WAIT,0.03541703335940838,False,True,False,False,False,False,False
random_ruehl_mask,strong,132,270920392,12,WAIT,WAIT,0.06799993570894003,False,False,False,False,False,False,False
random_ruehl_mask,strong,132,270920392,13,LEFT,LEFT,0.11125009041279554,False,False,False,False,False,False,False
random_ruehl_mask,strong,132,270920392,14,DOWN,DOWN,0.11358305346220732,False,False,False,False,False,False,False
random_ruehl_mask,strong,132,270920392,15,WAIT,WAIT,0.06787502206861973,False,False,False,False,False,False,False
random_ruehl_mask,strong,132,270920392,16,DOWN,DOWN,0.0715409405529499,False,False,False,False,False,False,False
random_ruehl_mask,strong,132,270920392,17,UP,UP,0.1229170011356473,False,False,False,False,False,False,False
random_ruehl_mask,strong,132,270920392,18,WAIT,WAIT,0.057666911743581295,False,False,False,False,False,False,False
random_ruehl_mask,strong,132,270920392,19,WAIT,WAIT,0.0515420688316226,False,False,False,False,False,False,False
random_ruehl_mask,strong,132,270920392,20,DOWN,DOWN,0.08087500464171171,False,False,False,False,False,False,False
random_ruehl_mask,strong,132,270920392,21,DOWN,DOWN,0.1217500539496541,False,True,False,False,False,False,False
random_ruehl_mask,strong,132,270920392,22,WAIT,WAIT,0.10970898438245058,False,False,False,False,False,False,False
random_ruehl_mask,strong,132,270920392,23,UP,UP,0.09458302520215511,False,False,False,False,False,False,False
random_ruehl_mask,strong,132,270920392,24,BOMB,BOMB,0.07691700011491776,False,False,False,True,False,False,False
random_ruehl_mask,strong,132,270920392,25,UP,UP,0.03524997737258673,False,False,False,False,False,False,False
random_ruehl_mask,strong,132,270920392,26,WAIT,WAIT,0.054541975259780884,False,False,False,False,False,False,False
random_ruehl_mask,strong,132,270920392,27,UP,UP,0.0540000619366765,False,False,False,False,False,False,False
random_ruehl_mask,strong,132,270920392,28,RIGHT,RIGHT,0.04937499761581421,False,False,False,False,False,False,False
random_ruehl_mask,strong,132,270920392,29,WAIT,WAIT,0.046749948523938656,False,False,False,False,False,False,False
random_ruehl_mask,strong,132,270920392,30,WAIT,WAIT,0.08300004992634058,False,False,False,False,False,False,False
random_ruehl_mask,strong,132,270920392,31,LEFT,LEFT,0.1408749958500266,False,True,False,False,False,False,False
random_ruehl_mask,strong,132,270920392,32,DOWN,DOWN,0.12154108844697475,False,False,False,False,False,False,False
random_ruehl_mask,strong,132,270920392,33,DOWN,DOWN,0.05312496796250343,False,False,False,False,False,False,False
random_ruehl_mask,strong,132,270920392,34,UP,UP,0.050915987230837345,False,False,False,False,False,False,False
random_ruehl_mask,strong,132,270920392,35,WAIT,WAIT,0.04662491846829653,False,False,False,False,False,False,False
random_ruehl_mask,strong,132,270920392,36,UP,UP,0.046042026951909065,False,False,False,False,False,False,False
random_ruehl_mask,strong,132,270920392,37,WAIT,WAIT,0.08158304262906313,False,False,False,False,False,False,False
random_ruehl_mask,strong,132,270920392,38,DOWN,DOWN,0.07854204159229994,False,False,False,False,False,False,False
random_ruehl_mask,strong,132,270920392,39,UP,UP,0.052749994210898876,False,False,False,False,False,False,False
random_ruehl_mask,strong,132,270920392,40,RIGHT,RIGHT,0.0717920484021306,False,False,False,False,False,False,False
random_ruehl_mask,strong,132,270920392,41,LEFT,LEFT,0.06324995774775743,False,True,False,False,False,False,False
random_ruehl_mask,strong,132,270920392,42,RIGHT,RIGHT,0.08699996396899223,False,False,False,False,False,False,False
random_ruehl_mask,strong,132,270920392,43,LEFT,LEFT,0.07595797069370747,False,False,False,False,False,False,False
random_ruehl_mask,strong,132,270920392,44,DOWN,DOWN,0.0826660543680191,False,False,False,False,False,False,False
random_ruehl_mask,strong,132,270920392,45,WAIT,WAIT,0.07504201494157314,False,False,False,False,False,False,False
random_ruehl_mask,strong,132,270920392,46,DOWN,DOWN,0.0552500132471323,False,False,False,False,False,False,False
random_ruehl_mask,strong,132,270920392,47,WAIT,WAIT,0.07499998901039362,False,False,False,False,False,False,False
random_ruehl_mask,strong,132,270920392,48,UP,UP,0.06970809772610664,False,False,False,False,False,False,False
random_ruehl_mask,strong,132,270920392,49,WAIT,WAIT,0.06025005131959915,False,False,False,False,False,False,False
random_ruehl_mask,strong,132,270920392,50,UP,UP,0.048999907448887825,False,False,False,False,False,False,False
random_ruehl_mask,strong,132,270920392,51,WAIT,WAIT,0.10745797771960497,False,True,False,False,False,False,False
random_ruehl_mask,strong,132,270920392,52,WAIT,WAIT,0.11000002268701792,False,False,False,False,False,False,False
random_ruehl_mask,strong,132,270920392,53,DOWN,DOWN,0.09712495375424623,False,False,False,False,False,False,False
random_ruehl_mask,strong,132,270920392,54,UP,UP,0.06812508217990398,False,False,False,False,False,False,False
random_ruehl_mask,strong,132,270920392,55,WAIT,WAIT,0.09008299093693495,False,False,False,False,False,False,False
random_ruehl_mask,strong,132,270920392,56,DOWN,DOWN,0.10629103053361177,False,False,False,False,False,False,False
random_ruehl_mask,strong,132,270920392,57,DOWN,DOWN,0.0575830927118659,False,False,False,False,False,False,False
random_ruehl_mask,strong,132,270920392,58,DOWN,DOWN,0.056958990171551704,False,False,False,False,False,False,False
random_ruehl_mask,strong,132,270920392,59,WAIT,WAIT,0.06504205521196127,False,False,False,False,False,False,False
random_ruehl_mask,strong,132,270920392,60,WAIT,WAIT,0.054292031563818455,False,False,False,False,False,False,False
random_ruehl_mask,strong,132,270920392,61,DOWN,DOWN,0.048291985876858234,False,True,False,False,False,False,False
random_ruehl_mask,strong,132,270920392,62,DOWN,DOWN,0.09887502528727055,False,False,False,False,False,False,False
random_ruehl_mask,strong,132,270920392,63,WAIT,WAIT,0.07850001566112041,False,False,False,False,False,False,False
random_ruehl_mask,strong,132,270920392,64,WAIT,WAIT,0.07470895070582628,False,False,False,False,False,False,False
random_ruehl_mask,strong,132,270920392,65,UP,UP,0.05249993409961462,False,False,False,False,False,False,False
random_ruehl_mask,strong,132,270920392,66,DOWN,DOWN,0.0987079693004489,False,False,False,False,False,False,False
random_ruehl_mask,strong,132,270920392,67,UP,UP,0.07150007877498865,False,False,False,False,False,False,False
random_ruehl_mask,strong,132,270920392,68,DOWN,DOWN,0.09895896073430777,False,False,False,False,False,False,False
random_ruehl_mask,strong,132,270920392,69,WAIT,WAIT,0.06574997678399086,False,False,False,False,False,False,False
random_ruehl_mask,strong,132,270920392,70,DOWN,DOWN,0.07366703357547522,False,False,False,False,False,False,False
random_ruehl_mask,strong,132,270920392,71,WAIT,WAIT,0.11629099026322365,False,True,False,False,False,False,True
random_ruehl_mask,strong,132,270920392,72,BOMB,BOMB,0.10245898738503456,False,False,False,True,False,False,True
random_ruehl_mask,strong,132,270920392,73,UP,UP,0.03591598942875862,False,False,False,False,False,False,True
random_ruehl_mask,strong,132,270920392,74,UP,UP,0.05662499461323023,False,False,False,False,False,False,True
random_ruehl_mask,strong,132,270920392,75,WAIT,WAIT,0.0628340058028698,False,False,False,False,False,False,True
random_ruehl_mask,strong,132,270920392,76,WAIT,WAIT,0.05254207644611597,False,False,False,False,False,False,True
random_ruehl_mask,strong,133,270920393,1,WAIT,WAIT,0.10187504813075066,False,True,False,False,False,False,False
random_ruehl_mask,strong,133,270920393,2,WAIT,WAIT,0.09670795407146215,False,False,False,False,False,False,False
random_ruehl_mask,strong,133,270920393,3,WAIT,WAIT,0.07625005673617125,False,False,False,False,False,False,False
random_ruehl_mask,strong,133,270920393,4,UP,UP,0.07187493611127138,False,False,False,False,False,False,False
random_ruehl_mask,strong,133,270920393,5,WAIT,WAIT,0.07800001185387373,False,False,False,False,False,False,False
random_ruehl_mask,strong,133,270920393,6,BOMB,BOMB,0.11745898518711329,False,False,False,True,False,False,False
random_ruehl_mask,strong,133,270920393,7,DOWN,DOWN,0.07404200732707977,False,False,False,False,False,False,False
random_ruehl_mask,strong,133,270920393,8,RIGHT,RIGHT,0.06091711111366749,False,False,False,False,False,False,False
random_ruehl_mask,strong,133,270920393,9,WAIT,WAIT,0.04837499000132084,False,False,False,False,False,False,False
random_ruehl_mask,strong,133,270920393,10,WAIT,WAIT,0.08462497498840094,False,False,False,False,False,False,False
random_ruehl_mask,strong,133,270920393,11,WAIT,WAIT,0.053208088502287865,False,True,False,False,False,False,False
random_ruehl_mask,strong,133,270920393,12,WAIT,WAIT,0.049749971367418766,False,False,False,False,False,False,False
random_ruehl_mask,strong,133,270920393,13,LEFT,LEFT,0.08504197467118502,False,False,False,False,False,False,True
random_ruehl_mask,strong,133,270920393,14,BOMB,BOMB,0.09954103734344244,False,False,False,True,False,False,True
random_ruehl_mask,strong,133,270920393,15,RIGHT,RIGHT,0.05483301356434822,False,False,False,False,False,False,True
random_ruehl_mask,strong,133,270920393,16,WAIT,WAIT,0.04833308048546314,False,False,False,False,False,False,True
random_ruehl_mask,strong,133,270920393,17,WAIT,WAIT,0.04354200791567564,False,False,False,False,False,False,True
random_ruehl_mask,strong,133,270920393,18,WAIT,WAIT,0.0427919439971447,False,False,False,False,False,False,True
random_ruehl_mask,strong,134,270920394,1,DOWN,DOWN,0.12458395212888718,False,True,False,False,False,False,False
random_ruehl_mask,strong,134,270920394,2,WAIT,WAIT,0.09491690434515476,False,False,False,False,False,False,False
random_ruehl_mask,strong,134,270920394,3,BOMB,BOMB,0.08862500544637442,False,False,False,True,False,False,False
random_ruehl_mask,strong,134,270920394,4,UP,UP,0.05616608541458845,False,False,False,False,False,False,False
random_ruehl_mask,strong,134,270920394,5,WAIT,WAIT,0.06345799192786217,False,False,False,False,False,False,False
random_ruehl_mask,strong,134,270920394,6,LEFT,LEFT,0.08079200051724911,False,False,False,False,False,False,False
random_ruehl_mask,strong,134,270920394,7,WAIT,WAIT,0.0629589194431901,False,False,False,False,False,False,False
random_ruehl_mask,strong,134,270920394,8,WAIT,WAIT,0.06129196844995022,False,False,False,False,False,False,False
random_ruehl_mask,strong,134,270920394,9,WAIT,WAIT,0.04066701512783766,False,False,False,False,False,False,False
random_ruehl_mask,strong,134,270920394,10,RIGHT,RIGHT,0.07333396933972836,False,False,False,False,False,False,False
random_ruehl_mask,strong,134,270920394,11,DOWN,DOWN,0.07829198148101568,False,True,False,False,False,False,False
random_ruehl_mask,strong,134,270920394,12,WAIT,WAIT,0.0580840278416872,False,False,False,False,False,False,False
random_ruehl_mask,strong,134,270920394,13,DOWN,DOWN,0.07212499622255564,False,False,False,False,False,False,True
random_ruehl_mask,strong,134,270920394,14,BOMB,BOMB,0.16408308874815702,False,False,False,True,False,False,True
random_ruehl_mask,strong,134,270920394,15,DOWN,DOWN,0.0714579364284873,False,False,False,False,False,False,True
random_ruehl_mask,strong,134,270920394,16,WAIT,WAIT,0.04258297849446535,False,False,False,False,False,False,True
random_ruehl_mask,strong,134,270920394,17,WAIT,WAIT,0.04654203075915575,False,False,False,False,False,False,True
random_ruehl_mask,strong,134,270920394,18,WAIT,WAIT,0.044874963350594044,False,False,False,False,False,False,True
random_ruehl_mask,strong,135,270920395,1,WAIT,WAIT,0.09487499482929707,False,True,False,False,False,False,False
random_ruehl_mask,strong,135,270920395,2,WAIT,WAIT,0.10062498040497303,False,False,False,False,False,False,False
random_ruehl_mask,strong,135,270920395,3,DOWN,DOWN,0.08704198990017176,False,False,False,False,False,False,False
random_ruehl_mask,strong,135,270920395,4,WAIT,WAIT,0.06679189391434193,False,False,False,False,False,False,False
random_ruehl_mask,strong,135,270920395,5,UP,UP,0.08916598744690418,False,False,False,False,False,False,False
random_ruehl_mask,strong,135,270920395,6,LEFT,LEFT,0.1157920341938734,False,False,False,False,False,False,False
random_ruehl_mask,strong,135,270920395,7,BOMB,BOMB,0.0856249826028943,False,False,False,True,False,False,False
random_ruehl_mask,strong,135,270920395,8,RIGHT,RIGHT,0.036917044781148434,False,False,False,False,False,False,False
random_ruehl_mask,strong,135,270920395,9,WAIT,WAIT,0.03574998117983341,False,False,False,False,False,False,False
random_ruehl_mask,strong,135,270920395,10,DOWN,DOWN,0.04325003828853369,False,False,False,False,False,False,False
random_ruehl_mask,strong,135,270920395,11,WAIT,WAIT,0.04341697786003351,False,True,False,False,False,False,False
random_ruehl_mask,strong,135,270920395,12,WAIT,WAIT,0.0688750296831131,False,False,False,False,False,False,False
random_ruehl_mask,strong,135,270920395,13,UP,UP,0.07575005292892456,False,False,False,False,False,False,False
random_ruehl_mask,strong,135,270920395,14,WAIT,WAIT,0.10979198850691319,False,False,False,False,False,False,False
random_ruehl_mask,strong,135,270920395,15,LEFT,LEFT,0.11666689533740282,False,False,False,False,False,False,False
random_ruehl_mask,strong,135,270920395,16,RIGHT,RIGHT,0.05579099524766207,False,False,False,False,False,False,False
random_ruehl_mask,strong,135,270920395,17,LEFT,LEFT,0.08908298332244158,False,False,False,False,False,False,False
random_ruehl_mask,strong,135,270920395,18,WAIT,WAIT,0.05162495654076338,False,False,False,False,False,False,False
random_ruehl_mask,strong,135,270920395,19,LEFT,LEFT,0.0575000885874033,False,False,False,False,False,False,False
random_ruehl_mask,strong,135,270920395,20,LEFT,LEFT,0.08654198609292507,False,False,False,False,False,False,True
random_ruehl_mask,strong,135,270920395,21,BOMB,BOMB,0.10100007057189941,False,True,False,True,False,False,True
random_ruehl_mask,strong,135,270920395,22,RIGHT,RIGHT,0.0627920962870121,False,False,False,False,False,False,True
random_ruehl_mask,strong,135,270920395,23,WAIT,WAIT,0.07816695142537355,False,False,False,False,False,False,True
random_ruehl_mask,strong,135,270920395,24,WAIT,WAIT,0.0553749268874526,False,False,False,False,False,False,True
random_ruehl_mask,strong,135,270920395,25,WAIT,WAIT,0.043958076275885105,False,False,False,False,False,False,True
random_ruehl_mask,strong,136,270920396,1,WAIT,WAIT,0.10870897676795721,False,True,False,False,False,False,False
random_ruehl_mask,strong,136,270920396,2,UP,UP,0.07916695903986692,False,False,False,False,False,False,False
random_ruehl_mask,strong,136,270920396,3,BOMB,BOMB,0.09083410259336233,False,False,False,True,False,False,False
random_ruehl_mask,strong,136,270920396,4,DOWN,DOWN,0.04891608841717243,False,False,False,False,False,False,False
random_ruehl_mask,strong,136,270920396,5,LEFT,LEFT,0.07812504190951586,False,False,False,False,False,False,False
random_ruehl_mask,strong,136,270920396,6,WAIT,WAIT,0.06812496576458216,False,False,False,False,False,False,False
random_ruehl_mask,strong,136,270920396,7,WAIT,WAIT,0.059999991208314896,False,False,False,False,False,False,False
random_ruehl_mask,strong,136,270920396,8,WAIT,WAIT,0.04087504930794239,False,False,False,False,False,False,False
random_ruehl_mask,strong,136,270920396,9,WAIT,WAIT,0.033624935895204544,False,False,False,False,False,False,False
random_ruehl_mask,strong,136,270920396,10,RIGHT,RIGHT,0.06950006354600191,False,False,False,False,False,False,False
random_ruehl_mask,strong,136,270920396,11,UP,UP,0.07862492930144072,False,True,False,False,False,False,False
random_ruehl_mask,strong,136,270920396,12,UP,UP,0.056999968364834785,False,False,False,False,False,False,False
random_ruehl_mask,strong,136,270920396,13,UP,UP,0.10395795106887817,False,False,False,False,False,False,False
random_ruehl_mask,strong,136,270920396,14,DOWN,DOWN,0.14237500727176666,False,False,False,False,False,False,False
random_ruehl_mask,strong,136,270920396,15,LEFT,LEFT,0.10549998842179775,False,False,False,False,False,False,False
random_ruehl_mask,strong,136,270920396,16,RIGHT,RIGHT,0.06316602230072021,False,False,False,False,False,False,False
random_ruehl_mask,strong,136,270920396,17,WAIT,WAIT,0.0779579859226942,False,False,False,False,False,False,False
random_ruehl_mask,strong,136,270920396,18,DOWN,DOWN,0.08333299774676561,False,False,False,False,False,False,False
random_ruehl_mask,strong,136,270920396,19,DOWN,DOWN,0.058249919675290585,False,False,False,False,False,False,False
random_ruehl_mask,strong,136,270920396,20,LEFT,LEFT,0.11179200373589993,False,False,False,False,False,False,False
random_ruehl_mask,strong,136,270920396,21,RIGHT,RIGHT,0.0868749339133501,False,True,False,False,False,False,True
random_ruehl_mask,strong,136,270920396,22,BOMB,BOMB,0.12058299034833908,False,False,False,True,False,False,True
random_ruehl_mask,strong,136,270920396,23,UP,UP,0.0790000194683671,False,False,False,False,False,False,True
random_ruehl_mask,strong,136,270920396,24,WAIT,WAIT,0.04595797508955002,False,False,False,False,False,False,True
random_ruehl_mask,strong,136,270920396,25,WAIT,WAIT,0.05050003528594971,False,False,False,False,False,False,True
random_ruehl_mask,strong,136,270920396,26,WAIT,WAIT,0.04754203837364912,False,False,False,False,False,False,True
random_ruehl_mask,strong,137,270920397,1,DOWN,DOWN,0.1022910000756383,False,True,False,False,False,False,False
random_ruehl_mask,strong,137,270920397,2,UP,UP,0.07950002327561378,False,False,False,False,False,False,False
random_ruehl_mask,strong,137,270920397,3,WAIT,WAIT,0.09912496898323298,False,False,False,False,False,False,False
random_ruehl_mask,strong,137,270920397,4,RIGHT,RIGHT,0.09841704741120338,False,False,False,False,False,False,False
random_ruehl_mask,strong,137,270920397,5,BOMB,BOMB,0.0986660597845912,False,False,False,True,False,False,False
random_ruehl_mask,strong,137,270920397,6,LEFT,LEFT,0.08083402644842863,False,False,False,False,False,False,False
random_ruehl_mask,strong,137,270920397,7,WAIT,WAIT,0.0637079356238246,False,False,False,False,False,False,False
random_ruehl_mask,strong,137,270920397,8,DOWN,DOWN,0.06049999501556158,False,False,False,False,False,False,False
random_ruehl_mask,strong,137,270920397,9,DOWN,DOWN,0.08454197086393833,False,False,False,False,False,False,False
random_ruehl_mask,strong,137,270920397,10,WAIT,WAIT,0.06195798050612211,False,False,False,False,False,False,False
random_ruehl_mask,strong,137,270920397,11,UP,UP,0.054165953770279884,False,True,False,False,False,False,False
random_ruehl_mask,strong,137,270920397,12,WAIT,WAIT,0.0908339861780405,False,False,False,False,False,False,False
random_ruehl_mask,strong,137,270920397,13,WAIT,WAIT,0.12466602493077517,False,False,False,False,False,False,False
random_ruehl_mask,strong,137,270920397,14,UP,UP,0.11108303442597389,False,False,False,False,False,False,False
random_ruehl_mask,strong,137,270920397,15,RIGHT,RIGHT,0.09954196866601706,False,False,False,False,False,False,False
random_ruehl_mask,strong,137,270920397,16,RIGHT,RIGHT,0.10624993592500687,False,False,False,False,False,False,False
random_ruehl_mask,strong,137,270920397,17,WAIT,WAIT,0.11725001968443394,False,False,False,False,False,False,True
random_ruehl_mask,strong,137,270920397,18,BOMB,BOMB,0.1015419838950038,False,False,False,True,False,False,True
random_ruehl_mask,strong,137,270920397,19,DOWN,DOWN,0.04458299372345209,False,False,False,False,False,False,True
random_ruehl_mask,strong,137,270920397,20,WAIT,WAIT,0.042375060729682446,False,False,False,False,False,False,True
random_ruehl_mask,strong,137,270920397,21,WAIT,WAIT,0.06941601168364286,False,False,False,False,False,False,True
random_ruehl_mask,strong,137,270920397,22,DOWN,DOWN,0.09004201274365187,False,False,False,False,False,False,True
random_ruehl_mask,strong,138,270920398,1,WAIT,WAIT,0.10725005995482206,False,True,False,False,False,False,False
random_ruehl_mask,strong,138,270920398,2,RIGHT,RIGHT,0.08112506475299597,False,False,False,False,False,False,False
random_ruehl_mask,strong,138,270920398,3,BOMB,BOMB,0.06720807868987322,False,False,False,True,False,False,False
random_ruehl_mask,strong,138,270920398,4,LEFT,LEFT,0.03658293280750513,False,False,False,False,False,False,False
random_ruehl_mask,strong,138,270920398,5,WAIT,WAIT,0.05945796146988869,False,False,False,False,False,False,False
random_ruehl_mask,strong,138,270920398,6,UP,UP,0.06937503349035978,False,False,False,False,False,False,False
random_ruehl_mask,strong,138,270920398,7,UP,UP,0.057875062339007854,False,False,False,False,False,False,False
random_ruehl_mask,strong,138,270920398,8,WAIT,WAIT,0.03887503407895565,False,False,False,False,False,False,False
random_ruehl_mask,strong,138,270920398,9,WAIT,WAIT,0.033374992199242115,False,False,False,False,False,False,False
random_ruehl_mask,strong,138,270920398,10,WAIT,WAIT,0.07491698488593102,False,False,False,False,False,False,False
random_ruehl_mask,strong,138,270920398,11,DOWN,DOWN,0.10633294004946947,False,True,False,False,False,False,False
random_ruehl_mask,strong,138,270920398,12,WAIT,WAIT,0.08337502367794514,False,False,False,False,False,False,False
random_ruehl_mask,strong,138,270920398,13,DOWN,DOWN,0.11795805767178535,False,False,False,False,False,False,False
random_ruehl_mask,strong,138,270920398,14,WAIT,WAIT,0.08345791138708591,False,False,False,False,False,False,False
random_ruehl_mask,strong,138,270920398,15,RIGHT,RIGHT,0.09262491948902607,False,False,False,False,False,False,False
random_ruehl_mask,strong,138,270920398,16,LEFT,LEFT,0.058582983911037445,False,False,False,False,False,False,False
random_ruehl_mask,strong,138,270920398,17,RIGHT,RIGHT,0.053750001825392246,False,False,False,False,False,False,False
random_ruehl_mask,strong,138,270920398,18,RIGHT,RIGHT,0.056541990488767624,False,False,False,False,False,False,False
random_ruehl_mask,strong,138,270920398,19,LEFT,LEFT,0.09762495756149292,False,False,False,False,False,False,False
random_ruehl_mask,strong,138,270920398,20,RIGHT,RIGHT,0.07762503810226917,False,False,False,False,False,False,False
random_ruehl_mask,strong,138,270920398,21,BOMB,BOMB,0.11554197408258915,False,True,False,True,False,False,False
random_ruehl_mask,strong,138,270920398,22,LEFT,LEFT,0.07791700772941113,False,False,False,False,False,False,False
random_ruehl_mask,strong,138,270920398,23,LEFT,LEFT,0.0387909822165966,False,False,False,False,False,False,False
random_ruehl_mask,strong,138,270920398,24,UP,UP,0.05337502807378769,False,False,False,False,False,False,False
random_ruehl_mask,strong,138,270920398,25,WAIT,WAIT,0.04870793782174587,False,False,False,False,False,False,False
random_ruehl_mask,strong,138,270920398,26,UP,UP,0.07441698107868433,False,False,False,False,False,False,False
random_ruehl_mask,strong,138,270920398,27,DOWN,DOWN,0.05220796447247267,False,False,False,False,False,False,False
random_ruehl_mask,strong,138,270920398,28,BOMB,BOMB,0.09191699791699648,False,False,False,True,False,False,False
random_ruehl_mask,strong,138,270920398,29,DOWN,DOWN,0.04991691093891859,False,False,False,False,False,False,False
random_ruehl_mask,strong,138,270920398,30,RIGHT,RIGHT,0.05816703196614981,False,False,False,False,False,False,False
random_ruehl_mask,strong,138,270920398,31,WAIT,WAIT,0.05454092752188444,False,True,False,False,False,False,False
random_ruehl_mask,strong,138,270920398,32,RIGHT,RIGHT,0.08412508759647608,False,False,False,False,False,False,False
random_ruehl_mask,strong,138,270920398,33,WAIT,WAIT,0.05691708065569401,False,False,False,False,False,False,False
random_ruehl_mask,strong,138,270920398,34,WAIT,WAIT,0.0427919439971447,False,False,False,False,False,False,False
random_ruehl_mask,strong,138,270920398,35,WAIT,WAIT,0.06633298471570015,False,False,False,False,False,False,False
random_ruehl_mask,strong,138,270920398,36,LEFT,LEFT,0.05670893006026745,False,False,False,False,False,False,False
random_ruehl_mask,strong,138,270920398,37,WAIT,WAIT,0.047083012759685516,False,False,False,False,False,False,False
random_ruehl_mask,strong,138,270920398,38,RIGHT,RIGHT,0.05970802158117294,False,False,False,False,False,False,False
random_ruehl_mask,strong,138,270920398,39,UP,UP,0.05212496034801006,False,False,False,False,False,False,False
random_ruehl_mask,strong,138,270920398,40,DOWN,DOWN,0.08120795246213675,False,False,False,False,False,False,False
random_ruehl_mask,strong,138,270920398,41,RIGHT,RIGHT,0.05191704258322716,False,True,False,False,False,False,False
random_ruehl_mask,strong,138,270920398,42,WAIT,WAIT,0.05000003147870302,False,False,False,False,False,False,False
random_ruehl_mask,strong,138,270920398,43,WAIT,WAIT,0.09695801418274641,False,False,False,False,False,False,False
random_ruehl_mask,strong,138,270920398,44,RIGHT,RIGHT,0.07700000423938036,False,False,False,False,False,False,False
random_ruehl_mask,strong,138,270920398,45,RIGHT,RIGHT,0.10574993211776018,False,False,False,False,False,False,True
random_ruehl_mask,strong,138,270920398,46,BOMB,BOMB,0.08199992589652538,False,False,False,True,True,False,True
random_ruehl_mask,strong,138,270920398,47,LEFT,LEFT,0.04541699308902025,False,False,False,False,False,False,True
random_ruehl_mask,strong,138,270920398,48,WAIT,WAIT,0.04370906390249729,False,False,False,False,False,False,True
random_ruehl_mask,strong,138,270920398,49,LEFT,LEFT,0.06441609002649784,False,False,False,False,False,False,True
random_ruehl_mask,strong,138,270920398,50,RIGHT,RIGHT,0.05337502807378769,False,False,False,False,False,False,True
random_ruehl_mask,strong,139,270920399,1,DOWN,DOWN,0.1026251120492816,False,True,False,False,False,False,False
random_ruehl_mask,strong,139,270920399,2,UP,UP,0.07954100146889687,False,False,False,False,False,False,False
random_ruehl_mask,strong,139,270920399,3,RIGHT,RIGHT,0.07620803080499172,False,False,False,False,False,False,False
random_ruehl_mask,strong,139,270920399,4,WAIT,WAIT,0.06849993951618671,False,False,False,False,False,False,False
random_ruehl_mask,strong,139,270920399,5,BOMB,BOMB,0.08654198609292507,False,False,False,True,False,False,False
random_ruehl_mask,strong,139,270920399,6,LEFT,LEFT,0.07737509440630674,False,False,False,False,False,False,False
random_ruehl_mask,strong,139,270920399,7,WAIT,WAIT,0.055916025303304195,False,False,False,False,False,False,False
random_ruehl_mask,strong,139,270920399,8,DOWN,DOWN,0.04716706462204456,False,False,False,False,False,False,False
random_ruehl_mask,strong,139,270920399,9,WAIT,WAIT,0.04383292980492115,False,False,False,False,False,False,False
random_ruehl_mask,strong,139,270920399,10,WAIT,WAIT,0.05904200952500105,False,False,False,False,False,False,False
random_ruehl_mask,strong,139,270920399,11,WAIT,WAIT,0.05949998740106821,False,True,False,False,False,False,False
random_ruehl_mask,strong,139,270920399,12,WAIT,WAIT,0.09258300997316837,False,False,False,False,False,False,False
random_ruehl_mask,strong,139,270920399,13,BOMB,BOMB,0.09983393829315901,False,False,False,True,False,False,False
random_ruehl_mask,strong,139,270920399,14,UP,UP,0.06624998059123755,False,False,False,False,False,False,False
random_ruehl_mask,strong,139,270920399,15,RIGHT,RIGHT,0.057709054090082645,False,False,False,False,False,False,False
random_ruehl_mask,strong,139,270920399,16,WAIT,WAIT,0.049208058044314384,False,False,False,False,False,False,False
random_ruehl_mask,strong,139,270920399,17,WAIT,WAIT,0.04695798270404339,False,False,False,False,False,False,False
random_ruehl_mask,strong,139,270920399,18,WAIT,WAIT,0.05620799493044615,False,False,False,False,False,False,False
random_ruehl_mask,strong,139,270920399,19,WAIT,WAIT,0.044625019654631615,False,False,False,False,False,False,False
random_ruehl_mask,strong,139,270920399,20,WAIT,WAIT,0.0765420263633132,False,False,False,False,False,False,False
random_ruehl_mask,strong,139,270920399,21,WAIT,WAIT,0.07120799273252487,False,True,False,False,False,False,False
random_ruehl_mask,strong,139,270920399,22,WAIT,WAIT,0.08541601710021496,False,False,False,False,False,False,False
random_ruehl_mask,strong,139,270920399,23,RIGHT,RIGHT,0.05008396692574024,False,False,False,False,False,False,False
random_ruehl_mask,strong,139,270920399,24,LEFT,LEFT,0.08445896673947573,False,False,False,False,False,False,False
random_ruehl_mask,strong,139,270920399,25,LEFT,LEFT,0.04345807246863842,False,False,False,False,False,False,False
random_ruehl_mask,strong,139,270920399,26,DOWN,DOWN,0.06266601849347353,False,False,False,False,False,False,False
random_ruehl_mask,strong,139,270920399,27,WAIT,WAIT,0.04904100205749273,False,False,False,False,False,False,False
random_ruehl_mask,strong,139,270920399,28,WAIT,WAIT,0.04641595296561718,False,False,False,False,False,False,False
random_ruehl_mask,strong,139,270920399,29,UP,UP,0.04595902282744646,False,False,False,False,False,False,False
random_ruehl_mask,strong,139,270920399,30,WAIT,WAIT,0.056958990171551704,False,False,False,False,False,False,False
random_ruehl_mask,strong,139,270920399,31,WAIT,WAIT,0.07845798972994089,False,True,False,False,False,False,False
random_ruehl_mask,strong,139,270920399,32,DOWN,DOWN,0.08316605817526579,False,False,False,False,False,False,False
random_ruehl_mask,strong,139,270920399,33,WAIT,WAIT,0.07791700772941113,False,False,False,False,False,False,False
random_ruehl_mask,strong,139,270920399,34,DOWN,DOWN,0.055709038861095905,False,False,False,False,False,False,False
random_ruehl_mask,strong,139,270920399,35,DOWN,DOWN,0.08391705341637135,False,False,False,False,False,False,False
random_ruehl_mask,strong,139,270920399,36,DOWN,DOWN,0.08150003850460052,False,False,False,False,False,False,False
random_ruehl_mask,strong,139,270920399,37,RIGHT,RIGHT,0.0803329749032855,False,False,False,False,False,False,False
random_ruehl_mask,strong,139,270920399,38,WAIT,WAIT,0.06258406210690737,False,False,False,False,False,False,False
random_ruehl_mask,strong,139,270920399,39,BOMB,BOMB,0.06275007035583258,False,False,False,True,False,False,False
random_ruehl_mask,strong,139,270920399,40,LEFT,LEFT,0.05295907612890005,False,False,False,False,False,False,False
random_ruehl_mask,strong,139,270920399,41,DOWN,DOWN,0.049999915063381195,False,True,False,False,False,False,False
random_ruehl_mask,strong,139,270920399,42,WAIT,WAIT,0.07487495895475149,False,False,False,False,False,False,False
random_ruehl_mask,strong,139,270920399,43,WAIT,WAIT,0.06145797669887543,False,False,False,False,False,False,False
random_ruehl_mask,strong,139,270920399,44,WAIT,WAIT,0.04454201553016901,False,False,False,False,False,False,False
random_ruehl_mask,strong,139,270920399,45,UP,UP,0.03366603050380945,False,False,False,False,False,False,False
random_ruehl_mask,strong,139,270920399,46,RIGHT,RIGHT,0.10737497359514236,False,False,False,False,False,False,False
random_ruehl_mask,strong,139,270920399,47,RIGHT,RIGHT,0.048666028305888176,False,False,False,False,False,False,False
random_ruehl_mask,strong,139,270920399,48,UP,UP,0.09187508840113878,False,False,False,False,False,False,False
random_ruehl_mask,strong,139,270920399,49,DOWN,DOWN,0.06987503729760647,False,False,False,False,False,False,False
random_ruehl_mask,strong,139,270920399,50,WAIT,WAIT,0.08616701234132051,False,False,False,False,False,False,False
random_ruehl_mask,strong,139,270920399,51,WAIT,WAIT,0.09466602932661772,False,True,False,False,False,False,False
random_ruehl_mask,strong,139,270920399,52,LEFT,LEFT,0.11250004172325134,False,False,False,False,False,False,False
random_ruehl_mask,strong,139,270920399,53,RIGHT,RIGHT,0.07841701153665781,False,False,False,False,False,False,False
random_ruehl_mask,strong,139,270920399,54,WAIT,WAIT,0.09979191236197948,False,False,False,False,False,False,True
random_ruehl_mask,strong,139,270920399,55,BOMB,BOMB,0.08883303962647915,False,False,False,True,False,False,True
random_ruehl_mask,strong,139,270920399,56,UP,UP,0.05204195622354746,False,False,False,False,False,False,True
random_ruehl_mask,strong,139,270920399,57,WAIT,WAIT,0.04549999721348286,False,False,False,False,False,False,True
random_ruehl_mask,strong,139,270920399,58,WAIT,WAIT,0.050040893256664276,False,False,False,False,False,False,True
random_ruehl_mask,strong,139,270920399,59,WAIT,WAIT,0.053582945838570595,False,False,False,False,False,False,True
random_ruehl_mask,strong,140,270920400,1,WAIT,WAIT,0.09658397175371647,False,True,False,False,False,False,False
random_ruehl_mask,strong,140,270920400,2,UP,UP,0.07445807568728924,False,False,False,False,False,False,False
random_ruehl_mask,strong,140,270920400,3,DOWN,DOWN,0.06541598122566938,False,False,False,False,False,False,False
random_ruehl_mask,strong,140,270920400,4,WAIT,WAIT,0.06800005212426186,False,False,False,False,False,False,False
random_ruehl_mask,strong,140,270920400,5,RIGHT,RIGHT,0.0873330282047391,False,False,False,False,False,False,False
random_ruehl_mask,strong,140,270920400,6,LEFT,LEFT,0.08062494453042746,False,False,False,False,False,False,False
random_ruehl_mask,strong,140,270920400,7,RIGHT,RIGHT,0.07995904888957739,False,False,False,False,False,False,False
random_ruehl_mask,strong,140,270920400,8,BOMB,BOMB,0.06170803681015968,False,False,False,True,False,False,False
random_ruehl_mask,strong,140,270920400,9,LEFT,LEFT,0.034208991564810276,False,False,False,False,False,False,False
random_ruehl_mask,strong,140,270920400,10,UP,UP,0.034541008062660694,False,False,False,False,False,False,False
random_ruehl_mask,strong,140,270920400,11,WAIT,WAIT,0.042791012674570084,False,True,False,False,False,False,False
random_ruehl_mask,strong,140,270920400,12,WAIT,WAIT,0.043749925680458546,False,False,False,False,False,False,False
random_ruehl_mask,strong,140,270920400,13,WAIT,WAIT,0.09004201274365187,False,False,False,False,False,False,False
random_ruehl_mask,strong,140,270920400,14,DOWN,DOWN,0.06441690493375063,False,False,False,False,False,False,False
random_ruehl_mask,strong,140,270920400,15,WAIT,WAIT,0.1044170930981636,False,False,False,False,False,False,False
random_ruehl_mask,strong,140,270920400,16,UP,UP,0.07724994793534279,False,False,False,False,False,False,False
random_ruehl_mask,strong,140,270920400,17,DOWN,DOWN,0.062417006120085716,False,False,False,False,False,False,False
random_ruehl_mask,strong,140,270920400,18,WAIT,WAIT,0.07095804903656244,False,False,False,False,False,False,False
random_ruehl_mask,strong,140,270920400,19,WAIT,WAIT,0.07270800415426493,False,False,False,False,False,False,False
random_ruehl_mask,strong,140,270920400,20,UP,UP,0.08120795246213675,False,False,False,False,False,False,False
random_ruehl_mask,strong,140,270920400,21,BOMB,BOMB,0.11779204942286015,False,True,False,True,False,False,False
random_ruehl_mask,strong,140,270920400,22,DOWN,DOWN,0.09170803241431713,False,False,False,False,False,False,False
random_ruehl_mask,strong,140,270920400,23,WAIT,WAIT,0.0675420742481947,False,False,False,False,False,False,False
random_ruehl_mask,strong,140,270920400,24,RIGHT,RIGHT,0.06862508598715067,False,False,False,False,False,False,False
random_ruehl_mask,strong,140,270920400,25,RIGHT,RIGHT,0.05133403465151787,False,False,False,False,False,False,False
random_ruehl_mask,strong,140,270920400,26,LEFT,LEFT,0.04437495954334736,False,False,False,False,False,False,False
random_ruehl_mask,strong,140,270920400,27,RIGHT,RIGHT,0.03666698466986418,False,False,False,False,False,False,False
random_ruehl_mask,strong,140,270920400,28,LEFT,LEFT,0.09600003249943256,False,False,False,False,False,False,False
random_ruehl_mask,strong,140,270920400,29,RIGHT,RIGHT,0.054958974942564964,False,False,False,False,False,False,False
random_ruehl_mask,strong,140,270920400,30,BOMB,BOMB,0.13216701336205006,False,False,False,True,False,False,False
random_ruehl_mask,strong,140,270920400,31,LEFT,LEFT,0.0637909397482872,False,True,False,False,False,False,False
random_ruehl_mask,strong,140,270920400,32,LEFT,LEFT,0.07175002247095108,False,False,False,False,False,False,False
random_ruehl_mask,strong,140,270920400,33,UP,UP,0.060041085816919804,False,False,False,False,False,False,False
random_ruehl_mask,strong,140,270920400,34,WAIT,WAIT,0.057999975979328156,False,False,False,False,False,False,False
random_ruehl_mask,strong,140,270920400,35,UP,UP,0.04854099825024605,False,False,False,False,False,False,False
random_ruehl_mask,strong,140,270920400,36,UP,UP,0.042665982618927956,False,False,False,False,False,False,False
random_ruehl_mask,strong,140,270920400,37,WAIT,WAIT,0.09166600648313761,False,False,False,False,False,False,False
random_ruehl_mask,strong,140,270920400,38,BOMB,BOMB,0.07929198909550905,False,False,False,True,False,False,False
random_ruehl_mask,strong,140,270920400,39,UP,UP,0.07691700011491776,False,False,False,False,False,False,False
random_ruehl_mask,strong,140,270920400,40,RIGHT,RIGHT,0.05379202775657177,False,False,False,False,False,False,False
random_ruehl_mask,strong,140,270920400,41,RIGHT,RIGHT,0.0564999645575881,False,True,False,False,False,False,False
random_ruehl_mask,strong,140,270920400,42,WAIT,WAIT,0.0648329732939601,False,False,False,False,False,False,False
random_ruehl_mask,strong,140,270920400,43,UP,UP,0.05550007335841656,False,False,False,False,False,False,False
random_ruehl_mask,strong,140,270920400,44,UP,UP,0.045042019337415695,False,False,False,False,False,False,False
random_ruehl_mask,strong,140,270920400,45,DOWN,DOWN,0.12287497520446777,False,False,False,False,False,False,False
random_ruehl_mask,strong,140,270920400,46,DOWN,DOWN,0.05945900920778513,False,False,False,False,False,False,True
random_ruehl_mask,strong,140,270920400,47,BOMB,BOMB,0.09883404709398746,False,False,False,True,False,False,True
random_ruehl_mask,strong,140,270920400,48,DOWN,DOWN,0.054875039495527744,False,False,False,False,False,False,True
random_ruehl_mask,strong,140,270920400,49,WAIT,WAIT,0.06816699169576168,False,False,False,False,False,False,True
random_ruehl_mask,strong,140,270920400,50,DOWN,DOWN,0.08229096420109272,False,False,False,False,False,False,True
random_ruehl_mask,strong,140,270920400,51,DOWN,DOWN,0.08691707625985146,False,False,False,False,False,False,True
random_ruehl_mask,strong,141,270920401,1,DOWN,DOWN,0.101707992143929,False,True,False,False,False,False,False
random_ruehl_mask,strong,141,270920401,2,BOMB,BOMB,0.07591699250042439,False,False,False,True,False,False,False
random_ruehl_mask,strong,141,270920401,3,UP,UP,0.04041707143187523,False,False,False,False,False,False,False
random_ruehl_mask,strong,141,270920401,4,RIGHT,RIGHT,0.03866699989885092,False,False,False,False,False,False,False
random_ruehl_mask,strong,141,270920401,5,WAIT,WAIT,0.11512497439980507,False,False,False,False,False,False,False
random_ruehl_mask,strong,141,270920401,6,WAIT,WAIT,0.08200004231184721,False,False,False,False,False,False,False
random_ruehl_mask,strong,141,270920401,7,WAIT,WAIT,0.05920801777392626,False,False,False,False,False,False,False
random_ruehl_mask,strong,141,270920401,8,WAIT,WAIT,0.03604206722229719,False,False,False,False,False,False,False
random_ruehl_mask,strong,141,270920401,9,LEFT,LEFT,0.06758293602615595,False,False,False,False,False,False,True
random_ruehl_mask,strong,141,270920401,10,BOMB,BOMB,0.10087492410093546,False,False,False,True,False,False,True
random_ruehl_mask,strong,141,270920401,11,RIGHT,RIGHT,0.03854196984320879,False,True,True,False,False,False,True
random_ruehl_mask,strong,141,270920401,12,WAIT,WAIT,0.05341600626707077,False,False,False,False,False,False,True
random_ruehl_mask,strong,141,270920401,13,WAIT,WAIT,0.0838330015540123,False,False,False,False,False,False,True
random_ruehl_mask,strong,141,270920401,14,WAIT,WAIT,0.06599992047995329,False,False,False,False,False,False,True
random_ruehl_mask,strong,142,270920402,1,DOWN,DOWN,0.10370800737291574,False,True,False,False,False,False,False
random_ruehl_mask,strong,142,270920402,2,UP,UP,0.06799993570894003,False,False,False,False,False,False,False
random_ruehl_mask,strong,142,270920402,3,WAIT,WAIT,0.10283396113663912,False,False,False,False,False,False,False
random_ruehl_mask,strong,142,270920402,4,LEFT,LEFT,0.08404208347201347,False,False,False,False,False,False,False
random_ruehl_mask,strong,142,270920402,5,RIGHT,RIGHT,0.09191595017910004,False,False,False,False,False,False,False
random_ruehl_mask,strong,142,270920402,6,WAIT,WAIT,0.0887078931555152,False,False,False,False,False,False,False
random_ruehl_mask,strong,142,270920402,7,LEFT,LEFT,0.10437495075166225,False,False,False,False,False,False,False
random_ruehl_mask,strong,142,270920402,8,LEFT,LEFT,0.07095804903656244,False,False,False,False,False,False,False
random_ruehl_mask,strong,142,270920402,9,DOWN,DOWN,0.08070806507021189,False,False,False,False,False,False,False
random_ruehl_mask,strong,142,270920402,10,WAIT,WAIT,0.06150000263005495,False,False,False,False,False,False,False
random_ruehl_mask,strong,142,270920402,11,UP,UP,0.062249950133264065,False,True,False,False,False,False,True
random_ruehl_mask,strong,142,270920402,12,BOMB,BOMB,0.07499998901039362,False,False,False,True,False,False,True
random_ruehl_mask,strong,142,270920402,13,DOWN,DOWN,0.07279205601662397,False,False,False,False,False,False,True
random_ruehl_mask,strong,142,270920402,14,WAIT,WAIT,0.06479199510067701,False,False,False,False,False,False,True
random_ruehl_mask,strong,142,270920402,15,WAIT,WAIT,0.0630419235676527,False,False,False,False,False,False,True
random_ruehl_mask,strong,142,270920402,16,WAIT,WAIT,0.04650000482797623,False,False,False,False,False,False,True
random_ruehl_mask,strong,143,270920403,1,WAIT,WAIT,0.09524996858090162,False,True,False,False,False,False,False
random_ruehl_mask,strong,143,270920403,2,DOWN,DOWN,0.0926250359043479,False,False,False,False,False,False,False
random_ruehl_mask,strong,143,270920403,3,UP,UP,0.07574993651360273,False,False,False,False,False,False,False
random_ruehl_mask,strong,143,270920403,4,WAIT,WAIT,0.08679204620420933,False,False,False,False,False,False,False
random_ruehl_mask,strong,143,270920403,5,DOWN,DOWN,0.13345794286578894,False,False,False,False,False,False,False
random_ruehl_mask,strong,143,270920403,6,WAIT,WAIT,0.09858398698270321,False,False,False,False,False,False,False
random_ruehl_mask,strong,143,270920403,7,WAIT,WAIT,0.08695793803781271,False,False,False,False,False,False,False
random_ruehl_mask,strong,143,270920403,8,WAIT,WAIT,0.06633403245359659,False,False,False,False,False,False,False
random_ruehl_mask,strong,143,270920403,9,BOMB,BOMB,0.06516696885228157,False,False,False,True,False,False,False
random_ruehl_mask,strong,143,270920403,10,UP,UP,0.03574998117983341,False,False,False,False,False,False,False
random_ruehl_mask,strong,143,270920403,11,WAIT,WAIT,0.038958038203418255,False,True,False,False,False,False,False
random_ruehl_mask,strong,143,270920403,12,LEFT,LEFT,0.08025008719414473,False,False,False,False,False,False,False
random_ruehl_mask,strong,143,270920403,13,WAIT,WAIT,0.08941697888076305,False,False,False,False,False,False,False
random_ruehl_mask,strong,143,270920403,14,WAIT,WAIT,0.06783404387533665,False,False,False,False,False,False,False
random_ruehl_mask,strong,143,270920403,15,RIGHT,RIGHT,0.04854099825024605,False,False,False,False,False,False,True
random_ruehl_mask,strong,143,270920403,16,BOMB,BOMB,0.08541694842278957,False,False,False,True,False,False,True
random_ruehl_mask,strong,143,270920403,17,DOWN,DOWN,0.06874999962747097,False,False,False,False,False,False,True
random_ruehl_mask,strong,143,270920403,18,WAIT,WAIT,0.04504190292209387,False,False,False,False,False,False,True
random_ruehl_mask,strong,143,270920403,19,WAIT,WAIT,0.06154098082333803,False,False,False,False,False,False,True
random_ruehl_mask,strong,143,270920403,20,DOWN,DOWN,0.0576250022277236,False,False,False,False,False,False,True
random_ruehl_mask,strong,144,270920404,1,LEFT,LEFT,0.09575008880347013,False,True,False,False,False,False,False
random_ruehl_mask,strong,144,270920404,2,RIGHT,RIGHT,0.10329100769013166,False,False,False,False,False,False,False
random_ruehl_mask,strong,144,270920404,3,UP,UP,0.07866602391004562,False,False,False,False,False,False,False
random_ruehl_mask,strong,144,270920404,4,WAIT,WAIT,0.06724998820573092,False,False,False,False,False,False,False
random_ruehl_mask,strong,144,270920404,5,DOWN,DOWN,0.07687509059906006,False,False,False,False,False,False,False
random_ruehl_mask,strong,144,270920404,6,LEFT,LEFT,0.12999994214624166,False,False,False,False,False,False,False
random_ruehl_mask,strong,144,270920404,7,WAIT,WAIT,0.11083297431468964,False,False,False,False,False,False,False
random_ruehl_mask,strong,144,270920404,8,RIGHT,RIGHT,0.07808301597833633,False,False,False,False,False,False,False
random_ruehl_mask,strong,144,270920404,9,UP,UP,0.07149996235966682,False,False,False,False,False,False,False
random_ruehl_mask,strong,144,270920404,10,WAIT,WAIT,0.09083293844014406,False,False,False,False,False,False,False
random_ruehl_mask,strong,144,270920404,11,WAIT,WAIT,0.06850005593150854,False,True,False,False,False,False,False
random_ruehl_mask,strong,144,270920404,12,WAIT,WAIT,0.09333400521427393,False,False,False,False,False,False,False
random_ruehl_mask,strong,144,270920404,13,WAIT,WAIT,0.08875003550201654,False,False,False,False,False,False,False
random_ruehl_mask,strong,144,270920404,14,DOWN,DOWN,0.09904196485877037,False,False,False,False,False,False,False
random_ruehl_mask,strong,144,270920404,15,UP,UP,0.0844169408082962,False,False,False,False,False,False,False
random_ruehl_mask,strong,144,270920404,16,DOWN,DOWN,0.07266702596098185,False,False,False,False,False,False,False
random_ruehl_mask,strong,144,270920404,17,WAIT,WAIT,0.08704198990017176,False,False,False,False,False,False,False
random_ruehl_mask,strong,144,270920404,18,UP,UP,0.069458968937397,False,False,False,False,False,False,False
random_ruehl_mask,strong,144,270920404,19,BOMB,BOMB,0.06320804823189974,False,False,False,True,False,False,False
random_ruehl_mask,strong,144,270920404,20,DOWN,DOWN,0.03408303018659353,False,False,False,False,False,False,False
random_ruehl_mask,strong,144,270920404,21,LEFT,LEFT,0.05529099144041538,False,True,False,False,False,False,False
random_ruehl_mask,strong,144,270920404,22,WAIT,WAIT,0.0914169941097498,False,False,False,False,False,False,False
random_ruehl_mask,strong,144,270920404,23,WAIT,WAIT,0.07937499321997166,False,False,False,False,False,False,False
random_ruehl_mask,strong,144,270920404,24,WAIT,WAIT,0.05137501284480095,False,False,False,False,False,False,False
random_ruehl_mask,strong,144,270920404,25,WAIT,WAIT,0.036209006793797016,False,False,False,False,False,False,False
random_ruehl_mask,strong,144,270920404,26,RIGHT,RIGHT,0.06566592492163181,False,False,False,False,False,False,False
random_ruehl_mask,strong,144,270920404,27,LEFT,LEFT,0.12108299415558577,False,False,False,False,False,False,False
random_ruehl_mask,strong,144,270920404,28,BOMB,BOMB,0.07149996235966682,False,False,False,True,False,False,False
random_ruehl_mask,strong,144,270920404,29,RIGHT,RIGHT,0.04787510260939598,False,False,False,False,False,False,False
random_ruehl_mask,strong,144,270920404,30,UP,UP,0.059832935221493244,False,False,False,False,False,False,False
random_ruehl_mask,strong,144,270920404,31,WAIT,WAIT,0.06504193879663944,False,True,False,False,False,False,False
random_ruehl_mask,strong,144,270920404,32,WAIT,WAIT,0.055333017371594906,False,False,False,False,False,False,False
random_ruehl_mask,strong,144,270920404,33,UP,UP,0.0689580338075757,False,False,False,False,False,False,False
random_ruehl_mask,strong,144,270920404,34,UP,UP,0.04695798270404339,False,False,False,False,False,False,False
random_ruehl_mask,strong,144,270920404,35,UP,UP,0.08579203858971596,False,False,False,False,False,False,False
random_ruehl_mask,strong,144,270920404,36,WAIT,WAIT,0.08766597602516413,False,False,False,False,False,False,False
random_ruehl_mask,strong,144,270920404,37,DOWN,DOWN,0.11020805686712265,False,False,False,False,False,False,False
random_ruehl_mask,strong,144,270920404,38,DOWN,DOWN,0.09941600728780031,False,False,False,False,False,False,False
random_ruehl_mask,strong,144,270920404,39,WAIT,WAIT,0.09141594637185335,False,False,False,False,False,False,False
random_ruehl_mask,strong,144,270920404,40,UP,UP,0.07987499702721834,False,False,False,False,False,False,False
random_ruehl_mask,strong,144,270920404,41,DOWN,DOWN,0.10195898357778788,False,True,False,False,False,False,False
random_ruehl_mask,strong,144,270920404,42,DOWN,DOWN,0.08079200051724911,False,False,False,False,False,False,False
random_ruehl_mask,strong,144,270920404,43,WAIT,WAIT,0.04766695201396942,False,False,False,False,False,False,False
random_ruehl_mask,strong,144,270920404,44,WAIT,WAIT,0.07933296728879213,False,False,False,False,False,False,False
random_ruehl_mask,strong,144,270920404,45,DOWN,DOWN,0.06183399818837643,False,False,False,False,False,False,False
random_ruehl_mask,strong,144,270920404,46,LEFT,LEFT,0.05549995694309473,False,False,False,False,False,False,False
random_ruehl_mask,strong,144,270920404,47,LEFT,LEFT,0.06137508898973465,False,False,False,False,False,False,False
random_ruehl_mask,strong,144,270920404,48,RIGHT,RIGHT,0.0826249597594142,False,False,False,False,False,False,False
random_ruehl_mask,strong,144,270920404,49,RIGHT,RIGHT,0.04841701593250036,False,False,False,False,False,False,False
random_ruehl_mask,strong,144,270920404,50,LEFT,LEFT,0.059416983276605606,False,False,False,False,False,False,False
random_ruehl_mask,strong,144,270920404,51,RIGHT,RIGHT,0.08841697126626968,False,True,False,False,False,False,False
random_ruehl_mask,strong,144,270920404,52,UP,UP,0.1003750367090106,False,False,False,False,False,False,False
random_ruehl_mask,strong,144,270920404,53,UP,UP,0.062208971939980984,False,False,False,False,False,False,False
random_ruehl_mask,strong,144,270920404,54,WAIT,WAIT,0.08500006515532732,False,False,False,False,False,False,True
random_ruehl_mask,strong,144,270920404,55,BOMB,BOMB,0.0866251066327095,False,False,False,True,False,False,True
random_ruehl_mask,strong,144,270920404,56,UP,UP,0.04383292980492115,False,False,False,False,False,False,True
random_ruehl_mask,strong,144,270920404,57,WAIT,WAIT,0.04395795986056328,False,False,False,False,False,False,True
random_ruehl_mask,strong,144,270920404,58,WAIT,WAIT,0.06391596980392933,False,False,False,False,False,False,True
random_ruehl_mask,strong,144,270920404,59,UP,UP,0.06691704038530588,False,False,False,False,False,False,True
random_ruehl_mask,strong,145,270920405,1,WAIT,WAIT,0.1062500523403287,False,True,False,False,False,False,False
random_ruehl_mask,strong,145,270920405,2,WAIT,WAIT,0.08033402264118195,False,False,False,False,False,False,False
random_ruehl_mask,strong,145,270920405,3,UP,UP,0.0756249064579606,False,False,False,False,False,False,False
random_ruehl_mask,strong,145,270920405,4,UP,UP,0.06845907773822546,False,False,False,False,False,False,False
random_ruehl_mask,strong,145,270920405,5,WAIT,WAIT,0.12508290819823742,False,False,False,False,False,False,False
random_ruehl_mask,strong,145,270920405,6,WAIT,WAIT,0.10166596621274948,False,False,False,False,False,False,False
random_ruehl_mask,strong,145,270920405,7,RIGHT,RIGHT,0.10020902846008539,False,False,False,False,False,False,False
random_ruehl_mask,strong,145,270920405,8,WAIT,WAIT,0.07916602771729231,False,False,False,False,False,False,False
random_ruehl_mask,strong,145,270920405,9,BOMB,BOMB,0.09979202877730131,False,False,False,True,False,False,False
random_ruehl_mask,strong,145,270920405,10,LEFT,LEFT,0.04245806485414505,False,False,False,False,False,False,False
random_ruehl_mask,strong,145,270920405,11,DOWN,DOWN,0.03925000783056021,False,True,False,False,False,False,False
random_ruehl_mask,strong,145,270920405,12,WAIT,WAIT,0.04845892544835806,False,False,False,False,False,False,False
random_ruehl_mask,strong,145,270920405,13,WAIT,WAIT,0.06683298852294683,False,False,False,False,False,False,False
random_ruehl_mask,strong,145,270920405,14,WAIT,WAIT,0.06991601549088955,False,False,False,False,False,False,False
random_ruehl_mask,strong,145,270920405,15,DOWN,DOWN,0.05366699770092964,False,False,False,False,False,False,False
random_ruehl_mask,strong,145,270920405,16,WAIT,WAIT,0.07466599345207214,False,False,False,False,False,False,False
random_ruehl_mask,strong,145,270920405,17,RIGHT,RIGHT,0.07350009400397539,False,False,False,False,False,False,False
random_ruehl_mask,strong,145,270920405,18,LEFT,LEFT,0.09462493471801281,False,False,False,False,False,False,False
random_ruehl_mask,strong,145,270920405,19,BOMB,BOMB,0.07754098623991013,False,False,False,True,False,False,False
random_ruehl_mask,strong,145,270920405,20,RIGHT,RIGHT,0.05520891863852739,False,False,False,False,False,False,False
random_ruehl_mask,strong,145,270920405,21,RIGHT,RIGHT,0.06662507075816393,False,True,False,False,False,False,False
random_ruehl_mask,strong,145,270920405,22,UP,UP,0.06879097782075405,False,False,False,False,False,False,False
random_ruehl_mask,strong,145,270920405,23,UP,UP,0.05250005051493645,False,False,False,False,False,False,False
random_ruehl_mask,strong,145,270920405,24,DOWN,DOWN,0.09737501386553049,False,False,False,False,False,False,False
random_ruehl_mask,strong,145,270920405,25,WAIT,WAIT,0.046042026951909065,False,False,False,False,False,False,False
random_ruehl_mask,strong,145,270920405,26,DOWN,DOWN,0.08337502367794514,False,False,False,False,False,False,False
random_ruehl_mask,strong,145,270920405,27,RIGHT,RIGHT,0.11470902245491743,False,False,False,False,False,False,False
random_ruehl_mask,strong,145,270920405,28,BOMB,BOMB,0.08870894089341164,False,False,False,True,False,False,False
random_ruehl_mask,strong,145,270920405,29,LEFT,LEFT,0.04700000863522291,False,False,False,False,False,False,False
random_ruehl_mask,strong,145,270920405,30,UP,UP,0.07212499622255564,False,False,False,False,False,False,False
random_ruehl_mask,strong,145,270920405,31,WAIT,WAIT,0.0653750030323863,False,True,False,False,False,False,False
random_ruehl_mask,strong,145,270920405,32,UP,UP,0.08845794945955276,False,False,False,False,False,False,False
random_ruehl_mask,strong,145,270920405,33,DOWN,DOWN,0.05266699008643627,False,False,False,False,False,False,False
random_ruehl_mask,strong,145,270920405,34,UP,UP,0.04420790355652571,False,False,False,False,False,False,False
random_ruehl_mask,strong,145,270920405,35,LEFT,LEFT,0.11108303442597389,False,False,False,False,False,False,False
random_ruehl_mask,strong,145,270920405,36,LEFT,LEFT,0.053709023632109165,False,False,False,False,False,False,False
random_ruehl_mask,strong,145,270920405,37,BOMB,BOMB,0.08941697888076305,False,False,False,True,False,False,False
random_ruehl_mask,strong,145,270920405,38,RIGHT,RIGHT,0.036458950489759445,False,False,False,False,False,False,False
random_ruehl_mask,strong,145,270920405,39,WAIT,WAIT,0.06408302579075098,False,False,False,False,False,False,False
random_ruehl_mask,strong,145,270920405,40,RIGHT,RIGHT,0.0837499974295497,False,False,False,False,False,False,False
random_ruehl_mask,strong,145,270920405,41,DOWN,DOWN,0.12966699432581663,False,True,False,False,False,False,False
random_ruehl_mask,strong,145,270920405,42,DOWN,DOWN,0.06999995093792677,False,False,False,False,False,False,False
random_ruehl_mask,strong,145,270920405,43,LEFT,LEFT,0.054833944886922836,False,False,False,False,False,False,False
random_ruehl_mask,strong,145,270920405,44,WAIT,WAIT,0.05550007335841656,False,False,False,False,False,False,False
random_ruehl_mask,strong,145,270920405,45,WAIT,WAIT,0.06720796227455139,False,False,False,False,False,False,False
random_ruehl_mask,strong,145,270920405,46,WAIT,WAIT,0.06458302959799767,False,False,False,False,False,False,False
random_ruehl_mask,strong,145,270920405,47,WAIT,WAIT,0.0516669824719429,False,False,False,False,False,False,False
random_ruehl_mask,strong,145,270920405,48,LEFT,LEFT,0.0588749535381794,False,False,False,False,False,False,False
random_ruehl_mask,strong,145,270920405,49,WAIT,WAIT,0.05795806646347046,False,False,False,False,False,False,False
random_ruehl_mask,strong,145,270920405,50,RIGHT,RIGHT,0.08445896673947573,False,False,False,False,False,False,False
random_ruehl_mask,strong,145,270920405,51,WAIT,WAIT,0.08549995254725218,False,True,False,False,False,False,False
random_ruehl_mask,strong,145,270920405,52,WAIT,WAIT,0.09383296128362417,False,False,False,False,False,False,False
random_ruehl_mask,strong,145,270920405,53,WAIT,WAIT,0.09191699791699648,False,False,False,False,False,False,False
random_ruehl_mask,strong,145,270920405,54,LEFT,LEFT,0.07120799273252487,False,False,False,False,False,False,False
random_ruehl_mask,strong,145,270920405,55,UP,UP,0.05420797970145941,False,False,False,False,False,False,False
random_ruehl_mask,strong,145,270920405,56,UP,UP,0.050332979299128056,False,False,False,False,False,False,False
random_ruehl_mask,strong,145,270920405,57,RIGHT,RIGHT,0.06812496576458216,False,False,False,False,False,False,False
random_ruehl_mask,strong,145,270920405,58,WAIT,WAIT,0.06475008558481932,False,False,False,False,False,False,False
random_ruehl_mask,strong,145,270920405,59,WAIT,WAIT,0.21187507081776857,False,False,False,False,False,False,False
random_ruehl_mask,strong,145,270920405,60,RIGHT,RIGHT,0.09112502448260784,False,False,False,False,False,False,False
random_ruehl_mask,strong,145,270920405,61,WAIT,WAIT,0.17979193944483995,False,True,False,False,False,False,False
random_ruehl_mask,strong,145,270920405,62,WAIT,WAIT,0.12591597624123096,False,False,False,False,False,False,False
random_ruehl_mask,strong,145,270920405,63,WAIT,WAIT,0.09408302139490843,False,False,False,False,False,False,False
random_ruehl_mask,strong,145,270920405,64,RIGHT,RIGHT,0.1088329590857029,False,False,False,False,False,False,False
random_ruehl_mask,strong,145,270920405,65,BOMB,BOMB,0.07408298552036285,False,False,False,True,True,False,False
random_ruehl_mask,strong,145,270920405,66,LEFT,LEFT,0.05408306606113911,False,False,False,False,False,False,False
random_ruehl_mask,strong,145,270920405,67,WAIT,WAIT,0.07091707084327936,False,False,False,False,False,False,False
random_ruehl_mask,strong,145,270920405,68,DOWN,DOWN,0.09841704741120338,False,False,False,False,False,False,False
random_ruehl_mask,strong,145,270920405,69,DOWN,DOWN,0.10358297731727362,False,False,False,False,False,False,False
random_ruehl_mask,strong,145,270920405,70,WAIT,WAIT,0.09058392606675625,False,False,False,False,False,False,False
random_ruehl_mask,strong,145,270920405,71,UP,UP,0.0705840066075325,False,True,False,False,False,False,False
random_ruehl_mask,strong,145,270920405,72,UP,UP,0.10129204019904137,False,False,False,False,False,False,False
random_ruehl_mask,strong,145,270920405,73,WAIT,WAIT,0.10987499263137579,False,False,False,False,False,False,False
random_ruehl_mask,strong,145,270920405,74,BOMB,BOMB,0.09437499102205038,False,False,False,True,False,False,False
random_ruehl_mask,strong,145,270920405,75,RIGHT,RIGHT,0.037250109016895294,False,False,False,False,False,False,False
random_ruehl_mask,strong,145,270920405,76,RIGHT,RIGHT,0.04737498238682747,False,False,False,False,False,False,False
random_ruehl_mask,strong,145,270920405,77,DOWN,DOWN,0.054999953135848045,False,False,False,False,False,False,False
random_ruehl_mask,strong,145,270920405,78,DOWN,DOWN,0.05416700150817633,False,False,False,False,False,False,False
random_ruehl_mask,strong,145,270920405,79,WAIT,WAIT,0.07037492468953133,False,False,False,False,False,False,False
random_ruehl_mask,strong,145,270920405,80,LEFT,LEFT,0.05204195622354746,False,False,False,False,False,False,False
random_ruehl_mask,strong,145,270920405,81,LEFT,LEFT,0.07687497418373823,False,True,False,False,False,False,False
random_ruehl_mask,strong,145,270920405,82,RIGHT,RIGHT,0.06283295806497335,False,False,False,False,False,False,False
random_ruehl_mask,strong,145,270920405,83,WAIT,WAIT,0.05016708746552467,False,False,False,False,False,False,False
random_ruehl_mask,strong,145,270920405,84,LEFT,LEFT,0.06308394949883223,False,False,False,False,False,False,False
random_ruehl_mask,strong,145,270920405,85,WAIT,WAIT,0.05212496034801006,False,False,False,False,False,False,False
random_ruehl_mask,strong,145,270920405,86,LEFT,LEFT,0.06329198367893696,False,False,False,False,False,False,False
random_ruehl_mask,strong,145,270920405,87,RIGHT,RIGHT,0.049042049795389175,False,False,False,False,False,False,False
random_ruehl_mask,strong,145,270920405,88,LEFT,LEFT,0.06325007416307926,False,False,False,False,False,False,False
random_ruehl_mask,strong,145,270920405,89,LEFT,LEFT,0.06804196164011955,False,False,False,False,False,False,False
random_ruehl_mask,strong,145,270920405,90,UP,UP,0.08229096420109272,False,False,False,False,False,False,False
random_ruehl_mask,strong,145,270920405,91,DOWN,DOWN,0.07595808710902929,False,True,False,False,False,False,False
random_ruehl_mask,strong,145,270920405,92,WAIT,WAIT,0.08450006134808064,False,False,False,False,False,False,False
random_ruehl_mask,strong,145,270920405,93,UP,UP,0.061832950450479984,False,False,False,False,False,False,False
random_ruehl_mask,strong,145,270920405,94,WAIT,WAIT,0.06233295425772667,False,False,False,False,False,False,False
random_ruehl_mask,strong,145,270920405,95,UP,UP,0.052749994210898876,False,False,False,False,False,False,False
random_ruehl_mask,strong,145,270920405,96,WAIT,WAIT,0.05204102490097284,False,False,False,False,False,False,False
random_ruehl_mask,strong,145,270920405,97,RIGHT,RIGHT,0.06237498018890619,False,False,False,False,False,False,False
random_ruehl_mask,strong,145,270920405,98,WAIT,WAIT,0.05662499461323023,False,False,False,False,False,False,False
random_ruehl_mask,strong,145,270920405,99,LEFT,LEFT,0.0827909680083394,False,False,False,False,False,False,False
random_ruehl_mask,strong,145,270920405,100,UP,UP,0.07104198448359966,False,False,False,False,False,False,False
random_ruehl_mask,strong,145,270920405,101,WAIT,WAIT,0.07108296267688274,False,True,False,False,False,False,False
random_ruehl_mask,strong,145,270920405,102,WAIT,WAIT,0.06283295806497335,False,False,False,False,False,False,False
random_ruehl_mask,strong,145,270920405,103,UP,UP,0.05604198668152094,False,False,False,False,False,False,False
random_ruehl_mask,strong,145,270920405,104,UP,UP,0.0920839374884963,False,False,False,False,False,False,False
random_ruehl_mask,strong,145,270920405,105,UP,UP,0.04858395550400019,False,False,False,False,False,False,False
random_ruehl_mask,strong,145,270920405,106,RIGHT,RIGHT,0.06450002547353506,False,False,False,False,False,False,False
random_ruehl_mask,strong,145,270920405,107,LEFT,LEFT,0.050459057092666626,False,False,False,False,False,False,False
random_ruehl_mask,strong,145,270920405,108,RIGHT,RIGHT,0.04954205360263586,False,False,False,False,False,False,False
random_ruehl_mask,strong,145,270920405,109,LEFT,LEFT,0.062125036492943764,False,False,False,False,False,False,False
random_ruehl_mask,strong,145,270920405,110,RIGHT,RIGHT,0.05108397454023361,False,False,False,False,False,False,False
random_ruehl_mask,strong,145,270920405,111,LEFT,LEFT,0.04812504630535841,False,True,False,False,False,False,False
random_ruehl_mask,strong,145,270920405,112,RIGHT,RIGHT,0.06291596218943596,False,False,False,False,False,False,False
random_ruehl_mask,strong,145,270920405,113,LEFT,LEFT,0.06687501445412636,False,False,False,False,False,False,False
random_ruehl_mask,strong,145,270920405,114,WAIT,WAIT,0.06837502587586641,False,False,False,False,False,False,False
random_ruehl_mask,strong,145,270920405,115,UP,UP,0.11454103514552116,False,False,False,False,False,False,False
random_ruehl_mask,strong,145,270920405,116,WAIT,WAIT,0.05358399357646704,False,False,False,False,False,False,False
random_ruehl_mask,strong,145,270920405,117,DOWN,DOWN,0.06645801477134228,False,False,False,False,False,False,False
random_ruehl_mask,strong,145,270920405,118,UP,UP,0.07112498860806227,False,False,False,False,False,False,False
random_ruehl_mask,strong,145,270920405,119,UP,UP,0.08808297570794821,False,False,False,False,False,False,False
random_ruehl_mask,strong,145,270920405,120,UP,UP,0.0741670373827219,False,False,False,False,False,False,False
random_ruehl_mask,strong,145,270920405,121,UP,UP,0.09783299174159765,False,True,False,False,False,False,False
random_ruehl_mask,strong,145,270920405,122,WAIT,WAIT,0.0788751058280468,False,False,False,False,False,False,False
random_ruehl_mask,strong,145,270920405,123,BOMB,BOMB,0.07383304182440042,False,False,False,True,True,False,False
random_ruehl_mask,strong,145,270920405,124,UP,UP,0.043042004108428955,False,False,False,False,False,False,False
random_ruehl_mask,strong,145,270920405,125,UP,UP,0.0490840757265687,False,False,False,False,False,False,False
random_ruehl_mask,strong,145,270920405,126,UP,UP,0.05300005432218313,False,False,False,False,False,False,False
random_ruehl_mask,strong,145,270920405,127,RIGHT,RIGHT,0.0516669824719429,False,False,False,False,False,False,False
random_ruehl_mask,strong,145,270920405,128,WAIT,WAIT,0.04420895129442215,False,False,False,False,False,False,False
random_ruehl_mask,strong,145,270920405,129,RIGHT,RIGHT,0.034958007745444775,False,False,False,False,False,False,False
random_ruehl_mask,strong,145,270920405,130,BOMB,BOMB,0.08445803541690111,False,False,False,True,False,False,False
random_ruehl_mask,strong,145,270920405,131,RIGHT,RIGHT,0.06904208566993475,False,True,False,False,False,False,False
random_ruehl_mask,strong,145,270920405,132,RIGHT,RIGHT,0.04112499300390482,False,False,False,False,False,False,False
random_ruehl_mask,strong,145,270920405,133,DOWN,DOWN,0.04595902282744646,False,False,False,False,False,False,False
random_ruehl_mask,strong,145,270920405,134,DOWN,DOWN,0.0426670303568244,False,False,False,False,False,False,False
random_ruehl_mask,strong,145,270920405,135,LEFT,LEFT,0.04958303179591894,False,False,False,False,False,False,False
random_ruehl_mask,strong,145,270920405,136,WAIT,WAIT,0.03704102709889412,False,False,False,False,False,False,False
random_ruehl_mask,strong,145,270920405,137,LEFT,LEFT,0.09337498340755701,False,False,False,False,False,False,False
random_ruehl_mask,strong,145,270920405,138,LEFT,LEFT,0.112209003418684,False,False,False,False,False,False,False
random_ruehl_mask,strong,145,270920405,139,WAIT,WAIT,0.08445908315479755,False,False,False,False,False,False,False
random_ruehl_mask,strong,145,270920405,140,LEFT,LEFT,0.06612495053559542,False,False,False,False,False,False,False
random_ruehl_mask,strong,145,270920405,141,UP,UP,0.052332994528114796,False,True,False,False,False,False,False
random_ruehl_mask,strong,145,270920405,142,DOWN,DOWN,0.05250005051493645,False,False,False,False,False,False,False
random_ruehl_mask,strong,145,270920405,143,DOWN,DOWN,0.05162495654076338,False,False,False,False,False,False,False
random_ruehl_mask,strong,145,270920405,144,DOWN,DOWN,0.047042034566402435,False,False,False,False,False,False,False
random_ruehl_mask,strong,145,270920405,145,BOMB,BOMB,0.09912496898323298,False,False,False,True,False,False,False
random_ruehl_mask,strong,145,270920405,146,DOWN,DOWN,0.036250101402401924,False,False,False,False,False,False,False
random_ruehl_mask,strong,145,270920405,147,DOWN,DOWN,0.05479191895574331,False,False,False,False,False,False,False
random_ruehl_mask,strong,145,270920405,148,RIGHT,RIGHT,0.0524159986525774,False,False,False,False,False,False,False
random_ruehl_mask,strong,145,270920405,149,WAIT,WAIT,0.06324995774775743,False,False,False,False,False,False,False
random_ruehl_mask,strong,145,270920405,150,WAIT,WAIT,0.06433401722460985,False,False,False,False,False,False,False
random_ruehl_mask,strong,145,270920405,151,WAIT,WAIT,0.04666694439947605,False,True,False,False,False,False,False
random_ruehl_mask,strong,145,270920405,152,RIGHT,RIGHT,0.04845799412578344,False,False,False,False,False,False,False
random_ruehl_mask,strong,145,270920405,153,BOMB,BOMB,0.08062506094574928,False,False,False,True,False,False,False
random_ruehl_mask,strong,145,270920405,154,RIGHT,RIGHT,0.0516669824719429,False,False,False,False,False,False,False
random_ruehl_mask,strong,145,270920405,155,WAIT,WAIT,0.04654203075915575,False,False,False,False,False,False,False
random_ruehl_mask,strong,145,270920405,156,RIGHT,RIGHT,0.062125036492943764,False,False,False,False,False,False,False
random_ruehl_mask,strong,145,270920405,157,DOWN,DOWN,0.05558400880545378,False,False,False,False,False,False,False
random_ruehl_mask,strong,145,270920405,158,WAIT,WAIT,0.05504197906702757,False,False,False,False,False,False,False
random_ruehl_mask,strong,145,270920405,159,WAIT,WAIT,0.035375007428228855,False,False,False,False,False,False,False
random_ruehl_mask,strong,145,270920405,160,WAIT,WAIT,0.05849997978657484,False,False,False,False,False,False,False
random_ruehl_mask,strong,145,270920405,161,UP,UP,0.05837506614625454,False,True,False,False,False,False,False
random_ruehl_mask,strong,145,270920405,162,LEFT,LEFT,0.06454193498939276,False,False,False,False,False,False,False
random_ruehl_mask,strong,145,270920405,163,WAIT,WAIT,0.06175006274133921,False,False,False,False,False,False,False
random_ruehl_mask,strong,145,270920405,164,WAIT,WAIT,0.047874986194074154,False,False,False,False,False,False,False
random_ruehl_mask,strong,145,270920405,165,LEFT,LEFT,0.07916695903986692,False,False,False,False,False,False,False
random_ruehl_mask,strong,145,270920405,166,RIGHT,RIGHT,0.07420801557600498,False,False,False,False,False,False,False
random_ruehl_mask,strong,145,270920405,167,WAIT,WAIT,0.0625409884378314,False,False,False,False,False,False,False
random_ruehl_mask,strong,145,270920405,168,LEFT,LEFT,0.09550002869218588,False,False,False,False,False,False,False
random_ruehl_mask,strong,145,270920405,169,UP,UP,0.07029203698039055,False,False,False,False,False,False,False
random_ruehl_mask,strong,145,270920405,170,UP,UP,0.08508400060236454,False,False,False,False,False,False,False
random_ruehl_mask,strong,145,270920405,171,WAIT,WAIT,0.05504197906702757,False,True,False,False,False,False,False
random_ruehl_mask,strong,145,270920405,172,UP,UP,0.055541982874274254,False,False,False,False,False,False,False
random_ruehl_mask,strong,145,270920405,173,UP,UP,0.04808406811207533,False,False,False,False,False,False,False
random_ruehl_mask,strong,145,270920405,174,DOWN,DOWN,0.09808305185288191,False,False,False,False,False,False,False
random_ruehl_mask,strong,145,270920405,175,WAIT,WAIT,0.04650000482797623,False,False,False,False,False,False,False
random_ruehl_mask,strong,145,270920405,176,UP,UP,0.04483398515731096,False,False,False,False,False,False,True
random_ruehl_mask,strong,145,270920405,177,BOMB,BOMB,0.1218749675899744,False,False,False,True,False,False,True
random_ruehl_mask,strong,145,270920405,178,LEFT,LEFT,0.037624966353178024,False,False,False,False,False,False,True
random_ruehl_mask,strong,145,270920405,179,WAIT,WAIT,0.054875039495527744,False,False,False,False,False,False,True
random_ruehl_mask,strong,145,270920405,180,WAIT,WAIT,0.09191699791699648,False,False,False,False,False,False,True
random_ruehl_mask,strong,145,270920405,181,LEFT,LEFT,0.07108296267688274,False,False,False,False,False,False,True
random_ruehl_mask,strong,146,270920406,1,UP,UP,0.10304199531674385,False,True,False,False,False,False,False
random_ruehl_mask,strong,146,270920406,2,DOWN,DOWN,0.07562502287328243,False,False,False,False,False,False,False
random_ruehl_mask,strong,146,270920406,3,UP,UP,0.07287494372576475,False,False,False,False,False,False,False
random_ruehl_mask,strong,146,270920406,4,BOMB,BOMB,0.06683403626084328,False,False,False,True,False,False,False
random_ruehl_mask,strong,146,270920406,5,DOWN,DOWN,0.05933409556746483,False,False,False,False,False,False,False
random_ruehl_mask,strong,146,270920406,6,WAIT,WAIT,0.054999953135848045,False,False,False,False,False,False,False
random_ruehl_mask,strong,146,270920406,7,RIGHT,RIGHT,0.05974993109703064,False,False,False,False,False,False,False
random_ruehl_mask,strong,146,270920406,8,WAIT,WAIT,0.043625012040138245,False,False,False,False,False,False,False
random_ruehl_mask,strong,146,270920406,9,WAIT,WAIT,0.038624973967671394,False,False,False,False,False,False,False
random_ruehl_mask,strong,146,270920406,10,WAIT,WAIT,0.03324996214359999,False,False,False,False,False,False,False
random_ruehl_mask,strong,146,270920406,11,LEFT,LEFT,0.06324995774775743,False,True,False,False,False,False,False
random_ruehl_mask,strong,146,270920406,12,UP,UP,0.0808339100331068,False,False,False,False,False,False,False
random_ruehl_mask,strong,146,270920406,13,DOWN,DOWN,0.06999995093792677,False,False,False,False,False,False,True
random_ruehl_mask,strong,146,270920406,14,BOMB,BOMB,0.09491702076047659,False,False,False,True,False,False,True
random_ruehl_mask,strong,146,270920406,15,RIGHT,RIGHT,0.05320797208696604,False,False,False,False,False,False,True
random_ruehl_mask,strong,146,270920406,16,WAIT,WAIT,0.033624935895204544,False,False,False,False,False,False,True
random_ruehl_mask,strong,146,270920406,17,WAIT,WAIT,0.042041996493935585,False,False,False,False,False,False,True
random_ruehl_mask,strong,146,270920406,18,WAIT,WAIT,0.0415419926866889,False,False,False,False,False,False,True
random_ruehl_mask,strong,147,270920407,1,LEFT,LEFT,0.10433397255837917,False,True,False,False,False,False,False
random_ruehl_mask,strong,147,270920407,2,BOMB,BOMB,0.07491710130125284,False,False,False,True,False,False,False
random_ruehl_mask,strong,147,270920407,3,RIGHT,RIGHT,0.03825000021606684,False,False,False,False,False,False,False
random_ruehl_mask,strong,147,270920407,4,WAIT,WAIT,0.03570795524865389,False,False,False,False,False,False,False
random_ruehl_mask,strong,147,270920407,5,DOWN,DOWN,0.07683294825255871,False,False,False,False,False,False,False
random_ruehl_mask,strong,147,270920407,6,WAIT,WAIT,0.08916598744690418,False,False,False,False,False,False,False
random_ruehl_mask,strong,147,270920407,7,WAIT,WAIT,0.05904096178710461,False,False,False,False,False,False,False
random_ruehl_mask,strong,147,270920407,8,UP,UP,0.03866699989885092,False,False,False,False,False,False,True
random_ruehl_mask,strong,147,270920407,9,BOMB,BOMB,0.10900001507252455,False,False,False,True,False,False,True
random_ruehl_mask,strong,147,270920407,10,DOWN,DOWN,0.07445795927196741,False,False,False,False,False,False,True
random_ruehl_mask,strong,147,270920407,11,WAIT,WAIT,0.05204102490097284,False,False,False,False,False,False,True
random_ruehl_mask,strong,147,270920407,12,WAIT,WAIT,0.07566600106656551,False,False,False,False,False,False,True
random_ruehl_mask,strong,147,270920407,13,WAIT,WAIT,0.09354192297905684,False,False,False,False,False,False,True
random_ruehl_mask,strong,148,270920408,1,WAIT,WAIT,0.10104198008775711,False,True,False,False,False,False,False
random_ruehl_mask,strong,148,270920408,2,LEFT,LEFT,0.07729197386652231,False,False,False,False,False,False,False
random_ruehl_mask,strong,148,270920408,3,BOMB,BOMB,0.0689580338075757,False,False,False,True,False,False,False
random_ruehl_mask,strong,148,270920408,4,RIGHT,RIGHT,0.03945804201066494,False,False,False,False,False,False,False
random_ruehl_mask,strong,148,270920408,5,DOWN,DOWN,0.06075005512684584,False,False,False,False,False,False,False
random_ruehl_mask,strong,148,270920408,6,WAIT,WAIT,0.06804196164011955,False,False,False,False,False,False,False
random_ruehl_mask,strong,148,270920408,7,WAIT,WAIT,0.058333040215075016,False,False,False,False,False,False,False
random_ruehl_mask,strong,148,270920408,8,WAIT,WAIT,0.04499999340623617,False,False,False,False,False,False,False
random_ruehl_mask,strong,148,270920408,9,UP,UP,0.035667093470692635,False,False,False,False,False,False,False
random_ruehl_mask,strong,148,270920408,10,WAIT,WAIT,0.07829209789633751,False,False,False,False,False,False,False
random_ruehl_mask,strong,148,270920408,11,DOWN,DOWN,0.07525004912167788,False,True,False,False,False,False,False
random_ruehl_mask,strong,148,270920408,12,UP,UP,0.0903749605640769,False,False,False,False,False,False,False
random_ruehl_mask,strong,148,270920408,13,WAIT,WAIT,0.10516599286347628,False,False,False,False,False,False,False
random_ruehl_mask,strong,148,270920408,14,DOWN,DOWN,0.13008294627070427,False,False,False,False,False,False,False
random_ruehl_mask,strong,148,270920408,15,BOMB,BOMB,0.11395802721381187,False,False,False,True,False,False,False
random_ruehl_mask,strong,148,270920408,16,UP,UP,0.03733299672603607,False,False,False,False,False,False,False
random_ruehl_mask,strong,148,270920408,17,LEFT,LEFT,0.03945804201066494,False,False,False,False,False,False,False
random_ruehl_mask,strong,148,270920408,18,WAIT,WAIT,0.04741700831800699,False,False,False,False,False,False,False
random_ruehl_mask,strong,148,270920408,19,WAIT,WAIT,0.04591699689626694,False,False,False,False,False,False,False
random_ruehl_mask,strong,148,270920408,20,WAIT,WAIT,0.07433409336954355,False,False,False,False,False,False,False
random_ruehl_mask,strong,148,270920408,21,LEFT,LEFT,0.0707919243723154,False,True,False,False,False,False,False
random_ruehl_mask,strong,148,270920408,22,WAIT,WAIT,0.14895806089043617,False,False,False,False,False,False,True
random_ruehl_mask,strong,148,270920408,23,BOMB,BOMB,0.11470797471702099,False,False,False,True,False,False,True
random_ruehl_mask,strong,148,270920408,24,RIGHT,RIGHT,0.04016596358269453,False,False,False,False,False,False,True
random_ruehl_mask,strong,148,270920408,25,WAIT,WAIT,0.04441698547452688,False,False,False,False,False,False,True
random_ruehl_mask,strong,148,270920408,26,WAIT,WAIT,0.049749971367418766,False,False,False,False,False,False,True
random_ruehl_mask,strong,148,270920408,27,WAIT,WAIT,0.05225010681897402,False,False,False,False,False,False,True
random_ruehl_mask,strong,149,270920409,1,UP,UP,0.09920797310769558,False,True,False,False,False,False,False
random_ruehl_mask,strong,149,270920409,2,BOMB,BOMB,0.1141249667853117,False,False,False,True,False,False,False
random_ruehl_mask,strong,149,270920409,3,DOWN,DOWN,0.04449998959898949,False,False,False,False,False,False,False
random_ruehl_mask,strong,149,270920409,4,LEFT,LEFT,0.03683299291878939,False,False,False,False,False,False,False
random_ruehl_mask,strong,149,270920409,5,WAIT,WAIT,0.06687501445412636,False,False,False,False,False,False,False
random_ruehl_mask,strong,149,270920409,6,WAIT,WAIT,0.08891604375094175,False,False,False,False,False,False,False
random_ruehl_mask,strong,149,270920409,7,WAIT,WAIT,0.07254199590533972,False,False,False,False,False,False,False
random_ruehl_mask,strong,149,270920409,8,RIGHT,RIGHT,0.04608405288308859,False,False,False,False,False,False,False
random_ruehl_mask,strong,149,270920409,9,UP,UP,0.08262507617473602,False,False,False,False,False,False,False
random_ruehl_mask,strong,149,270920409,10,DOWN,DOWN,0.060542020946741104,False,False,False,False,False,False,True
random_ruehl_mask,strong,149,270920409,11,BOMB,BOMB,0.09504205081611872,False,True,False,True,False,False,True
random_ruehl_mask,strong,149,270920409,12,LEFT,LEFT,0.05800009239464998,False,False,False,False,False,False,True
random_ruehl_mask,strong,149,270920409,13,WAIT,WAIT,0.0754999928176403,False,False,False,False,False,False,True
random_ruehl_mask,strong,149,270920409,14,WAIT,WAIT,0.08308293763548136,False,False,False,False,False,False,True
random_ruehl_mask,strong,149,270920409,15,WAIT,WAIT,0.05558307748287916,False,False,False,False,False,False,True
random_ruehl_mask,strong,150,270920410,1,DOWN,DOWN,0.11745805386453867,False,True,False,False,False,False,False
random_ruehl_mask,strong,150,270920410,2,WAIT,WAIT,0.0981249613687396,False,False,False,False,False,False,False
random_ruehl_mask,strong,150,270920410,3,DOWN,DOWN,0.08045905269682407,False,False,False,False,False,False,False
random_ruehl_mask,strong,150,270920410,4,RIGHT,RIGHT,0.083708087913692,False,False,False,False,False,False,False
random_ruehl_mask,strong,150,270920410,5,WAIT,WAIT,0.0868749339133501,False,False,False,False,False,False,False
random_ruehl_mask,strong,150,270920410,6,BOMB,BOMB,0.10670803021639585,False,False,False,True,False,False,False
random_ruehl_mask,strong,150,270920410,7,LEFT,LEFT,0.0700000673532486,False,False,False,False,False,False,False
random_ruehl_mask,strong,150,270920410,8,WAIT,WAIT,0.04225003067404032,False,False,False,False,False,False,False
random_ruehl_mask,strong,150,270920410,9,UP,UP,0.05337491165846586,False,False,False,False,False,False,False
random_ruehl_mask,strong,150,270920410,10,WAIT,WAIT,0.048791058361530304,False,False,False,False,False,False,False
random_ruehl_mask,strong,150,270920410,11,WAIT,WAIT,0.04479195922613144,False,True,False,False,False,False,False
random_ruehl_mask,strong,150,270920410,12,UP,UP,0.05566701292991638,False,False,False,False,False,False,True
random_ruehl_mask,strong,150,270920410,13,BOMB,BOMB,0.11458306107670069,False,False,False,True,False,False,True
random_ruehl_mask,strong,150,270920410,14,RIGHT,RIGHT,0.06187497638165951,False,False,False,False,False,False,True
random_ruehl_mask,strong,150,270920410,15,WAIT,WAIT,0.04145794082432985,False,False,False,False,False,False,True
random_ruehl_mask,strong,150,270920410,16,WAIT,WAIT,0.043625012040138245,False,False,False,False,False,False,True
random_ruehl_mask,strong,150,270920410,17,WAIT,WAIT,0.044291955418884754,False,False,False,False,False,False,True
random_ruehl_mask,strong,151,270920411,1,UP,UP,0.10779197327792645,False,True,False,False,False,False,False
random_ruehl_mask,strong,151,270920411,2,WAIT,WAIT,0.08920894470065832,False,False,False,False,False,False,False
random_ruehl_mask,strong,151,270920411,3,UP,UP,0.0738329254090786,False,False,False,False,False,False,False
random_ruehl_mask,strong,151,270920411,4,DOWN,DOWN,0.07695902604609728,False,False,False,False,False,False,False
random_ruehl_mask,strong,151,270920411,5,WAIT,WAIT,0.1438749022781849,False,False,False,False,False,False,False
random_ruehl_mask,strong,151,270920411,6,WAIT,WAIT,0.10374991688877344,False,False,False,False,False,False,False
random_ruehl_mask,strong,151,270920411,7,WAIT,WAIT,0.08733291178941727,False,False,False,False,False,False,False
random_ruehl_mask,strong,151,270920411,8,DOWN,DOWN,0.07149996235966682,False,False,False,False,False,False,False
random_ruehl_mask,strong,151,270920411,9,UP,UP,0.08749996777623892,False,False,False,False,False,False,False
random_ruehl_mask,strong,151,270920411,10,DOWN,DOWN,0.09975000284612179,False,False,False,False,False,False,False
random_ruehl_mask,strong,151,270920411,11,WAIT,WAIT,0.09004189632833004,False,True,False,False,False,False,False
random_ruehl_mask,strong,151,270920411,12,LEFT,LEFT,0.10358297731727362,False,False,False,False,False,False,False
random_ruehl_mask,strong,151,270920411,13,RIGHT,RIGHT,0.08312496356666088,False,False,False,False,False,False,False
random_ruehl_mask,strong,151,270920411,14,WAIT,WAIT,0.09312492329627275,False,False,False,False,False,False,False
random_ruehl_mask,strong,151,270920411,15,LEFT,LEFT,0.10395899880677462,False,False,False,False,False,False,False
random_ruehl_mask,strong,151,270920411,16,RIGHT,RIGHT,0.08512497879564762,False,False,False,False,False,False,False
random_ruehl_mask,strong,151,270920411,17,UP,UP,0.08279108442366123,False,False,False,False,False,False,False
random_ruehl_mask,strong,151,270920411,18,UP,UP,0.09162502828985453,False,False,False,False,False,False,False
random_ruehl_mask,strong,151,270920411,19,DOWN,DOWN,0.08841603994369507,False,False,False,False,False,False,False
random_ruehl_mask,strong,151,270920411,20,WAIT,WAIT,0.08045905269682407,False,False,False,False,False,False,False
random_ruehl_mask,strong,151,270920411,21,DOWN,DOWN,0.10708300396800041,False,True,False,False,False,False,False
random_ruehl_mask,strong,151,270920411,22,WAIT,WAIT,0.10075001046061516,False,False,False,False,False,False,False
random_ruehl_mask,strong,151,270920411,23,UP,UP,0.09024993050843477,False,False,False,False,False,False,False
random_ruehl_mask,strong,151,270920411,24,WAIT,WAIT,0.09720807429403067,False,False,False,False,False,False,False
random_ruehl_mask,strong,151,270920411,25,DOWN,DOWN,0.08787494152784348,False,False,False,False,False,False,False
random_ruehl_mask,strong,151,270920411,26,UP,UP,0.08575001265853643,False,False,False,False,False,False,False
random_ruehl_mask,strong,151,270920411,27,DOWN,DOWN,0.07754098623991013,False,False,False,False,False,False,False
random_ruehl_mask,strong,151,270920411,28,LEFT,LEFT,0.09341700933873653,False,False,False,False,False,False,False
random_ruehl_mask,strong,151,270920411,29,RIGHT,RIGHT,0.0730419997125864,False,False,False,False,False,False,False
random_ruehl_mask,strong,151,270920411,30,LEFT,LEFT,0.08312496356666088,False,False,False,False,False,False,False
random_ruehl_mask,strong,151,270920411,31,WAIT,WAIT,0.0866670161485672,False,True,False,False,False,False,False
random_ruehl_mask,strong,151,270920411,32,RIGHT,RIGHT,0.0773329520598054,False,False,False,False,False,False,False
random_ruehl_mask,strong,151,270920411,33,LEFT,LEFT,0.10320800356566906,False,False,False,False,False,False,False
random_ruehl_mask,strong,151,270920411,34,WAIT,WAIT,0.07866695523262024,False,False,False,False,False,False,False
random_ruehl_mask,strong,151,270920411,35,WAIT,WAIT,0.06362504791468382,False,False,False,False,False,False,False
random_ruehl_mask,strong,151,270920411,36,WAIT,WAIT,0.07070903666317463,False,False,False,False,False,False,False
random_ruehl_mask,strong,151,270920411,37,WAIT,WAIT,0.06541598122566938,False,False,False,False,False,False,False
random_ruehl_mask,strong,151,270920411,38,BOMB,BOMB,0.0715409405529499,False,False,False,True,False,False,False
random_ruehl_mask,strong,151,270920411,39,RIGHT,RIGHT,0.04966696724295616,False,False,False,False,False,False,False
random_ruehl_mask,strong,151,270920411,40,UP,UP,0.045874970965087414,False,False,False,False,False,False,False
random_ruehl_mask,strong,151,270920411,41,UP,UP,0.04516600165516138,False,True,False,False,False,False,False
random_ruehl_mask,strong,151,270920411,42,DOWN,DOWN,0.0748330494388938,False,False,False,False,False,False,False
random_ruehl_mask,strong,151,270920411,43,UP,UP,0.05933293141424656,False,False,False,False,False,False,False
random_ruehl_mask,strong,151,270920411,44,UP,UP,0.04766695201396942,False,False,False,False,False,False,True
random_ruehl_mask,strong,151,270920411,45,BOMB,BOMB,0.07716706022620201,False,False,False,True,False,False,True
random_ruehl_mask,strong,151,270920411,46,DOWN,DOWN,0.09483308531343937,False,False,False,False,False,False,True
random_ruehl_mask,strong,151,270920411,47,DOWN,DOWN,0.07099995855242014,False,False,False,False,False,False,True
random_ruehl_mask,strong,151,270920411,48,UP,UP,0.06712495815008879,False,False,False,False,False,False,True
random_ruehl_mask,strong,151,270920411,49,DOWN,DOWN,0.04583294503390789,False,False,False,False,False,False,True
random_ruehl_mask,strong,152,270920412,1,WAIT,WAIT,0.09908305946737528,False,True,False,False,False,False,False
random_ruehl_mask,strong,152,270920412,2,WAIT,WAIT,0.09370897896587849,False,False,False,False,False,False,False
random_ruehl_mask,strong,152,270920412,3,RIGHT,RIGHT,0.07329101208597422,False,False,False,False,False,False,False
random_ruehl_mask,strong,152,270920412,4,WAIT,WAIT,0.06545800715684891,False,False,False,False,False,False,False
random_ruehl_mask,strong,152,270920412,5,LEFT,LEFT,0.08587504271417856,False,False,False,False,False,False,False
random_ruehl_mask,strong,152,270920412,6,RIGHT,RIGHT,0.11616596020758152,False,False,False,False,False,False,False
random_ruehl_mask,strong,152,270920412,7,BOMB,BOMB,0.08508400060236454,False,False,False,True,False,False,False
random_ruehl_mask,strong,152,270920412,8,LEFT,LEFT,0.03829202614724636,False,False,False,False,False,False,False
random_ruehl_mask,strong,152,270920412,9,UP,UP,0.036458950489759445,False,False,False,False,False,False,False
random_ruehl_mask,strong,152,270920412,10,WAIT,WAIT,0.051332986913621426,False,False,False,False,False,False,False
random_ruehl_mask,strong,152,270920412,11,WAIT,WAIT,0.04866707604378462,False,True,False,False,False,False,False
random_ruehl_mask,strong,152,270920412,12,WAIT,WAIT,0.05749997217208147,False,False,False,False,False,False,False
random_ruehl_mask,strong,152,270920412,13,DOWN,DOWN,0.09212503209710121,False,False,False,False,False,False,False
random_ruehl_mask,strong,152,270920412,14,WAIT,WAIT,0.11149991769343615,False,False,False,False,False,False,True
random_ruehl_mask,strong,152,270920412,15,BOMB,BOMB,0.09475008118897676,False,False,False,True,False,False,True
random_ruehl_mask,strong,152,270920412,16,UP,UP,0.037458958104252815,False,False,False,False,False,False,True
random_ruehl_mask,strong,152,270920412,17,WAIT,WAIT,0.034624943509697914,False,False,False,False,False,False,True
random_ruehl_mask,strong,152,270920412,18,WAIT,WAIT,0.058832927606999874,False,False,False,False,False,False,True
random_ruehl_mask,strong,152,270920412,19,WAIT,WAIT,0.048584071919322014,False,False,False,False,False,False,True
random_ruehl_mask,strong,153,270920413,1,LEFT,LEFT,0.10004208888858557,False,True,False,False,False,False,False
random_ruehl_mask,strong,153,270920413,2,WAIT,WAIT,0.08150003850460052,False,False,False,False,False,False,False
random_ruehl_mask,strong,153,270920413,3,WAIT,WAIT,0.06512494292110205,False,False,False,False,False,False,False
random_ruehl_mask,strong,153,270920413,4,RIGHT,RIGHT,0.062166014686226845,False,False,False,False,False,False,False
random_ruehl_mask,strong,153,270920413,5,WAIT,WAIT,0.0928329536691308,False,False,False,False,False,False,False
random_ruehl_mask,strong,153,270920413,6,LEFT,LEFT,0.08808309212327003,False,False,False,False,False,False,False
random_ruehl_mask,strong,153,270920413,7,WAIT,WAIT,0.09341596160084009,False,False,False,False,False,False,False
random_ruehl_mask,strong,153,270920413,8,WAIT,WAIT,0.0630419235676527,False,False,False,False,False,False,False
random_ruehl_mask,strong,153,270920413,9,WAIT,WAIT,0.06150000263005495,False,False,False,False,False,False,False
random_ruehl_mask,strong,153,270920413,10,BOMB,BOMB,0.06070802919566631,False,False,False,True,False,False,False
random_ruehl_mask,strong,153,270920413,11,RIGHT,RIGHT,0.04683306906372309,False,True,False,False,False,False,False
random_ruehl_mask,strong,153,270920413,12,DOWN,DOWN,0.03966607619076967,False,False,False,False,False,False,False
random_ruehl_mask,strong,153,270920413,13,WAIT,WAIT,0.06816699169576168,False,False,False,False,False,False,False
random_ruehl_mask,strong,153,270920413,14,WAIT,WAIT,0.0640420475974679,False,False,False,False,False,False,False
random_ruehl_mask,strong,153,270920413,15,WAIT,WAIT,0.057416968047618866,False,False,False,False,False,False,False
random_ruehl_mask,strong,153,270920413,16,WAIT,WAIT,0.05050003528594971,False,False,False,False,False,False,False
random_ruehl_mask,strong,153,270920413,17,UP,UP,0.08220796007663012,False,False,False,False,False,False,False
random_ruehl_mask,strong,153,270920413,18,LEFT,LEFT,0.10262499563395977,False,False,False,False,False,False,False
random_ruehl_mask,strong,153,270920413,19,LEFT,LEFT,0.05491694901138544,False,False,False,False,False,False,False
random_ruehl_mask,strong,153,270920413,20,WAIT,WAIT,0.09208300616592169,False,False,False,False,False,False,False
random_ruehl_mask,strong,153,270920413,21,LEFT,LEFT,0.11516700033098459,False,True,False,False,False,False,False
random_ruehl_mask,strong,153,270920413,22,WAIT,WAIT,0.10341696906834841,False,False,False,False,False,False,False
random_ruehl_mask,strong,153,270920413,23,LEFT,LEFT,0.12229208368808031,False,False,False,False,False,False,False
random_ruehl_mask,strong,153,270920413,24,WAIT,WAIT,0.08070794865489006,False,False,False,False,False,False,False
random_ruehl_mask,strong,153,270920413,25,WAIT,WAIT,0.07420906331390142,False,False,False,False,False,False,False
random_ruehl_mask,strong,153,270920413,26,RIGHT,RIGHT,0.07379194721579552,False,False,False,False,False,False,False
random_ruehl_mask,strong,153,270920413,27,LEFT,LEFT,0.08412497118115425,False,False,False,False,False,False,False
random_ruehl_mask,strong,153,270920413,28,BOMB,BOMB,0.07599999662488699,False,False,False,True,False,False,False
random_ruehl_mask,strong,153,270920413,29,RIGHT,RIGHT,0.04404096398502588,False,False,False,False,False,False,False
random_ruehl_mask,strong,153,270920413,30,RIGHT,RIGHT,0.05191692616790533,False,False,False,False,False,False,False
random_ruehl_mask,strong,153,270920413,31,RIGHT,RIGHT,0.06745802238583565,False,True,False,False,False,False,False
random_ruehl_mask,strong,153,270920413,32,RIGHT,RIGHT,0.055458047427237034,False,False,False,False,False,False,False
random_ruehl_mask,strong,153,270920413,33,WAIT,WAIT,0.04425004590302706,False,False,False,False,False,False,False
random_ruehl_mask,strong,153,270920413,34,DOWN,DOWN,0.043208012357354164,False,False,False,False,False,False,False
random_ruehl_mask,strong,153,270920413,35,BOMB,BOMB,0.07029203698039055,False,False,False,True,False,False,False
random_ruehl_mask,strong,153,270920413,36,UP,UP,0.04075001925230026,False,False,False,False,False,False,False
random_ruehl_mask,strong,153,270920413,37,LEFT,LEFT,0.04737498238682747,False,False,False,False,False,False,False
random_ruehl_mask,strong,153,270920413,38,WAIT,WAIT,0.05258398596197367,False,False,False,False,False,False,False
random_ruehl_mask,strong,153,270920413,39,WAIT,WAIT,0.05104194860905409,False,False,False,False,False,False,False
random_ruehl_mask,strong,153,270920413,40,LEFT,LEFT,0.039541046135127544,False,False,False,False,False,False,False
random_ruehl_mask,strong,153,270920413,41,RIGHT,RIGHT,0.034415978007018566,False,True,False,False,False,False,False
random_ruehl_mask,strong,153,270920413,42,LEFT,LEFT,0.05504197906702757,False,False,False,False,False,False,False
random_ruehl_mask,strong,153,270920413,43,LEFT,LEFT,0.08775002788752317,False,False,False,False,False,False,False
random_ruehl_mask,strong,153,270920413,44,RIGHT,RIGHT,0.06579200271517038,False,False,False,False,False,False,False
random_ruehl_mask,strong,153,270920413,45,LEFT,LEFT,0.09629200212657452,False,False,False,False,False,False,False
random_ruehl_mask,strong,153,270920413,46,LEFT,LEFT,0.09758304804563522,False,False,False,False,False,False,False
random_ruehl_mask,strong,153,270920413,47,DOWN,DOWN,0.05549995694309473,False,False,False,False,False,False,False
random_ruehl_mask,strong,153,270920413,48,DOWN,DOWN,0.06579095497727394,False,False,False,False,False,False,False
random_ruehl_mask,strong,153,270920413,49,BOMB,BOMB,0.07575005292892456,False,False,False,True,False,False,False
random_ruehl_mask,strong,153,270920413,50,UP,UP,0.03487500362098217,False,False,False,False,False,False,False
random_ruehl_mask,strong,153,270920413,51,WAIT,WAIT,0.033791991882026196,False,True,False,False,False,False,False
random_ruehl_mask,strong,153,270920413,52,UP,UP,0.05350005812942982,False,False,False,False,False,False,False
random_ruehl_mask,strong,153,270920413,53,LEFT,LEFT,0.08120795246213675,False,False,False,False,False,False,False
random_ruehl_mask,strong,153,270920413,54,WAIT,WAIT,0.06233400199562311,False,False,False,False,False,False,False
random_ruehl_mask,strong,153,270920413,55,RIGHT,RIGHT,0.043082982301712036,False,False,False,False,False,False,False
random_ruehl_mask,strong,153,270920413,56,WAIT,WAIT,0.05604198668152094,False,False,False,False,False,False,False
random_ruehl_mask,strong,153,270920413,57,DOWN,DOWN,0.0742500415071845,False,False,False,False,False,False,False
random_ruehl_mask,strong,153,270920413,58,WAIT,WAIT,0.05641707684844732,False,False,False,False,False,False,False
random_ruehl_mask,strong,153,270920413,59,DOWN,DOWN,0.06237498018890619,False,False,False,False,False,False,False
random_ruehl_mask,strong,153,270920413,60,RIGHT,RIGHT,0.054582953453063965,False,False,False,False,False,False,False
random_ruehl_mask,strong,153,270920413,61,RIGHT,RIGHT,0.04862493369728327,False,True,False,False,False,False,True
random_ruehl_mask,strong,153,270920413,62,BOMB,BOMB,0.10433304123580456,False,False,False,True,False,False,True
random_ruehl_mask,strong,153,270920413,63,DOWN,DOWN,0.03808399196714163,False,False,False,False,False,False,True
random_ruehl_mask,strong,153,270920413,64,WAIT,WAIT,0.034917029552161694,False,False,False,False,False,False,True
random_ruehl_mask,strong,153,270920413,65,WAIT,WAIT,0.053750001825392246,False,False,False,False,False,False,True
random_ruehl_mask,strong,153,270920413,66,WAIT,WAIT,0.05795795004814863,False,False,False,False,False,False,True
random_ruehl_mask,strong,154,270920414,1,WAIT,WAIT,0.1053329324349761,False,True,False,False,False,False,False
random_ruehl_mask,strong,154,270920414,2,WAIT,WAIT,0.08108397014439106,False,False,False,False,False,False,False
random_ruehl_mask,strong,154,270920414,3,WAIT,WAIT,0.071709044277668,False,False,False,False,False,False,False
random_ruehl_mask,strong,154,270920414,4,DOWN,DOWN,0.07225002627819777,False,False,False,False,False,False,False
random_ruehl_mask,strong,154,270920414,5,BOMB,BOMB,0.08558307308703661,False,False,False,True,False,False,False
random_ruehl_mask,strong,154,270920414,6,UP,UP,0.08074997458606958,False,False,False,False,False,False,False
random_ruehl_mask,strong,154,270920414,7,WAIT,WAIT,0.05920801777392626,False,False,False,False,False,False,False
random_ruehl_mask,strong,154,270920414,8,LEFT,LEFT,0.10562501847743988,False,False,False,False,False,False,False
random_ruehl_mask,strong,154,270920414,9,WAIT,WAIT,0.0670839799568057,False,False,False,False,False,False,False
random_ruehl_mask,strong,154,270920414,10,WAIT,WAIT,0.051875016652047634,False,False,False,False,False,False,False
random_ruehl_mask,strong,154,270920414,11,WAIT,WAIT,0.04050007555633783,False,True,False,False,False,False,False
random_ruehl_mask,strong,154,270920414,12,WAIT,WAIT,0.07337506394833326,False,False,False,False,False,False,False
random_ruehl_mask,strong,154,270920414,13,WAIT,WAIT,0.11937494855374098,False,False,False,False,False,False,False
random_ruehl_mask,strong,154,270920414,14,WAIT,WAIT,0.09704101830720901,False,False,False,False,False,False,False
random_ruehl_mask,strong,154,270920414,15,RIGHT,RIGHT,0.08895900100469589,False,False,False,False,False,False,False
random_ruehl_mask,strong,154,270920414,16,WAIT,WAIT,0.07720792200416327,False,False,False,False,False,False,False
random_ruehl_mask,strong,154,270920414,17,WAIT,WAIT,0.07399998139590025,False,False,False,False,False,False,False
random_ruehl_mask,strong,154,270920414,18,LEFT,LEFT,0.07187493611127138,False,False,False,False,False,False,False
random_ruehl_mask,strong,154,270920414,19,RIGHT,RIGHT,0.06491702515631914,False,False,False,False,False,False,False
random_ruehl_mask,strong,154,270920414,20,LEFT,LEFT,0.0967090018093586,False,False,False,False,False,False,False
random_ruehl_mask,strong,154,270920414,21,RIGHT,RIGHT,0.09479199070483446,False,True,False,False,False,False,False
random_ruehl_mask,strong,154,270920414,22,WAIT,WAIT,0.11945795267820358,False,False,False,False,False,False,True
random_ruehl_mask,strong,154,270920414,23,BOMB,BOMB,0.10825006756931543,False,False,False,True,False,False,True
random_ruehl_mask,strong,154,270920414,24,DOWN,DOWN,0.04725006874650717,False,False,False,False,False,False,True
random_ruehl_mask,strong,154,270920414,25,WAIT,WAIT,0.043332925997674465,False,False,False,False,False,False,True
random_ruehl_mask,strong,154,270920414,26,WAIT,WAIT,0.04449998959898949,False,False,False,False,False,False,True
random_ruehl_mask,strong,154,270920414,27,WAIT,WAIT,0.046625034883618355,False,False,False,False,False,False,True
random_ruehl_mask,strong,155,270920415,1,UP,UP,0.12141605839133263,False,True,False,False,False,False,False
random_ruehl_mask,strong,155,270920415,2,WAIT,WAIT,0.069082947447896,False,False,False,False,False,False,False
random_ruehl_mask,strong,155,270920415,3,DOWN,DOWN,0.09637500625103712,False,False,False,False,False,False,False
random_ruehl_mask,strong,155,270920415,4,WAIT,WAIT,0.07275003008544445,False,False,False,False,False,False,False
random_ruehl_mask,strong,155,270920415,5,WAIT,WAIT,0.12174993753433228,False,False,False,False,False,False,False
random_ruehl_mask,strong,155,270920415,6,WAIT,WAIT,0.09662494994699955,False,False,False,False,False,False,False
random_ruehl_mask,strong,155,270920415,7,WAIT,WAIT,0.09079102892428637,False,False,False,False,False,False,False
random_ruehl_mask,strong,155,270920415,8,LEFT,LEFT,0.07041695062071085,False,False,False,False,False,False,False
random_ruehl_mask,strong,155,270920415,9,WAIT,WAIT,0.06274995394051075,False,False,False,False,False,False,False
random_ruehl_mask,strong,155,270920415,10,WAIT,WAIT,0.06270792800933123,False,False,False,False,False,False,False
random_ruehl_mask,strong,155,270920415,11,RIGHT,RIGHT,0.06279197987169027,False,True,False,False,False,False,False
random_ruehl_mask,strong,155,270920415,12,UP,UP,0.07737497799098492,False,False,False,False,False,False,False
random_ruehl_mask,strong,155,270920415,13,WAIT,WAIT,0.08749996777623892,False,False,False,False,False,False,False
random_ruehl_mask,strong,155,270920415,14,WAIT,WAIT,0.08670799434185028,False,False,False,False,False,False,False
random_ruehl_mask,strong,155,270920415,15,DOWN,DOWN,0.07700000423938036,False,False,False,False,False,False,False
random_ruehl_mask,strong,155,270920415,16,LEFT,LEFT,0.06454100366681814,False,False,False,False,False,False,False
random_ruehl_mask,strong,155,270920415,17,WAIT,WAIT,0.06025005131959915,False,False,False,False,False,False,False
random_ruehl_mask,strong,155,270920415,18,WAIT,WAIT,0.06387499161064625,False,False,False,False,False,False,False
random_ruehl_mask,strong,155,270920415,19,WAIT,WAIT,0.06379198748618364,False,False,False,False,False,False,False
random_ruehl_mask,strong,155,270920415,20,RIGHT,RIGHT,0.08583301678299904,False,False,False,False,False,False,False
random_ruehl_mask,strong,155,270920415,21,WAIT,WAIT,0.12274994514882565,False,True,False,False,False,False,False
random_ruehl_mask,strong,155,270920415,22,WAIT,WAIT,0.10299996938556433,False,False,False,False,False,False,False
random_ruehl_mask,strong,155,270920415,23,UP,UP,0.10825006756931543,False,False,False,False,False,False,False
random_ruehl_mask,strong,155,270920415,24,WAIT,WAIT,0.07474992889910936,False,False,False,False,False,False,False
random_ruehl_mask,strong,155,270920415,25,DOWN,DOWN,0.0665830448269844,False,False,False,False,False,False,False
random_ruehl_mask,strong,155,270920415,26,UP,UP,0.07058295886963606,False,False,False,False,False,False,False
random_ruehl_mask,strong,155,270920415,27,BOMB,BOMB,0.06262504030019045,False,False,False,True,False,False,False
random_ruehl_mask,strong,155,270920415,28,DOWN,DOWN,0.037416000850498676,False,False,False,False,False,False,False
random_ruehl_mask,strong,155,270920415,29,WAIT,WAIT,0.03708305303007364,False,False,False,False,False,False,False
random_ruehl_mask,strong,155,270920415,30,LEFT,LEFT,0.06037508137524128,False,False,False,False,False,False,False
random_ruehl_mask,strong,155,270920415,31,WAIT,WAIT,0.05858391523361206,False,True,False,False,False,False,False
random_ruehl_mask,strong,155,270920415,32,WAIT,WAIT,0.06570795085281134,False,False,False,False,False,False,False
random_ruehl_mask,strong,155,270920415,33,WAIT,WAIT,0.04416704177856445,False,False,False,False,False,False,False
random_ruehl_mask,strong,155,270920415,34,WAIT,WAIT,0.07016700692474842,False,False,False,False,False,False,False
random_ruehl_mask,strong,155,270920415,35,BOMB,BOMB,0.08995807729661465,False,False,False,True,False,False,False
random_ruehl_mask,strong,155,270920415,36,RIGHT,RIGHT,0.038375030271708965,False,False,False,False,False,False,False
random_ruehl_mask,strong,155,270920415,37,WAIT,WAIT,0.03587501123547554,False,False,False,False,False,False,False
random_ruehl_mask,strong,155,270920415,38,UP,UP,0.05454209167510271,False,False,False,False,False,False,False
random_ruehl_mask,strong,155,270920415,39,WAIT,WAIT,0.055875047110021114,False,False,False,False,False,False,False
random_ruehl_mask,strong,155,270920415,40,UP,UP,0.04666589666157961,False,False,False,False,False,False,False
random_ruehl_mask,strong,155,270920415,41,DOWN,DOWN,0.03766606096178293,False,True,False,False,False,False,False
random_ruehl_mask,strong,155,270920415,42,DOWN,DOWN,0.05437503568828106,False,False,False,False,False,False,False
random_ruehl_mask,strong,155,270920415,43,UP,UP,0.07920793723315,False,False,False,False,False,False,False
random_ruehl_mask,strong,155,270920415,44,WAIT,WAIT,0.05791708827018738,False,False,False,False,False,False,False
random_ruehl_mask,strong,155,270920415,45,UP,UP,0.10208308231085539,False,False,False,False,False,False,False
random_ruehl_mask,strong,155,270920415,46,DOWN,DOWN,0.09612494613975286,False,False,False,False,False,False,False
random_ruehl_mask,strong,155,270920415,47,WAIT,WAIT,0.0564999645575881,False,False,False,False,False,False,False
random_ruehl_mask,strong,155,270920415,48,WAIT,WAIT,0.06474996916949749,False,False,False,False,False,False,False
random_ruehl_mask,strong,155,270920415,49,WAIT,WAIT,0.06750004831701517,False,False,False,False,False,False,False
random_ruehl_mask,strong,155,270920415,50,WAIT,WAIT,0.059959013015031815,False,False,False,False,False,False,False
random_ruehl_mask,strong,155,270920415,51,UP,UP,0.06812496576458216,False,True,False,False,False,False,True
random_ruehl_mask,strong,155,270920415,52,BOMB,BOMB,0.08345907554030418,False,False,False,True,False,False,True
random_ruehl_mask,strong,155,270920415,53,DOWN,DOWN,0.048582907766103745,False,False,False,False,False,False,True
random_ruehl_mask,strong,155,270920415,54,WAIT,WAIT,0.08758401963859797,False,False,False,False,False,False,True
random_ruehl_mask,strong,155,270920415,55,WAIT,WAIT,0.06137497257441282,False,False,False,False,False,False,True
random_ruehl_mask,strong,155,270920415,56,WAIT,WAIT,0.04312500823289156,False,False,False,False,False,False,True
random_ruehl_mask,strong,156,270920416,1,LEFT,LEFT,0.10774994734674692,False,True,False,False,False,False,False
random_ruehl_mask,strong,156,270920416,2,BOMB,BOMB,0.07316598203033209,False,False,False,True,False,False,False
random_ruehl_mask,strong,156,270920416,3,RIGHT,RIGHT,0.039375037886202335,False,False,False,False,False,False,False
random_ruehl_mask,strong,156,270920416,4,WAIT,WAIT,0.0462500611320138,False,False,False,False,False,False,False
random_ruehl_mask,strong,156,270920416,5,UP,UP,0.06570806726813316,False,False,False,False,False,False,False
random_ruehl_mask,strong,156,270920416,6,WAIT,WAIT,0.06599992047995329,False,False,False,False,False,False,False
random_ruehl_mask,strong,156,270920416,7,UP,UP,0.05641602911055088,False,False,False,False,False,False,False
random_ruehl_mask,strong,156,270920416,8,WAIT,WAIT,0.03466603811830282,False,False,False,False,False,False,False
random_ruehl_mask,strong,156,270920416,9,DOWN,DOWN,0.07399998139590025,False,False,False,False,False,False,False
random_ruehl_mask,strong,156,270920416,10,DOWN,DOWN,0.0667079584673047,False,False,False,False,False,False,True
random_ruehl_mask,strong,156,270920416,11,BOMB,BOMB,0.07737497799098492,False,True,False,True,False,False,True
random_ruehl_mask,strong,156,270920416,12,LEFT,LEFT,0.03712496254593134,False,False,False,False,False,False,True
random_ruehl_mask,strong,156,270920416,13,WAIT,WAIT,0.06229197606444359,False,False,False,False,False,False,True
random_ruehl_mask,strong,156,270920416,14,WAIT,WAIT,0.11341611389070749,False,False,False,False,False,False,True
random_ruehl_mask,strong,156,270920416,15,WAIT,WAIT,0.06437499541789293,False,False,False,False,False,False,True
random_ruehl_mask,strong,157,270920417,1,WAIT,WAIT,0.09845802560448647,False,True,False,False,False,False,False
random_ruehl_mask,strong,157,270920417,2,UP,UP,0.1032090513035655,False,False,False,False,False,False,False
random_ruehl_mask,strong,157,270920417,3,DOWN,DOWN,0.08208397775888443,False,False,False,False,False,False,False
random_ruehl_mask,strong,157,270920417,4,UP,UP,0.07970805745571852,False,False,False,False,False,False,False
random_ruehl_mask,strong,157,270920417,5,BOMB,BOMB,0.10495900642126799,False,False,False,True,False,False,False
random_ruehl_mask,strong,157,270920417,6,DOWN,DOWN,0.0783340074121952,False,False,False,False,False,False,False
random_ruehl_mask,strong,157,270920417,7,WAIT,WAIT,0.07008295506238937,False,False,False,False,False,False,False
random_ruehl_mask,strong,157,270920417,8,LEFT,LEFT,0.0665830448269844,False,False,False,False,False,False,False
random_ruehl_mask,strong,157,270920417,9,WAIT,WAIT,0.23120897822082043,False,False,False,False,False,False,False
random_ruehl_mask,strong,157,270920417,10,WAIT,WAIT,0.059416983276605606,False,False,False,False,False,False,False
random_ruehl_mask,strong,157,270920417,11,RIGHT,RIGHT,0.04287506453692913,False,True,False,False,False,False,False
random_ruehl_mask,strong,157,270920417,12,WAIT,WAIT,0.3885830519720912,False,False,False,False,False,False,False
random_ruehl_mask,strong,157,270920417,13,LEFT,LEFT,0.16166700515896082,False,False,False,False,False,False,False
random_ruehl_mask,strong,157,270920417,14,BOMB,BOMB,0.13825006317347288,False,False,False,True,False,False,False
random_ruehl_mask,strong,157,270920417,15,RIGHT,RIGHT,0.08616689592599869,False,False,False,False,False,False,False
random_ruehl_mask,strong,157,270920417,16,UP,UP,0.04879198968410492,False,False,False,False,False,False,False
random_ruehl_mask,strong,157,270920417,17,WAIT,WAIT,0.05237502045929432,False,False,False,False,False,False,False
random_ruehl_mask,strong,157,270920417,18,UP,UP,0.06074993871152401,False,False,False,False,False,False,False
random_ruehl_mask,strong,157,270920417,19,DOWN,DOWN,0.050791073590517044,False,False,False,False,False,False,False
random_ruehl_mask,strong,157,270920417,20,DOWN,DOWN,0.05695794243365526,False,False,False,False,False,False,False
random_ruehl_mask,strong,157,270920417,21,WAIT,WAIT,0.09524996858090162,False,True,False,False,False,False,False
random_ruehl_mask,strong,157,270920417,22,WAIT,WAIT,0.0765420263633132,False,False,False,False,False,False,False
random_ruehl_mask,strong,157,270920417,23,UP,UP,0.06400002166628838,False,False,False,False,False,False,False
random_ruehl_mask,strong,157,270920417,24,DOWN,DOWN,0.046584056690335274,False,False,False,False,False,False,False
random_ruehl_mask,strong,157,270920417,25,LEFT,LEFT,0.046042026951909065,False,False,False,False,False,False,False
random_ruehl_mask,strong,157,270920417,26,LEFT,LEFT,0.045082997530698776,False,False,False,False,False,False,False
random_ruehl_mask,strong,157,270920417,27,RIGHT,RIGHT,0.1062500523403287,False,False,False,False,False,False,False
random_ruehl_mask,strong,157,270920417,28,WAIT,WAIT,0.05670799873769283,False,False,False,False,False,False,False
random_ruehl_mask,strong,157,270920417,29,WAIT,WAIT,0.06591703277081251,False,False,False,False,False,False,False
random_ruehl_mask,strong,157,270920417,30,RIGHT,RIGHT,0.09883404709398746,False,False,False,False,False,False,False
random_ruehl_mask,strong,157,270920417,31,LEFT,LEFT,0.08166697807610035,False,True,False,False,False,False,False
random_ruehl_mask,strong,157,270920417,32,LEFT,LEFT,0.0754999928176403,False,False,False,False,False,False,False
random_ruehl_mask,strong,157,270920417,33,LEFT,LEFT,0.09679095819592476,False,False,False,False,False,False,False
random_ruehl_mask,strong,157,270920417,34,RIGHT,RIGHT,0.08312507998198271,False,False,False,False,False,False,False
random_ruehl_mask,strong,157,270920417,35,BOMB,BOMB,0.09633402805775404,False,False,False,True,False,False,False
random_ruehl_mask,strong,157,270920417,36,RIGHT,RIGHT,0.05020899698138237,False,False,False,False,False,False,False
random_ruehl_mask,strong,157,270920417,37,WAIT,WAIT,0.04729093052446842,False,False,False,False,False,False,False
random_ruehl_mask,strong,157,270920417,38,RIGHT,RIGHT,0.06329198367893696,False,False,False,False,False,False,False
random_ruehl_mask,strong,157,270920417,39,UP,UP,0.06916699931025505,False,False,False,False,False,False,False
random_ruehl_mask,strong,157,270920417,40,WAIT,WAIT,0.06350001785904169,False,False,False,False,False,False,False
random_ruehl_mask,strong,157,270920417,41,WAIT,WAIT,0.03979192115366459,False,True,False,False,False,False,False
random_ruehl_mask,strong,157,270920417,42,WAIT,WAIT,0.05149992648512125,False,False,False,False,False,False,False
random_ruehl_mask,strong,157,270920417,43,UP,UP,0.05508307367563248,False,False,False,False,False,False,False
random_ruehl_mask,strong,157,270920417,44,UP,UP,0.08766702376306057,False,False,False,False,False,False,False
random_ruehl_mask,strong,157,270920417,45,UP,UP,0.08404208347201347,False,False,False,False,False,False,False
random_ruehl_mask,strong,157,270920417,46,WAIT,WAIT,0.07420906331390142,False,False,False,False,False,False,True
random_ruehl_mask,strong,157,270920417,47,BOMB,BOMB,0.08849997539073229,False,False,False,True,False,False,True
random_ruehl_mask,strong,157,270920417,48,DOWN,DOWN,0.05000003147870302,False,False,False,False,False,False,True
random_ruehl_mask,strong,157,270920417,49,WAIT,WAIT,0.046874978579580784,False,False,False,False,False,False,True
random_ruehl_mask,strong,157,270920417,50,WAIT,WAIT,0.045082997530698776,False,False,False,False,False,False,True
random_ruehl_mask,strong,157,270920417,51,WAIT,WAIT,0.05441601388156414,False,False,False,False,False,False,True
random_ruehl_mask,strong,158,270920418,1,DOWN,DOWN,0.10170903988182545,False,True,False,False,False,False,False
random_ruehl_mask,strong,158,270920418,2,DOWN,DOWN,0.07516599725931883,False,False,False,False,False,False,False
random_ruehl_mask,strong,158,270920418,3,WAIT,WAIT,0.07554201874881983,False,False,False,False,False,False,False
random_ruehl_mask,strong,158,270920418,4,WAIT,WAIT,0.09895791299641132,False,False,False,False,False,False,False
random_ruehl_mask,strong,158,270920418,5,UP,UP,0.09450002107769251,False,False,False,False,False,False,False
random_ruehl_mask,strong,158,270920418,6,DOWN,DOWN,0.08575001265853643,False,False,False,False,False,False,False
random_ruehl_mask,strong,158,270920418,7,BOMB,BOMB,0.08612498641014099,False,False,False,True,False,False,False
random_ruehl_mask,strong,158,270920418,8,UP,UP,0.06750004831701517,False,False,False,False,False,False,False
random_ruehl_mask,strong,158,270920418,9,WAIT,WAIT,0.05204102490097284,False,False,False,False,False,False,False
random_ruehl_mask,strong,158,270920418,10,UP,UP,0.06191700231283903,False,False,False,False,False,False,False
random_ruehl_mask,strong,158,270920418,11,LEFT,LEFT,0.05179201252758503,False,True,False,False,False,False,False
random_ruehl_mask,strong,158,270920418,12,WAIT,WAIT,0.06304099224507809,False,False,False,False,False,False,False
random_ruehl_mask,strong,158,270920418,13,WAIT,WAIT,0.06562494672834873,False,False,False,False,False,False,False
random_ruehl_mask,strong,158,270920418,14,WAIT,WAIT,0.09712507016956806,False,False,False,False,False,False,False
random_ruehl_mask,strong,158,270920418,15,WAIT,WAIT,0.11399993672966957,False,False,False,False,False,False,False
random_ruehl_mask,strong,158,270920418,16,BOMB,BOMB,0.0725829740986228,False,False,False,True,False,False,False
random_ruehl_mask,strong,158,270920418,17,RIGHT,RIGHT,0.03929203376173973,False,False,False,False,False,False,False
random_ruehl_mask,strong,158,270920418,18,DOWN,DOWN,0.03741693217307329,False,False,False,False,False,False,False
random_ruehl_mask,strong,158,270920418,19,DOWN,DOWN,0.06116693839430809,False,False,False,False,False,False,False
random_ruehl_mask,strong,158,270920418,20,UP,UP,0.08929101750254631,False,False,False,False,False,False,False
random_ruehl_mask,strong,158,270920418,21,WAIT,WAIT,0.0724999699741602,False,True,False,False,False,False,False
random_ruehl_mask,strong,158,270920418,22,UP,UP,0.06400002166628838,False,False,False,False,False,False,False
random_ruehl_mask,strong,158,270920418,23,DOWN,DOWN,0.08591602090746164,False,False,False,False,False,False,False
random_ruehl_mask,strong,158,270920418,24,DOWN,DOWN,0.05479203537106514,False,False,False,False,False,False,False
random_ruehl_mask,strong,158,270920418,25,WAIT,WAIT,0.05462497938424349,False,False,False,False,False,False,False
random_ruehl_mask,strong,158,270920418,26,DOWN,DOWN,0.06791704799979925,False,False,False,False,False,False,False
random_ruehl_mask,strong,158,270920418,27,WAIT,WAIT,0.07983308751136065,False,False,False,False,False,False,False
random_ruehl_mask,strong,158,270920418,28,DOWN,DOWN,0.0790000194683671,False,False,False,False,False,False,False
random_ruehl_mask,strong,158,270920418,29,LEFT,LEFT,0.10583305265754461,False,False,False,False,False,False,False
random_ruehl_mask,strong,158,270920418,30,WAIT,WAIT,0.10458310134708881,False,False,False,False,False,False,False
random_ruehl_mask,strong,158,270920418,31,BOMB,BOMB,0.08837494533509016,False,True,False,True,False,False,False
random_ruehl_mask,strong,158,270920418,32,RIGHT,RIGHT,0.07312500383704901,False,False,False,False,False,False,False
random_ruehl_mask,strong,158,270920418,33,UP,UP,0.04658300895243883,False,False,False,False,False,False,False
random_ruehl_mask,strong,158,270920418,34,UP,UP,0.05095801316201687,False,False,False,False,False,False,False
random_ruehl_mask,strong,158,270920418,35,WAIT,WAIT,0.06920809391885996,False,False,False,False,False,False,False
random_ruehl_mask,strong,158,270920418,36,WAIT,WAIT,0.04804099444299936,False,False,False,False,False,False,False
random_ruehl_mask,strong,158,270920418,37,WAIT,WAIT,0.0362499849870801,False,False,False,False,False,False,False
random_ruehl_mask,strong,158,270920418,38,WAIT,WAIT,0.08174998220056295,False,False,False,False,False,False,False
random_ruehl_mask,strong,158,270920418,39,LEFT,LEFT,0.06504100747406483,False,False,False,False,False,False,False
random_ruehl_mask,strong,158,270920418,40,WAIT,WAIT,0.08366699330508709,False,False,False,False,False,False,False
random_ruehl_mask,strong,158,270920418,41,WAIT,WAIT,0.07329205982387066,False,True,False,False,False,False,False
random_ruehl_mask,strong,158,270920418,42,RIGHT,RIGHT,0.07979199290275574,False,False,False,False,False,False,False
random_ruehl_mask,strong,158,270920418,43,WAIT,WAIT,0.0635830219835043,False,False,False,False,False,False,False
random_ruehl_mask,strong,158,270920418,44,WAIT,WAIT,0.08704105857759714,False,False,False,False,False,False,False
random_ruehl_mask,strong,158,270920418,45,UP,UP,0.06791704799979925,False,False,False,False,False,False,False
random_ruehl_mask,strong,158,270920418,46,UP,UP,0.05604198668152094,False,False,False,False,False,False,False
random_ruehl_mask,strong,158,270920418,47,DOWN,DOWN,0.048083020374178886,False,False,False,False,False,False,False
random_ruehl_mask,strong,158,270920418,48,DOWN,DOWN,0.06087496876716614,False,False,False,False,False,False,False
random_ruehl_mask,strong,158,270920418,49,LEFT,LEFT,0.05787494592368603,False,False,False,False,False,False,False
random_ruehl_mask,strong,158,270920418,50,RIGHT,RIGHT,0.07575005292892456,False,False,False,False,False,False,False
random_ruehl_mask,strong,158,270920418,51,DOWN,DOWN,0.05262496415525675,False,True,False,False,False,False,False
random_ruehl_mask,strong,158,270920418,52,DOWN,DOWN,0.061208033002913,False,False,False,False,False,False,False
random_ruehl_mask,strong,158,270920418,53,LEFT,LEFT,0.06974989082664251,False,False,False,False,False,False,False
random_ruehl_mask,strong,158,270920418,54,RIGHT,RIGHT,0.08300004992634058,False,False,False,False,False,False,False
random_ruehl_mask,strong,158,270920418,55,UP,UP,0.07641699630767107,False,False,False,False,False,False,False
random_ruehl_mask,strong,158,270920418,56,UP,UP,0.05729193799197674,False,False,False,False,False,False,False
random_ruehl_mask,strong,158,270920418,57,DOWN,DOWN,0.08220796007663012,False,False,False,False,False,False,False
random_ruehl_mask,strong,158,270920418,58,DOWN,DOWN,0.05625002086162567,False,False,False,False,False,False,False
random_ruehl_mask,strong,158,270920418,59,DOWN,DOWN,0.06550003308802843,False,False,False,False,False,False,False
random_ruehl_mask,strong,158,270920418,60,UP,UP,0.06116693839430809,False,False,False,False,False,False,False
random_ruehl_mask,strong,158,270920418,61,DOWN,DOWN,0.061959028244018555,False,True,False,False,False,False,False
random_ruehl_mask,strong,158,270920418,62,UP,UP,0.06025005131959915,False,False,False,False,False,False,False
random_ruehl_mask,strong,158,270920418,63,WAIT,WAIT,0.0701249809935689,False,False,False,False,False,False,False
random_ruehl_mask,strong,158,270920418,64,DOWN,DOWN,0.05941605195403099,False,False,False,False,False,False,False
random_ruehl_mask,strong,158,270920418,65,DOWN,DOWN,0.05537504330277443,False,False,False,False,False,False,True
random_ruehl_mask,strong,158,270920418,66,BOMB,BOMB,0.11241703759878874,False,False,False,True,False,False,True
random_ruehl_mask,strong,158,270920418,67,DOWN,DOWN,0.05608401261270046,False,False,False,False,False,False,True
random_ruehl_mask,strong,158,270920418,68,DOWN,DOWN,0.04812492989003658,False,False,False,False,False,False,True
random_ruehl_mask,strong,158,270920418,69,WAIT,WAIT,0.058750039897859097,False,False,False,False,False,False,True
random_ruehl_mask,strong,158,270920418,70,DOWN,DOWN,0.04570907913148403,False,False,False,False,False,False,True
random_ruehl_mask,strong,159,270920419,1,LEFT,LEFT,0.10258401744067669,False,True,False,False,False,False,False
random_ruehl_mask,strong,159,270920419,2,WAIT,WAIT,0.07795903366059065,False,False,False,False,False,False,False
random_ruehl_mask,strong,159,270920419,3,BOMB,BOMB,0.0688750296831131,False,False,False,True,False,False,False
random_ruehl_mask,strong,159,270920419,4,RIGHT,RIGHT,0.038624973967671394,False,False,False,False,False,False,False
random_ruehl_mask,strong,159,270920419,5,WAIT,WAIT,0.05437503568828106,False,False,False,False,False,False,False
random_ruehl_mask,strong,159,270920419,6,DOWN,DOWN,0.06712495815008879,False,False,False,False,False,False,False
random_ruehl_mask,strong,159,270920419,7,WAIT,WAIT,0.06325007416307926,False,False,False,False,False,False,False
random_ruehl_mask,strong,159,270920419,8,WAIT,WAIT,0.048625050112605095,False,False,False,False,False,False,False
random_ruehl_mask,strong,159,270920419,9,WAIT,WAIT,0.03475008998066187,False,False,False,False,False,False,False
random_ruehl_mask,strong,159,270920419,10,UP,UP,0.06479199510067701,False,False,False,False,False,False,False
random_ruehl_mask,strong,159,270920419,11,LEFT,LEFT,0.10874995496124029,False,True,False,False,False,False,False
random_ruehl_mask,strong,159,270920419,12,LEFT,LEFT,0.05124998278915882,False,False,False,False,False,False,False
random_ruehl_mask,strong,159,270920419,13,WAIT,WAIT,0.13599998783320189,False,False,False,False,False,False,False
random_ruehl_mask,strong,159,270920419,14,LEFT,LEFT,0.1128331059589982,False,False,False,False,False,False,False
random_ruehl_mask,strong,159,270920419,15,RIGHT,RIGHT,0.10358390863984823,False,False,False,False,False,False,False
random_ruehl_mask,strong,159,270920419,16,LEFT,LEFT,0.07987499702721834,False,False,False,False,False,False,False
random_ruehl_mask,strong,159,270920419,17,LEFT,LEFT,0.0951660331338644,False,False,False,False,False,False,True
random_ruehl_mask,strong,159,270920419,18,BOMB,BOMB,0.07712503429502249,False,False,False,True,False,False,True
random_ruehl_mask,strong,159,270920419,19,RIGHT,RIGHT,0.03666698466986418,False,False,False,False,False,False,True
random_ruehl_mask,strong,159,270920419,20,RIGHT,RIGHT,0.05925004370510578,False,False,False,False,False,False,True
random_ruehl_mask,strong,159,270920419,21,WAIT,WAIT,0.08112506475299597,False,True,True,False,False,False,True
random_ruehl_mask,strong,159,270920419,22,LEFT,LEFT,0.07345806807279587,False,False,False,False,False,False,True
random_ruehl_mask,strong,160,270920420,1,RIGHT,RIGHT,0.09999994654208422,False,True,False,False,False,False,False
random_ruehl_mask,strong,160,270920420,2,WAIT,WAIT,0.0938749872148037,False,False,False,False,False,False,False
random_ruehl_mask,strong,160,270920420,3,BOMB,BOMB,0.07645797450095415,False,False,False,True,False,False,False
random_ruehl_mask,strong,160,270920420,4,LEFT,LEFT,0.039917067624628544,False,False,False,False,False,False,False
random_ruehl_mask,strong,160,270920420,5,DOWN,DOWN,0.059416983276605606,False,False,False,False,False,False,False
random_ruehl_mask,strong,160,270920420,6,WAIT,WAIT,0.06479199510067701,False,False,False,False,False,False,False
random_ruehl_mask,strong,160,270920420,7,WAIT,WAIT,0.058875069953501225,False,False,False,False,False,False,False
random_ruehl_mask,strong,160,270920420,8,WAIT,WAIT,0.04125002305954695,False,False,False,False,False,False,False
random_ruehl_mask,strong,160,270920420,9,UP,UP,0.044792075641453266,False,False,False,False,False,False,False
random_ruehl_mask,strong,160,270920420,10,WAIT,WAIT,0.08237501606345177,False,False,False,False,False,False,False
random_ruehl_mask,strong,160,270920420,11,RIGHT,RIGHT,0.07754203397780657,False,True,False,False,False,False,False
random_ruehl_mask,strong,160,270920420,12,LEFT,LEFT,0.05904096178710461,False,False,False,False,False,False,False
random_ruehl_mask,strong,160,270920420,13,DOWN,DOWN,0.10000006295740604,False,False,False,False,False,False,False
random_ruehl_mask,strong,160,270920420,14,WAIT,WAIT,0.11004204861819744,False,False,False,False,False,False,False
random_ruehl_mask,strong,160,270920420,15,UP,UP,0.08245802018791437,False,False,False,False,False,False,False
random_ruehl_mask,strong,160,270920420,16,RIGHT,RIGHT,0.07679208647459745,False,False,False,False,False,False,False
random_ruehl_mask,strong,160,270920420,17,WAIT,WAIT,0.051332986913621426,False,False,False,False,False,False,False
random_ruehl_mask,strong,160,270920420,18,RIGHT,RIGHT,0.04800001624971628,False,False,False,False,False,False,False
random_ruehl_mask,strong,160,270920420,19,WAIT,WAIT,0.07858395110815763,False,False,False,False,False,False,False
random_ruehl_mask,strong,160,270920420,20,RIGHT,RIGHT,0.07854204159229994,False,False,False,False,False,False,False
random_ruehl_mask,strong,160,270920420,21,RIGHT,RIGHT,0.0903330510482192,False,True,False,False,False,False,False
random_ruehl_mask,strong,160,270920420,22,BOMB,BOMB,0.08975004311650991,False,False,False,True,False,False,False
random_ruehl_mask,strong,160,270920420,23,LEFT,LEFT,0.08229201193898916,False,False,False,False,False,False,False
random_ruehl_mask,strong,160,270920420,24,LEFT,LEFT,0.053416937589645386,False,False,False,False,False,False,False
random_ruehl_mask,strong,160,270920420,25,LEFT,LEFT,0.05566596519201994,False,False,False,False,False,False,False
random_ruehl_mask,strong,160,270920420,26,LEFT,LEFT,0.0726659782230854,False,False,False,False,False,False,False
random_ruehl_mask,strong,160,270920420,27,WAIT,WAIT,0.04941702354699373,False,False,False,False,False,False,False
random_ruehl_mask,strong,160,270920420,28,RIGHT,RIGHT,0.04670803900808096,False,False,False,False,False,False,False
random_ruehl_mask,strong,160,270920420,29,LEFT,LEFT,0.06391701754182577,False,False,False,False,False,False,False
random_ruehl_mask,strong,160,270920420,30,RIGHT,RIGHT,0.09333295747637749,False,False,False,False,False,False,False
random_ruehl_mask,strong,160,270920420,31,LEFT,LEFT,0.05358306225389242,False,True,False,False,False,False,False
random_ruehl_mask,strong,160,270920420,32,DOWN,DOWN,0.07837498560547829,False,False,False,False,False,False,False
random_ruehl_mask,strong,160,270920420,33,UP,UP,0.0631249276921153,False,False,False,False,False,False,False
random_ruehl_mask,strong,160,270920420,34,RIGHT,RIGHT,0.11729204561561346,False,False,False,False,False,False,False
random_ruehl_mask,strong,160,270920420,35,LEFT,LEFT,0.0551670091226697,False,False,False,False,False,False,False
random_ruehl_mask,strong,160,270920420,36,RIGHT,RIGHT,0.08420809172093868,False,False,False,False,False,False,False
random_ruehl_mask,strong,160,270920420,37,LEFT,LEFT,0.054458039812743664,False,False,False,False,False,False,False
random_ruehl_mask,strong,160,270920420,38,RIGHT,RIGHT,0.11829205323010683,False,False,False,False,False,False,False
random_ruehl_mask,strong,160,270920420,39,WAIT,WAIT,0.060959020629525185,False,False,False,False,False,False,False
random_ruehl_mask,strong,160,270920420,40,RIGHT,RIGHT,0.0577499158680439,False,False,False,False,False,False,False
random_ruehl_mask,strong,160,270920420,41,LEFT,LEFT,0.0812500948086381,False,True,False,False,False,False,False
random_ruehl_mask,strong,160,270920420,42,LEFT,LEFT,0.07233303040266037,False,False,False,False,False,False,True
random_ruehl_mask,strong,160,270920420,43,BOMB,BOMB,0.12995803263038397,False,False,False,True,False,False,True
random_ruehl_mask,strong,160,270920420,44,DOWN,DOWN,0.061166007071733475,False,False,False,False,False,False,True
random_ruehl_mask,strong,160,270920420,45,WAIT,WAIT,0.038541038520634174,False,False,False,False,False,False,True
random_ruehl_mask,strong,160,270920420,46,WAIT,WAIT,0.06791693158447742,False,False,False,False,False,False,True
random_ruehl_mask,strong,160,270920420,47,WAIT,WAIT,0.05450006574392319,False,False,False,False,False,False,True
random_ruehl_mask,strong,161,270920421,1,DOWN,DOWN,0.10529195424169302,False,True,False,False,False,False,False
random_ruehl_mask,strong,161,270920421,2,DOWN,DOWN,0.09704206604510546,False,False,False,False,False,False,True
random_ruehl_mask,strong,161,270920421,3,BOMB,BOMB,0.085500068962574,False,False,False,True,False,False,True
random_ruehl_mask,strong,161,270920421,4,UP,UP,0.038792029954493046,False,False,False,False,False,False,True
random_ruehl_mask,strong,161,270920421,5,WAIT,WAIT,0.07800001185387373,False,False,False,False,False,False,True
random_ruehl_mask,strong,161,270920421,6,WAIT,WAIT,0.07095898035913706,False,False,False,False,False,False,True
random_ruehl_mask,strong,161,270920421,7,UP,UP,0.06233400199562311,False,False,False,False,False,False,True
random_ruehl_mask,strong,162,270920422,1,WAIT,WAIT,0.09866699110716581,False,True,False,False,False,False,False
random_ruehl_mask,strong,162,270920422,2,UP,UP,0.07666705641895533,False,False,False,False,False,False,False
random_ruehl_mask,strong,162,270920422,3,BOMB,BOMB,0.06795895751565695,False,False,False,True,False,False,False
random_ruehl_mask,strong,162,270920422,4,DOWN,DOWN,0.03666698466986418,False,False,False,False,False,False,False
random_ruehl_mask,strong,162,270920422,5,LEFT,LEFT,0.059416983276605606,False,False,False,False,False,False,False
random_ruehl_mask,strong,162,270920422,6,WAIT,WAIT,0.08758401963859797,False,False,False,False,False,False,False
random_ruehl_mask,strong,162,270920422,7,WAIT,WAIT,0.07941701915115118,False,False,False,False,False,False,False
random_ruehl_mask,strong,162,270920422,8,WAIT,WAIT,0.04670803900808096,False,False,False,False,False,False,False
random_ruehl_mask,strong,162,270920422,9,RIGHT,RIGHT,0.04191603511571884,False,False,False,False,False,False,False
random_ruehl_mask,strong,162,270920422,10,WAIT,WAIT,0.0861660810187459,False,False,False,False,False,False,False
random_ruehl_mask,strong,162,270920422,11,LEFT,LEFT,0.09004201274365187,False,True,False,False,False,False,False
random_ruehl_mask,strong,162,270920422,12,BOMB,BOMB,0.07508404087275267,False,False,False,True,False,False,False
random_ruehl_mask,strong,162,270920422,13,RIGHT,RIGHT,0.059292069636285305,False,False,False,False,False,False,False
random_ruehl_mask,strong,162,270920422,14,UP,UP,0.05549995694309473,False,False,False,False,False,False,False
random_ruehl_mask,strong,162,270920422,15,WAIT,WAIT,0.10370800737291574,False,False,False,False,False,False,False
random_ruehl_mask,strong,162,270920422,16,WAIT,WAIT,0.05545897874981165,False,False,False,False,False,False,False
random_ruehl_mask,strong,162,270920422,17,WAIT,WAIT,0.0464579788967967,False,False,False,False,False,False,False
random_ruehl_mask,strong,162,270920422,18,DOWN,DOWN,0.03812497016042471,False,False,False,False,False,False,False
random_ruehl_mask,strong,162,270920422,19,LEFT,LEFT,0.05324999801814556,False,False,False,False,False,False,False
random_ruehl_mask,strong,162,270920422,20,WAIT,WAIT,0.05237502045929432,False,False,False,False,False,False,False
random_ruehl_mask,strong,162,270920422,21,LEFT,LEFT,0.07766694761812687,False,True,False,False,False,False,False
random_ruehl_mask,strong,162,270920422,22,UP,UP,0.11150003410875797,False,False,False,False,False,False,False
random_ruehl_mask,strong,162,270920422,23,DOWN,DOWN,0.14100002590566874,False,False,False,False,False,False,False
random_ruehl_mask,strong,162,270920422,24,WAIT,WAIT,0.09600003249943256,False,False,False,False,False,False,False
random_ruehl_mask,strong,162,270920422,25,WAIT,WAIT,0.08487491868436337,False,False,False,False,False,False,False
random_ruehl_mask,strong,162,270920422,26,LEFT,LEFT,0.10266597382724285,False,False,False,False,False,False,False
random_ruehl_mask,strong,162,270920422,27,RIGHT,RIGHT,0.07741700392216444,False,False,False,False,False,False,False
random_ruehl_mask,strong,162,270920422,28,UP,UP,0.0826660543680191,False,False,False,False,False,False,False
random_ruehl_mask,strong,162,270920422,29,DOWN,DOWN,0.07479102350771427,False,False,False,False,False,False,False
random_ruehl_mask,strong,162,270920422,30,WAIT,WAIT,0.095625058747828,False,False,False,False,False,False,False
random_ruehl_mask,strong,162,270920422,31,WAIT,WAIT,0.10695797391235828,False,True,False,False,False,False,False
random_ruehl_mask,strong,162,270920422,32,RIGHT,RIGHT,0.12391700875014067,False,False,False,False,False,False,False
random_ruehl_mask,strong,162,270920422,33,RIGHT,RIGHT,0.061542028561234474,False,False,False,False,False,False,False
random_ruehl_mask,strong,162,270920422,34,WAIT,WAIT,0.061584054492414,False,False,False,False,False,False,False
random_ruehl_mask,strong,162,270920422,35,UP,UP,0.057875062339007854,False,False,False,False,False,False,False
random_ruehl_mask,strong,162,270920422,36,DOWN,DOWN,0.05558307748287916,False,False,False,False,False,False,False
random_ruehl_mask,strong,162,270920422,37,WAIT,WAIT,0.07037504110485315,False,False,False,False,False,False,False
random_ruehl_mask,strong,162,270920422,38,WAIT,WAIT,0.0789170153439045,False,False,False,False,False,False,False
random_ruehl_mask,strong,162,270920422,39,LEFT,LEFT,0.0613329466432333,False,False,False,False,False,False,False
random_ruehl_mask,strong,162,270920422,40,LEFT,LEFT,0.0706670107319951,False,False,False,False,False,False,False
random_ruehl_mask,strong,162,270920422,41,WAIT,WAIT,0.11791696306318045,False,True,False,False,False,False,False
random_ruehl_mask,strong,162,270920422,42,WAIT,WAIT,0.11962500866502523,False,False,False,False,False,False,False
random_ruehl_mask,strong,162,270920422,43,LEFT,LEFT,0.12250000145286322,False,False,False,False,False,False,False
random_ruehl_mask,strong,162,270920422,44,LEFT,LEFT,0.0951249385252595,False,False,False,False,False,False,False
random_ruehl_mask,strong,162,270920422,45,WAIT,WAIT,0.1099579967558384,False,False,False,False,False,False,False
random_ruehl_mask,strong,162,270920422,46,RIGHT,RIGHT,0.10766705963760614,False,False,False,False,False,False,False
random_ruehl_mask,strong,162,270920422,47,LEFT,LEFT,0.09608292020857334,False,False,False,False,False,False,False
random_ruehl_mask,strong,162,270920422,48,BOMB,BOMB,0.10733294766396284,False,False,False,True,True,False,False
random_ruehl_mask,strong,162,270920422,49,RIGHT,RIGHT,0.05500006955116987,False,False,False,False,False,False,False
random_ruehl_mask,strong,162,270920422,50,RIGHT,RIGHT,0.08858391083776951,False,False,False,False,False,False,False
random_ruehl_mask,strong,162,270920422,51,UP,UP,0.08549995254725218,False,True,False,False,False,False,False
random_ruehl_mask,strong,162,270920422,52,WAIT,WAIT,0.07908290717750788,False,False,False,False,False,False,False
random_ruehl_mask,strong,162,270920422,53,WAIT,WAIT,0.054916017688810825,False,False,False,False,False,False,False
random_ruehl_mask,strong,162,270920422,54,DOWN,DOWN,0.041375053115189075,False,False,False,False,False,False,True
random_ruehl_mask,strong,162,270920422,55,BOMB,BOMB,0.08895806968212128,False,False,False,True,False,False,True
random_ruehl_mask,strong,162,270920422,56,RIGHT,RIGHT,0.05945796146988869,False,False,False,False,False,False,True
random_ruehl_mask,strong,162,270920422,57,WAIT,WAIT,0.057292054407298565,False,False,False,False,False,False,True
random_ruehl_mask,strong,162,270920422,58,WAIT,WAIT,0.08079200051724911,False,False,False,False,False,False,True
random_ruehl_mask,strong,162,270920422,59,RIGHT,RIGHT,0.08145894389599562,False,False,False,False,False,False,True
random_ruehl_mask,strong,163,270920423,1,DOWN,DOWN,0.10591605678200722,False,True,False,False,False,False,False
random_ruehl_mask,strong,163,270920423,2,WAIT,WAIT,0.07554097101092339,False,False,False,False,False,False,False
random_ruehl_mask,strong,163,270920423,3,WAIT,WAIT,0.09095901623368263,False,False,False,False,False,False,False
random_ruehl_mask,strong,163,270920423,4,UP,UP,0.07237493991851807,False,False,False,False,False,False,False
random_ruehl_mask,strong,163,270920423,5,DOWN,DOWN,0.10179099626839161,False,False,False,False,False,False,False
random_ruehl_mask,strong,163,270920423,6,WAIT,WAIT,0.09674998000264168,False,False,False,False,False,False,False
random_ruehl_mask,strong,163,270920423,7,UP,UP,0.1040829811245203,False,False,False,False,False,False,False
random_ruehl_mask,strong,163,270920423,8,DOWN,DOWN,0.07754098623991013,False,False,False,False,False,False,False
random_ruehl_mask,strong,163,270920423,9,BOMB,BOMB,0.06841705180704594,False,False,False,True,False,False,False
random_ruehl_mask,strong,163,270920423,10,UP,UP,0.03837491385638714,False,False,False,False,False,False,False
random_ruehl_mask,strong,163,270920423,11,WAIT,WAIT,0.08612498641014099,False,True,False,False,False,False,False
random_ruehl_mask,strong,163,270920423,12,LEFT,LEFT,0.05458306986838579,False,False,False,False,False,False,False
random_ruehl_mask,strong,163,270920423,13,WAIT,WAIT,0.06604194641113281,False,False,False,False,False,False,False
random_ruehl_mask,strong,163,270920423,14,WAIT,WAIT,0.06579107139259577,False,False,False,False,False,False,False
random_ruehl_mask,strong,163,270920423,15,RIGHT,RIGHT,0.07349997758865356,False,False,False,False,False,False,False
random_ruehl_mask,strong,163,270920423,16,DOWN,DOWN,0.08999998681247234,False,False,False,False,False,False,False
random_ruehl_mask,strong,163,270920423,17,WAIT,WAIT,0.050416914746165276,False,False,False,False,False,False,False
random_ruehl_mask,strong,163,270920423,18,UP,UP,0.04912505391985178,False,False,False,False,False,False,True
random_ruehl_mask,strong,163,270920423,19,BOMB,BOMB,0.09170803241431713,False,False,False,True,False,False,True
random_ruehl_mask,strong,163,270920423,20,LEFT,LEFT,0.05820905789732933,False,False,False,False,False,False,True
random_ruehl_mask,strong,163,270920423,21,WAIT,WAIT,0.06745790597051382,False,False,False,False,False,False,True
random_ruehl_mask,strong,163,270920423,22,WAIT,WAIT,0.0714579364284873,False,False,False,False,False,False,True
random_ruehl_mask,strong,163,270920423,23,WAIT,WAIT,0.06420793943107128,False,False,False,False,False,False,True
random_ruehl_mask,strong,164,270920424,1,LEFT,LEFT,0.1004999503493309,False,True,False,False,False,False,False
random_ruehl_mask,strong,164,270920424,2,BOMB,BOMB,0.0640420475974679,False,False,False,True,False,False,False
random_ruehl_mask,strong,164,270920424,3,RIGHT,RIGHT,0.03516592551022768,False,False,False,False,False,False,False
random_ruehl_mask,strong,164,270920424,4,WAIT,WAIT,0.06637501064687967,False,False,False,False,False,False,False
random_ruehl_mask,strong,164,270920424,5,UP,UP,0.06804196164011955,False,False,False,False,False,False,False
random_ruehl_mask,strong,164,270920424,6,WAIT,WAIT,0.09137496817857027,False,False,False,False,False,False,False
random_ruehl_mask,strong,164,270920424,7,WAIT,WAIT,0.06591598503291607,False,False,False,False,False,False,False
random_ruehl_mask,strong,164,270920424,8,WAIT,WAIT,0.037792022339999676,False,False,False,False,False,False,False
random_ruehl_mask,strong,164,270920424,9,DOWN,DOWN,0.07141695823520422,False,False,False,False,False,False,True
random_ruehl_mask,strong,164,270920424,10,BOMB,BOMB,0.07979199290275574,False,False,False,True,False,False,True
random_ruehl_mask,strong,164,270920424,11,UP,UP,0.03766699228435755,False,True,True,False,False,False,True
random_ruehl_mask,strong,164,270920424,12,WAIT,WAIT,0.048833899199962616,False,False,False,False,False,False,True
random_ruehl_mask,strong,164,270920424,13,WAIT,WAIT,0.0879580620676279,False,False,False,False,False,False,True
random_ruehl_mask,strong,164,270920424,14,WAIT,WAIT,0.07624994032084942,False,False,False,False,False,False,True
random_ruehl_mask,strong,165,270920425,1,UP,UP,0.10083301458507776,False,True,False,False,False,False,False
random_ruehl_mask,strong,165,270920425,2,DOWN,DOWN,0.07112498860806227,False,False,False,False,False,False,False
random_ruehl_mask,strong,165,270920425,3,WAIT,WAIT,0.10062498040497303,False,False,False,False,False,False,False
random_ruehl_mask,strong,165,270920425,4,UP,UP,0.07904111407697201,False,False,False,False,False,False,False
random_ruehl_mask,strong,165,270920425,5,WAIT,WAIT,0.10325002949684858,False,False,False,False,False,False,False
random_ruehl_mask,strong,165,270920425,6,WAIT,WAIT,0.08541694842278957,False,False,False,False,False,False,False
random_ruehl_mask,strong,165,270920425,7,BOMB,BOMB,0.10612490586936474,False,False,False,True,False,False,False
random_ruehl_mask,strong,165,270920425,8,DOWN,DOWN,0.04333304241299629,False,False,False,False,False,False,False
random_ruehl_mask,strong,165,270920425,9,WAIT,WAIT,0.04033301956951618,False,False,False,False,False,False,False
random_ruehl_mask,strong,165,270920425,10,RIGHT,RIGHT,0.04850002005696297,False,False,False,False,False,False,False
random_ruehl_mask,strong,165,270920425,11,RIGHT,RIGHT,0.04983297549188137,False,True,False,False,False,False,False
random_ruehl_mask,strong,165,270920425,12,WAIT,WAIT,0.04495796747505665,False,False,False,False,False,False,False
random_ruehl_mask,strong,165,270920425,13,WAIT,WAIT,0.06545800715684891,False,False,False,False,False,False,False
random_ruehl_mask,strong,165,270920425,14,LEFT,LEFT,0.10941596701741219,False,False,False,False,False,False,False
random_ruehl_mask,strong,165,270920425,15,RIGHT,RIGHT,0.11654198169708252,False,False,False,False,False,False,False
random_ruehl_mask,strong,165,270920425,16,BOMB,BOMB,0.07241603452712297,False,False,False,True,False,False,False
random_ruehl_mask,strong,165,270920425,17,LEFT,LEFT,0.03529200330376625,False,False,False,False,False,False,False
random_ruehl_mask,strong,165,270920425,18,LEFT,LEFT,0.046332948841154575,False,False,False,False,False,False,False
random_ruehl_mask,strong,165,270920425,19,UP,UP,0.051709008403122425,False,False,False,False,False,False,False
random_ruehl_mask,strong,165,270920425,20,WAIT,WAIT,0.05595793481916189,False,False,False,False,False,False,False
random_ruehl_mask,strong,165,270920425,21,WAIT,WAIT,0.05508295726031065,False,True,False,False,False,False,False
random_ruehl_mask,strong,165,270920425,22,UP,UP,0.06066588684916496,False,False,False,False,False,False,False
random_ruehl_mask,strong,165,270920425,23,DOWN,DOWN,0.09791692718863487,False,False,False,False,False,False,False
random_ruehl_mask,strong,165,270920425,24,UP,UP,0.07862504571676254,False,False,False,False,False,False,False
random_ruehl_mask,strong,165,270920425,25,WAIT,WAIT,0.08841697126626968,False,False,False,False,False,False,False
random_ruehl_mask,strong,165,270920425,26,DOWN,DOWN,0.08454103954136372,False,False,False,False,False,False,False
random_ruehl_mask,strong,165,270920425,27,WAIT,WAIT,0.048874993808567524,False,False,False,False,False,False,False
random_ruehl_mask,strong,165,270920425,28,UP,UP,0.06958399899303913,False,False,False,False,False,False,True
random_ruehl_mask,strong,165,270920425,29,BOMB,BOMB,0.09554100688546896,False,False,False,True,False,False,True
random_ruehl_mask,strong,165,270920425,30,UP,UP,0.05445897113531828,False,False,False,False,False,False,True
random_ruehl_mask,strong,165,270920425,31,UP,UP,0.06883405148983002,False,False,False,False,False,False,True
random_ruehl_mask,strong,165,270920425,32,WAIT,WAIT,0.059582991525530815,False,False,False,False,False,False,True
random_ruehl_mask,strong,165,270920425,33,DOWN,DOWN,0.06654101889580488,False,False,False,False,False,False,True
random_ruehl_mask,strong,166,270920426,1,UP,UP,0.10212499182671309,False,True,False,False,False,False,False
random_ruehl_mask,strong,166,270920426,2,BOMB,BOMB,0.1015419838950038,False,False,False,True,False,False,False
random_ruehl_mask,strong,166,270920426,3,DOWN,DOWN,0.03895792178809643,False,False,False,False,False,False,False
random_ruehl_mask,strong,166,270920426,4,LEFT,LEFT,0.037041958421468735,False,False,False,False,False,False,False
random_ruehl_mask,strong,166,270920426,5,WAIT,WAIT,0.06458291318267584,False,False,False,False,False,False,False
random_ruehl_mask,strong,166,270920426,6,WAIT,WAIT,0.06204191595315933,False,False,False,False,False,False,False
random_ruehl_mask,strong,166,270920426,7,WAIT,WAIT,0.08183298632502556,False,False,False,False,False,False,False
random_ruehl_mask,strong,166,270920426,8,RIGHT,RIGHT,0.04454096779227257,False,False,False,False,False,False,False
random_ruehl_mask,strong,166,270920426,9,LEFT,LEFT,0.0915419077500701,False,False,False,False,False,False,False
random_ruehl_mask,strong,166,270920426,10,RIGHT,RIGHT,0.07225002627819777,False,False,False,False,False,False,False
random_ruehl_mask,strong,166,270920426,11,UP,UP,0.08220796007663012,False,True,False,False,False,False,False
random_ruehl_mask,strong,166,270920426,12,DOWN,DOWN,0.07416692096740007,False,False,False,False,False,False,True
random_ruehl_mask,strong,166,270920426,13,BOMB,BOMB,0.11683302000164986,False,False,False,True,False,False,True
random_ruehl_mask,strong,166,270920426,14,UP,UP,0.06433401722460985,False,False,False,False,False,False,True
random_ruehl_mask,strong,166,270920426,15,UP,UP,0.08229201193898916,False,False,False,False,False,False,True
random_ruehl_mask,strong,166,270920426,16,DOWN,DOWN,0.05137501284480095,False,False,False,False,False,False,True
random_ruehl_mask,strong,166,270920426,17,UP,UP,0.06945803761482239,False,False,False,False,False,False,True
random_ruehl_mask,strong,167,270920427,1,WAIT,WAIT,0.10570907033979893,False,True,False,False,False,False,False
random_ruehl_mask,strong,167,270920427,2,RIGHT,RIGHT,0.0778749817982316,False,False,False,False,False,False,False
random_ruehl_mask,strong,167,270920427,3,WAIT,WAIT,0.08508306927978992,False,False,False,False,False,False,True
random_ruehl_mask,strong,167,270920427,4,BOMB,BOMB,0.07191591430455446,False,False,False,True,False,False,True
random_ruehl_mask,strong,167,270920427,5,RIGHT,RIGHT,0.08087500464171171,False,False,False,False,False,False,True
random_ruehl_mask,strong,167,270920427,6,RIGHT,RIGHT,0.06045796908438206,False,False,False,False,False,False,True
random_ruehl_mask,strong,167,270920427,7,LEFT,LEFT,0.06933300755918026,False,False,False,False,False,False,True
random_ruehl_mask,strong,167,270920427,8,RIGHT,RIGHT,0.04629103932529688,False,False,False,False,False,False,True
random_ruehl_mask,strong,168,270920428,1,WAIT,WAIT,0.09845790918916464,False,True,False,False,False,False,False
random_ruehl_mask,strong,168,270920428,2,DOWN,DOWN,0.07366703357547522,False,False,False,False,False,False,False
random_ruehl_mask,strong,168,270920428,3,BOMB,BOMB,0.06704102270305157,False,False,False,True,False,False,False
random_ruehl_mask,strong,168,270920428,4,UP,UP,0.035958015359938145,False,False,False,False,False,False,False
random_ruehl_mask,strong,168,270920428,5,WAIT,WAIT,0.05858403164893389,False,False,False,False,False,False,False
random_ruehl_mask,strong,168,270920428,6,LEFT,LEFT,0.06487499922513962,False,False,False,False,False,False,False
random_ruehl_mask,strong,168,270920428,7,WAIT,WAIT,0.057750032283365726,False,False,False,False,False,False,False
random_ruehl_mask,strong,168,270920428,8,WAIT,WAIT,0.040082959458231926,False,False,False,False,False,False,False
random_ruehl_mask,strong,168,270920428,9,RIGHT,RIGHT,0.0339169055223465,False,False,False,False,False,False,False
random_ruehl_mask,strong,168,270920428,10,DOWN,DOWN,0.07483398076146841,False,False,False,False,False,False,False
random_ruehl_mask,strong,168,270920428,11,WAIT,WAIT,0.07804203778505325,False,True,False,False,False,False,False
random_ruehl_mask,strong,168,270920428,12,UP,UP,0.07483398076146841,False,False,False,False,False,False,False
random_ruehl_mask,strong,168,270920428,13,LEFT,LEFT,0.09895802941173315,False,False,False,False,False,False,False
random_ruehl_mask,strong,168,270920428,14,BOMB,BOMB,0.08600007276982069,False,False,False,True,False,False,False
random_ruehl_mask,strong,168,270920428,15,RIGHT,RIGHT,0.03941706381738186,False,False,False,False,False,False,False
random_ruehl_mask,strong,168,270920428,16,DOWN,DOWN,0.0338749960064888,False,False,False,False,False,False,False
random_ruehl_mask,strong,168,270920428,17,DOWN,DOWN,0.04312489181756973,False,False,False,False,False,False,False
random_ruehl_mask,strong,168,270920428,18,WAIT,WAIT,0.04241708666086197,False,False,False,False,False,False,False
random_ruehl_mask,strong,168,270920428,19,DOWN,DOWN,0.03912497777491808,False,False,False,False,False,False,False
random_ruehl_mask,strong,168,270920428,20,WAIT,WAIT,0.042750034481287,False,False,False,False,False,False,False
random_ruehl_mask,strong,168,270920428,21,UP,UP,0.0813750084489584,False,True,False,False,False,False,False
random_ruehl_mask,strong,168,270920428,22,BOMB,BOMB,0.09112502448260784,False,False,False,True,False,False,False
random_ruehl_mask,strong,168,270920428,23,UP,UP,0.051749986596405506,False,False,False,False,False,False,False
random_ruehl_mask,strong,168,270920428,24,UP,UP,0.05124998278915882,False,False,False,False,False,False,False
random_ruehl_mask,strong,168,270920428,25,LEFT,LEFT,0.05112506914883852,False,False,False,False,False,False,False
random_ruehl_mask,strong,168,270920428,26,LEFT,LEFT,0.04575005732476711,False,False,False,False,False,False,False
random_ruehl_mask,strong,168,270920428,27,WAIT,WAIT,0.05079200491309166,False,False,False,False,False,False,False
random_ruehl_mask,strong,168,270920428,28,WAIT,WAIT,0.07008400280028582,False,False,False,False,False,False,False
random_ruehl_mask,strong,168,270920428,29,WAIT,WAIT,0.10412500705569983,False,False,False,False,False,False,False
random_ruehl_mask,strong,168,270920428,30,WAIT,WAIT,0.09574997238814831,False,False,False,False,False,False,False
random_ruehl_mask,strong,168,270920428,31,WAIT,WAIT,0.09604101069271564,False,True,False,False,False,False,False
random_ruehl_mask,strong,168,270920428,32,BOMB,BOMB,0.09004201274365187,False,False,False,True,False,False,False
random_ruehl_mask,strong,168,270920428,33,RIGHT,RIGHT,0.08287490345537663,False,False,False,False,False,False,False
random_ruehl_mask,strong,168,270920428,34,WAIT,WAIT,0.05549995694309473,False,False,False,False,False,False,False
random_ruehl_mask,strong,168,270920428,35,RIGHT,RIGHT,0.05745794624090195,False,False,False,False,False,False,False
random_ruehl_mask,strong,168,270920428,36,DOWN,DOWN,0.06625009700655937,False,False,False,False,False,False,False
random_ruehl_mask,strong,168,270920428,37,WAIT,WAIT,0.05270796827971935,False,False,False,False,False,False,False
random_ruehl_mask,strong,168,270920428,38,DOWN,DOWN,0.049458001740276814,False,False,False,False,False,False,False
random_ruehl_mask,strong,168,270920428,39,WAIT,WAIT,0.05820801015943289,False,False,False,False,False,False,False
random_ruehl_mask,strong,168,270920428,40,WAIT,WAIT,0.05566701292991638,False,False,False,False,False,False,False
random_ruehl_mask,strong,168,270920428,41,DOWN,DOWN,0.04950002767145634,False,True,False,False,False,False,False
random_ruehl_mask,strong,168,270920428,42,UP,UP,0.05804200191050768,False,False,False,False,False,False,False
random_ruehl_mask,strong,168,270920428,43,WAIT,WAIT,0.08391705341637135,False,False,False,False,False,False,False
random_ruehl_mask,strong,168,270920428,44,WAIT,WAIT,0.08050003089010715,False,False,False,False,False,False,False
random_ruehl_mask,strong,168,270920428,45,DOWN,DOWN,0.06337498780339956,False,False,False,False,False,False,False
random_ruehl_mask,strong,168,270920428,46,UP,UP,0.07837498560547829,False,False,False,False,False,False,False
random_ruehl_mask,strong,168,270920428,47,DOWN,DOWN,0.07333396933972836,False,False,False,False,False,False,False
random_ruehl_mask,strong,168,270920428,48,UP,UP,0.06075005512684584,False,False,False,False,False,False,False
random_ruehl_mask,strong,168,270920428,49,DOWN,DOWN,0.07475004531443119,False,False,False,False,False,False,False
random_ruehl_mask,strong,168,270920428,50,WAIT,WAIT,0.05054101347923279,False,False,False,False,False,False,False
random_ruehl_mask,strong,168,270920428,51,UP,UP,0.06295903585851192,False,True,False,False,False,False,False
random_ruehl_mask,strong,168,270920428,52,DOWN,DOWN,0.054750009439885616,False,False,False,False,False,False,False
random_ruehl_mask,strong,168,270920428,53,WAIT,WAIT,0.053416937589645386,False,False,False,False,False,False,False
random_ruehl_mask,strong,168,270920428,54,UP,UP,0.058041070587933064,False,False,False,False,False,False,False
random_ruehl_mask,strong,168,270920428,55,WAIT,WAIT,0.06595894228667021,False,False,False,False,False,False,False
random_ruehl_mask,strong,168,270920428,56,DOWN,DOWN,0.06420793943107128,False,False,False,False,False,False,False
random_ruehl_mask,strong,168,270920428,57,WAIT,WAIT,0.054292031563818455,False,False,False,False,False,False,False
random_ruehl_mask,strong,168,270920428,58,UP,UP,0.04683306906372309,False,False,False,False,False,False,False
random_ruehl_mask,strong,168,270920428,59,DOWN,DOWN,0.049083027988672256,False,False,False,False,False,False,False
random_ruehl_mask,strong,168,270920428,60,UP,UP,0.05458306986838579,False,False,False,False,False,False,False
random_ruehl_mask,strong,168,270920428,61,WAIT,WAIT,0.05662499461323023,False,True,False,False,False,False,False
random_ruehl_mask,strong,168,270920428,62,UP,UP,0.05704106297343969,False,False,False,False,False,False,False
random_ruehl_mask,strong,168,270920428,63,UP,UP,0.05570892244577408,False,False,False,False,False,False,False
random_ruehl_mask,strong,168,270920428,64,WAIT,WAIT,0.057750032283365726,False,False,False,False,False,False,False
random_ruehl_mask,strong,168,270920428,65,LEFT,LEFT,0.05783303640782833,False,False,False,False,False,False,False
random_ruehl_mask,strong,168,270920428,66,LEFT,LEFT,0.04545797128230333,False,False,False,False,False,False,False
random_ruehl_mask,strong,168,270920428,67,RIGHT,RIGHT,0.04754192195832729,False,False,False,False,False,False,False
random_ruehl_mask,strong,168,270920428,68,RIGHT,RIGHT,0.04475004971027374,False,False,False,False,False,False,False
random_ruehl_mask,strong,168,270920428,69,DOWN,DOWN,0.045874970965087414,False,False,False,False,False,False,False
random_ruehl_mask,strong,168,270920428,70,WAIT,WAIT,0.04358391743153334,False,False,False,False,False,False,False
random_ruehl_mask,strong,168,270920428,71,WAIT,WAIT,0.04370801616460085,False,True,False,False,False,False,False
random_ruehl_mask,strong,168,270920428,72,DOWN,DOWN,0.04566693678498268,False,False,False,False,False,False,False
random_ruehl_mask,strong,168,270920428,73,DOWN,DOWN,0.057582976296544075,False,False,False,False,False,False,False
random_ruehl_mask,strong,168,270920428,74,DOWN,DOWN,0.05491706542670727,False,False,False,False,False,False,False
random_ruehl_mask,strong,168,270920428,75,UP,UP,0.09216694161295891,False,False,False,False,False,False,False
random_ruehl_mask,strong,168,270920428,76,DOWN,DOWN,0.10812492109835148,False,False,False,False,False,False,False
random_ruehl_mask,strong,168,270920428,77,UP,UP,0.08366594556719065,False,False,False,False,False,False,False
random_ruehl_mask,strong,168,270920428,78,UP,UP,0.045459019020199776,False,False,False,False,False,False,False
random_ruehl_mask,strong,168,270920428,79,DOWN,DOWN,0.05408294964581728,False,False,False,False,False,False,False
random_ruehl_mask,strong,168,270920428,80,DOWN,DOWN,0.04779198206961155,False,False,False,False,False,False,False
random_ruehl_mask,strong,168,270920428,81,WAIT,WAIT,0.08362496737390757,False,True,False,False,False,False,False
random_ruehl_mask,strong,168,270920428,82,BOMB,BOMB,0.09008299093693495,False,False,False,True,False,False,False
random_ruehl_mask,strong,168,270920428,83,UP,UP,0.0819589477032423,False,False,False,False,False,False,False
random_ruehl_mask,strong,168,270920428,84,UP,UP,0.05658401641994715,False,False,False,False,False,False,False
random_ruehl_mask,strong,168,270920428,85,LEFT,LEFT,0.0613329466432333,False,False,False,False,False,False,False
random_ruehl_mask,strong,168,270920428,86,WAIT,WAIT,0.04833401180803776,False,False,False,False,False,False,False
random_ruehl_mask,strong,168,270920428,87,LEFT,LEFT,0.05312496796250343,False,False,False,False,False,False,False
random_ruehl_mask,strong,168,270920428,88,UP,UP,0.037041958421468735,False,False,False,False,False,False,False
random_ruehl_mask,strong,168,270920428,89,WAIT,WAIT,0.055666081607341766,False,False,False,False,False,False,False
random_ruehl_mask,strong,168,270920428,90,WAIT,WAIT,0.05324999801814556,False,False,False,False,False,False,False
random_ruehl_mask,strong,168,270920428,91,WAIT,WAIT,0.059707905165851116,False,True,False,False,False,False,False
random_ruehl_mask,strong,168,270920428,92,DOWN,DOWN,0.05416700150817633,False,False,False,False,False,False,True
random_ruehl_mask,strong,168,270920428,93,BOMB,BOMB,0.09562494233250618,False,False,False,True,False,False,True
random_ruehl_mask,strong,168,270920428,94,LEFT,LEFT,0.03491598181426525,False,False,False,False,False,False,True
random_ruehl_mask,strong,168,270920428,95,WAIT,WAIT,0.05862500984221697,False,False,False,False,False,False,True
random_ruehl_mask,strong,168,270920428,96,WAIT,WAIT,0.07737497799098492,False,False,False,False,False,False,True
random_ruehl_mask,strong,168,270920428,97,WAIT,WAIT,0.05937495734542608,False,False,False,False,False,False,True
random_ruehl_mask,strong,169,270920429,1,LEFT,LEFT,0.10087492410093546,False,True,False,False,False,False,False
random_ruehl_mask,strong,169,270920429,2,BOMB,BOMB,0.0813750084489584,False,False,False,True,False,False,False
random_ruehl_mask,strong,169,270920429,3,RIGHT,RIGHT,0.03891694359481335,False,False,False,False,False,False,False
random_ruehl_mask,strong,169,270920429,4,WAIT,WAIT,0.03741704858839512,False,False,False,False,False,False,False
random_ruehl_mask,strong,169,270920429,5,DOWN,DOWN,0.11758296750485897,False,False,False,False,False,False,False
random_ruehl_mask,strong,169,270920429,6,WAIT,WAIT,0.07079099304974079,False,False,False,False,False,False,False
random_ruehl_mask,strong,169,270920429,7,WAIT,WAIT,0.05720800254493952,False,False,False,False,False,False,False
random_ruehl_mask,strong,169,270920429,8,WAIT,WAIT,0.03570900298655033,False,False,False,False,False,False,False
random_ruehl_mask,strong,169,270920429,9,UP,UP,0.07574993651360273,False,False,False,False,False,False,False
random_ruehl_mask,strong,169,270920429,10,LEFT,LEFT,0.07658300455659628,False,False,False,False,False,False,False
random_ruehl_mask,strong,169,270920429,11,RIGHT,RIGHT,0.04829105455428362,False,True,False,False,False,False,False
random_ruehl_mask,strong,169,270920429,12,DOWN,DOWN,0.07462501525878906,False,False,False,False,False,False,False
random_ruehl_mask,strong,169,270920429,13,WAIT,WAIT,0.06874999962747097,False,False,False,False,False,False,False
random_ruehl_mask,strong,169,270920429,14,UP,UP,0.06779097020626068,False,False,False,False,False,False,False
random_ruehl_mask,strong,169,270920429,15,DOWN,DOWN,0.07470790296792984,False,False,False,False,False,False,False
random_ruehl_mask,strong,169,270920429,16,BOMB,BOMB,0.051208073273301125,False,False,False,True,False,False,False
random_ruehl_mask,strong,169,270920429,17,UP,UP,0.028542010113596916,False,False,False,False,False,False,False
random_ruehl_mask,strong,169,270920429,18,LEFT,LEFT,0.0351249473169446,False,False,False,False,False,False,False
random_ruehl_mask,strong,169,270920429,19,LEFT,LEFT,0.044708955101668835,False,False,False,False,False,False,False
random_ruehl_mask,strong,169,270920429,20,RIGHT,RIGHT,0.049749971367418766,False,False,False,False,False,False,False
random_ruehl_mask,strong,169,270920429,21,LEFT,LEFT,0.06658397614955902,False,True,False,False,False,False,False
random_ruehl_mask,strong,169,270920429,22,RIGHT,RIGHT,0.05974993109703064,False,False,False,False,False,False,False
random_ruehl_mask,strong,169,270920429,23,RIGHT,RIGHT,0.06383401341736317,False,False,False,False,False,False,False
random_ruehl_mask,strong,169,270920429,24,LEFT,LEFT,0.04766590427607298,False,False,False,False,False,False,False
random_ruehl_mask,strong,169,270920429,25,RIGHT,RIGHT,0.04495901521295309,False,False,False,False,False,False,False
random_ruehl_mask,strong,169,270920429,26,WAIT,WAIT,0.04691700451076031,False,False,False,False,False,False,False
random_ruehl_mask,strong,169,270920429,27,WAIT,WAIT,0.0464579788967967,False,False,False,False,False,False,False
random_ruehl_mask,strong,169,270920429,28,WAIT,WAIT,0.04700000863522291,False,False,False,False,False,False,False
random_ruehl_mask,strong,169,270920429,29,WAIT,WAIT,0.05408399738371372,False,False,False,False,False,False,False
random_ruehl_mask,strong,169,270920429,30,DOWN,DOWN,0.07129204459488392,False,False,False,False,False,False,False
random_ruehl_mask,strong,169,270920429,31,DOWN,DOWN,0.06929191295057535,False,True,False,False,False,False,False
random_ruehl_mask,strong,169,270920429,32,WAIT,WAIT,0.09470805525779724,False,False,False,False,False,False,False
random_ruehl_mask,strong,169,270920429,33,WAIT,WAIT,0.07579196244478226,False,False,False,False,False,False,False
random_ruehl_mask,strong,169,270920429,34,DOWN,DOWN,0.07620803080499172,False,False,False,False,False,False,False
random_ruehl_mask,strong,169,270920429,35,UP,UP,0.07404200732707977,False,False,False,False,False,False,False
random_ruehl_mask,strong,169,270920429,36,WAIT,WAIT,0.07504108361899853,False,False,False,False,False,False,False
random_ruehl_mask,strong,169,270920429,37,DOWN,DOWN,0.07558299694210291,False,False,False,False,False,False,False
random_ruehl_mask,strong,169,270920429,38,UP,UP,0.07166690193116665,False,False,False,False,False,False,False
random_ruehl_mask,strong,169,270920429,39,DOWN,DOWN,0.09516708087176085,False,False,False,False,False,False,False
random_ruehl_mask,strong,169,270920429,40,WAIT,WAIT,0.08037500083446503,False,False,False,False,False,False,True
random_ruehl_mask,strong,169,270920429,41,BOMB,BOMB,0.08050003089010715,False,True,False,True,False,False,True
random_ruehl_mask,strong,169,270920429,42,UP,UP,0.05625002086162567,False,False,False,False,False,False,True
random_ruehl_mask,strong,169,270920429,43,UP,UP,0.05050003528594971,False,False,False,False,False,False,True
random_ruehl_mask,strong,169,270920429,44,WAIT,WAIT,0.05479191895574331,False,False,False,False,False,False,True
random_ruehl_mask,strong,169,270920429,45,DOWN,DOWN,0.04312500823289156,False,False,False,False,False,False,True
random_ruehl_mask,strong,170,270920430,1,DOWN,DOWN,0.10145804844796658,False,True,False,False,False,False,False
random_ruehl_mask,strong,170,270920430,2,WAIT,WAIT,0.07216702215373516,False,False,False,False,False,False,False
random_ruehl_mask,strong,170,270920430,3,UP,UP,0.0661659287288785,False,False,False,False,False,False,False
random_ruehl_mask,strong,170,270920430,4,RIGHT,RIGHT,0.07291603833436966,False,False,False,False,False,False,False
random_ruehl_mask,strong,170,270920430,5,RIGHT,RIGHT,0.08854095358401537,False,False,False,False,False,False,False
random_ruehl_mask,strong,170,270920430,6,WAIT,WAIT,0.09183399379253387,False,False,False,False,False,False,False
random_ruehl_mask,strong,170,270920430,7,BOMB,BOMB,0.08429097943007946,False,False,False,True,False,False,False
random_ruehl_mask,strong,170,270920430,8,LEFT,LEFT,0.035041943192481995,False,False,False,False,False,False,False
random_ruehl_mask,strong,170,270920430,9,LEFT,LEFT,0.03400002606213093,False,False,False,False,False,False,False
random_ruehl_mask,strong,170,270920430,10,DOWN,DOWN,0.04516704939305782,False,False,False,False,False,False,False
random_ruehl_mask,strong,170,270920430,11,WAIT,WAIT,0.04504097159951925,False,True,False,False,False,False,False
random_ruehl_mask,strong,170,270920430,12,WAIT,WAIT,0.052292016334831715,False,False,False,False,False,False,False
random_ruehl_mask,strong,170,270920430,13,UP,UP,0.0540000619366765,False,False,False,False,False,False,False
random_ruehl_mask,strong,170,270920430,14,DOWN,DOWN,0.0926669454202056,False,False,False,False,False,False,False
random_ruehl_mask,strong,170,270920430,15,BOMB,BOMB,0.07187505252659321,False,False,False,True,False,False,False
random_ruehl_mask,strong,170,270920430,16,UP,UP,0.03441702574491501,False,False,False,False,False,False,False
random_ruehl_mask,strong,170,270920430,17,WAIT,WAIT,0.03324996214359999,False,False,False,False,False,False,False
random_ruehl_mask,strong,170,270920430,18,RIGHT,RIGHT,0.04329101648181677,False,False,False,False,False,False,False
random_ruehl_mask,strong,170,270920430,19,WAIT,WAIT,0.042041996493935585,False,False,False,False,False,False,False
random_ruehl_mask,strong,170,270920430,20,RIGHT,RIGHT,0.0635830219835043,False,False,False,False,False,False,False
random_ruehl_mask,strong,170,270920430,21,LEFT,LEFT,0.05662499461323023,False,True,False,False,False,False,False
random_ruehl_mask,strong,170,270920430,22,WAIT,WAIT,0.0642499653622508,False,False,False,False,False,False,False
random_ruehl_mask,strong,170,270920430,23,WAIT,WAIT,0.0451250234618783,False,False,False,False,False,False,False
random_ruehl_mask,strong,170,270920430,24,LEFT,LEFT,0.043874955736100674,False,False,False,False,False,False,False
random_ruehl_mask,strong,170,270920430,25,WAIT,WAIT,0.0451250234618783,False,False,False,False,False,False,False
random_ruehl_mask,strong,170,270920430,26,RIGHT,RIGHT,0.07050007116049528,False,False,False,False,False,False,False
random_ruehl_mask,strong,170,270920430,27,WAIT,WAIT,0.054999953135848045,False,False,False,False,False,False,False
random_ruehl_mask,strong,170,270920430,28,RIGHT,RIGHT,0.06274995394051075,False,False,False,False,False,False,False
random_ruehl_mask,strong,170,270920430,29,DOWN,DOWN,0.06187497638165951,False,False,False,False,False,False,False
random_ruehl_mask,strong,170,270920430,30,DOWN,DOWN,0.06800005212426186,False,False,False,False,False,False,False
random_ruehl_mask,strong,170,270920430,31,LEFT,LEFT,0.10025000665336847,False,True,False,False,False,False,False
random_ruehl_mask,strong,170,270920430,32,RIGHT,RIGHT,0.07704191375523806,False,False,False,False,False,False,False
random_ruehl_mask,strong,170,270920430,33,UP,UP,0.08570798672735691,False,False,False,False,False,False,False
random_ruehl_mask,strong,170,270920430,34,UP,UP,0.053292023949325085,False,False,False,False,False,False,False
random_ruehl_mask,strong,170,270920430,35,LEFT,LEFT,0.06612506695091724,False,False,False,False,False,False,False
random_ruehl_mask,strong,170,270920430,36,WAIT,WAIT,0.0625409884378314,False,False,False,False,False,False,False
random_ruehl_mask,strong,170,270920430,37,WAIT,WAIT,0.05504197906702757,False,False,False,False,False,False,False
random_ruehl_mask,strong,170,270920430,38,LEFT,LEFT,0.04475004971027374,False,False,False,False,False,False,False
random_ruehl_mask,strong,170,270920430,39,WAIT,WAIT,0.04529103171080351,False,False,False,False,False,False,False
random_ruehl_mask,strong,170,270920430,40,RIGHT,RIGHT,0.0577080063521862,False,False,False,False,False,False,False
random_ruehl_mask,strong,170,270920430,41,LEFT,LEFT,0.050625065341591835,False,True,False,False,False,False,False
random_ruehl_mask,strong,170,270920430,42,WAIT,WAIT,0.10241696145385504,False,False,False,False,False,False,False
random_ruehl_mask,strong,170,270920430,43,DOWN,DOWN,0.07349997758865356,False,False,False,False,False,False,False
random_ruehl_mask,strong,170,270920430,44,UP,UP,0.05745899397879839,False,False,False,False,False,False,False
random_ruehl_mask,strong,170,270920430,45,DOWN,DOWN,0.0778749817982316,False,False,False,False,False,False,False
random_ruehl_mask,strong,170,270920430,46,UP,UP,0.07716706022620201,False,False,False,False,False,False,False
random_ruehl_mask,strong,170,270920430,47,RIGHT,RIGHT,0.06791704799979925,False,False,False,False,False,False,False
random_ruehl_mask,strong,170,270920430,48,RIGHT,RIGHT,0.07629103492945433,False,False,False,False,False,False,False
random_ruehl_mask,strong,170,270920430,49,BOMB,BOMB,0.10112498421221972,False,False,False,True,True,False,False
random_ruehl_mask,strong,170,270920430,50,LEFT,LEFT,0.06545893847942352,False,False,False,False,False,False,False
random_ruehl_mask,strong,170,270920430,51,DOWN,DOWN,0.07129099685698748,False,True,False,False,False,False,False
random_ruehl_mask,strong,170,270920430,52,WAIT,WAIT,0.07333396933972836,False,False,False,False,False,False,False
random_ruehl_mask,strong,170,270920430,53,WAIT,WAIT,0.06687501445412636,False,False,False,False,False,False,False
random_ruehl_mask,strong,170,270920430,54,WAIT,WAIT,0.04912493750452995,False,False,False,False,False,False,False
random_ruehl_mask,strong,170,270920430,55,WAIT,WAIT,0.03658304922282696,False,False,False,False,False,False,False
random_ruehl_mask,strong,170,270920430,56,WAIT,WAIT,0.04854192957282066,False,False,False,False,False,False,False
random_ruehl_mask,strong,170,270920430,57,UP,UP,0.0500829191878438,False,False,False,False,False,False,False
random_ruehl_mask,strong,170,270920430,58,RIGHT,RIGHT,0.06687501445412636,False,False,False,False,False,False,False
random_ruehl_mask,strong,170,270920430,59,BOMB,BOMB,0.08012494072318077,False,False,False,True,True,False,False
random_ruehl_mask,strong,170,270920430,60,LEFT,LEFT,0.05937495734542608,False,False,False,False,False,False,False
random_ruehl_mask,strong,170,270920430,61,DOWN,DOWN,0.04737498238682747,False,True,False,False,False,False,False
random_ruehl_mask,strong,170,270920430,62,DOWN,DOWN,0.04458299372345209,False,False,False,False,False,False,False
random_ruehl_mask,strong,170,270920430,63,DOWN,DOWN,0.053292023949325085,False,False,False,False,False,False,False
random_ruehl_mask,strong,170,270920430,64,DOWN,DOWN,0.05083403084427118,False,False,False,False,False,False,False
random_ruehl_mask,strong,170,270920430,65,WAIT,WAIT,0.04420906770974398,False,False,False,False,False,False,False
random_ruehl_mask,strong,170,270920430,66,WAIT,WAIT,0.07375003769993782,False,False,False,False,False,False,False
random_ruehl_mask,strong,170,270920430,67,BOMB,BOMB,0.07808289956301451,False,False,False,True,True,False,False
random_ruehl_mask,strong,170,270920430,68,UP,UP,0.04295795224606991,False,False,False,False,False,False,False
random_ruehl_mask,strong,170,270920430,69,UP,UP,0.04191696643829346,False,False,False,False,False,False,False
random_ruehl_mask,strong,170,270920430,70,RIGHT,RIGHT,0.05320797208696604,False,False,False,False,False,False,False
random_ruehl_mask,strong,170,270920430,71,WAIT,WAIT,0.05870801396667957,False,True,False,False,False,False,False
random_ruehl_mask,strong,170,270920430,72,RIGHT,RIGHT,0.054582953453063965,False,False,False,False,False,False,False
random_ruehl_mask,strong,170,270920430,73,LEFT,LEFT,0.03987504169344902,False,False,False,False,False,False,False
random_ruehl_mask,strong,170,270920430,74,LEFT,LEFT,0.06629200652241707,False,False,False,False,False,False,False
random_ruehl_mask,strong,170,270920430,75,DOWN,DOWN,0.08270808029919863,False,False,False,False,False,False,False
random_ruehl_mask,strong,170,270920430,76,DOWN,DOWN,0.04724995233118534,False,False,False,False,False,False,False
random_ruehl_mask,strong,170,270920430,77,RIGHT,RIGHT,0.048999907448887825,False,False,False,False,False,False,False
random_ruehl_mask,strong,170,270920430,78,LEFT,LEFT,0.044208019971847534,False,False,False,False,False,False,False
random_ruehl_mask,strong,170,270920430,79,DOWN,DOWN,0.04783307667821646,False,False,False,False,False,False,False
random_ruehl_mask,strong,170,270920430,80,UP,UP,0.04545797128230333,False,False,False,False,False,False,False
random_ruehl_mask,strong,170,270920430,81,WAIT,WAIT,0.05962490104138851,False,True,False,False,False,False,False
random_ruehl_mask,strong,170,270920430,82,BOMB,BOMB,0.1015000743791461,False,False,False,True,True,False,False
random_ruehl_mask,strong,170,270920430,83,UP,UP,0.05487492308020592,False,False,False,False,False,False,False
random_ruehl_mask,strong,170,270920430,84,WAIT,WAIT,0.04033301956951618,False,False,False,False,False,False,False
random_ruehl_mask,strong,170,270920430,85,UP,UP,0.04383409395813942,False,False,False,False,False,False,False
random_ruehl_mask,strong,170,270920430,86,RIGHT,RIGHT,0.04449998959898949,False,False,False,False,False,False,False
random_ruehl_mask,strong,170,270920430,87,WAIT,WAIT,0.04233303479850292,False,False,False,False,False,False,False
random_ruehl_mask,strong,170,270920430,88,LEFT,LEFT,0.05566596519201994,False,False,False,False,False,False,False
random_ruehl_mask,strong,170,270920430,89,BOMB,BOMB,0.12166600208729506,False,False,False,True,False,False,False
random_ruehl_mask,strong,170,270920430,90,UP,UP,0.057292054407298565,False,False,False,False,False,False,False
random_ruehl_mask,strong,170,270920430,91,WAIT,WAIT,0.07883401121944189,False,True,False,False,False,False,False
random_ruehl_mask,strong,170,270920430,92,UP,UP,0.07483398076146841,False,False,False,False,False,False,False
random_ruehl_mask,strong,170,270920430,93,RIGHT,RIGHT,0.06516696885228157,False,False,False,False,False,False,False
random_ruehl_mask,strong,170,270920430,94,RIGHT,RIGHT,0.08404103573411703,False,False,False,False,False,False,False
random_ruehl_mask,strong,170,270920430,95,LEFT,LEFT,0.054875039495527744,False,False,False,False,False,False,False
random_ruehl_mask,strong,170,270920430,96,WAIT,WAIT,0.07837498560547829,False,False,False,False,False,False,False
random_ruehl_mask,strong,170,270920430,97,RIGHT,RIGHT,0.062249950133264065,False,False,False,False,False,False,False
random_ruehl_mask,strong,170,270920430,98,LEFT,LEFT,0.0628340058028698,False,False,False,False,False,False,False
random_ruehl_mask,strong,170,270920430,99,WAIT,WAIT,0.06487499922513962,False,False,False,False,False,False,False
random_ruehl_mask,strong,170,270920430,100,RIGHT,RIGHT,0.05629193037748337,False,False,False,False,False,False,False
random_ruehl_mask,strong,170,270920430,101,DOWN,DOWN,0.0701249809935689,False,True,False,False,False,False,False
random_ruehl_mask,strong,170,270920430,102,UP,UP,0.08758308831602335,False,False,False,False,False,False,False
random_ruehl_mask,strong,170,270920430,103,LEFT,LEFT,0.07345899939537048,False,False,False,False,False,False,False
random_ruehl_mask,strong,170,270920430,104,RIGHT,RIGHT,0.06800005212426186,False,False,False,False,False,False,False
random_ruehl_mask,strong,170,270920430,105,WAIT,WAIT,0.06074993871152401,False,False,False,False,False,False,False
random_ruehl_mask,strong,170,270920430,106,LEFT,LEFT,0.062125036492943764,False,False,False,False,False,False,False
random_ruehl_mask,strong,170,270920430,107,RIGHT,RIGHT,0.06800005212426186,False,False,False,False,False,False,False
random_ruehl_mask,strong,170,270920430,108,DOWN,DOWN,0.05833397153764963,False,False,False,False,False,False,False
random_ruehl_mask,strong,170,270920430,109,BOMB,BOMB,0.06816699169576168,False,False,False,True,True,False,False
random_ruehl_mask,strong,170,270920430,110,DOWN,DOWN,0.039375037886202335,False,False,False,False,False,False,False
random_ruehl_mask,strong,170,270920430,111,LEFT,LEFT,0.03629201091825962,False,True,False,False,False,False,False
random_ruehl_mask,strong,170,270920430,112,LEFT,LEFT,0.06629200652241707,False,False,False,False,False,False,False
random_ruehl_mask,strong,170,270920430,113,DOWN,DOWN,0.08583301678299904,False,False,False,False,False,False,False
random_ruehl_mask,strong,170,270920430,114,WAIT,WAIT,0.06533297710120678,False,False,False,False,False,False,False
random_ruehl_mask,strong,170,270920430,115,WAIT,WAIT,0.060125021263957024,False,False,False,False,False,False,False
random_ruehl_mask,strong,170,270920430,116,UP,UP,0.09412493091076612,False,False,False,False,False,False,False
random_ruehl_mask,strong,170,270920430,117,RIGHT,RIGHT,0.0914580887183547,False,False,False,False,False,False,False
random_ruehl_mask,strong,170,270920430,118,WAIT,WAIT,0.0873330282047391,False,False,False,False,False,False,False
random_ruehl_mask,strong,170,270920430,119,LEFT,LEFT,0.08108303882181644,False,False,False,False,False,False,False
random_ruehl_mask,strong,170,270920430,120,BOMB,BOMB,0.11766690295189619,False,False,False,True,True,False,False
random_ruehl_mask,strong,170,270920430,121,RIGHT,RIGHT,0.05162495654076338,False,True,False,False,False,False,False
random_ruehl_mask,strong,170,270920430,122,RIGHT,RIGHT,0.05662499461323023,False,False,False,False,False,False,False
random_ruehl_mask,strong,170,270920430,123,DOWN,DOWN,0.0665419502183795,False,False,False,False,False,False,False
random_ruehl_mask,strong,170,270920430,124,DOWN,DOWN,0.07991597522050142,False,False,False,False,False,False,False
random_ruehl_mask,strong,170,270920430,125,WAIT,WAIT,0.07108296267688274,False,False,False,False,False,False,False
random_ruehl_mask,strong,170,270920430,126,UP,UP,0.044082989916205406,False,False,False,False,False,False,False
random_ruehl_mask,strong,170,270920430,127,UP,UP,0.07500010542571545,False,False,False,False,False,False,False
random_ruehl_mask,strong,170,270920430,128,RIGHT,RIGHT,0.09895802941173315,False,False,False,False,False,False,False
random_ruehl_mask,strong,170,270920430,129,RIGHT,RIGHT,0.08395803160965443,False,False,False,False,False,False,False
random_ruehl_mask,strong,170,270920430,130,WAIT,WAIT,0.11304195504635572,False,False,False,False,False,False,False
random_ruehl_mask,strong,170,270920430,131,LEFT,LEFT,0.09254203177988529,False,True,False,False,False,False,False
random_ruehl_mask,strong,170,270920430,132,WAIT,WAIT,0.053625088185071945,False,False,False,False,False,False,False
random_ruehl_mask,strong,170,270920430,133,WAIT,WAIT,0.09204202797263861,False,False,False,False,False,False,False
random_ruehl_mask,strong,170,270920430,134,WAIT,WAIT,0.08437491487711668,False,False,False,False,False,False,False
random_ruehl_mask,strong,170,270920430,135,WAIT,WAIT,0.07870804984122515,False,False,False,False,False,False,False
random_ruehl_mask,strong,170,270920430,136,WAIT,WAIT,0.07916707545518875,False,False,False,False,False,False,False
random_ruehl_mask,strong,170,270920430,137,LEFT,LEFT,0.09724998380988836,False,False,False,False,False,False,False
random_ruehl_mask,strong,170,270920430,138,RIGHT,RIGHT,0.13512489385902882,False,False,False,False,False,False,False
random_ruehl_mask,strong,170,270920430,139,WAIT,WAIT,0.10541605297476053,False,False,False,False,False,False,False
random_ruehl_mask,strong,170,270920430,140,LEFT,LEFT,0.08416699711233377,False,False,False,False,False,False,False
random_ruehl_mask,strong,170,270920430,141,DOWN,DOWN,0.05862500984221697,False,True,False,False,False,False,False
random_ruehl_mask,strong,170,270920430,142,DOWN,DOWN,0.06275007035583258,False,False,False,False,False,False,False
random_ruehl_mask,strong,170,270920430,143,DOWN,DOWN,0.056958990171551704,False,False,False,False,False,False,False
random_ruehl_mask,strong,170,270920430,144,DOWN,DOWN,0.07337494753301144,False,False,False,False,False,False,False
random_ruehl_mask,strong,170,270920430,145,WAIT,WAIT,0.14545908197760582,False,False,False,False,False,False,True
random_ruehl_mask,strong,170,270920430,146,BOMB,BOMB,0.1391249243170023,False,False,False,True,False,False,True
random_ruehl_mask,strong,170,270920430,147,LEFT,LEFT,0.051208073273301125,False,False,False,False,False,False,True
random_ruehl_mask,strong,170,270920430,148,WAIT,WAIT,0.037125078961253166,False,False,False,False,False,False,True
random_ruehl_mask,strong,170,270920430,149,WAIT,WAIT,0.0490840757265687,False,False,False,False,False,False,True
random_ruehl_mask,strong,170,270920430,150,LEFT,LEFT,0.048166955821216106,False,False,False,False,False,False,True
random_ruehl_mask,strong,171,270920431,1,WAIT,WAIT,0.09995896834880114,False,True,False,False,False,False,False
random_ruehl_mask,strong,171,270920431,2,DOWN,DOWN,0.07491698488593102,False,False,False,False,False,False,False
random_ruehl_mask,strong,171,270920431,3,WAIT,WAIT,0.0678329961374402,False,False,False,False,False,False,False
random_ruehl_mask,strong,171,270920431,4,WAIT,WAIT,0.0629170099273324,False,False,False,False,False,False,False
random_ruehl_mask,strong,171,270920431,5,BOMB,BOMB,0.07716706022620201,False,False,False,True,False,False,False
random_ruehl_mask,strong,171,270920431,6,UP,UP,0.05966599564999342,False,False,False,False,False,False,False
random_ruehl_mask,strong,171,270920431,7,WAIT,WAIT,0.06095797289162874,False,False,False,False,False,False,False
random_ruehl_mask,strong,171,270920431,8,LEFT,LEFT,0.05195802077651024,False,False,False,False,False,False,False
random_ruehl_mask,strong,171,270920431,9,WAIT,WAIT,0.043042004108428955,False,False,False,False,False,False,False
random_ruehl_mask,strong,171,270920431,10,WAIT,WAIT,0.03999995533376932,False,False,False,False,False,False,False
random_ruehl_mask,strong,171,270920431,11,RIGHT,RIGHT,0.035208999179303646,False,True,False,False,False,False,False
random_ruehl_mask,strong,171,270920431,12,DOWN,DOWN,0.08625001646578312,False,False,False,False,False,False,False
random_ruehl_mask,strong,171,270920431,13,UP,UP,0.069082947447896,False,False,False,False,False,False,False
random_ruehl_mask,strong,171,270920431,14,WAIT,WAIT,0.09849993512034416,False,False,False,False,False,False,False
random_ruehl_mask,strong,171,270920431,15,WAIT,WAIT,0.08654105477035046,False,False,False,False,False,False,True
random_ruehl_mask,strong,171,270920431,16,BOMB,BOMB,0.07266609463840723,False,False,False,True,False,False,True
random_ruehl_mask,strong,171,270920431,17,DOWN,DOWN,0.034415978007018566,False,False,False,False,False,False,True
random_ruehl_mask,strong,171,270920431,18,WAIT,WAIT,0.034334021620452404,False,False,False,False,False,False,True
random_ruehl_mask,strong,171,270920431,19,DOWN,DOWN,0.04370801616460085,False,False,False,False,False,False,True
random_ruehl_mask,strong,171,270920431,20,UP,UP,0.04249997437000275,False,False,False,False,False,False,True
random_ruehl_mask,strong,172,270920432,1,UP,UP,0.10141602251678705,False,True,False,False,False,False,False
random_ruehl_mask,strong,172,270920432,2,WAIT,WAIT,0.08908298332244158,False,False,False,False,False,False,False
random_ruehl_mask,strong,172,270920432,3,WAIT,WAIT,0.0741670373827219,False,False,False,False,False,False,False
random_ruehl_mask,strong,172,270920432,4,WAIT,WAIT,0.09300000965595245,False,False,False,False,False,False,False
random_ruehl_mask,strong,172,270920432,5,WAIT,WAIT,0.08466700091958046,False,False,False,False,False,False,False
random_ruehl_mask,strong,172,270920432,6,BOMB,BOMB,0.0802080612629652,False,False,False,True,False,False,False
random_ruehl_mask,strong,172,270920432,7,DOWN,DOWN,0.05024997517466545,False,False,False,False,False,False,False
random_ruehl_mask,strong,172,270920432,8,RIGHT,RIGHT,0.034541008062660694,False,False,False,False,False,False,False
random_ruehl_mask,strong,172,270920432,9,WAIT,WAIT,0.04283292219042778,False,False,False,False,False,False,False
random_ruehl_mask,strong,172,270920432,10,WAIT,WAIT,0.04254200030118227,False,False,False,False,False,False,False
random_ruehl_mask,strong,172,270920432,11,WAIT,WAIT,0.06483390461653471,False,True,False,False,False,False,False
random_ruehl_mask,strong,172,270920432,12,WAIT,WAIT,0.04916603211313486,False,False,False,False,False,False,False
random_ruehl_mask,strong,172,270920432,13,WAIT,WAIT,0.0955839641392231,False,False,False,False,False,False,False
random_ruehl_mask,strong,172,270920432,14,BOMB,BOMB,0.08587492629885674,False,False,False,True,False,False,False
random_ruehl_mask,strong,172,270920432,15,LEFT,LEFT,0.06283295806497335,False,False,False,False,False,False,False
random_ruehl_mask,strong,172,270920432,16,WAIT,WAIT,0.03674998879432678,False,False,False,False,False,False,False
random_ruehl_mask,strong,172,270920432,17,UP,UP,0.04299997817724943,False,False,False,False,False,False,False
random_ruehl_mask,strong,172,270920432,18,WAIT,WAIT,0.07283396553248167,False,False,False,False,False,False,False
random_ruehl_mask,strong,172,270920432,19,UP,UP,0.04499999340623617,False,False,False,False,False,False,False
random_ruehl_mask,strong,172,270920432,20,DOWN,DOWN,0.06091594696044922,False,False,False,False,False,False,False
random_ruehl_mask,strong,172,270920432,21,DOWN,DOWN,0.1003750367090106,False,True,False,False,False,False,False
random_ruehl_mask,strong,172,270920432,22,WAIT,WAIT,0.075541902333498,False,False,False,False,False,False,False
random_ruehl_mask,strong,172,270920432,23,RIGHT,RIGHT,0.05970802158117294,False,False,False,False,False,False,False
random_ruehl_mask,strong,172,270920432,24,LEFT,LEFT,0.04912505391985178,False,False,False,False,False,False,False
random_ruehl_mask,strong,172,270920432,25,UP,UP,0.046291970647871494,False,False,False,False,False,False,False
random_ruehl_mask,strong,172,270920432,26,DOWN,DOWN,0.06345799192786217,False,False,False,False,False,False,False
random_ruehl_mask,strong,172,270920432,27,UP,UP,0.04841608460992575,False,False,False,False,False,False,False
random_ruehl_mask,strong,172,270920432,28,DOWN,DOWN,0.04624994471669197,False,False,False,False,False,False,False
random_ruehl_mask,strong,172,270920432,29,RIGHT,RIGHT,0.05837494973093271,False,False,False,False,False,False,False
random_ruehl_mask,strong,172,270920432,30,RIGHT,RIGHT,0.07820792961865664,False,False,False,False,False,False,True
random_ruehl_mask,strong,172,270920432,31,BOMB,BOMB,0.12408290058374405,False,True,False,True,False,False,True
random_ruehl_mask,strong,172,270920432,32,RIGHT,RIGHT,0.06483390461653471,False,False,False,False,False,False,True
random_ruehl_mask,strong,172,270920432,33,RIGHT,RIGHT,0.03700004890561104,False,False,False,False,False,False,True
random_ruehl_mask,strong,172,270920432,34,WAIT,WAIT,0.0529169337823987,False,False,False,False,False,False,True
random_ruehl_mask,strong,172,270920432,35,WAIT,WAIT,0.04616600926965475,False,False,False,False,False,False,True
random_ruehl_mask,strong,173,270920433,1,WAIT,WAIT,0.10474992450326681,False,True,False,False,False,False,False
random_ruehl_mask,strong,173,270920433,2,WAIT,WAIT,0.08054205682128668,False,False,False,False,False,False,False
random_ruehl_mask,strong,173,270920433,3,WAIT,WAIT,0.10216701775789261,False,False,False,False,False,False,False
random_ruehl_mask,strong,173,270920433,4,DOWN,DOWN,0.08387502748519182,False,False,False,False,False,False,False
random_ruehl_mask,strong,173,270920433,5,UP,UP,0.09204202797263861,False,False,False,False,False,False,False
random_ruehl_mask,strong,173,270920433,6,DOWN,DOWN,0.0927499495446682,False,False,False,False,False,False,False
random_ruehl_mask,strong,173,270920433,7,UP,UP,0.08287501987069845,False,False,False,False,False,False,False
random_ruehl_mask,strong,173,270920433,8,DOWN,DOWN,0.06979098543524742,False,False,False,False,False,False,False
random_ruehl_mask,strong,173,270920433,9,UP,UP,0.06370898336172104,False,False,False,False,False,False,False
random_ruehl_mask,strong,173,270920433,10,LEFT,LEFT,0.09854102972894907,False,False,False,False,False,False,False
random_ruehl_mask,strong,173,270920433,11,WAIT,WAIT,0.07287494372576475,False,True,False,False,False,False,False
random_ruehl_mask,strong,173,270920433,12,RIGHT,RIGHT,0.06908399518579245,False,False,False,False,False,False,False
random_ruehl_mask,strong,173,270920433,13,DOWN,DOWN,0.09391689673066139,False,False,False,False,False,False,False
random_ruehl_mask,strong,173,270920433,14,UP,UP,0.08570798672735691,False,False,False,False,False,False,False
random_ruehl_mask,strong,173,270920433,15,WAIT,WAIT,0.08758297190070152,False,False,False,False,False,False,False
random_ruehl_mask,strong,173,270920433,16,WAIT,WAIT,0.08287501987069845,False,False,False,False,False,False,False
random_ruehl_mask,strong,173,270920433,17,WAIT,WAIT,0.07262500002980232,False,False,False,False,False,False,False
random_ruehl_mask,strong,173,270920433,18,LEFT,LEFT,0.07279193960130215,False,False,False,False,False,False,False
random_ruehl_mask,strong,173,270920433,19,BOMB,BOMB,0.067666987888515,False,False,False,True,False,False,False
random_ruehl_mask,strong,173,270920433,20,RIGHT,RIGHT,0.04662491846829653,False,False,False,False,False,False,False
random_ruehl_mask,strong,173,270920433,21,DOWN,DOWN,0.08449994493275881,False,True,False,False,False,False,False
random_ruehl_mask,strong,173,270920433,22,WAIT,WAIT,0.07804203778505325,False,False,False,False,False,False,False
random_ruehl_mask,strong,173,270920433,23,WAIT,WAIT,0.06454205140471458,False,False,False,False,False,False,False
random_ruehl_mask,strong,173,270920433,24,WAIT,WAIT,0.04229089245200157,False,False,False,False,False,False,False
random_ruehl_mask,strong,173,270920433,25,UP,UP,0.03574998117983341,False,False,False,False,False,False,False
random_ruehl_mask,strong,173,270920433,26,DOWN,DOWN,0.09350001346319914,False,False,False,False,False,False,False
random_ruehl_mask,strong,173,270920433,27,UP,UP,0.07116608321666718,False,False,False,False,False,False,False
random_ruehl_mask,strong,173,270920433,28,DOWN,DOWN,0.07770792581140995,False,False,False,False,False,False,False
random_ruehl_mask,strong,173,270920433,29,DOWN,DOWN,0.06791693158447742,False,False,False,False,False,False,False
random_ruehl_mask,strong,173,270920433,30,WAIT,WAIT,0.09916594717651606,False,False,False,False,False,False,False
random_ruehl_mask,strong,173,270920433,31,UP,UP,0.09700004011392593,False,True,False,False,False,False,False
random_ruehl_mask,strong,173,270920433,32,DOWN,DOWN,0.09795802179723978,False,False,False,False,False,False,True
random_ruehl_mask,strong,173,270920433,33,BOMB,BOMB,0.10037492029368877,False,False,False,True,False,False,True
random_ruehl_mask,strong,173,270920433,34,UP,UP,0.05570799112319946,False,False,False,False,False,False,True
random_ruehl_mask,strong,173,270920433,35,WAIT,WAIT,0.04291697405278683,False,False,False,False,False,False,True
random_ruehl_mask,strong,173,270920433,36,WAIT,WAIT,0.0760830007493496,False,False,False,False,False,False,True
random_ruehl_mask,strong,173,270920433,37,WAIT,WAIT,0.06274995394051075,False,False,False,False,False,False,True
random_ruehl_mask,strong,174,270920434,1,UP,UP,0.10116701014339924,False,True,False,False,False,False,False
random_ruehl_mask,strong,174,270920434,2,WAIT,WAIT,0.07216702215373516,False,False,False,False,False,False,False
random_ruehl_mask,strong,174,270920434,3,DOWN,DOWN,0.06674998439848423,False,False,False,False,False,False,False
random_ruehl_mask,strong,174,270920434,4,WAIT,WAIT,0.07404200732707977,False,False,False,False,False,False,False
random_ruehl_mask,strong,174,270920434,5,UP,UP,0.08595897816121578,False,False,False,False,False,False,False
random_ruehl_mask,strong,174,270920434,6,WAIT,WAIT,0.08337502367794514,False,False,False,False,False,False,False
random_ruehl_mask,strong,174,270920434,7,WAIT,WAIT,0.08058303501456976,False,False,False,False,False,False,False
random_ruehl_mask,strong,174,270920434,8,WAIT,WAIT,0.06845803000032902,False,False,False,False,False,False,False
random_ruehl_mask,strong,174,270920434,9,DOWN,DOWN,0.062417006120085716,False,False,False,False,False,False,False
random_ruehl_mask,strong,174,270920434,10,RIGHT,RIGHT,0.07187493611127138,False,False,False,False,False,False,False
random_ruehl_mask,strong,174,270920434,11,RIGHT,RIGHT,0.06745895370841026,False,True,False,False,False,False,False
random_ruehl_mask,strong,174,270920434,12,WAIT,WAIT,0.07129099685698748,False,False,False,False,False,False,False
random_ruehl_mask,strong,174,270920434,13,BOMB,BOMB,0.09329209569841623,False,False,False,True,False,False,False
random_ruehl_mask,strong,174,270920434,14,LEFT,LEFT,0.06091699469834566,False,False,False,False,False,False,False
random_ruehl_mask,strong,174,270920434,15,WAIT,WAIT,0.057582976296544075,False,False,False,False,False,False,False
random_ruehl_mask,strong,174,270920434,16,LEFT,LEFT,0.04541699308902025,False,False,False,False,False,False,False
random_ruehl_mask,strong,174,270920434,17,UP,UP,0.04441593773663044,False,False,False,False,False,False,False
random_ruehl_mask,strong,174,270920434,18,WAIT,WAIT,0.04358298610895872,False,False,False,False,False,False,False
random_ruehl_mask,strong,174,270920434,19,WAIT,WAIT,0.0363748986274004,False,False,False,False,False,False,False
random_ruehl_mask,strong,174,270920434,20,BOMB,BOMB,0.06912497337907553,False,False,False,True,False,False,False
random_ruehl_mask,strong,174,270920434,21,DOWN,DOWN,0.049042049795389175,False,True,False,False,False,False,False
random_ruehl_mask,strong,174,270920434,22,WAIT,WAIT,0.0490840757265687,False,False,False,False,False,False,False
random_ruehl_mask,strong,174,270920434,23,RIGHT,RIGHT,0.048625050112605095,False,False,False,False,False,False,False
random_ruehl_mask,strong,174,270920434,24,WAIT,WAIT,0.042041996493935585,False,False,False,False,False,False,False
random_ruehl_mask,strong,174,270920434,25,RIGHT,RIGHT,0.04800001624971628,False,False,False,False,False,False,False
random_ruehl_mask,strong,174,270920434,26,UP,UP,0.04287506453692913,False,False,False,False,False,False,False
random_ruehl_mask,strong,174,270920434,27,WAIT,WAIT,0.07520802319049835,False,False,False,False,False,False,False
random_ruehl_mask,strong,174,270920434,28,BOMB,BOMB,0.06874999962747097,False,False,False,True,False,False,False
random_ruehl_mask,strong,174,270920434,29,DOWN,DOWN,0.03441690932959318,False,False,False,False,False,False,False
random_ruehl_mask,strong,174,270920434,30,WAIT,WAIT,0.04295795224606991,False,False,False,False,False,False,False
random_ruehl_mask,strong,174,270920434,31,LEFT,LEFT,0.059582991525530815,False,True,False,False,False,False,False
random_ruehl_mask,strong,174,270920434,32,LEFT,LEFT,0.056459102779626846,False,False,False,False,False,False,False
random_ruehl_mask,strong,174,270920434,33,UP,UP,0.04504097159951925,False,False,False,False,False,False,False
random_ruehl_mask,strong,174,270920434,34,WAIT,WAIT,0.04312500823289156,False,False,False,False,False,False,False
random_ruehl_mask,strong,174,270920434,35,UP,UP,0.052582938224077225,False,False,False,False,False,False,False
random_ruehl_mask,strong,174,270920434,36,UP,UP,0.08758297190070152,False,False,False,False,False,False,False
random_ruehl_mask,strong,174,270920434,37,DOWN,DOWN,0.04687509499490261,False,False,False,False,False,False,False
random_ruehl_mask,strong,174,270920434,38,DOWN,DOWN,0.08887506555765867,False,False,False,False,False,False,False
random_ruehl_mask,strong,174,270920434,39,UP,UP,0.054750009439885616,False,False,False,False,False,False,False
random_ruehl_mask,strong,174,270920434,40,WAIT,WAIT,0.08974992670118809,False,False,False,False,False,False,False
random_ruehl_mask,strong,174,270920434,41,WAIT,WAIT,0.07916695903986692,False,True,False,False,False,False,False
random_ruehl_mask,strong,174,270920434,42,WAIT,WAIT,0.09983300697058439,False,False,False,False,False,False,True
random_ruehl_mask,strong,174,270920434,43,BOMB,BOMB,0.08512497879564762,False,False,False,True,False,False,True
random_ruehl_mask,strong,174,270920434,44,UP,UP,0.051833922043442726,False,False,False,False,False,False,True
random_ruehl_mask,strong,174,270920434,45,UP,UP,0.033125048503279686,False,False,False,False,False,False,True
random_ruehl_mask,strong,174,270920434,46,WAIT,WAIT,0.04329090006649494,False,False,False,False,False,False,True
random_ruehl_mask,strong,174,270920434,47,UP,UP,0.044375075958669186,False,False,False,False,False,False,True
random_ruehl_mask,strong,175,270920435,1,WAIT,WAIT,0.1074580941349268,False,True,False,False,False,False,False
random_ruehl_mask,strong,175,270920435,2,WAIT,WAIT,0.0806670868769288,False,False,False,False,False,False,False
random_ruehl_mask,strong,175,270920435,3,BOMB,BOMB,0.07558299694210291,False,False,False,True,False,False,False
random_ruehl_mask,strong,175,270920435,4,DOWN,DOWN,0.050999922677874565,False,False,False,False,False,False,False
random_ruehl_mask,strong,175,270920435,5,DOWN,DOWN,0.06191700231283903,False,False,False,False,False,False,False
random_ruehl_mask,strong,175,270920435,6,RIGHT,RIGHT,0.07983308751136065,False,False,False,False,False,False,False
random_ruehl_mask,strong,175,270920435,7,WAIT,WAIT,0.07062498480081558,False,False,False,False,False,False,False
random_ruehl_mask,strong,175,270920435,8,WAIT,WAIT,0.05283404607325792,False,False,False,False,False,False,False
random_ruehl_mask,strong,175,270920435,9,LEFT,LEFT,0.07325003389269114,False,False,False,False,False,False,False
random_ruehl_mask,strong,175,270920435,10,DOWN,DOWN,0.11033297050744295,False,False,False,False,False,False,False
random_ruehl_mask,strong,175,270920435,11,DOWN,DOWN,0.08541694842278957,False,True,False,False,False,False,False
random_ruehl_mask,strong,175,270920435,12,WAIT,WAIT,0.10912492871284485,False,False,False,False,False,False,False
random_ruehl_mask,strong,175,270920435,13,BOMB,BOMB,0.11204101610928774,False,False,False,True,False,False,False
random_ruehl_mask,strong,175,270920435,14,UP,UP,0.058959005400538445,False,False,False,False,False,False,False
random_ruehl_mask,strong,175,270920435,15,UP,UP,0.06937503349035978,False,False,False,False,False,False,False
random_ruehl_mask,strong,175,270920435,16,RIGHT,RIGHT,0.06079208105802536,False,False,False,False,False,False,False
random_ruehl_mask,strong,175,270920435,17,RIGHT,RIGHT,0.07945799734443426,False,False,False,False,False,False,False
random_ruehl_mask,strong,175,270920435,18,WAIT,WAIT,0.05379202775657177,False,False,False,False,False,False,False
random_ruehl_mask,strong,175,270920435,19,RIGHT,RIGHT,0.042375060729682446,False,False,False,False,False,False,False
random_ruehl_mask,strong,175,270920435,20,BOMB,BOMB,0.09124993812292814,False,False,False,True,False,False,False
random_ruehl_mask,strong,175,270920435,21,LEFT,LEFT,0.07683294825255871,False,True,False,False,False,False,False
random_ruehl_mask,strong,175,270920435,22,DOWN,DOWN,0.06295798812061548,False,False,False,False,False,False,False
random_ruehl_mask,strong,175,270920435,23,DOWN,DOWN,0.05725002847611904,False,False,False,False,False,False,False
random_ruehl_mask,strong,175,270920435,24,UP,UP,0.04812492989003658,False,False,False,False,False,False,False
random_ruehl_mask,strong,175,270920435,25,DOWN,DOWN,0.04337495192885399,False,False,False,False,False,False,False
random_ruehl_mask,strong,175,270920435,26,LEFT,LEFT,0.08345895912498236,False,False,False,False,False,False,False
random_ruehl_mask,strong,175,270920435,27,WAIT,WAIT,0.07820897735655308,False,False,False,False,False,False,False
random_ruehl_mask,strong,175,270920435,28,WAIT,WAIT,0.05979195702821016,False,False,False,False,False,False,False
random_ruehl_mask,strong,175,270920435,29,WAIT,WAIT,0.0563750509172678,False,False,False,False,False,False,False
random_ruehl_mask,strong,175,270920435,30,WAIT,WAIT,0.06474996916949749,False,False,False,False,False,False,False
random_ruehl_mask,strong,175,270920435,31,WAIT,WAIT,0.08004205301404,False,True,False,False,False,False,False
random_ruehl_mask,strong,175,270920435,32,LEFT,LEFT,0.07299997378140688,False,False,False,False,False,False,False
random_ruehl_mask,strong,175,270920435,33,WAIT,WAIT,0.0778749817982316,False,False,False,False,False,False,False
random_ruehl_mask,strong,175,270920435,34,WAIT,WAIT,0.8907080627977848,False,False,False,False,False,False,False
random_ruehl_mask,strong,175,270920435,35,UP,UP,0.06037508137524128,False,False,False,False,False,False,False
random_ruehl_mask,strong,175,270920435,36,UP,UP,0.07829198148101568,False,False,False,False,False,False,False
random_ruehl_mask,strong,175,270920435,37,UP,UP,0.07745798211544752,False,False,False,False,False,False,False
random_ruehl_mask,strong,175,270920435,38,UP,UP,0.06949994713068008,False,False,False,False,False,False,False
random_ruehl_mask,strong,175,270920435,39,DOWN,DOWN,0.06616697646677494,False,False,False,False,False,False,False
random_ruehl_mask,strong,175,270920435,40,WAIT,WAIT,0.08033309131860733,False,False,False,False,False,False,False
random_ruehl_mask,strong,175,270920435,41,WAIT,WAIT,0.0640420475974679,False,True,False,False,False,False,False
random_ruehl_mask,strong,175,270920435,42,UP,UP,0.08812500163912773,False,False,False,False,False,False,False
random_ruehl_mask,strong,175,270920435,43,RIGHT,RIGHT,0.07312500383704901,False,False,False,False,False,False,False
random_ruehl_mask,strong,175,270920435,44,WAIT,WAIT,0.07058295886963606,False,False,False,False,False,False,False
random_ruehl_mask,strong,175,270920435,45,LEFT,LEFT,0.06579095497727394,False,False,False,False,False,False,False
random_ruehl_mask,strong,175,270920435,46,DOWN,DOWN,0.07399998139590025,False,False,False,False,False,False,False
random_ruehl_mask,strong,175,270920435,47,UP,UP,0.07129099685698748,False,False,False,False,False,False,False
random_ruehl_mask,strong,175,270920435,48,RIGHT,RIGHT,0.07129204459488392,False,False,False,False,False,False,False
random_ruehl_mask,strong,175,270920435,49,LEFT,LEFT,0.07533305324614048,False,False,False,False,False,False,False
random_ruehl_mask,strong,175,270920435,50,DOWN,DOWN,0.0613329466432333,False,False,False,False,False,False,False
random_ruehl_mask,strong,175,270920435,51,WAIT,WAIT,0.05441601388156414,False,True,False,False,False,False,False
random_ruehl_mask,strong,175,270920435,52,UP,UP,0.08254102431237698,False,False,False,False,False,False,False
random_ruehl_mask,strong,175,270920435,53,RIGHT,RIGHT,0.07445807568728924,False,False,False,False,False,False,False
random_ruehl_mask,strong,175,270920435,54,WAIT,WAIT,0.08204090408980846,False,False,False,False,False,False,False
random_ruehl_mask,strong,175,270920435,55,RIGHT,RIGHT,0.0629589194431901,False,False,False,False,False,False,False
random_ruehl_mask,strong,175,270920435,56,WAIT,WAIT,0.10104198008775711,False,False,False,False,False,False,True
random_ruehl_mask,strong,175,270920435,57,BOMB,BOMB,0.08683302439749241,False,False,False,True,False,False,True
random_ruehl_mask,strong,175,270920435,58,RIGHT,RIGHT,0.04841701593250036,False,False,False,False,False,False,True
random_ruehl_mask,strong,175,270920435,59,WAIT,WAIT,0.043958076275885105,False,False,False,False,False,False,True
random_ruehl_mask,strong,175,270920435,60,WAIT,WAIT,0.05804200191050768,False,False,False,False,False,False,True
random_ruehl_mask,strong,175,270920435,61,WAIT,WAIT,0.06841693539172411,False,False,False,False,False,False,True
random_ruehl_mask,strong,176,270920436,1,UP,UP,0.09637500625103712,False,True,False,False,False,False,False
random_ruehl_mask,strong,176,270920436,2,BOMB,BOMB,0.058959005400538445,False,False,False,True,False,False,False
random_ruehl_mask,strong,176,270920436,3,DOWN,DOWN,0.031791976653039455,False,False,False,False,False,False,False
random_ruehl_mask,strong,176,270920436,4,LEFT,LEFT,0.031000003218650818,False,False,False,False,False,False,False
random_ruehl_mask,strong,176,270920436,5,WAIT,WAIT,0.04900002386420965,False,False,False,False,False,False,False
random_ruehl_mask,strong,176,270920436,6,WAIT,WAIT,0.05383300594985485,False,False,False,False,False,False,False
random_ruehl_mask,strong,176,270920436,7,WAIT,WAIT,0.05987496115267277,False,False,False,False,False,False,False
random_ruehl_mask,strong,176,270920436,8,RIGHT,RIGHT,0.042625004425644875,False,False,False,False,False,False,True
random_ruehl_mask,strong,176,270920436,9,BOMB,BOMB,0.07604097481817007,False,False,False,True,False,False,True
random_ruehl_mask,strong,176,270920436,10,LEFT,LEFT,0.03404205199331045,False,False,False,False,False,False,True
random_ruehl_mask,strong,176,270920436,11,WAIT,WAIT,0.03433309029787779,False,False,False,False,False,False,True
random_ruehl_mask,strong,176,270920436,12,WAIT,WAIT,0.051292008720338345,False,False,False,False,False,False,True
random_ruehl_mask,strong,176,270920436,13,WAIT,WAIT,0.05787494592368603,False,False,False,False,False,False,True
random_ruehl_mask,strong,177,270920437,1,UP,UP,0.08516607340425253,False,True,False,False,False,False,False
random_ruehl_mask,strong,177,270920437,2,DOWN,DOWN,0.07695797830820084,False,False,False,False,False,False,False
random_ruehl_mask,strong,177,270920437,3,WAIT,WAIT,0.06833299994468689,False,False,False,False,False,False,False
random_ruehl_mask,strong,177,270920437,4,WAIT,WAIT,0.05804095417261124,False,False,False,False,False,False,False
random_ruehl_mask,strong,177,270920437,5,UP,UP,0.06645906250923872,False,False,False,False,False,False,False
random_ruehl_mask,strong,177,270920437,6,BOMB,BOMB,0.06162503268569708,False,False,False,True,False,False,False
random_ruehl_mask,strong,177,270920437,7,DOWN,DOWN,0.0374580267816782,False,False,False,False,False,False,False
random_ruehl_mask,strong,177,270920437,8,WAIT,WAIT,0.02562499139457941,False,False,False,False,False,False,False
random_ruehl_mask,strong,177,270920437,9,LEFT,LEFT,0.031208968721330166,False,False,False,False,False,False,False
random_ruehl_mask,strong,177,270920437,10,WAIT,WAIT,0.03158301115036011,False,False,False,False,False,False,False
random_ruehl_mask,strong,177,270920437,11,WAIT,WAIT,0.0302919652312994,False,True,False,False,False,False,False
random_ruehl_mask,strong,177,270920437,12,WAIT,WAIT,0.035291886888444424,False,False,False,False,False,False,False
random_ruehl_mask,strong,177,270920437,13,RIGHT,RIGHT,0.07491698488593102,False,False,False,False,False,False,True
random_ruehl_mask,strong,177,270920437,14,BOMB,BOMB,0.08449994493275881,False,False,False,True,False,False,True
random_ruehl_mask,strong,177,270920437,15,LEFT,LEFT,0.04449998959898949,False,False,False,False,False,False,True
random_ruehl_mask,strong,177,270920437,16,WAIT,WAIT,0.02591707743704319,False,False,False,False,False,False,True
random_ruehl_mask,strong,177,270920437,17,WAIT,WAIT,0.03208301495760679,False,False,False,False,False,False,True
random_ruehl_mask,strong,177,270920437,18,WAIT,WAIT,0.031542032957077026,False,False,False,False,False,False,True
random_ruehl_mask,strong,178,270920438,1,UP,UP,0.1080420333892107,False,True,False,False,False,False,False
random_ruehl_mask,strong,178,270920438,2,DOWN,DOWN,0.07220800034701824,False,False,False,False,False,False,False
random_ruehl_mask,strong,178,270920438,3,UP,UP,0.07754203397780657,False,False,False,False,False,False,False
random_ruehl_mask,strong,178,270920438,4,WAIT,WAIT,0.06529106758534908,False,False,False,False,False,False,False
random_ruehl_mask,strong,178,270920438,5,BOMB,BOMB,0.08833303581923246,False,False,False,True,False,False,False
random_ruehl_mask,strong,178,270920438,6,DOWN,DOWN,0.08616701234132051,False,False,False,False,False,False,False
random_ruehl_mask,strong,178,270920438,7,LEFT,LEFT,0.052749994210898876,False,False,False,False,False,False,False
random_ruehl_mask,strong,178,270920438,8,WAIT,WAIT,0.044874963350594044,False,False,False,False,False,False,False
random_ruehl_mask,strong,178,270920438,9,WAIT,WAIT,0.04370801616460085,False,False,False,False,False,False,False
random_ruehl_mask,strong,178,270920438,10,LEFT,LEFT,0.0403339508920908,False,False,False,False,False,False,False
random_ruehl_mask,strong,178,270920438,11,WAIT,WAIT,0.03483297768980265,False,True,False,False,False,False,False
random_ruehl_mask,strong,178,270920438,12,LEFT,LEFT,0.08216709829866886,False,False,False,False,False,False,False
random_ruehl_mask,strong,178,270920438,13,RIGHT,RIGHT,0.08929101750254631,False,False,False,False,False,False,False
random_ruehl_mask,strong,178,270920438,14,WAIT,WAIT,0.09125005453824997,False,False,False,False,False,False,True
random_ruehl_mask,strong,178,270920438,15,BOMB,BOMB,0.0813750084489584,False,False,False,True,False,False,True
random_ruehl_mask,strong,178,270920438,16,LEFT,LEFT,0.03458291757851839,False,False,False,False,False,False,True
random_ruehl_mask,strong,178,270920438,17,WAIT,WAIT,0.05266594234853983,False,False,False,False,False,False,True
random_ruehl_mask,strong,178,270920438,18,WAIT,WAIT,0.05404104012995958,False,False,False,False,False,False,True
random_ruehl_mask,strong,178,270920438,19,WAIT,WAIT,0.04854204598814249,False,False,False,False,False,False,True
random_ruehl_mask,strong,179,270920439,1,WAIT,WAIT,0.07533305324614048,False,True,False,False,False,False,False
random_ruehl_mask,strong,179,270920439,2,RIGHT,RIGHT,0.07270800415426493,False,False,False,False,False,False,False
random_ruehl_mask,strong,179,270920439,3,BOMB,BOMB,0.05949998740106821,False,False,False,True,False,False,False
random_ruehl_mask,strong,179,270920439,4,LEFT,LEFT,0.0310409814119339,False,False,False,False,False,False,False
random_ruehl_mask,strong,179,270920439,5,WAIT,WAIT,0.04891701973974705,False,False,False,False,False,False,False
random_ruehl_mask,strong,179,270920439,6,DOWN,DOWN,0.045459019020199776,False,False,False,False,False,False,False
random_ruehl_mask,strong,179,270920439,7,WAIT,WAIT,0.04225003067404032,False,False,False,False,False,False,False
random_ruehl_mask,strong,179,270920439,8,WAIT,WAIT,0.028749927878379822,False,False,False,False,False,False,False
random_ruehl_mask,strong,179,270920439,9,WAIT,WAIT,0.024292035959661007,False,False,False,False,False,False,False
random_ruehl_mask,strong,179,270920439,10,BOMB,BOMB,0.046332948841154575,False,False,False,True,False,False,False
random_ruehl_mask,strong,179,270920439,11,UP,UP,0.02508307807147503,False,True,False,False,False,False,False
random_ruehl_mask,strong,179,270920439,12,WAIT,WAIT,0.030957977287471294,False,False,False,False,False,False,False
random_ruehl_mask,strong,179,270920439,13,RIGHT,RIGHT,0.05749997217208147,False,False,False,False,False,False,False
random_ruehl_mask,strong,179,270920439,14,RIGHT,RIGHT,0.05466700531542301,False,False,False,False,False,False,False
random_ruehl_mask,strong,179,270920439,15,WAIT,WAIT,0.050666043534874916,False,False,False,False,False,False,False
random_ruehl_mask,strong,179,270920439,16,WAIT,WAIT,0.028333044610917568,False,False,False,False,False,False,False
random_ruehl_mask,strong,179,270920439,17,BOMB,BOMB,0.05625002086162567,False,False,False,True,False,False,False
random_ruehl_mask,strong,179,270920439,18,LEFT,LEFT,0.02404197584837675,False,False,False,False,False,False,False
random_ruehl_mask,strong,179,270920439,19,LEFT,LEFT,0.024957931600511074,False,False,False,False,False,False,False
random_ruehl_mask,strong,179,270920439,20,DOWN,DOWN,0.03229198046028614,False,False,False,False,False,False,False
random_ruehl_mask,strong,179,270920439,21,WAIT,WAIT,0.04375004209578037,False,True,False,False,False,False,False
random_ruehl_mask,strong,179,270920439,22,WAIT,WAIT,0.0499580055475235,False,False,False,False,False,False,False
random_ruehl_mask,strong,179,270920439,23,UP,UP,0.048291985876858234,False,False,False,False,False,False,False
random_ruehl_mask,strong,179,270920439,24,WAIT,WAIT,0.047332956455647945,False,False,False,False,False,False,False
random_ruehl_mask,strong,179,270920439,25,DOWN,DOWN,0.038416008464992046,False,False,False,False,False,False,False
random_ruehl_mask,strong,179,270920439,26,DOWN,DOWN,0.03787491004914045,False,False,False,False,False,False,True
random_ruehl_mask,strong,179,270920439,27,BOMB,BOMB,0.06379198748618364,False,False,False,True,False,False,True
random_ruehl_mask,strong,179,270920439,28,DOWN,DOWN,0.024249893613159657,False,False,False,False,False,False,True
random_ruehl_mask,strong,179,270920439,29,DOWN,DOWN,0.02462498378008604,False,False,False,False,False,False,True
random_ruehl_mask,strong,179,270920439,30,WAIT,WAIT,0.039375037886202335,False,False,False,False,False,False,True
random_ruehl_mask,strong,179,270920439,31,UP,UP,0.03829202614724636,False,False,False,False,False,False,True
random_ruehl_mask,strong,180,270920440,1,WAIT,WAIT,0.07733399979770184,False,True,False,False,False,False,False
random_ruehl_mask,strong,180,270920440,2,WAIT,WAIT,0.05791697185486555,False,False,False,False,False,False,False
random_ruehl_mask,strong,180,270920440,3,RIGHT,RIGHT,0.053750001825392246,False,False,False,False,False,False,False
random_ruehl_mask,strong,180,270920440,4,RIGHT,RIGHT,0.050458009354770184,False,False,False,False,False,False,False
random_ruehl_mask,strong,180,270920440,5,LEFT,LEFT,0.06270804442465305,False,False,False,False,False,False,False
random_ruehl_mask,strong,180,270920440,6,WAIT,WAIT,0.06612495053559542,False,False,False,False,False,False,False
random_ruehl_mask,strong,180,270920440,7,WAIT,WAIT,0.06445799954235554,False,False,False,False,False,False,False
random_ruehl_mask,strong,180,270920440,8,RIGHT,RIGHT,0.07287494372576475,False,False,False,False,False,False,True
random_ruehl_mask,strong,180,270920440,9,BOMB,BOMB,0.05691696424037218,False,False,False,True,False,False,True
random_ruehl_mask,strong,180,270920440,10,LEFT,LEFT,0.02875004429370165,False,False,False,False,False,False,True
random_ruehl_mask,strong,180,270920440,11,WAIT,WAIT,0.028416980057954788,False,True,False,False,False,False,True
random_ruehl_mask,strong,180,270920440,12,WAIT,WAIT,0.0404169550165534,False,False,False,False,False,False,True
random_ruehl_mask,strong,180,270920440,13,LEFT,LEFT,0.048832967877388,False,False,False,False,False,False,True
random_ruehl_mask,strong,181,270920441,1,DOWN,DOWN,0.10387494694441557,False,True,False,False,False,False,False
random_ruehl_mask,strong,181,270920441,2,UP,UP,0.07275003008544445,False,False,False,False,False,False,False
random_ruehl_mask,strong,181,270920441,3,DOWN,DOWN,0.11012505274266005,False,False,False,False,False,False,False
random_ruehl_mask,strong,181,270920441,4,BOMB,BOMB,0.08087500464171171,False,False,False,True,False,False,False
random_ruehl_mask,strong,181,270920441,5,UP,UP,0.0604590168222785,False,False,False,False,False,False,False
random_ruehl_mask,strong,181,270920441,6,WAIT,WAIT,0.0665419502183795,False,False,False,False,False,False,False
random_ruehl_mask,strong,181,270920441,7,RIGHT,RIGHT,0.07087504491209984,False,False,False,False,False,False,False
random_ruehl_mask,strong,181,270920441,8,RIGHT,RIGHT,0.1418340252712369,False,False,False,False,False,False,False
random_ruehl_mask,strong,181,270920441,9,WAIT,WAIT,0.06366707384586334,False,False,False,False,False,False,False
random_ruehl_mask,strong,181,270920441,10,LEFT,LEFT,0.059875077567994595,False,False,False,False,False,False,False
random_ruehl_mask,strong,181,270920441,11,LEFT,LEFT,0.05550007335841656,False,True,False,False,False,False,False
random_ruehl_mask,strong,181,270920441,12,DOWN,DOWN,0.057541998103260994,False,False,False,False,False,False,False
random_ruehl_mask,strong,181,270920441,13,UP,UP,0.07916602771729231,False,False,False,False,False,False,False
random_ruehl_mask,strong,181,270920441,14,RIGHT,RIGHT,0.0678329961374402,False,False,False,False,False,False,False
random_ruehl_mask,strong,181,270920441,15,RIGHT,RIGHT,0.07254199590533972,False,False,False,False,False,False,False
random_ruehl_mask,strong,181,270920441,16,RIGHT,RIGHT,0.1188330352306366,False,False,False,False,False,False,False
random_ruehl_mask,strong,181,270920441,17,LEFT,LEFT,0.1236660173162818,False,False,False,False,False,False,False
random_ruehl_mask,strong,181,270920441,18,WAIT,WAIT,0.09533390402793884,False,False,False,False,False,False,False
random_ruehl_mask,strong,181,270920441,19,RIGHT,RIGHT,0.09774998761713505,False,False,False,False,False,False,True
random_ruehl_mask,strong,181,270920441,20,BOMB,BOMB,0.0826249597594142,False,False,False,True,False,False,True
random_ruehl_mask,strong,181,270920441,21,LEFT,LEFT,0.05858310032635927,False,True,False,False,False,False,True
random_ruehl_mask,strong,181,270920441,22,WAIT,WAIT,0.06229104474186897,False,False,False,False,False,False,True
random_ruehl_mask,strong,181,270920441,23,WAIT,WAIT,0.06479199510067701,False,False,False,False,False,False,True
random_ruehl_mask,strong,181,270920441,24,LEFT,LEFT,0.04554202314466238,False,False,False,False,False,False,True
random_ruehl_mask,strong,182,270920442,1,UP,UP,0.09862496517598629,False,True,False,False,False,False,False
random_ruehl_mask,strong,182,270920442,2,WAIT,WAIT,0.10420801118016243,False,False,False,False,False,False,False
random_ruehl_mask,strong,182,270920442,3,BOMB,BOMB,0.07591699250042439,False,False,False,True,False,False,False
random_ruehl_mask,strong,182,270920442,4,DOWN,DOWN,0.04079192876815796,False,False,False,False,False,False,False
random_ruehl_mask,strong,182,270920442,5,WAIT,WAIT,0.06079196464270353,False,False,False,False,False,False,False
random_ruehl_mask,strong,182,270920442,6,RIGHT,RIGHT,0.06504193879663944,False,False,False,False,False,False,False
random_ruehl_mask,strong,182,270920442,7,WAIT,WAIT,0.06075005512684584,False,False,False,False,False,False,False
random_ruehl_mask,strong,182,270920442,8,WAIT,WAIT,0.04158297087997198,False,False,False,False,False,False,False
random_ruehl_mask,strong,182,270920442,9,WAIT,WAIT,0.03404100425541401,False,False,False,False,False,False,False
random_ruehl_mask,strong,182,270920442,10,WAIT,WAIT,0.0665000407025218,False,False,False,False,False,False,False
random_ruehl_mask,strong,182,270920442,11,BOMB,BOMB,0.06612506695091724,False,True,False,True,False,False,False
random_ruehl_mask,strong,182,270920442,12,LEFT,LEFT,0.0450831139460206,False,False,False,False,False,False,False
random_ruehl_mask,strong,182,270920442,13,UP,UP,0.05612499080598354,False,False,False,False,False,False,False
random_ruehl_mask,strong,182,270920442,14,WAIT,WAIT,0.06383296567946672,False,False,False,False,False,False,False
random_ruehl_mask,strong,182,270920442,15,UP,UP,0.05295802839100361,False,False,False,False,False,False,False
random_ruehl_mask,strong,182,270920442,16,WAIT,WAIT,0.04099996294826269,False,False,False,False,False,False,False
random_ruehl_mask,strong,182,270920442,17,WAIT,WAIT,0.034791999496519566,False,False,False,False,False,False,False
random_ruehl_mask,strong,182,270920442,18,DOWN,DOWN,0.08158304262906313,False,False,False,False,False,False,False
random_ruehl_mask,strong,182,270920442,19,UP,UP,0.04724995233118534,False,False,False,False,False,False,False
random_ruehl_mask,strong,182,270920442,20,UP,UP,0.09529199451208115,False,False,False,False,False,False,False
random_ruehl_mask,strong,182,270920442,21,WAIT,WAIT,0.09220791980624199,False,True,False,False,False,False,False
random_ruehl_mask,strong,182,270920442,22,UP,UP,0.09041698649525642,False,False,False,False,False,False,False
random_ruehl_mask,strong,182,270920442,23,WAIT,WAIT,0.07929198909550905,False,False,False,False,False,False,False
random_ruehl_mask,strong,182,270920442,24,DOWN,DOWN,0.057833967730402946,False,False,False,False,False,False,False
random_ruehl_mask,strong,182,270920442,25,BOMB,BOMB,0.05533406510949135,False,False,False,True,False,False,False
random_ruehl_mask,strong,182,270920442,26,DOWN,DOWN,0.02883397974073887,False,False,False,False,False,False,False
random_ruehl_mask,strong,182,270920442,27,WAIT,WAIT,0.028957962058484554,False,False,False,False,False,False,False
random_ruehl_mask,strong,182,270920442,28,RIGHT,RIGHT,0.04316598642617464,False,False,False,False,False,False,False
random_ruehl_mask,strong,182,270920442,29,WAIT,WAIT,0.0363329891115427,False,False,False,False,False,False,False
random_ruehl_mask,strong,182,270920442,30,WAIT,WAIT,0.04316703416407108,False,False,False,False,False,False,False
random_ruehl_mask,strong,182,270920442,31,LEFT,LEFT,0.042375060729682446,False,True,False,False,False,False,False
random_ruehl_mask,strong,182,270920442,32,WAIT,WAIT,0.08329201955348253,False,False,False,False,False,False,False
random_ruehl_mask,strong,182,270920442,33,WAIT,WAIT,0.07370894309133291,False,False,False,False,False,False,False
random_ruehl_mask,strong,182,270920442,34,DOWN,DOWN,0.06937491707503796,False,False,False,False,False,False,False
random_ruehl_mask,strong,182,270920442,35,DOWN,DOWN,0.058999983593821526,False,False,False,False,False,False,False
random_ruehl_mask,strong,182,270920442,36,WAIT,WAIT,0.05562498699873686,False,False,False,False,False,False,False
random_ruehl_mask,strong,182,270920442,37,WAIT,WAIT,0.050749978981912136,False,False,False,False,False,False,False
random_ruehl_mask,strong,182,270920442,38,RIGHT,RIGHT,0.04954100586473942,False,False,False,False,False,False,False
random_ruehl_mask,strong,182,270920442,39,LEFT,LEFT,0.04137493669986725,False,False,False,False,False,False,False
random_ruehl_mask,strong,182,270920442,40,RIGHT,RIGHT,0.04729209467768669,False,False,False,False,False,False,False
random_ruehl_mask,strong,182,270920442,41,LEFT,LEFT,0.11095800437033176,False,True,False,False,False,False,False
random_ruehl_mask,strong,182,270920442,42,RIGHT,RIGHT,0.06858294364064932,False,False,False,False,False,False,False
random_ruehl_mask,strong,182,270920442,43,RIGHT,RIGHT,0.04483305383473635,False,False,False,False,False,False,False
random_ruehl_mask,strong,182,270920442,44,LEFT,LEFT,0.07583294063806534,False,False,False,False,False,False,False
random_ruehl_mask,strong,182,270920442,45,LEFT,LEFT,0.051999930292367935,False,False,False,False,False,False,False
random_ruehl_mask,strong,182,270920442,46,UP,UP,0.05283299833536148,False,False,False,False,False,False,False
random_ruehl_mask,strong,182,270920442,47,UP,UP,0.06500002928078175,False,False,False,False,False,False,False
random_ruehl_mask,strong,182,270920442,48,DOWN,DOWN,0.08124997839331627,False,False,False,False,False,False,False
random_ruehl_mask,strong,182,270920442,49,DOWN,DOWN,0.04158297087997198,False,False,False,False,False,False,False
random_ruehl_mask,strong,182,270920442,50,RIGHT,RIGHT,0.03654090687632561,False,False,False,False,False,False,False
random_ruehl_mask,strong,182,270920442,51,WAIT,WAIT,0.03491598181426525,False,True,False,False,False,False,False
random_ruehl_mask,strong,182,270920442,52,LEFT,LEFT,0.04145794082432985,False,False,False,False,False,False,False
random_ruehl_mask,strong,182,270920442,53,UP,UP,0.04158401861786842,False,False,False,False,False,False,False
random_ruehl_mask,strong,182,270920442,54,DOWN,DOWN,0.04962494131177664,False,False,False,False,False,False,False
random_ruehl_mask,strong,182,270920442,55,UP,UP,0.04175002686679363,False,False,False,False,False,False,False
random_ruehl_mask,strong,182,270920442,56,DOWN,DOWN,0.0404169550165534,False,False,False,False,False,False,False
random_ruehl_mask,strong,182,270920442,57,UP,UP,0.033374992199242115,False,False,False,False,False,False,False
random_ruehl_mask,strong,182,270920442,58,WAIT,WAIT,0.032791984267532825,False,False,False,False,False,False,False
random_ruehl_mask,strong,182,270920442,59,DOWN,DOWN,0.03216695040464401,False,False,False,False,False,False,False
random_ruehl_mask,strong,182,270920442,60,WAIT,WAIT,0.04025001544505358,False,False,False,False,False,False,False
random_ruehl_mask,strong,182,270920442,61,UP,UP,0.038624973967671394,False,True,False,False,False,False,False
random_ruehl_mask,strong,182,270920442,62,WAIT,WAIT,0.03716698847711086,False,False,False,False,False,False,False
random_ruehl_mask,strong,182,270920442,63,UP,UP,0.031832954846322536,False,False,False,False,False,False,False
random_ruehl_mask,strong,182,270920442,64,BOMB,BOMB,0.06316602230072021,False,False,False,True,False,False,False
random_ruehl_mask,strong,182,270920442,65,UP,UP,0.02504198346287012,False,False,False,False,False,False,False
random_ruehl_mask,strong,182,270920442,66,UP,UP,0.03091595135629177,False,False,False,False,False,False,False
random_ruehl_mask,strong,182,270920442,67,UP,UP,0.04454201553016901,False,False,False,False,False,False,False
random_ruehl_mask,strong,182,270920442,68,UP,UP,0.040041981264948845,False,False,False,False,False,False,False
random_ruehl_mask,strong,182,270920442,69,UP,UP,0.03237510100007057,False,False,False,False,False,False,False
random_ruehl_mask,strong,182,270920442,70,WAIT,WAIT,0.040458980947732925,False,False,False,False,False,False,True
random_ruehl_mask,strong,182,270920442,71,BOMB,BOMB,0.06579095497727394,False,True,False,True,False,False,True
random_ruehl_mask,strong,182,270920442,72,DOWN,DOWN,0.04116701893508434,False,False,False,False,False,False,True
random_ruehl_mask,strong,182,270920442,73,DOWN,DOWN,0.02570892684161663,False,False,False,False,False,False,True
random_ruehl_mask,strong,182,270920442,74,UP,UP,0.04212500061839819,False,False,False,False,False,False,True
random_ruehl_mask,strong,182,270920442,75,DOWN,DOWN,0.03487500362098217,False,False,False,False,False,False,True
random_ruehl_mask,strong,183,270920443,1,RIGHT,RIGHT,0.08591706864535809,False,True,False,False,False,False,False
random_ruehl_mask,strong,183,270920443,2,WAIT,WAIT,0.06074993871152401,False,False,False,False,False,False,False
random_ruehl_mask,strong,183,270920443,3,LEFT,LEFT,0.05708297248929739,False,False,False,False,False,False,False
random_ruehl_mask,strong,183,270920443,4,DOWN,DOWN,0.05879194941371679,False,False,False,False,False,False,False
random_ruehl_mask,strong,183,270920443,5,WAIT,WAIT,0.07299997378140688,False,False,False,False,False,False,False
random_ruehl_mask,strong,183,270920443,6,UP,UP,0.07008295506238937,False,False,False,False,False,False,False
random_ruehl_mask,strong,183,270920443,7,DOWN,DOWN,0.06908399518579245,False,False,False,False,False,False,False
random_ruehl_mask,strong,183,270920443,8,BOMB,BOMB,0.05237502045929432,False,False,False,True,False,False,False
random_ruehl_mask,strong,183,270920443,9,UP,UP,0.028749927878379822,False,False,False,False,False,False,False
random_ruehl_mask,strong,183,270920443,10,WAIT,WAIT,0.04116701893508434,False,False,False,False,False,False,False
random_ruehl_mask,strong,183,270920443,11,RIGHT,RIGHT,0.04183303099125624,False,True,False,False,False,False,False
random_ruehl_mask,strong,183,270920443,12,WAIT,WAIT,0.039041973650455475,False,False,False,False,False,False,False
random_ruehl_mask,strong,183,270920443,13,WAIT,WAIT,0.05579099524766207,False,False,False,False,False,False,False
random_ruehl_mask,strong,183,270920443,14,WAIT,WAIT,0.04824995994567871,False,False,False,False,False,False,False
random_ruehl_mask,strong,183,270920443,15,LEFT,LEFT,0.07100007496774197,False,False,False,False,False,False,True
random_ruehl_mask,strong,183,270920443,16,BOMB,BOMB,0.06345799192786217,False,False,False,True,False,False,True
random_ruehl_mask,strong,183,270920443,17,RIGHT,RIGHT,0.029082992114126682,False,False,False,False,False,False,True
random_ruehl_mask,strong,183,270920443,18,WAIT,WAIT,0.029082992114126682,False,False,False,False,False,False,True
random_ruehl_mask,strong,183,270920443,19,WAIT,WAIT,0.0374580267816782,False,False,False,False,False,False,True
random_ruehl_mask,strong,183,270920443,20,WAIT,WAIT,0.04854204598814249,False,False,False,False,False,False,True
random_ruehl_mask,strong,184,270920444,1,WAIT,WAIT,0.08145906031131744,False,True,False,False,False,False,False
random_ruehl_mask,strong,184,270920444,2,RIGHT,RIGHT,0.08691591210663319,False,False,False,False,False,False,False
random_ruehl_mask,strong,184,270920444,3,LEFT,LEFT,0.06695801857858896,False,False,False,False,False,False,False
random_ruehl_mask,strong,184,270920444,4,WAIT,WAIT,0.06999995093792677,False,False,False,False,False,False,False
random_ruehl_mask,strong,184,270920444,5,DOWN,DOWN,0.09250000584870577,False,False,False,False,False,False,False
random_ruehl_mask,strong,184,270920444,6,DOWN,DOWN,0.07604202255606651,False,False,False,False,False,False,False
random_ruehl_mask,strong,184,270920444,7,BOMB,BOMB,0.07645809091627598,False,False,False,True,False,False,False
random_ruehl_mask,strong,184,270920444,8,UP,UP,0.03020802978426218,False,False,False,False,False,False,False
random_ruehl_mask,strong,184,270920444,9,UP,UP,0.029416056349873543,False,False,False,False,False,False,False
random_ruehl_mask,strong,184,270920444,10,RIGHT,RIGHT,0.03800005652010441,False,False,False,False,False,False,False
random_ruehl_mask,strong,184,270920444,11,RIGHT,RIGHT,0.03762508276849985,False,True,False,False,False,False,False
random_ruehl_mask,strong,184,270920444,12,LEFT,LEFT,0.03850006032735109,False,False,False,False,False,False,False
random_ruehl_mask,strong,184,270920444,13,LEFT,LEFT,0.04749989602714777,False,False,False,False,False,False,False
random_ruehl_mask,strong,184,270920444,14,WAIT,WAIT,0.05433394107967615,False,False,False,False,False,False,False
random_ruehl_mask,strong,184,270920444,15,RIGHT,RIGHT,0.05262496415525675,False,False,False,False,False,False,False
random_ruehl_mask,strong,184,270920444,16,LEFT,LEFT,0.05254207644611597,False,False,False,False,False,False,False
random_ruehl_mask,strong,184,270920444,17,WAIT,WAIT,0.03458408173173666,False,False,False,False,False,False,False
random_ruehl_mask,strong,184,270920444,18,WAIT,WAIT,0.034082913771271706,False,False,False,False,False,False,False
random_ruehl_mask,strong,184,270920444,19,WAIT,WAIT,0.04029099363833666,False,False,False,False,False,False,False
random_ruehl_mask,strong,184,270920444,20,RIGHT,RIGHT,0.05420797970145941,False,False,False,False,False,False,False
random_ruehl_mask,strong,184,270920444,21,RIGHT,RIGHT,0.07758301217108965,False,True,False,False,False,False,False
random_ruehl_mask,strong,184,270920444,22,WAIT,WAIT,0.08625001646578312,False,False,False,False,False,False,False
random_ruehl_mask,strong,184,270920444,23,LEFT,LEFT,0.061125028878450394,False,False,False,False,False,False,False
random_ruehl_mask,strong,184,270920444,24,LEFT,LEFT,0.05549995694309473,False,False,False,False,False,False,False
random_ruehl_mask,strong,184,270920444,25,DOWN,DOWN,0.03383297007530928,False,False,False,False,False,False,False
random_ruehl_mask,strong,184,270920444,26,DOWN,DOWN,0.03358302637934685,False,False,False,False,False,False,False
random_ruehl_mask,strong,184,270920444,27,WAIT,WAIT,0.03458303399384022,False,False,False,False,False,False,False
random_ruehl_mask,strong,184,270920444,28,WAIT,WAIT,0.034791999496519566,False,False,False,False,False,False,False
random_ruehl_mask,strong,184,270920444,29,RIGHT,RIGHT,0.03487500362098217,False,False,False,False,False,False,False
random_ruehl_mask,strong,184,270920444,30,RIGHT,RIGHT,0.06104097701609135,False,False,False,False,False,False,False
random_ruehl_mask,strong,184,270920444,31,WAIT,WAIT,0.0678329961374402,False,True,False,False,False,False,False
random_ruehl_mask,strong,184,270920444,32,RIGHT,RIGHT,0.06612495053559542,False,False,False,False,False,False,False
random_ruehl_mask,strong,184,270920444,33,LEFT,LEFT,0.04549999721348286,False,False,False,False,False,False,True
random_ruehl_mask,strong,184,270920444,34,BOMB,BOMB,0.07458403706550598,False,False,False,True,False,False,True
random_ruehl_mask,strong,184,270920444,35,LEFT,LEFT,0.02862501423805952,False,False,False,False,False,False,True
random_ruehl_mask,strong,184,270920444,36,WAIT,WAIT,0.03833300434052944,False,False,False,False,False,False,True
random_ruehl_mask,strong,184,270920444,37,WAIT,WAIT,0.046874978579580784,False,False,False,False,False,False,True
random_ruehl_mask,strong,184,270920444,38,LEFT,LEFT,0.056083896197378635,False,False,False,False,False,False,True
random_ruehl_mask,strong,185,270920445,1,RIGHT,RIGHT,0.077415956184268,False,True,False,False,False,False,False
random_ruehl_mask,strong,185,270920445,2,BOMB,BOMB,0.05300005432218313,False,False,False,True,False,False,False
random_ruehl_mask,strong,185,270920445,3,LEFT,LEFT,0.028667040169239044,False,False,False,False,False,False,False
random_ruehl_mask,strong,185,270920445,4,DOWN,DOWN,0.027916976250708103,False,False,False,False,False,False,False
random_ruehl_mask,strong,185,270920445,5,WAIT,WAIT,0.04416611045598984,False,False,False,False,False,False,False
random_ruehl_mask,strong,185,270920445,6,DOWN,DOWN,0.04850002005696297,False,False,False,False,False,False,False
random_ruehl_mask,strong,185,270920445,7,WAIT,WAIT,0.05100003909319639,False,False,False,False,False,False,False
random_ruehl_mask,strong,185,270920445,8,WAIT,WAIT,0.03662507515400648,False,False,False,False,False,False,False
random_ruehl_mask,strong,185,270920445,9,BOMB,BOMB,0.07941701915115118,False,False,False,True,False,False,False
random_ruehl_mask,strong,185,270920445,10,UP,UP,0.04683306906372309,False,False,False,False,False,False,False
random_ruehl_mask,strong,185,270920445,11,UP,UP,0.03729097079485655,False,True,False,False,False,False,False
random_ruehl_mask,strong,185,270920445,12,RIGHT,RIGHT,0.04445796366780996,False,False,False,False,False,False,False
random_ruehl_mask,strong,185,270920445,13,RIGHT,RIGHT,0.057333032600581646,False,False,False,False,False,False,False
random_ruehl_mask,strong,185,270920445,14,LEFT,LEFT,0.05691708065569401,False,False,False,False,False,False,False
random_ruehl_mask,strong,185,270920445,15,RIGHT,RIGHT,0.04412501584738493,False,False,False,False,False,False,False
random_ruehl_mask,strong,185,270920445,16,WAIT,WAIT,0.0702498946338892,False,False,False,False,False,False,False
random_ruehl_mask,strong,185,270920445,17,LEFT,LEFT,0.06516696885228157,False,False,False,False,False,False,False
random_ruehl_mask,strong,185,270920445,18,WAIT,WAIT,0.039207981899380684,False,False,False,False,False,False,False
random_ruehl_mask,strong,185,270920445,19,LEFT,LEFT,0.03929203376173973,False,False,False,False,False,False,False
random_ruehl_mask,strong,185,270920445,20,WAIT,WAIT,0.05137501284480095,False,False,False,False,False,False,False
random_ruehl_mask,strong,185,270920445,21,RIGHT,RIGHT,0.055916025303304195,False,True,False,False,False,False,False
random_ruehl_mask,strong,185,270920445,22,LEFT,LEFT,0.045874970965087414,False,False,False,False,False,False,False
random_ruehl_mask,strong,185,270920445,23,RIGHT,RIGHT,0.038041966035962105,False,False,False,False,False,False,False
random_ruehl_mask,strong,185,270920445,24,LEFT,LEFT,0.033041927963495255,False,False,False,False,False,False,False
random_ruehl_mask,strong,185,270920445,25,DOWN,DOWN,0.03324996214359999,False,False,False,False,False,False,False
random_ruehl_mask,strong,185,270920445,26,UP,UP,0.03270898014307022,False,False,False,False,False,False,False
random_ruehl_mask,strong,185,270920445,27,RIGHT,RIGHT,0.03312493208795786,False,False,False,False,False,False,False
random_ruehl_mask,strong,185,270920445,28,LEFT,LEFT,0.032624928280711174,False,False,False,False,False,False,False
random_ruehl_mask,strong,185,270920445,29,DOWN,DOWN,0.03870902583003044,False,False,False,False,False,False,False
random_ruehl_mask,strong,185,270920445,30,WAIT,WAIT,0.04545808769762516,False,False,False,False,False,False,False
random_ruehl_mask,strong,185,270920445,31,UP,UP,0.05012494511902332,False,True,False,False,False,False,False
random_ruehl_mask,strong,185,270920445,32,RIGHT,RIGHT,0.04612491466104984,False,False,False,False,False,False,False
random_ruehl_mask,strong,185,270920445,33,LEFT,LEFT,0.03925000783056021,False,False,False,False,False,False,False
random_ruehl_mask,strong,185,270920445,34,DOWN,DOWN,0.03245798870921135,False,False,False,False,False,False,False
random_ruehl_mask,strong,185,270920445,35,WAIT,WAIT,0.03258395008742809,False,False,False,False,False,False,False
random_ruehl_mask,strong,185,270920445,36,UP,UP,0.03208301495760679,False,False,False,False,False,False,False
random_ruehl_mask,strong,185,270920445,37,DOWN,DOWN,0.0338749960064888,False,False,False,False,False,False,False
random_ruehl_mask,strong,185,270920445,38,UP,UP,0.043915933929383755,False,False,False,False,False,False,False
random_ruehl_mask,strong,185,270920445,39,WAIT,WAIT,0.04470790736377239,False,False,False,False,False,False,False
random_ruehl_mask,strong,185,270920445,40,DOWN,DOWN,0.049875001423060894,False,False,False,False,False,False,False
random_ruehl_mask,strong,185,270920445,41,WAIT,WAIT,0.04245806485414505,False,True,False,False,False,False,False
random_ruehl_mask,strong,185,270920445,42,DOWN,DOWN,0.041874940507113934,False,False,False,False,False,False,False
random_ruehl_mask,strong,185,270920445,43,UP,UP,0.03999995533376932,False,False,False,False,False,False,False
random_ruehl_mask,strong,185,270920445,44,DOWN,DOWN,0.04333397373557091,False,False,False,False,False,False,False
random_ruehl_mask,strong,185,270920445,45,UP,UP,0.04641606938093901,False,False,False,False,False,False,False
random_ruehl_mask,strong,185,270920445,46,WAIT,WAIT,0.03683404065668583,False,False,False,False,False,False,False
random_ruehl_mask,strong,185,270920445,47,DOWN,DOWN,0.03208301495760679,False,False,False,False,False,False,False
random_ruehl_mask,strong,185,270920445,48,RIGHT,RIGHT,0.041541061364114285,False,False,False,False,False,False,False
random_ruehl_mask,strong,185,270920445,49,RIGHT,RIGHT,0.05779205821454525,False,False,False,False,False,False,False
random_ruehl_mask,strong,185,270920445,50,BOMB,BOMB,0.060999998822808266,False,False,False,True,False,False,False
random_ruehl_mask,strong,185,270920445,51,LEFT,LEFT,0.024333014152944088,False,True,False,False,False,False,False
random_ruehl_mask,strong,185,270920445,52,LEFT,LEFT,0.024833017960190773,False,False,False,False,False,False,False
random_ruehl_mask,strong,185,270920445,53,UP,UP,0.03854092210531235,False,False,False,False,False,False,False
random_ruehl_mask,strong,185,270920445,54,WAIT,WAIT,0.03787502646446228,False,False,False,False,False,False,False
random_ruehl_mask,strong,185,270920445,55,WAIT,WAIT,0.03524997737258673,False,False,False,False,False,False,False
random_ruehl_mask,strong,185,270920445,56,UP,UP,0.03316707443445921,False,False,False,False,False,False,False
random_ruehl_mask,strong,185,270920445,57,DOWN,DOWN,0.047291978262364864,False,False,False,False,False,False,False
random_ruehl_mask,strong,185,270920445,58,UP,UP,0.053292023949325085,False,False,False,False,False,False,False
random_ruehl_mask,strong,185,270920445,59,WAIT,WAIT,0.04454201553016901,False,False,False,False,False,False,False
random_ruehl_mask,strong,185,270920445,60,DOWN,DOWN,0.04324992187321186,False,False,False,False,False,False,False
random_ruehl_mask,strong,185,270920445,61,DOWN,DOWN,0.036209006793797016,False,True,False,False,False,False,False
random_ruehl_mask,strong,185,270920445,62,RIGHT,RIGHT,0.04016607999801636,False,False,False,False,False,False,False
random_ruehl_mask,strong,185,270920445,63,WAIT,WAIT,0.03687501884996891,False,False,False,False,False,False,False
random_ruehl_mask,strong,185,270920445,64,WAIT,WAIT,0.03616604954004288,False,False,False,False,False,False,False
random_ruehl_mask,strong,185,270920445,65,LEFT,LEFT,0.03629201091825962,False,False,False,False,False,False,False
random_ruehl_mask,strong,185,270920445,66,WAIT,WAIT,0.03950006794184446,False,False,False,False,False,False,False
random_ruehl_mask,strong,185,270920445,67,WAIT,WAIT,0.045874970965087414,False,False,False,False,False,False,False
random_ruehl_mask,strong,185,270920445,68,WAIT,WAIT,0.04554202314466238,False,False,False,False,False,False,False
random_ruehl_mask,strong,185,270920445,69,WAIT,WAIT,0.0439999857917428,False,False,False,False,False,False,False
random_ruehl_mask,strong,185,270920445,70,DOWN,DOWN,0.06316707003861666,False,False,False,False,False,False,False
random_ruehl_mask,strong,185,270920445,71,UP,UP,0.04837499000132084,False,True,False,False,False,False,False
random_ruehl_mask,strong,185,270920445,72,DOWN,DOWN,0.04075001925230026,False,False,False,False,False,False,False
random_ruehl_mask,strong,185,270920445,73,DOWN,DOWN,0.033415970392525196,False,False,False,False,False,False,False
random_ruehl_mask,strong,185,270920445,74,UP,UP,0.06079208105802536,False,False,False,False,False,False,False
random_ruehl_mask,strong,185,270920445,75,DOWN,DOWN,0.032291049137711525,False,False,False,False,False,False,False
random_ruehl_mask,strong,185,270920445,76,DOWN,DOWN,0.07187505252659321,False,False,False,False,False,False,False
random_ruehl_mask,strong,185,270920445,77,WAIT,WAIT,0.04383409395813942,False,False,False,False,False,False,False
random_ruehl_mask,strong,185,270920445,78,UP,UP,0.04124990664422512,False,False,False,False,False,False,False
random_ruehl_mask,strong,185,270920445,79,DOWN,DOWN,0.07283291779458523,False,False,False,False,False,False,False
random_ruehl_mask,strong,185,270920445,80,WAIT,WAIT,0.03441690932959318,False,False,False,False,False,False,False
random_ruehl_mask,strong,185,270920445,81,DOWN,DOWN,0.03362505231052637,False,True,False,False,False,False,False
random_ruehl_mask,strong,185,270920445,82,UP,UP,0.0631249276921153,False,False,False,False,False,False,True
random_ruehl_mask,strong,185,270920445,83,DOWN,DOWN,0.058999983593821526,False,False,False,False,False,False,True
random_ruehl_mask,strong,185,270920445,84,UP,UP,0.059416983276605606,False,False,False,False,False,False,True
random_ruehl_mask,strong,185,270920445,85,BOMB,BOMB,0.06600003689527512,False,False,False,True,True,False,True
random_ruehl_mask,strong,185,270920445,86,DOWN,DOWN,0.044082989916205406,False,False,False,False,False,False,True
random_ruehl_mask,strong,185,270920445,87,DOWN,DOWN,0.04283292219042778,False,False,False,False,False,False,True
random_ruehl_mask,strong,186,270920446,1,WAIT,WAIT,0.0770840561017394,False,True,False,False,False,False,False
random_ruehl_mask,strong,186,270920446,2,WAIT,WAIT,0.06887491326779127,False,False,False,False,False,False,False
random_ruehl_mask,strong,186,270920446,3,WAIT,WAIT,0.06187497638165951,False,False,False,False,False,False,False
random_ruehl_mask,strong,186,270920446,4,LEFT,LEFT,0.05662499461323023,False,False,False,False,False,False,False
random_ruehl_mask,strong,186,270920446,5,RIGHT,RIGHT,0.06462493911385536,False,False,False,False,False,False,False
random_ruehl_mask,strong,186,270920446,6,DOWN,DOWN,0.06745802238583565,False,False,False,False,False,False,False
random_ruehl_mask,strong,186,270920446,7,WAIT,WAIT,0.06616604514420033,False,False,False,False,False,False,False
random_ruehl_mask,strong,186,270920446,8,UP,UP,0.05712499842047691,False,False,False,False,False,False,False
random_ruehl_mask,strong,186,270920446,9,DOWN,DOWN,0.05937495734542608,False,False,False,False,False,False,False
random_ruehl_mask,strong,186,270920446,10,BOMB,BOMB,0.05179096478968859,False,False,False,True,False,False,False
random_ruehl_mask,strong,186,270920446,11,UP,UP,0.024999957531690598,False,True,False,False,False,False,False
random_ruehl_mask,strong,186,270920446,12,LEFT,LEFT,0.0315000070258975,False,False,False,False,False,False,False
random_ruehl_mask,strong,186,270920446,13,WAIT,WAIT,0.04083395469933748,False,False,False,False,False,False,False
random_ruehl_mask,strong,186,270920446,14,WAIT,WAIT,0.03862509038299322,False,False,False,False,False,False,False
random_ruehl_mask,strong,186,270920446,15,WAIT,WAIT,0.03245798870921135,False,False,False,False,False,False,False
random_ruehl_mask,strong,186,270920446,16,RIGHT,RIGHT,0.02462498378008604,False,False,False,False,False,False,False
random_ruehl_mask,strong,186,270920446,17,BOMB,BOMB,0.05937495734542608,False,False,False,True,False,False,False
random_ruehl_mask,strong,186,270920446,18,DOWN,DOWN,0.03216706681996584,False,False,False,False,False,False,False
random_ruehl_mask,strong,186,270920446,19,DOWN,DOWN,0.032374984584748745,False,False,False,False,False,False,False
random_ruehl_mask,strong,186,270920446,20,DOWN,DOWN,0.03141607157886028,False,False,False,False,False,False,False
random_ruehl_mask,strong,186,270920446,21,DOWN,DOWN,0.038041966035962105,False,True,False,False,False,False,False
random_ruehl_mask,strong,186,270920446,22,WAIT,WAIT,0.05124998278915882,False,False,False,False,False,False,False
random_ruehl_mask,strong,186,270920446,23,WAIT,WAIT,0.04541699308902025,False,False,False,False,False,False,False
random_ruehl_mask,strong,186,270920446,24,LEFT,LEFT,0.08058303501456976,False,False,False,False,False,False,False
random_ruehl_mask,strong,186,270920446,25,WAIT,WAIT,0.051625072956085205,False,False,False,False,False,False,False
random_ruehl_mask,strong,186,270920446,26,WAIT,WAIT,0.05083298310637474,False,False,False,False,False,False,False
random_ruehl_mask,strong,186,270920446,27,BOMB,BOMB,0.050332979299128056,False,False,False,True,False,False,False
random_ruehl_mask,strong,186,270920446,28,RIGHT,RIGHT,0.02804200630635023,False,False,False,False,False,False,False
random_ruehl_mask,strong,186,270920446,29,WAIT,WAIT,0.028959009796380997,False,False,False,False,False,False,False
random_ruehl_mask,strong,186,270920446,30,UP,UP,0.03516604192554951,False,False,False,False,False,False,False
random_ruehl_mask,strong,186,270920446,31,UP,UP,0.03983406350016594,False,True,False,False,False,False,False
random_ruehl_mask,strong,186,270920446,32,UP,UP,0.03954197745770216,False,False,False,False,False,False,False
random_ruehl_mask,strong,186,270920446,33,UP,UP,0.031791976653039455,False,False,False,False,False,False,False
random_ruehl_mask,strong,186,270920446,34,WAIT,WAIT,0.033833086490631104,False,False,False,False,False,False,False
random_ruehl_mask,strong,186,270920446,35,WAIT,WAIT,0.03295904025435448,False,False,False,False,False,False,False
random_ruehl_mask,strong,186,270920446,36,LEFT,LEFT,0.03950006794184446,False,False,False,False,False,False,False
random_ruehl_mask,strong,186,270920446,37,BOMB,BOMB,0.05249993409961462,False,False,False,True,False,False,False
random_ruehl_mask,strong,186,270920446,38,RIGHT,RIGHT,0.02870894968509674,False,False,False,False,False,False,False
random_ruehl_mask,strong,186,270920446,39,WAIT,WAIT,0.02358399797230959,False,False,False,False,False,False,False
random_ruehl_mask,strong,186,270920446,40,DOWN,DOWN,0.030416063964366913,False,False,False,False,False,False,False
random_ruehl_mask,strong,186,270920446,41,WAIT,WAIT,0.029999995604157448,False,True,False,False,False,False,False
random_ruehl_mask,strong,186,270920446,42,WAIT,WAIT,0.040792045183479786,False,False,False,False,False,False,False
random_ruehl_mask,strong,186,270920446,43,DOWN,DOWN,0.04116701893508434,False,False,False,False,False,False,False
random_ruehl_mask,strong,186,270920446,44,UP,UP,0.0752920750528574,False,False,False,False,False,False,False
random_ruehl_mask,strong,186,270920446,45,UP,UP,0.04287506453692913,False,False,False,False,False,False,False
random_ruehl_mask,strong,186,270920446,46,DOWN,DOWN,0.04520791117101908,False,False,False,False,False,False,False
random_ruehl_mask,strong,186,270920446,47,WAIT,WAIT,0.04316703416407108,False,False,False,False,False,False,False
random_ruehl_mask,strong,186,270920446,48,DOWN,DOWN,0.04241708666086197,False,False,False,False,False,False,False
random_ruehl_mask,strong,186,270920446,49,DOWN,DOWN,0.06341701373457909,False,False,False,False,False,False,False
random_ruehl_mask,strong,186,270920446,50,WAIT,WAIT,0.032957992516458035,False,False,False,False,False,False,False
random_ruehl_mask,strong,186,270920446,51,UP,UP,0.032542040571570396,False,True,False,False,False,False,False
random_ruehl_mask,strong,186,270920446,52,BOMB,BOMB,0.06508303340524435,False,False,False,True,False,False,False
random_ruehl_mask,strong,186,270920446,53,UP,UP,0.03533309791237116,False,False,False,False,False,False,False
random_ruehl_mask,strong,186,270920446,54,WAIT,WAIT,0.031667063012719154,False,False,False,False,False,False,False
random_ruehl_mask,strong,186,270920446,55,UP,UP,0.03958295565098524,False,False,False,False,False,False,False
random_ruehl_mask,strong,186,270920446,56,LEFT,LEFT,0.03899994771927595,False,False,False,False,False,False,False
random_ruehl_mask,strong,186,270920446,57,WAIT,WAIT,0.041458988562226295,False,False,False,False,False,False,False
random_ruehl_mask,strong,186,270920446,58,RIGHT,RIGHT,0.02429191954433918,False,False,False,False,False,False,False
random_ruehl_mask,strong,186,270920446,59,DOWN,DOWN,0.03787502646446228,False,False,False,False,False,False,False
random_ruehl_mask,strong,186,270920446,60,UP,UP,0.03645801916718483,False,False,False,False,False,False,False
random_ruehl_mask,strong,186,270920446,61,WAIT,WAIT,0.042041996493935585,False,True,False,False,False,False,False
random_ruehl_mask,strong,186,270920446,62,DOWN,DOWN,0.038624973967671394,False,False,False,False,False,False,False
random_ruehl_mask,strong,186,270920446,63,UP,UP,0.037207966670393944,False,False,False,False,False,False,False
random_ruehl_mask,strong,186,270920446,64,DOWN,DOWN,0.04408392123878002,False,False,False,False,False,False,False
random_ruehl_mask,strong,186,270920446,65,UP,UP,0.043208012357354164,False,False,False,False,False,False,False
random_ruehl_mask,strong,186,270920446,66,LEFT,LEFT,0.055666081607341766,False,False,False,False,False,False,False
random_ruehl_mask,strong,186,270920446,67,WAIT,WAIT,0.03700004890561104,False,False,False,False,False,False,False
random_ruehl_mask,strong,186,270920446,68,LEFT,LEFT,0.03724999260157347,False,False,False,False,False,False,False
random_ruehl_mask,strong,186,270920446,69,LEFT,LEFT,0.05991698708385229,False,False,False,False,False,False,True
random_ruehl_mask,strong,186,270920446,70,BOMB,BOMB,0.060542020946741104,False,False,False,True,False,False,True
random_ruehl_mask,strong,186,270920446,71,LEFT,LEFT,0.03545801155269146,False,True,True,False,False,False,True
random_ruehl_mask,strong,186,270920446,72,LEFT,LEFT,0.030583003535866737,False,False,False,False,False,False,True
random_ruehl_mask,strong,186,270920446,73,RIGHT,RIGHT,0.034791999496519566,False,False,False,False,False,False,True
random_ruehl_mask,strong,186,270920446,74,LEFT,LEFT,0.03041699528694153,False,False,False,False,False,False,True
random_ruehl_mask,strong,187,270920447,1,LEFT,LEFT,0.08570798672735691,False,True,False,False,False,False,False
random_ruehl_mask,strong,187,270920447,2,BOMB,BOMB,0.06079103332012892,False,False,False,True,False,False,False
random_ruehl_mask,strong,187,270920447,3,RIGHT,RIGHT,0.032334006391465664,False,False,False,False,False,False,False
random_ruehl_mask,strong,187,270920447,4,DOWN,DOWN,0.031624920666217804,False,False,False,False,False,False,False
random_ruehl_mask,strong,187,270920447,5,WAIT,WAIT,0.055165961384773254,False,False,False,False,False,False,False
random_ruehl_mask,strong,187,270920447,6,WAIT,WAIT,0.052416929975152016,False,False,False,False,False,False,False
random_ruehl_mask,strong,187,270920447,7,WAIT,WAIT,0.0463749747723341,False,False,False,False,False,False,False
random_ruehl_mask,strong,187,270920447,8,UP,UP,0.02816703636199236,False,False,False,False,False,False,False
random_ruehl_mask,strong,187,270920447,9,DOWN,DOWN,0.06137497257441282,False,False,False,False,False,False,False
random_ruehl_mask,strong,187,270920447,10,WAIT,WAIT,0.05137501284480095,False,False,False,False,False,False,False
random_ruehl_mask,strong,187,270920447,11,BOMB,BOMB,0.05062494892627001,False,True,False,True,False,False,False
random_ruehl_mask,strong,187,270920447,12,UP,UP,0.02970895729959011,False,False,False,False,False,False,False
random_ruehl_mask,strong,187,270920447,13,WAIT,WAIT,0.04700000863522291,False,False,False,False,False,False,False
random_ruehl_mask,strong,187,270920447,14,LEFT,LEFT,0.051332986913621426,False,False,False,False,False,False,False
random_ruehl_mask,strong,187,270920447,15,LEFT,LEFT,0.047208042815327644,False,False,False,False,False,False,False
random_ruehl_mask,strong,187,270920447,16,DOWN,DOWN,0.03350002225488424,False,False,False,False,False,False,False
random_ruehl_mask,strong,187,270920447,17,WAIT,WAIT,0.028708018362522125,False,False,False,False,False,False,False
random_ruehl_mask,strong,187,270920447,18,WAIT,WAIT,0.05324999801814556,False,False,False,False,False,False,False
random_ruehl_mask,strong,187,270920447,19,WAIT,WAIT,0.05216698627918959,False,False,False,False,False,False,False
random_ruehl_mask,strong,187,270920447,20,BOMB,BOMB,0.05808309651911259,False,False,False,True,False,False,False
random_ruehl_mask,strong,187,270920447,21,UP,UP,0.050332979299128056,False,True,False,False,False,False,False
random_ruehl_mask,strong,187,270920447,22,RIGHT,RIGHT,0.04958303179591894,False,False,False,False,False,False,False
random_ruehl_mask,strong,187,270920447,23,WAIT,WAIT,0.05058303941041231,False,False,False,False,False,False,False
random_ruehl_mask,strong,187,270920447,24,WAIT,WAIT,0.03458396531641483,False,False,False,False,False,False,False
random_ruehl_mask,strong,187,270920447,25,WAIT,WAIT,0.03270898014307022,False,False,False,False,False,False,False
random_ruehl_mask,strong,187,270920447,26,WAIT,WAIT,0.02804200630635023,False,False,False,False,False,False,False
random_ruehl_mask,strong,187,270920447,27,WAIT,WAIT,0.04116608761250973,False,False,False,False,False,False,False
random_ruehl_mask,strong,187,270920447,28,RIGHT,RIGHT,0.03841705620288849,False,False,False,False,False,False,False
random_ruehl_mask,strong,187,270920447,29,LEFT,LEFT,0.05220796447247267,False,False,False,False,False,False,False
random_ruehl_mask,strong,187,270920447,30,LEFT,LEFT,0.05595805123448372,False,False,False,False,False,False,False
random_ruehl_mask,strong,187,270920447,31,DOWN,DOWN,0.09104202035814524,False,True,False,False,False,False,False
random_ruehl_mask,strong,187,270920447,32,DOWN,DOWN,0.04587508738040924,False,False,False,False,False,False,False
random_ruehl_mask,strong,187,270920447,33,DOWN,DOWN,0.06612506695091724,False,False,False,False,False,False,False
random_ruehl_mask,strong,187,270920447,34,UP,UP,0.06866711191833019,False,False,False,False,False,False,False
random_ruehl_mask,strong,187,270920447,35,UP,UP,0.07966696284711361,False,False,False,False,False,False,False
random_ruehl_mask,strong,187,270920447,36,DOWN,DOWN,0.07670803461223841,False,False,False,False,False,False,False
random_ruehl_mask,strong,187,270920447,37,UP,UP,0.10529207065701485,False,False,False,False,False,False,False
random_ruehl_mask,strong,187,270920447,38,DOWN,DOWN,0.07654097862541676,False,False,False,False,False,False,False
random_ruehl_mask,strong,187,270920447,39,DOWN,DOWN,0.12862507719546556,False,False,False,False,False,False,False
random_ruehl_mask,strong,187,270920447,40,DOWN,DOWN,0.10004197247326374,False,False,False,False,False,False,False
random_ruehl_mask,strong,187,270920447,41,UP,UP,0.11883291881531477,False,True,False,False,False,False,False
random_ruehl_mask,strong,187,270920447,42,BOMB,BOMB,0.10554108303040266,False,False,False,True,False,False,False
random_ruehl_mask,strong,187,270920447,43,DOWN,DOWN,0.05795795004814863,False,False,False,False,False,False,False
random_ruehl_mask,strong,187,270920447,44,WAIT,WAIT,0.03891694359481335,False,False,False,False,False,False,False
random_ruehl_mask,strong,187,270920447,45,RIGHT,RIGHT,0.04579196684062481,False,False,False,False,False,False,False
random_ruehl_mask,strong,187,270920447,46,RIGHT,RIGHT,0.04449998959898949,False,False,False,False,False,False,False
random_ruehl_mask,strong,187,270920447,47,LEFT,LEFT,0.07345806807279587,False,False,False,False,False,False,False
random_ruehl_mask,strong,187,270920447,48,WAIT,WAIT,0.07729197386652231,False,False,False,False,False,False,False
random_ruehl_mask,strong,187,270920447,49,BOMB,BOMB,0.10254199150949717,False,False,False,True,False,False,False
random_ruehl_mask,strong,187,270920447,50,LEFT,LEFT,0.05179201252758503,False,False,False,False,False,False,False
random_ruehl_mask,strong,187,270920447,51,DOWN,DOWN,0.07116608321666718,False,True,False,False,False,False,False
random_ruehl_mask,strong,187,270920447,52,DOWN,DOWN,0.0536659499630332,False,False,False,False,False,False,False
random_ruehl_mask,strong,187,270920447,53,UP,UP,0.05466700531542301,False,False,False,False,False,False,False
random_ruehl_mask,strong,187,270920447,54,DOWN,DOWN,0.062208971939980984,False,False,False,False,False,False,False
random_ruehl_mask,strong,187,270920447,55,WAIT,WAIT,0.049458001740276814,False,False,False,False,False,False,False
random_ruehl_mask,strong,187,270920447,56,UP,UP,0.09225006215274334,False,False,False,False,False,False,True
random_ruehl_mask,strong,187,270920447,57,BOMB,BOMB,0.07654097862541676,False,False,False,True,False,False,True
random_ruehl_mask,strong,187,270920447,58,DOWN,DOWN,0.035041943192481995,False,False,False,False,False,False,True
random_ruehl_mask,strong,187,270920447,59,WAIT,WAIT,0.034791999496519566,False,False,False,False,False,False,True
random_ruehl_mask,strong,187,270920447,60,WAIT,WAIT,0.04437495954334736,False,False,False,False,False,False,True
random_ruehl_mask,strong,187,270920447,61,WAIT,WAIT,0.06387499161064625,False,False,False,False,False,False,True
random_ruehl_mask,strong,188,270920448,1,RIGHT,RIGHT,0.071333022788167,False,True,False,False,False,False,False
random_ruehl_mask,strong,188,270920448,2,LEFT,LEFT,0.050625065341591835,False,False,False,False,False,False,False
random_ruehl_mask,strong,188,270920448,3,BOMB,BOMB,0.052541960030794144,False,False,False,True,False,False,False
random_ruehl_mask,strong,188,270920448,4,UP,UP,0.04037492908537388,False,False,False,False,False,False,False
random_ruehl_mask,strong,188,270920448,5,UP,UP,0.043375068344175816,False,False,False,False,False,False,False
random_ruehl_mask,strong,188,270920448,6,RIGHT,RIGHT,0.05224999040365219,False,False,False,False,False,False,False
random_ruehl_mask,strong,188,270920448,7,WAIT,WAIT,0.04858395550400019,False,False,False,False,False,False,False
random_ruehl_mask,strong,188,270920448,8,WAIT,WAIT,0.03699993249028921,False,False,False,False,False,False,False
random_ruehl_mask,strong,188,270920448,9,WAIT,WAIT,0.025583081878721714,False,False,False,False,False,False,False
random_ruehl_mask,strong,188,270920448,10,BOMB,BOMB,0.05662499461323023,False,False,False,True,False,False,False
random_ruehl_mask,strong,188,270920448,11,LEFT,LEFT,0.029957969672977924,False,True,False,False,False,False,False
random_ruehl_mask,strong,188,270920448,12,WAIT,WAIT,0.04812504630535841,False,False,False,False,False,False,False
random_ruehl_mask,strong,188,270920448,13,UP,UP,0.05612499080598354,False,False,False,False,False,False,False
random_ruehl_mask,strong,188,270920448,14,WAIT,WAIT,0.05904200952500105,False,False,False,False,False,False,False
random_ruehl_mask,strong,188,270920448,15,WAIT,WAIT,0.05091703496873379,False,False,False,False,False,False,False
random_ruehl_mask,strong,188,270920448,16,WAIT,WAIT,0.03691692836582661,False,False,False,False,False,False,False
random_ruehl_mask,strong,188,270920448,17,WAIT,WAIT,0.06354204379022121,False,False,False,False,False,False,False
random_ruehl_mask,strong,188,270920448,18,DOWN,DOWN,0.05583406891673803,False,False,False,False,False,False,False
random_ruehl_mask,strong,188,270920448,19,RIGHT,RIGHT,0.1331249950453639,False,False,False,False,False,False,False
random_ruehl_mask,strong,188,270920448,20,LEFT,LEFT,0.05679205060005188,False,False,False,False,False,False,False
random_ruehl_mask,strong,188,270920448,21,DOWN,DOWN,0.09024993050843477,False,True,False,False,False,False,False
random_ruehl_mask,strong,188,270920448,22,DOWN,DOWN,0.0839579151943326,False,False,False,False,False,False,False
random_ruehl_mask,strong,188,270920448,23,UP,UP,0.057666911743581295,False,False,False,False,False,False,False
random_ruehl_mask,strong,188,270920448,24,DOWN,DOWN,0.06733299233019352,False,False,False,False,False,False,False
random_ruehl_mask,strong,188,270920448,25,WAIT,WAIT,0.040166894905269146,False,False,False,False,False,False,False
random_ruehl_mask,strong,188,270920448,26,WAIT,WAIT,0.03999995533376932,False,False,False,False,False,False,False
random_ruehl_mask,strong,188,270920448,27,WAIT,WAIT,0.03970798570662737,False,False,False,False,False,False,False
random_ruehl_mask,strong,188,270920448,28,UP,UP,0.03966700751334429,False,False,False,False,False,False,False
random_ruehl_mask,strong,188,270920448,29,UP,UP,0.07449998520314693,False,False,False,False,False,False,False
random_ruehl_mask,strong,188,270920448,30,RIGHT,RIGHT,0.09174994193017483,False,False,False,False,False,False,False
random_ruehl_mask,strong,188,270920448,31,LEFT,LEFT,0.08208293002098799,False,True,False,False,False,False,False
random_ruehl_mask,strong,188,270920448,32,RIGHT,RIGHT,0.08941709529608488,False,False,False,False,False,False,False
random_ruehl_mask,strong,188,270920448,33,RIGHT,RIGHT,0.042375060729682446,False,False,False,False,False,False,False
random_ruehl_mask,strong,188,270920448,34,WAIT,WAIT,0.06966607179492712,False,False,False,False,False,False,False
random_ruehl_mask,strong,188,270920448,35,WAIT,WAIT,0.06845803000032902,False,False,False,False,False,False,True
random_ruehl_mask,strong,188,270920448,36,BOMB,BOMB,0.07291696965694427,False,False,False,True,False,False,True
random_ruehl_mask,strong,188,270920448,37,RIGHT,RIGHT,0.03870902583003044,False,False,False,False,False,False,True
random_ruehl_mask,strong,188,270920448,38,WAIT,WAIT,0.03658398054540157,False,False,False,False,False,False,True
random_ruehl_mask,strong,188,270920448,39,WAIT,WAIT,0.04766706842929125,False,False,False,False,False,False,True
random_ruehl_mask,strong,188,270920448,40,WAIT,WAIT,0.044042011722922325,False,False,False,False,False,False,True
random_ruehl_mask,strong,189,270920449,1,UP,UP,0.07837498560547829,False,True,False,False,False,False,False
random_ruehl_mask,strong,189,270920449,2,BOMB,BOMB,0.062249950133264065,False,False,False,True,False,False,False
random_ruehl_mask,strong,189,270920449,3,DOWN,DOWN,0.031374976970255375,False,False,False,False,False,False,False
random_ruehl_mask,strong,189,270920449,4,WAIT,WAIT,0.030666007660329342,False,False,False,False,False,False,False
random_ruehl_mask,strong,189,270920449,5,RIGHT,RIGHT,0.05366699770092964,False,False,False,False,False,False,False
random_ruehl_mask,strong,189,270920449,6,WAIT,WAIT,0.05333393346518278,False,False,False,False,False,False,False
random_ruehl_mask,strong,189,270920449,7,WAIT,WAIT,0.04645809531211853,False,False,False,False,False,False,False
random_ruehl_mask,strong,189,270920449,8,WAIT,WAIT,0.028250040486454964,False,False,False,False,False,False,False
random_ruehl_mask,strong,189,270920449,9,RIGHT,RIGHT,0.05629193037748337,False,False,False,False,False,False,False
random_ruehl_mask,strong,189,270920449,10,BOMB,BOMB,0.057416968047618866,False,False,False,True,False,False,False
random_ruehl_mask,strong,189,270920449,11,LEFT,LEFT,0.029208953492343426,False,True,False,False,False,False,False
random_ruehl_mask,strong,189,270920449,12,WAIT,WAIT,0.03616709727793932,False,False,False,False,False,False,False
random_ruehl_mask,strong,189,270920449,13,LEFT,LEFT,0.04537496715784073,False,False,False,False,False,False,False
random_ruehl_mask,strong,189,270920449,14,UP,UP,0.045459019020199776,False,False,False,False,False,False,False
random_ruehl_mask,strong,189,270920449,15,UP,UP,0.037416000850498676,False,False,False,False,False,False,False
random_ruehl_mask,strong,189,270920449,16,UP,UP,0.02362497616559267,False,False,False,False,False,False,False
random_ruehl_mask,strong,189,270920449,17,WAIT,WAIT,0.05333404988050461,False,False,False,False,False,False,False
random_ruehl_mask,strong,189,270920449,18,UP,UP,0.05262496415525675,False,False,False,False,False,False,False
random_ruehl_mask,strong,189,270920449,19,DOWN,DOWN,0.052666058763861656,False,False,False,False,False,False,False
random_ruehl_mask,strong,189,270920449,20,UP,UP,0.061832950450479984,False,False,False,False,False,False,False
random_ruehl_mask,strong,189,270920449,21,WAIT,WAIT,0.07508404087275267,False,True,False,False,False,False,False
random_ruehl_mask,strong,189,270920449,22,DOWN,DOWN,0.07449998520314693,False,False,False,False,False,False,False
random_ruehl_mask,strong,189,270920449,23,DOWN,DOWN,0.08295802399516106,False,False,False,False,False,False,False
random_ruehl_mask,strong,189,270920449,24,WAIT,WAIT,0.07070798892527819,False,False,False,False,False,False,False
random_ruehl_mask,strong,189,270920449,25,WAIT,WAIT,0.06737501826137304,False,False,False,False,False,False,False
random_ruehl_mask,strong,189,270920449,26,UP,UP,0.062417006120085716,False,False,False,False,False,False,False
random_ruehl_mask,strong,189,270920449,27,DOWN,DOWN,0.06079196464270353,False,False,False,False,False,False,False
random_ruehl_mask,strong,189,270920449,28,DOWN,DOWN,0.06274995394051075,False,False,False,False,False,False,False
random_ruehl_mask,strong,189,270920449,29,DOWN,DOWN,0.03787502646446228,False,False,False,False,False,False,False
random_ruehl_mask,strong,189,270920449,30,UP,UP,0.04575005732476711,False,False,False,False,False,False,False
random_ruehl_mask,strong,189,270920449,31,WAIT,WAIT,0.050541944801807404,False,True,False,False,False,False,False
random_ruehl_mask,strong,189,270920449,32,WAIT,WAIT,0.05054101347923279,False,False,False,False,False,False,False
random_ruehl_mask,strong,189,270920449,33,WAIT,WAIT,0.041499966755509377,False,False,False,False,False,False,False
random_ruehl_mask,strong,189,270920449,34,DOWN,DOWN,0.042665982618927956,False,False,False,False,False,False,False
random_ruehl_mask,strong,189,270920449,35,RIGHT,RIGHT,0.04375004209578037,False,False,False,False,False,False,False
random_ruehl_mask,strong,189,270920449,36,WAIT,WAIT,0.06720796227455139,False,False,False,False,False,False,False
random_ruehl_mask,strong,189,270920449,37,RIGHT,RIGHT,0.04833401180803776,False,False,False,False,False,False,False
random_ruehl_mask,strong,189,270920449,38,UP,UP,0.04662491846829653,False,False,False,False,False,False,False
random_ruehl_mask,strong,189,270920449,39,WAIT,WAIT,0.06604194641113281,False,False,False,False,False,False,False
random_ruehl_mask,strong,189,270920449,40,UP,UP,0.06929098162800074,False,False,False,False,False,False,True
random_ruehl_mask,strong,189,270920449,41,BOMB,BOMB,0.07537496276199818,False,True,False,True,False,False,True
random_ruehl_mask,strong,189,270920449,42,UP,UP,0.04512490704655647,False,False,False,False,False,False,True
random_ruehl_mask,strong,189,270920449,43,WAIT,WAIT,0.03825000021606684,False,False,False,False,False,False,True
random_ruehl_mask,strong,189,270920449,44,WAIT,WAIT,0.045082997530698776,False,False,False,False,False,False,True
random_ruehl_mask,strong,189,270920449,45,WAIT,WAIT,0.045082997530698776,False,False,False,False,False,False,True
random_ruehl_mask,strong,190,270920450,1,WAIT,WAIT,0.09366602171212435,False,True,False,False,False,False,False
random_ruehl_mask,strong,190,270920450,2,DOWN,DOWN,0.0842920271679759,False,False,False,False,False,False,False
random_ruehl_mask,strong,190,270920450,3,WAIT,WAIT,0.06508291698992252,False,False,False,False,False,False,False
random_ruehl_mask,strong,190,270920450,4,DOWN,DOWN,0.05937507376074791,False,False,False,False,False,False,False
random_ruehl_mask,strong,190,270920450,5,WAIT,WAIT,0.07879198528826237,False,False,False,False,False,False,False
random_ruehl_mask,strong,190,270920450,6,WAIT,WAIT,0.07591594476252794,False,False,False,False,False,False,False
random_ruehl_mask,strong,190,270920450,7,WAIT,WAIT,0.07220800034701824,False,False,False,False,False,False,False
random_ruehl_mask,strong,190,270920450,8,BOMB,BOMB,0.05783303640782833,False,False,False,True,False,False,False
random_ruehl_mask,strong,190,270920450,9,UP,UP,0.041082967072725296,False,False,False,False,False,False,False
random_ruehl_mask,strong,190,270920450,10,UP,UP,0.034374999813735485,False,False,False,False,False,False,False
random_ruehl_mask,strong,190,270920450,11,LEFT,LEFT,0.04099996294826269,False,True,False,False,False,False,False
random_ruehl_mask,strong,190,270920450,12,WAIT,WAIT,0.040207989513874054,False,False,False,False,False,False,False
random_ruehl_mask,strong,190,270920450,13,WAIT,WAIT,0.05854107439517975,False,False,False,False,False,False,False
random_ruehl_mask,strong,190,270920450,14,RIGHT,RIGHT,0.04883401561528444,False,False,False,False,False,False,True
random_ruehl_mask,strong,190,270920450,15,BOMB,BOMB,0.07750000804662704,False,False,False,True,False,False,True
random_ruehl_mask,strong,190,270920450,16,LEFT,LEFT,0.028792070224881172,False,False,False,False,False,False,True
random_ruehl_mask,strong,190,270920450,17,WAIT,WAIT,0.027792062610387802,False,False,False,False,False,False,True
random_ruehl_mask,strong,190,270920450,18,WAIT,WAIT,0.0362499849870801,False,False,False,False,False,False,True
random_ruehl_mask,strong,190,270920450,19,WAIT,WAIT,0.036665936931967735,False,False,False,False,False,False,True
random_ruehl_mask,strong,191,270920451,1,WAIT,WAIT,0.07650000043213367,False,True,False,False,False,False,True
random_ruehl_mask,strong,191,270920451,2,BOMB,BOMB,0.07604202255606651,False,False,False,True,False,False,True
random_ruehl_mask,strong,191,270920451,3,UP,UP,0.03333296626806259,False,False,False,False,False,False,True
random_ruehl_mask,strong,191,270920451,4,WAIT,WAIT,0.029999995604157448,False,False,False,False,False,False,True
random_ruehl_mask,strong,191,270920451,5,WAIT,WAIT,0.05062494892627001,False,False,False,False,False,False,True
random_ruehl_mask,strong,191,270920451,6,WAIT,WAIT,0.05383300594985485,False,False,False,False,False,False,True
random_ruehl_mask,strong,192,270920452,1,WAIT,WAIT,0.07466599345207214,False,True,False,False,False,False,False
random_ruehl_mask,strong,192,270920452,2,WAIT,WAIT,0.05849997978657484,False,False,False,False,False,False,False
random_ruehl_mask,strong,192,270920452,3,DOWN,DOWN,0.053582945838570595,False,False,False,False,False,False,False
random_ruehl_mask,strong,192,270920452,4,BOMB,BOMB,0.04954100586473942,False,False,False,True,False,False,False
random_ruehl_mask,strong,192,270920452,5,UP,UP,0.03816594835370779,False,False,False,False,False,False,False
random_ruehl_mask,strong,192,270920452,6,RIGHT,RIGHT,0.043791020289063454,False,False,False,False,False,False,False
random_ruehl_mask,strong,192,270920452,7,WAIT,WAIT,0.0463330652564764,False,False,False,False,False,False,False
random_ruehl_mask,strong,192,270920452,8,WAIT,WAIT,0.0434160465374589,False,False,False,False,False,False,False
random_ruehl_mask,strong,192,270920452,9,WAIT,WAIT,0.035041943192481995,False,False,False,False,False,False,False
random_ruehl_mask,strong,192,270920452,10,WAIT,WAIT,0.029250048100948334,False,False,False,False,False,False,False
random_ruehl_mask,strong,192,270920452,11,LEFT,LEFT,0.055333017371594906,False,True,False,False,False,False,False
random_ruehl_mask,strong,192,270920452,12,DOWN,DOWN,0.06512494292110205,False,False,False,False,False,False,False
random_ruehl_mask,strong,192,270920452,13,UP,UP,0.05508295726031065,False,False,False,False,False,False,False
random_ruehl_mask,strong,192,270920452,14,WAIT,WAIT,0.0680841039866209,False,False,False,False,False,False,False
random_ruehl_mask,strong,192,270920452,15,BOMB,BOMB,0.0677499920129776,False,False,False,True,False,False,False
random_ruehl_mask,strong,192,270920452,16,DOWN,DOWN,0.02691708505153656,False,False,False,False,False,False,False
random_ruehl_mask,strong,192,270920452,17,DOWN,DOWN,0.025333953090012074,False,False,False,False,False,False,False
random_ruehl_mask,strong,192,270920452,18,RIGHT,RIGHT,0.03404088784009218,False,False,False,False,False,False,False
random_ruehl_mask,strong,192,270920452,19,RIGHT,RIGHT,0.03774999640882015,False,False,False,False,False,False,False
random_ruehl_mask,strong,192,270920452,20,LEFT,LEFT,0.045666005462408066,False,False,False,False,False,False,False
random_ruehl_mask,strong,192,270920452,21,LEFT,LEFT,0.04787510260939598,False,True,False,False,False,False,False
random_ruehl_mask,strong,192,270920452,22,DOWN,DOWN,0.05974993109703064,False,False,False,False,False,False,False
random_ruehl_mask,strong,192,270920452,23,DOWN,DOWN,0.054416945204138756,False,False,False,False,False,False,False
random_ruehl_mask,strong,192,270920452,24,WAIT,WAIT,0.07483398076146841,False,False,False,False,False,False,False
random_ruehl_mask,strong,192,270920452,25,UP,UP,0.07274991367012262,False,False,False,False,False,False,False
random_ruehl_mask,strong,192,270920452,26,UP,UP,0.03925000783056021,False,False,False,False,False,False,False
random_ruehl_mask,strong,192,270920452,27,WAIT,WAIT,0.040917075239121914,False,False,False,False,False,False,False
random_ruehl_mask,strong,192,270920452,28,WAIT,WAIT,0.04075001925230026,False,False,False,False,False,False,False
random_ruehl_mask,strong,192,270920452,29,WAIT,WAIT,0.034917029552161694,False,False,False,False,False,False,False
random_ruehl_mask,strong,192,270920452,30,UP,UP,0.03575009759515524,False,False,False,False,False,False,False
random_ruehl_mask,strong,192,270920452,31,DOWN,DOWN,0.0391670037060976,False,True,False,False,False,False,False
random_ruehl_mask,strong,192,270920452,32,UP,UP,0.046208035200834274,False,False,False,False,False,False,False
random_ruehl_mask,strong,192,270920452,33,UP,UP,0.04295795224606991,False,False,False,False,False,False,False
random_ruehl_mask,strong,192,270920452,34,RIGHT,RIGHT,0.040958053432404995,False,False,False,False,False,False,False
random_ruehl_mask,strong,192,270920452,35,WAIT,WAIT,0.050749978981912136,False,False,False,False,False,False,False
random_ruehl_mask,strong,192,270920452,36,LEFT,LEFT,0.05083298310637474,False,False,False,False,False,False,False
random_ruehl_mask,strong,192,270920452,37,DOWN,DOWN,0.03429199568927288,False,False,False,False,False,False,False
random_ruehl_mask,strong,192,270920452,38,DOWN,DOWN,0.03850006032735109,False,False,False,False,False,False,False
random_ruehl_mask,strong,192,270920452,39,WAIT,WAIT,0.047083012759685516,False,False,False,False,False,False,False
random_ruehl_mask,strong,192,270920452,40,WAIT,WAIT,0.045708962716162205,False,False,False,False,False,False,False
random_ruehl_mask,strong,192,270920452,41,UP,UP,0.039499951526522636,False,True,False,False,False,False,False
random_ruehl_mask,strong,192,270920452,42,UP,UP,0.03808306064456701,False,False,False,False,False,False,False
random_ruehl_mask,strong,192,270920452,43,RIGHT,RIGHT,0.039207981899380684,False,False,False,False,False,False,False
random_ruehl_mask,strong,192,270920452,44,WAIT,WAIT,0.07504201494157314,False,False,False,False,False,False,False
random_ruehl_mask,strong,192,270920452,45,LEFT,LEFT,0.07225002627819777,False,False,False,False,False,False,False
random_ruehl_mask,strong,192,270920452,46,DOWN,DOWN,0.06274995394051075,False,False,False,False,False,False,False
random_ruehl_mask,strong,192,270920452,47,UP,UP,0.04066701512783766,False,False,False,False,False,False,False
random_ruehl_mask,strong,192,270920452,48,WAIT,WAIT,0.041749910451471806,False,False,False,False,False,False,False
random_ruehl_mask,strong,192,270920452,49,DOWN,DOWN,0.033041927963495255,False,False,False,False,False,False,False
random_ruehl_mask,strong,192,270920452,50,WAIT,WAIT,0.03245903644710779,False,False,False,False,False,False,False
random_ruehl_mask,strong,192,270920452,51,UP,UP,0.03187498077750206,False,True,False,False,False,False,False
random_ruehl_mask,strong,192,270920452,52,DOWN,DOWN,0.03316707443445921,False,False,False,False,False,False,False
random_ruehl_mask,strong,192,270920452,53,DOWN,DOWN,0.032916897907853127,False,False,False,False,False,False,False
random_ruehl_mask,strong,192,270920452,54,RIGHT,RIGHT,0.04054198507219553,False,False,False,False,False,False,False
random_ruehl_mask,strong,192,270920452,55,RIGHT,RIGHT,0.05816703196614981,False,False,False,False,False,False,False
random_ruehl_mask,strong,192,270920452,56,UP,UP,0.07229193579405546,False,False,False,False,False,False,False
random_ruehl_mask,strong,192,270920452,57,WAIT,WAIT,0.06512505933642387,False,False,False,False,False,False,False
random_ruehl_mask,strong,192,270920452,58,DOWN,DOWN,0.06208301056176424,False,False,False,False,False,False,False
random_ruehl_mask,strong,192,270920452,59,RIGHT,RIGHT,0.06770901381969452,False,False,False,False,False,False,True
random_ruehl_mask,strong,192,270920452,60,BOMB,BOMB,0.0541249755769968,False,False,False,True,False,False,True
random_ruehl_mask,strong,192,270920452,61,LEFT,LEFT,0.02929195761680603,False,True,False,False,False,False,True
random_ruehl_mask,strong,192,270920452,62,LEFT,LEFT,0.030916999094188213,False,False,False,False,False,False,True
random_ruehl_mask,strong,192,270920452,63,WAIT,WAIT,0.04358298610895872,False,False,False,False,False,False,True
random_ruehl_mask,strong,192,270920452,64,RIGHT,RIGHT,0.04249997437000275,False,False,False,False,False,False,True
random_ruehl_mask,strong,193,270920453,1,WAIT,WAIT,0.09512505494058132,False,True,False,False,False,False,False
random_ruehl_mask,strong,193,270920453,2,WAIT,WAIT,0.1081250375136733,False,False,False,False,False,False,False
random_ruehl_mask,strong,193,270920453,3,LEFT,LEFT,0.08095905650407076,False,False,False,False,False,False,False
random_ruehl_mask,strong,193,270920453,4,RIGHT,RIGHT,0.06854196544736624,False,False,False,False,False,False,False
random_ruehl_mask,strong,193,270920453,5,WAIT,WAIT,0.08987495675683022,False,False,False,False,False,False,False
random_ruehl_mask,strong,193,270920453,6,LEFT,LEFT,0.10570907033979893,False,False,False,False,False,False,False
random_ruehl_mask,strong,193,270920453,7,WAIT,WAIT,0.08162506856024265,False,False,False,False,False,False,False
random_ruehl_mask,strong,193,270920453,8,RIGHT,RIGHT,0.06162503268569708,False,False,False,False,False,False,False
random_ruehl_mask,strong,193,270920453,9,LEFT,LEFT,0.0926250359043479,False,False,False,False,False,False,False
random_ruehl_mask,strong,193,270920453,10,WAIT,WAIT,0.06920890882611275,False,False,False,False,False,False,False
random_ruehl_mask,strong,193,270920453,11,BOMB,BOMB,0.06404193118214607,False,True,False,True,False,False,False
random_ruehl_mask,strong,193,270920453,12,RIGHT,RIGHT,0.03774999640882015,False,False,False,False,False,False,False
random_ruehl_mask,strong,193,270920453,13,WAIT,WAIT,0.06420805584639311,False,False,False,False,False,False,False
random_ruehl_mask,strong,193,270920453,14,DOWN,DOWN,0.06720796227455139,False,False,False,False,False,False,False
random_ruehl_mask,strong,193,270920453,15,WAIT,WAIT,0.06975000724196434,False,False,False,False,False,False,False
random_ruehl_mask,strong,193,270920453,16,WAIT,WAIT,0.039792037568986416,False,False,False,False,False,False,False
random_ruehl_mask,strong,193,270920453,17,WAIT,WAIT,0.03383401781320572,False,False,False,False,False,False,False
random_ruehl_mask,strong,193,270920453,18,BOMB,BOMB,0.06308301817625761,False,False,False,True,False,False,False
random_ruehl_mask,strong,193,270920453,19,UP,UP,0.03458291757851839,False,False,False,False,False,False,False
random_ruehl_mask,strong,193,270920453,20,LEFT,LEFT,0.0631249276921153,False,False,False,False,False,False,False
random_ruehl_mask,strong,193,270920453,21,LEFT,LEFT,0.06758305244147778,False,True,False,False,False,False,False
random_ruehl_mask,strong,193,270920453,22,LEFT,LEFT,0.09304203558713198,False,False,False,False,False,False,False
random_ruehl_mask,strong,193,270920453,23,LEFT,LEFT,0.047958921641111374,False,False,False,False,False,False,False
random_ruehl_mask,strong,193,270920453,24,RIGHT,RIGHT,0.03829202614724636,False,False,False,False,False,False,False
random_ruehl_mask,strong,193,270920453,25,WAIT,WAIT,0.08287501987069845,False,False,False,False,False,False,True
random_ruehl_mask,strong,193,270920453,26,BOMB,BOMB,0.07666600868105888,False,False,False,True,False,False,True
random_ruehl_mask,strong,193,270920453,27,LEFT,LEFT,0.03754207864403725,False,False,False,False,False,False,True
random_ruehl_mask,strong,193,270920453,28,WAIT,WAIT,0.035958015359938145,False,False,False,False,False,False,True
random_ruehl_mask,strong,193,270920453,29,WAIT,WAIT,0.045749940909445286,False,False,False,False,False,False,True
random_ruehl_mask,strong,193,270920453,30,WAIT,WAIT,0.05920801777392626,False,False,False,False,False,False,True
random_ruehl_mask,strong,194,270920454,1,LEFT,LEFT,0.08445896673947573,False,True,False,False,False,False,False
random_ruehl_mask,strong,194,270920454,2,WAIT,WAIT,0.06229104474186897,False,False,False,False,False,False,False
random_ruehl_mask,strong,194,270920454,3,RIGHT,RIGHT,0.057666911743581295,False,False,False,False,False,False,False
random_ruehl_mask,strong,194,270920454,4,LEFT,LEFT,0.060999998822808266,False,False,False,False,False,False,True
random_ruehl_mask,strong,194,270920454,5,BOMB,BOMB,0.07433292921632528,False,False,False,True,False,False,True
random_ruehl_mask,strong,194,270920454,6,LEFT,LEFT,0.047332956455647945,False,False,False,False,False,False,True
random_ruehl_mask,strong,194,270920454,7,WAIT,WAIT,0.04212500061839819,False,False,False,False,False,False,True
random_ruehl_mask,strong,194,270920454,8,WAIT,WAIT,0.036209006793797016,False,False,False,False,False,False,True
random_ruehl_mask,strong,194,270920454,9,WAIT,WAIT,0.03474997356534004,False,False,False,False,False,False,True
random_ruehl_mask,strong,195,270920455,1,WAIT,WAIT,0.08983397856354713,False,True,False,False,False,False,False
random_ruehl_mask,strong,195,270920455,2,WAIT,WAIT,0.0819589477032423,False,False,False,False,False,False,False
random_ruehl_mask,strong,195,270920455,3,LEFT,LEFT,0.07691595237702131,False,False,False,False,False,False,False
random_ruehl_mask,strong,195,270920455,4,WAIT,WAIT,0.06858294364064932,False,False,False,False,False,False,False
random_ruehl_mask,strong,195,270920455,5,BOMB,BOMB,0.08641695603728294,False,False,False,True,False,False,False
random_ruehl_mask,strong,195,270920455,6,RIGHT,RIGHT,0.055875047110021114,False,False,False,False,False,False,False
random_ruehl_mask,strong,195,270920455,7,UP,UP,0.05104101728647947,False,False,False,False,False,False,False
random_ruehl_mask,strong,195,270920455,8,WAIT,WAIT,0.04299997817724943,False,False,False,False,False,False,False
random_ruehl_mask,strong,195,270920455,9,WAIT,WAIT,0.0399160198867321,False,False,False,False,False,False,False
random_ruehl_mask,strong,195,270920455,10,WAIT,WAIT,0.039041973650455475,False,False,False,False,False,False,False
random_ruehl_mask,strong,195,270920455,11,DOWN,DOWN,0.03404205199331045,False,True,False,False,False,False,False
random_ruehl_mask,strong,195,270920455,12,WAIT,WAIT,0.07445900700986385,False,False,False,False,False,False,False
random_ruehl_mask,strong,195,270920455,13,BOMB,BOMB,0.09104202035814524,False,False,False,True,False,False,False
random_ruehl_mask,strong,195,270920455,14,LEFT,LEFT,0.053458032198250294,False,False,False,False,False,False,False
random_ruehl_mask,strong,195,270920455,15,LEFT,LEFT,0.03999995533376932,False,False,False,False,False,False,False
random_ruehl_mask,strong,195,270920455,16,LEFT,LEFT,0.03583298530429602,False,False,False,False,False,False,False
random_ruehl_mask,strong,195,270920455,17,LEFT,LEFT,0.035208999179303646,False,False,False,False,False,False,False
random_ruehl_mask,strong,195,270920455,18,WAIT,WAIT,0.0350000336766243,False,False,False,False,False,False,False
random_ruehl_mask,strong,195,270920455,19,UP,UP,0.0327499583363533,False,False,False,False,False,False,False
random_ruehl_mask,strong,195,270920455,20,WAIT,WAIT,0.06945803761482239,False,False,False,False,False,False,False
random_ruehl_mask,strong,195,270920455,21,BOMB,BOMB,0.06762496195733547,False,True,False,True,False,False,False
random_ruehl_mask,strong,195,270920455,22,DOWN,DOWN,0.0426670303568244,False,False,False,False,False,False,False
random_ruehl_mask,strong,195,270920455,23,RIGHT,RIGHT,0.02804200630635023,False,False,False,False,False,False,False
random_ruehl_mask,strong,195,270920455,24,WAIT,WAIT,0.03483297768980265,False,False,False,False,False,False,False
random_ruehl_mask,strong,195,270920455,25,WAIT,WAIT,0.040958053432404995,False,False,False,False,False,False,False
random_ruehl_mask,strong,195,270920455,26,RIGHT,RIGHT,0.03833393566310406,False,False,False,False,False,False,False
random_ruehl_mask,strong,195,270920455,27,WAIT,WAIT,0.03316695801913738,False,False,False,False,False,False,False
random_ruehl_mask,strong,195,270920455,28,RIGHT,RIGHT,0.07766694761812687,False,False,False,False,False,False,False
random_ruehl_mask,strong,195,270920455,29,RIGHT,RIGHT,0.057999975979328156,False,False,False,False,False,False,False
random_ruehl_mask,strong,195,270920455,30,UP,UP,0.058832927606999874,False,False,False,False,False,False,False
random_ruehl_mask,strong,195,270920455,31,DOWN,DOWN,0.08366699330508709,False,True,False,False,False,False,False
random_ruehl_mask,strong,195,270920455,32,WAIT,WAIT,0.053333002142608166,False,False,False,False,False,False,False
random_ruehl_mask,strong,195,270920455,33,UP,UP,0.051625072956085205,False,False,False,False,False,False,False
random_ruehl_mask,strong,195,270920455,34,BOMB,BOMB,0.1015419838950038,False,False,False,True,False,False,False
random_ruehl_mask,strong,195,270920455,35,DOWN,DOWN,0.04312500823289156,False,False,False,False,False,False,False
random_ruehl_mask,strong,195,270920455,36,WAIT,WAIT,0.04741700831800699,False,False,False,False,False,False,False
random_ruehl_mask,strong,195,270920455,37,LEFT,LEFT,0.05470809992402792,False,False,False,False,False,False,False
random_ruehl_mask,strong,195,270920455,38,WAIT,WAIT,0.05241704639047384,False,False,False,False,False,False,False
random_ruehl_mask,strong,195,270920455,39,LEFT,LEFT,0.04058296326547861,False,False,False,False,False,False,False
random_ruehl_mask,strong,195,270920455,40,LEFT,LEFT,0.03458396531641483,False,False,False,False,False,False,False
random_ruehl_mask,strong,195,270920455,41,WAIT,WAIT,0.04850002005696297,False,True,False,False,False,False,False
random_ruehl_mask,strong,195,270920455,42,RIGHT,RIGHT,0.041499966755509377,False,False,False,False,False,False,False
random_ruehl_mask,strong,195,270920455,43,WAIT,WAIT,0.09083293844014406,False,False,False,False,False,False,True
random_ruehl_mask,strong,195,270920455,44,BOMB,BOMB,0.0802499707788229,False,False,False,True,False,False,True
random_ruehl_mask,strong,195,270920455,45,LEFT,LEFT,0.04841701593250036,False,False,False,False,False,False,True
random_ruehl_mask,strong,195,270920455,46,WAIT,WAIT,0.05012506153434515,False,False,False,False,False,False,True
random_ruehl_mask,strong,195,270920455,47,WAIT,WAIT,0.05670799873769283,False,False,False,False,False,False,True
random_ruehl_mask,strong,195,270920455,48,WAIT,WAIT,0.04641595296561718,False,False,False,False,False,False,True
random_ruehl_mask,strong,196,270920456,1,LEFT,LEFT,0.07412489503622055,False,True,False,False,False,False,False
random_ruehl_mask,strong,196,270920456,2,RIGHT,RIGHT,0.05141599103808403,False,False,False,False,False,False,False
random_ruehl_mask,strong,196,270920456,3,UP,UP,0.05116697866469622,False,False,False,False,False,False,False
random_ruehl_mask,strong,196,270920456,4,WAIT,WAIT,0.04712503869086504,False,False,False,False,False,False,False
random_ruehl_mask,strong,196,270920456,5,BOMB,BOMB,0.05658390000462532,False,False,False,True,False,False,False
random_ruehl_mask,strong,196,270920456,6,DOWN,DOWN,0.049915979616343975,False,False,False,False,False,False,False
random_ruehl_mask,strong,196,270920456,7,LEFT,LEFT,0.047416891902685165,False,False,False,False,False,False,False
random_ruehl_mask,strong,196,270920456,8,WAIT,WAIT,0.043082982301712036,False,False,False,False,False,False,False
random_ruehl_mask,strong,196,270920456,9,WAIT,WAIT,0.03487500362098217,False,False,False,False,False,False,False
random_ruehl_mask,strong,196,270920456,10,WAIT,WAIT,0.03308302257210016,False,False,False,False,False,False,False
random_ruehl_mask,strong,196,270920456,11,WAIT,WAIT,0.0290420139208436,False,True,False,False,False,False,False
random_ruehl_mask,strong,196,270920456,12,RIGHT,RIGHT,0.05979102570563555,False,False,False,False,False,False,False
random_ruehl_mask,strong,196,270920456,13,LEFT,LEFT,0.08249992970377207,False,False,False,False,False,False,False
random_ruehl_mask,strong,196,270920456,14,BOMB,BOMB,0.07004197686910629,False,False,False,True,False,False,False
random_ruehl_mask,strong,196,270920456,15,RIGHT,RIGHT,0.04133302718400955,False,False,False,False,False,False,False
random_ruehl_mask,strong,196,270920456,16,UP,UP,0.024999957531690598,False,False,False,False,False,False,False
random_ruehl_mask,strong,196,270920456,17,UP,UP,0.03062502946704626,False,False,False,False,False,False,False
random_ruehl_mask,strong,196,270920456,18,DOWN,DOWN,0.03058405127376318,False,False,False,False,False,False,False
random_ruehl_mask,strong,196,270920456,19,WAIT,WAIT,0.029165996238589287,False,False,False,False,False,False,False
random_ruehl_mask,strong,196,270920456,20,DOWN,DOWN,0.0249580480158329,False,False,False,False,False,False,False
random_ruehl_mask,strong,196,270920456,21,WAIT,WAIT,0.045291963033378124,False,True,False,False,False,False,False
random_ruehl_mask,strong,196,270920456,22,UP,UP,0.05066592711955309,False,False,False,False,False,False,False
random_ruehl_mask,strong,196,270920456,23,DOWN,DOWN,0.04879198968410492,False,False,False,False,False,False,False
random_ruehl_mask,strong,196,270920456,24,LEFT,LEFT,0.03966700751334429,False,False,False,False,False,False,False
random_ruehl_mask,strong,196,270920456,25,WAIT,WAIT,0.03279105294495821,False,False,False,False,False,False,False
random_ruehl_mask,strong,196,270920456,26,WAIT,WAIT,0.0327499583363533,False,False,False,False,False,False,False
random_ruehl_mask,strong,196,270920456,27,LEFT,LEFT,0.031957984901964664,False,False,False,False,False,False,False
random_ruehl_mask,strong,196,270920456,28,RIGHT,RIGHT,0.06183399818837643,False,False,False,False,False,False,False
random_ruehl_mask,strong,196,270920456,29,RIGHT,RIGHT,0.03687501884996891,False,False,False,False,False,False,False
random_ruehl_mask,strong,196,270920456,30,UP,UP,0.04312500823289156,False,False,False,False,False,False,False
random_ruehl_mask,strong,196,270920456,31,UP,UP,0.04258297849446535,False,True,False,False,False,False,False
random_ruehl_mask,strong,196,270920456,32,BOMB,BOMB,0.07508299313485622,False,False,False,True,False,False,False
random_ruehl_mask,strong,196,270920456,33,DOWN,DOWN,0.028875074349343777,False,False,False,False,False,False,False
random_ruehl_mask,strong,196,270920456,34,DOWN,DOWN,0.03562506753951311,False,False,False,False,False,False,False
random_ruehl_mask,strong,196,270920456,35,LEFT,LEFT,0.04341697786003351,False,False,False,False,False,False,False
random_ruehl_mask,strong,196,270920456,36,WAIT,WAIT,0.04312500823289156,False,False,False,False,False,False,False
random_ruehl_mask,strong,196,270920456,37,WAIT,WAIT,0.041458988562226295,False,False,False,False,False,False,False
random_ruehl_mask,strong,196,270920456,38,WAIT,WAIT,0.03541691694408655,False,False,False,False,False,False,False
random_ruehl_mask,strong,196,270920456,39,WAIT,WAIT,0.04316598642617464,False,False,False,False,False,False,False
random_ruehl_mask,strong,196,270920456,40,WAIT,WAIT,0.03791693598031998,False,False,False,False,False,False,False
random_ruehl_mask,strong,196,270920456,41,RIGHT,RIGHT,0.03741693217307329,False,True,False,False,False,False,False
random_ruehl_mask,strong,196,270920456,42,UP,UP,0.04375004209578037,False,False,False,False,False,False,False
random_ruehl_mask,strong,196,270920456,43,UP,UP,0.04091695882380009,False,False,False,False,False,False,False
random_ruehl_mask,strong,196,270920456,44,WAIT,WAIT,0.03900006413459778,False,False,False,False,False,False,False
random_ruehl_mask,strong,196,270920456,45,UP,UP,0.03987504169344902,False,False,False,False,False,False,False
random_ruehl_mask,strong,196,270920456,46,DOWN,DOWN,0.06091699469834566,False,False,False,False,False,False,False
random_ruehl_mask,strong,196,270920456,47,WAIT,WAIT,0.039624981582164764,False,False,False,False,False,False,False
random_ruehl_mask,strong,196,270920456,48,UP,UP,0.03970798570662737,False,False,False,False,False,False,False
random_ruehl_mask,strong,196,270920456,49,DOWN,DOWN,0.07037504110485315,False,False,False,False,False,False,False
random_ruehl_mask,strong,196,270920456,50,WAIT,WAIT,0.044958083890378475,False,False,False,False,False,False,False
random_ruehl_mask,strong,196,270920456,51,DOWN,DOWN,0.04491698928177357,False,True,False,False,False,False,False
random_ruehl_mask,strong,196,270920456,52,UP,UP,0.03695895429700613,False,False,False,False,False,False,False
random_ruehl_mask,strong,196,270920456,53,UP,UP,0.03450002986937761,False,False,False,False,False,False,True
random_ruehl_mask,strong,196,270920456,54,BOMB,BOMB,0.05862500984221697,False,False,False,True,False,False,True
random_ruehl_mask,strong,196,270920456,55,UP,UP,0.035458942875266075,False,False,False,False,False,False,True
random_ruehl_mask,strong,196,270920456,56,WAIT,WAIT,0.04158401861786842,False,False,False,False,False,False,True
random_ruehl_mask,strong,196,270920456,57,UP,UP,0.04170800093561411,False,False,False,False,False,False,True
random_ruehl_mask,strong,196,270920456,58,DOWN,DOWN,0.0404169550165534,False,False,False,False,False,False,True
random_ruehl_mask,strong,197,270920457,1,WAIT,WAIT,0.08370797149837017,False,True,False,False,False,False,False
random_ruehl_mask,strong,197,270920457,2,UP,UP,0.06570899859070778,False,False,False,False,False,False,False
random_ruehl_mask,strong,197,270920457,3,BOMB,BOMB,0.05754095036536455,False,False,False,True,False,False,False
random_ruehl_mask,strong,197,270920457,4,DOWN,DOWN,0.030499999411404133,False,False,False,False,False,False,False
random_ruehl_mask,strong,197,270920457,5,RIGHT,RIGHT,0.043332925997674465,False,False,False,False,False,False,False
random_ruehl_mask,strong,197,270920457,6,WAIT,WAIT,0.04700000863522291,False,False,False,False,False,False,False
random_ruehl_mask,strong,197,270920457,7,WAIT,WAIT,0.04554097540676594,False,False,False,False,False,False,False
random_ruehl_mask,strong,197,270920457,8,WAIT,WAIT,0.034541008062660694,False,False,False,False,False,False,False
random_ruehl_mask,strong,197,270920457,9,LEFT,LEFT,0.039083999581635,False,False,False,False,False,False,True
random_ruehl_mask,strong,197,270920457,10,BOMB,BOMB,0.06541609764099121,False,False,False,True,False,False,True
random_ruehl_mask,strong,197,270920457,11,UP,UP,0.02504198346287012,False,True,False,False,False,False,True
random_ruehl_mask,strong,197,270920457,12,WAIT,WAIT,0.030540977604687214,False,False,False,False,False,False,True
random_ruehl_mask,strong,197,270920457,13,WAIT,WAIT,0.05020899698138237,False,False,False,False,False,False,True
random_ruehl_mask,strong,197,270920457,14,UP,UP,0.05425000563263893,False,False,False,False,False,False,True
random_ruehl_mask,strong,198,270920458,1,WAIT,WAIT,0.1039580674842,False,True,False,False,False,False,False
random_ruehl_mask,strong,198,270920458,2,DOWN,DOWN,0.08175009861588478,False,False,False,False,False,False,False
random_ruehl_mask,strong,198,270920458,3,BOMB,BOMB,0.06941694300621748,False,False,False,True,False,False,False
random_ruehl_mask,strong,198,270920458,4,UP,UP,0.0362499849870801,False,False,False,False,False,False,False
random_ruehl_mask,strong,198,270920458,5,WAIT,WAIT,0.0576250022277236,False,False,False,False,False,False,False
random_ruehl_mask,strong,198,270920458,6,RIGHT,RIGHT,0.08708296809345484,False,False,False,False,False,False,False
random_ruehl_mask,strong,198,270920458,7,RIGHT,RIGHT,0.06633403245359659,False,False,False,False,False,False,False
random_ruehl_mask,strong,198,270920458,8,LEFT,LEFT,0.04458299372345209,False,False,False,False,False,False,False
random_ruehl_mask,strong,198,270920458,9,RIGHT,RIGHT,0.037041958421468735,False,False,False,False,False,False,False
random_ruehl_mask,strong,198,270920458,10,WAIT,WAIT,0.08575001265853643,False,False,False,False,False,False,False
random_ruehl_mask,strong,198,270920458,11,WAIT,WAIT,0.10087492410093546,False,True,False,False,False,False,False
random_ruehl_mask,strong,198,270920458,12,BOMB,BOMB,0.11345790699124336,False,False,False,True,False,False,False
random_ruehl_mask,strong,198,270920458,13,LEFT,LEFT,0.0838330015540123,False,False,False,False,False,False,False
random_ruehl_mask,strong,198,270920458,14,LEFT,LEFT,0.08000002708286047,False,False,False,False,False,False,False
random_ruehl_mask,strong,198,270920458,15,DOWN,DOWN,0.06937491707503796,False,False,False,False,False,False,False
random_ruehl_mask,strong,198,270920458,16,WAIT,WAIT,0.0512079568579793,False,False,False,False,False,False,False
random_ruehl_mask,strong,198,270920458,17,WAIT,WAIT,0.048459041863679886,False,False,False,False,False,False,False
random_ruehl_mask,strong,198,270920458,18,DOWN,DOWN,0.038792029954493046,False,False,False,False,False,False,False
random_ruehl_mask,strong,198,270920458,19,DOWN,DOWN,0.1272499794140458,False,False,False,False,False,False,False
random_ruehl_mask,strong,198,270920458,20,UP,UP,0.10391604155302048,False,False,False,False,False,False,False
random_ruehl_mask,strong,198,270920458,21,WAIT,WAIT,0.14512497000396252,False,True,False,False,False,False,True
random_ruehl_mask,strong,198,270920458,22,BOMB,BOMB,0.1251670764759183,False,False,False,True,False,False,True
random_ruehl_mask,strong,198,270920458,23,UP,UP,0.06700004450976849,False,False,False,False,False,False,True
random_ruehl_mask,strong,198,270920458,24,WAIT,WAIT,0.04891701973974705,False,False,False,False,False,False,True
random_ruehl_mask,strong,198,270920458,25,WAIT,WAIT,0.048792106099426746,False,False,False,False,False,False,True
random_ruehl_mask,strong,198,270920458,26,WAIT,WAIT,0.08954096119850874,False,False,False,False,False,False,True
random_ruehl_mask,strong,199,270920459,1,WAIT,WAIT,0.07154105696827173,False,True,False,False,False,False,False
random_ruehl_mask,strong,199,270920459,2,RIGHT,RIGHT,0.05458400119096041,False,False,False,False,False,False,False
random_ruehl_mask,strong,199,270920459,3,WAIT,WAIT,0.049208058044314384,False,False,False,False,False,False,False
random_ruehl_mask,strong,199,270920459,4,BOMB,BOMB,0.049625057727098465,False,False,False,True,False,False,False
random_ruehl_mask,strong,199,270920459,5,LEFT,LEFT,0.04145805723965168,False,False,False,False,False,False,False
random_ruehl_mask,strong,199,270920459,6,WAIT,WAIT,0.03983394708484411,False,False,False,False,False,False,False
random_ruehl_mask,strong,199,270920459,7,DOWN,DOWN,0.04349998198449612,False,False,False,False,False,False,False
random_ruehl_mask,strong,199,270920459,8,WAIT,WAIT,0.03162503708153963,False,False,False,False,False,False,False
random_ruehl_mask,strong,199,270920459,9,WAIT,WAIT,0.048999907448887825,False,False,False,False,False,False,False
random_ruehl_mask,strong,199,270920459,10,UP,UP,0.03350002225488424,False,False,False,False,False,False,False
random_ruehl_mask,strong,199,270920459,11,WAIT,WAIT,0.07004104554653168,False,True,False,False,False,False,True
random_ruehl_mask,strong,199,270920459,12,BOMB,BOMB,0.06458302959799767,False,False,False,True,False,False,True
random_ruehl_mask,strong,199,270920459,13,DOWN,DOWN,0.04858302418142557,False,False,False,False,False,False,True
random_ruehl_mask,strong,199,270920459,14,WAIT,WAIT,0.049458001740276814,False,False,False,False,False,False,True
random_ruehl_mask,strong,199,270920459,15,WAIT,WAIT,0.04912493750452995,False,False,False,False,False,False,True
random_ruehl_mask,strong,199,270920459,16,WAIT,WAIT,0.05329190753400326,False,False,False,False,False,False,True
